Ligne;Ligne Q qualif;Ligne approfondissement Accident;ACCIDENT;NBACC1;ACCFREQUENCE1;ANNEEACC1_1;ANNEEACC1_2;ANNEEACC1_3;ANNEEACC1_4;ANNEEACC1_5;NBACC2;ACCFREQUENCE2;ANNEEACC2_1;ANNEEACC2_2;ANNEEACC2_3;ANNEEACC2_4;ANNEEACC2_5;NBACC3;ACCFREQUENCE3;ANNEEACC3_1;ANNEEACC3_2;ANNEEACC3_3;ANNEEACC3_4;ANNEEACC3_5;NBACC4;ACCFREQUENCE4;ANNEEACC4_1;ANNEEACC4_2;ANNEEACC4_3;ANNEEACC4_4;ANNEEACC4_5;NBACC5;ACCFREQUENCE5;ANNEEACC5_1;ANNEEACC5_2;ANNEEACC5_3;ANNEEACC5_4;ANNEEACC5_5;NBACC6;ACCFREQUENCE6;ANNEEACC6_1;ANNEEACC6_2;ANNEEACC6_3;ANNEEACC6_4;ANNEEACC6_5;NBACC7;ACCFREQUENCE7;ANNEEACC7_1;ANNEEACC7_2;ANNEEACC7_3;ANNEEACC7_4;ANNEEACC7_5;NBACC8;ACCFREQUENCE8;ANNEEACC8_1;ANNEEACC8_2;ANNEEACC8_3;ANNEEACC8_4;ANNEEACC8_5;NBACC9;ACCFREQUENCE9;ANNEEACC9_1;ANNEEACC9_2;ANNEEACC9_3;ANNEEACC9_4;ANNEEACC9_5;NBACC10;ACCFREQUENCE10;ANNEEACC10_1;ANNEEACC10_2;ANNEEACC10_3;ANNEEACC10_4;ANNEEACC10_5;NBACC11;ACCFREQUENCE11;ANNEEACC11_1;ANNEEACC11_2;ANNEEACC11_3;ANNEEACC11_4;ANNEEACC11_5;NBACC12;ACCFREQUENCE12;ANNEEACC12_1;ANNEEACC12_2;ANNEEACC12_3;ANNEEACC12_4;ANNEEACC12_5;NBACC13;ACCFREQUENCE13;ANNEEACC13_1;ANNEEACC13_2;ANNEEACC13_3;ANNEEACC13_4;ANNEEACC13_5;NBACC14;ACCFREQUENCE14;ANNEEACC14_1;ANNEEACC14_2;ANNEEACC14_3;ANNEEACC14_4;ANNEEACC14_5;AUTRESACC;NBAUTRESACC;ANNEEAUTREACC1;ANNEEAUTREACC2;ANNEEAUTREACC3;ANNEEAUTREACC4;ANNEEAUTREACC5;LIEUAUTREACC1;LIEUAUTREACC2;LIEUAUTREACC3;LIEUAUTREACC4;LIEUAUTREACC5;DESCRIPTIONAUTRESACC1;DESCRIPTIONAUTRESACC2;DESCRIPTIONAUTRESACC3;DESCRIPTIONAUTRESACC4;DESCRIPTIONAUTRESACC5;NBAUTRESACCCIRCUIT;NBAUTRESTOUTTERRAIN;EXPCYCLO;EXP125;EXPSUP125;ACCORDNEXTQ;CHOIXACC;RGPMTACC;RECUPANNEE;RECUPLIEU;RECUPANNE;RGPMTAC;CHOIX1;CHOIX2;CHOIX3;CHOIX4;CHOIX5;CHOIX6;CHOIX7;DESCRIPTION;RUPTURE;FAITS;ABS_REACTION;AUTRE_REACTION;PRECISIONREACTIONOUI;RECUL;PRECISIONREACTIONNON;IMPACTCOMPORTEMENT;AUTREUSAGER;REACTIONAUTREUSAGER;CONNAISSANCEREACTIONUSAGER;DIFFICULTES;AGGRAVATION;DIFFICULTES2;EMOTIONS1;EMOTIONS2;EMOTIONS3;EMOTIONS4;EMOTIONS5;EMOTIONS6;AUTRESENTIMENT;CLASSEMENTEMOTIONS1;CLASSEMENTEMOTIONS;CLASSEMENTEMOTIONS5;CLASSEMENTEMOTIONS6;CLASSEMENTEMOTIONS7;CLASSEMENTEMOTIONS8;CLASSEMENTEMOTIONS9;EXPLICATIONRESSENTI;BIENEQUIPE;ALLURE;ALLUREVITEDETAIL;ALLURELENTEDETAIL;SITUATIONPRESSE;SITUATIONDISTRAIT;SITUATIONCONFIANT;SITUATIONCONTROLE;SITUATIONLUDIQUE;SITUATIONPERF;SITUATIONSTRESS;SITUATIONFATIGUE;HUMEURNEUTRE;HUMEURGAI;HUMEURMECONTENT;HUMEURTRISTE;HUMEURCOLERE;CONTRIBUTION1;CONTRIBUTION2;CONTRIBUTION3;CONTRIBUTION4;CONTRIBUTION5;CONTRIBUTION6;CONTRIBUTION7;CONTRIBUTION8;CONTRIBUTION9;ROLEINFRA;ELEMENTINFRA1;ELEMENTINFRA2;ELEMENTINFRA3;ELEMENTINFRA4;ELEMENTINFRA5;ELEMENTINFRA6;ELEMENTINFRA7;ELEMENTINFRA8;ELEMENTINFRA9;ALCOOL;TXALCOOL;STUP;SEMAINE;MOMENTJOURNEE;TEMPS;CAUSEACC1;CAUSEACC2;CAUSEACC3;CAUSEACC4;CAUSEACC5;FORMATIONCAUSE;FORMATION1;FORMATION2;FORMATION3;FORMATION4;FORMATION5;TRAFIC;CHAUSSEE1;CHAUSSEE2;CHAUSSEE3;CHAUSSEE4;TYPEACC;BLESSURE;TETE;COU;THORAX;MEMBRESSUP;COLONNE;BASSIN;MEMBRESINF;HOPITAL;PLUS24H;TRAJET;TYPEROUTE;MOTIF;SENSTRAJET;PASSAGER;VITESSE;DESCEQ1;DESCEQ2;DESCEQ3;DESCEQ4;DESCEQ5;DESCEQ6;DESCEQ7;DESCEQ8;DESCEQ9;DESCEQ10;VEHICULEETE;VEHICULEAUTOMNE;VEHICULEPRINTEMPS;VEHICULEHIVER;VEHICULESEMAINE;VEHICULEWE;VEHMARQUE;VEHCYLINDREE;VEHMODELE;VEHSEGMENT;VEHSIDE;EQ2RMABS;EQ2RMCBS;EQ2RMABSCBS;EQ2RMREGULATEUR;EQ2RMLIMITEUR;EQ2RMPHARESDIRECT;EQ2RMCOUPURE;EQ2RMANTIPATINAGE;EQ2RMANTIXHEELING;EQ2RMSTABILILTE;VEHKM;POINTS;DUREE;AUTRE2RM;VEHPRECMARQUE;VEHPRECCYLINDREE;VEHPRECMODELE;VEHPRECSEGMENT;VEHPRECSIDE;TEMPS2RMPREC;FREQVEHPREC;DATE_NAISS;CSP;SOCIETAIRE;SALARIE;SECTEUR2RM;NBPERSFOYER;SITFAM;NBENF;TRNBENF1;TRNBENF2;TRNBENF3;TRNBENF4;NBAUTOFOYER;NBCYCLOFOYER;NBSCOOTFOYER;NBMOTOFOYER;NBTRIKEFOYER;NB2RMCONDUIT;MARQUE1;CYLINDREE1;MODELE1;SEGMENT1;SIDE1;ANMISECIRCU1;ASS1;FREQ1;USAGE1;NBKM1;GARAGE1;MARQUE2;CYLINDREE2;MODELE2;SEGMENT2;SIDE2;ANMISECIRCU2;ASS2;FREQ2;USAGE2;NBKM2;GARAGE2;MARQUE3;CYLINDREE3;MODELE3;SEGMENT3;SIDE3;ANMISECIRCU3;ASS3;FREQ3;USAGE3;NBKM3;GARAGE3;MARQUE4;CYLINDREE4;MODELE4;SEGMENT4;SIDE4;ANMISECIRCU4;ASS4;FREQ4;USAGE4;NBKM4;GARAGE4;MARQUE5;CYLINDREE5;MODELE5;SEGMENT5;SIDE5;ANMISECIRCU5;ASS5;FREQ5;USAGE5;NBKM5;GARAGE5;NBKMTOT;PERMIS1;PERMIS2;PERMIS3;PERMIS4;PERMIS5;PERMIS6;PERMIS7;PERMIS8;PERMIS9;ANPERMIS1;ANPERMIS6;ANPERMIS7;ANPERMIS2;ANPERMIS3;ANPERMIS8;ANPERMIS9;ANPERMIS4;ANPERMIS5
64;776;27;1;0;4;;;;;;0;5;;;;;;0;4;;;;;;0;3;;;;;;0;4;;;;;;0;4;;;;;;1;4;2009;;;;;0;3;;;;;;2;5;2002;2003;;;;0;4;;;;;;0;5;;;;;;0;2;;;;;;0;5;;;;;;0;2;;;;;;0;;;;;;;;;;;;;;;;;;;0;0;13;1;31;7;2009;;2009;Vous avez fait une sortie de route, une perte de contrôle ou une glissade puis avez percuté un véhicule arrivant en sens inverse.;3;;;;;;;"En ville par beau temps. Rue large dans les 2 sens de circulation. Les voitures de devant(qui roulent à allure modérée 30/40 km/h) serrent à droite pour me laisser remonter une file peu dense (il est probable que je n'aurais pas remonté cette file si les voitures ne s'étaient pas écartées gentiment). Arrivé derrière une voiture de la file (dont le conducteur ne m'avait probablement pas vu)et toujours en étant décalé près de la ligne centrale celui amorce une manoeuvre intempestive sans clignotant que j'analyse comme la volonté de vouloir tourner à gauche de l'autre côté de la chaussée( peut-être pour se garer sur une place de parking libre?) Par réflexe ""j'attrape"" le frein avant de ma moto, hélas devant me trouver sur la ligne blanche ou sur un passage piéton (je ne me souviens plus) à peine mon frein avant enclenché (pas d'abs) que la roue avant se bloque et je pars en guidonnage jusqu'à ce que ma moto se couche glisse (moi avec) et finisse dans le bas de caisse d'une voiture arrivant en sens inverse. Je pense qu'au même moment (dans la faction de seconde) la voiture qui effectuait cette manoeuvre s'est rendu compte de ma présence et à annuler celle-ci. Je ne le reverrai pas, donc je ne pourrais pas le confirmer. Heureusement peu de vitesse et donc uniquement des dégâts matériels pour l'auto et ma moto et un petit coup à mon amour propre.";Non prise en compte de ma présence par l'usager de devant lors de l'amorce de sa manoeuvre (pas de vérification dans ses rétros) Non prise en compte par moi-même de ma présence sur une ligne blanche ou passage piéton. Situation où ma prise de frein réflexe m'a empêchée de doser correctement mon freinage. Guidonnage résultant du blocage de la roue avant où je n'ai fait que subir sans possibilité d'arrêter le phénomène.;- Prise en compte de la manoeuvre de l'automobiliste. - Prise réflexe du frein avant. - Blocage de la roue avant malgré un freinage ne me paraissant pas surpuissant. - Guidonnage de ma roue avant en subissant complétement - Chute de la moto et moi dessus.;NRP;0;;;Je pense que j'aurais eu le même réflexe de vouloir freiner. La seule de différente que j'aurais pu faire aurait été de vérifier de ne pas se trouver sur une ligne blanche glissante et de ne pas remonter la file de voiture.;2;1;1;AUT|Il a annulé sa manoeuvre (mais trop tard);La seule difficulté qu'il a rencontré c'est de ne pas avoir eu conscience de ma présence. Situation qui aurait pu être sûrement évitée en faisant les vérification de base aux rétroviseurs.;1;La manoeuvre de l'automobiliste est à l'origine de mon freinage réflexe. Mais chacun a sa responsabilité. - Lui, de croire qu'il est tout seul sur la route et de changer de direction sans en avertir les autres et sans vérification. - Moi, de remonter une file de voitures.;6;;;;;;;;;;;;1;;Quand la moto est partie en guidonnage avec un phénomène d'oscillation qui s'accentue jusqu'à la chute, on a vraiment l'impression du subir ce qu'il se passe, d'où le sentiment d'impuissance. La peur sur l'instant on n'a pas le temps, elle vient rétrospectivement.;3;3;;;1;2;3;3;2;1;1;1;3;4;4;4;4;5;7;;;;;;;;1;1;;;;;;;;2;2;;2;2;1;1;25;25;0;50;0;2;;;;;;2;1;;;;1;;;;;;;;;;;1;1;3;;0;50;1;10;2;3;4;7;;;;;4;4;4;2;2;4;TRIUMPH;1050;SPEED TRIPLE;ROADSTER;2;1;1;1;1;1;1;1;1;1;1;10000;12;4;1;YAMAHA;1700;MT-01;ROADSTER;2;2;3;28FEB1979;6;2;;2;1;1;;NSP;;;;1;0;0;1;0;1;BMW;1300;K1300S;Routière / GT;;2010;10;3;1;10000;;;;;;;;;;;;;;;;;;;;;;;;;;;;;;;;;;;;;;;;;;;;;;10000;3;4;;;;;;;;NRP;;;NRP;2000;;;1997;NRP
192;792;;1;0;3;;;;;;0;6;;;;;;0;5;;;;;;0;3;;;;;;0;4;;;;;;0;5;;;;;;0;2;;;;;;0;4;;;;;;0;3;;;;;;0;2;;;;;;0;5;;;;;;0;5;;;;;;1;3;2010;;;;;0;5;;;;;;0;;;;;;;;;;;;;;;;;;;0;0;15;1;61;13;2010;;;;;;;;;;;;;;;;;;;;;;;;;;;;;;;;;;;;;;;;;;;;;;;;;;;;;;;;;;;;;;;;;;;;;;;;;;;;;;;;;;;;;;;;;;;;;;;;;;;;;;;;;;;;;;;;;;;;;;;;;;;;;;;;;;;;;;;;;;;;;;;;;;;;;;;;;;;;;;08MAR1961;5;2;;2;2;3;;NSP;;;;1;2;0;2;0;2;BMW;1200;R1200RT;Routière / GT;;2011;29;1;2;30000;;HONDA;1000;CB-F;Roadster;;2010;29;4;1;10000;;;;;;;;;;;;;;;;;;;;;;;;;;;;;;;;;;;40000;3;4;;;;;;;;NRP;;;NRP;1982;;;1982;NRP
1830;794;;1;1;6;2008;;;;;0;6;;;;;;1;5;2014;;;;;1;5;2009;;;;;0;5;;;;;;0;6;;;;;;0;5;;;;;;0;5;;;;;;0;5;;;;;;0;5;;;;;;0;4;;;;;;0;5;;;;;;0;4;;;;;;0;6;;;;;;0;;;;;;;;;;;;;;;;;;;4;3;20;1;11;3;2014;;;;;;;;;;;;;;;;;;;;;;;;;;;;;;;;;;;;;;;;;;;;;;;;;;;;;;;;;;;;;;;;;;;;;;;;;;;;;;;;;;;;;;;;;;;;;;;;;;;;;;;;;;;;;;;;;;;;;;;;;;;;;;;;;;;;;;;;;;;;;;;;;;;;;;;;;;;;;;18MAY1963;7;2;;2;5;4;3;1;4;;;2;1;1;1;0;1;TRIUMPH;800;BONNEVILLE;Roadster;;2011;10;1;2;3500;;;;;;;;;;;;;;;;;;;;;;;;;;;;;;;;;;;;;;;;;;;;;;3500;3;4;;;;;;;;NRP;;;NRP;1981;;;1983;NRP
670;797;;1;0;5;;;;;;0;4;;;;;;0;5;;;;;;0;3;;;;;;0;5;;;;;;0;3;;;;;;0;4;;;;;;1;5;2010;;;;;0;5;;;;;;0;5;;;;;;0;5;;;;;;0;2;;;;;;0;4;;;;;;0;4;;;;;;0;;;;;;;;;;;;;;;;;;;0;0;4;1;36;8;2010;;;;;;;;;;;;;;;;;;;;;;;;;;;;;;;;;;;;;;;;;;;;;;;;;;;;;;;;;;;;;;;;;;;;;;;;;;;;;;;;;;;;;;;;;;;;;;;;;;;;;;;;;;;;;;;;;;;;;;;;;;;;;;;;;;;;;;;;;;;;;;;;;;;;;;;;;;;;;;17FEB1988;5;1;;2;1;1;;NSP;;;;1;0;0;1;0;1;YAMAHA;600;FZ6-S FAZER;Roadster;;2004;37;2;2;15000;;;;;;;;;;;;;;;;;;;;;;;;;;;;;;;;;;;;;;;;;;;;;;15000;3;4;;;;;;;;NRP;;;NRP;2009;;;2006;NRP
613;809;359;1;0;4;;;;;;0;4;;;;;;0;5;;;;;;0;2;;;;;;0;5;;;;;;0;3;;;;;;0;4;;;;;;1;5;2007;;;;;1;5;2010;;;;;1;6;2011;;;;;0;6;;;;;;0;2;;;;;;1;4;2013;;;;;0;4;;;;;;1;1;2007;;;;;Caen;;;;;Une voiture a quitté sa place de stationnement quand je passais à son niveau.;;;;;0;0;4;1;9;1;36;8;2007;;2007;Vous avez fait une sortie de route, une perte de contrôle ou une glissade puis avez percuté un obstacle fixe (panneau, arbre poteau …).;4;;;;;;;"L'accident c'est déroulé un samedi matin en rentrant chez moi par une route que je prenais très régulièrement. Il pleuvait un peu et j'étais fatigué, je roulais donc plus ""cool"" qu'a l'accoutumé. Il en a découlé un changement de la trajectoire que je prenais habituellement dans un virage ce qui m'a amené à avoir la roue avant qui a mordu sur une plaque d'égout. Comme elle était mouillé, j'ai tout de suite la roue avant qui a décroché et je suis partie en glissade. J'ai alors percuté un panneau de signalisation signalant le virage. Je l'ai pris dans le dos. Heureusement j'avais mon ordinateur portable dans mon sac à dos qui a fait office de dorsale. L'accident à eu lieu à 50km/h sur une route limitée à 50km/h. Je m'en suite sorti avec une ou deux côtes fêlées et une belle commotion cérébrale.";Une plaque d'égout mouillée en plein virage.;"Au moment où j'ai senti par roue avant partir je me suis dit ""Et merde"". Etant entièrement équipé cuir je me suis dis ""tant pis, je vais glisser et je ne devrais pas me faire mal"". C'était sans compter un choc violent que j'ai ressenti au niveau du dos puis quelque roulé boulé. C'est une fois assis que j'ai compris que j'avais percuté un panneau de signalisation. Juste après cela un autre usagé de la route qui arrivé derrière c'est arrêté pour prendre de mes nouvelles.";NRP;1;Je connaissais très bien la route et j'aurais du me méfier de cette plaque d'égout. De plus avec un peu d'effort j'aurais peut être réussi à faire raccrocher la roue avant.;La fatigue.;;2;0;;;;;;6;9;;;;;De la colère.;;;;;;1;2;Je ne pouvais pas faire grand chose à part attendre que ça ce termine.;3;3;;;1;3;3;3;1;1;1;4;3;4;4;4;4;10;;;;;;;;;1;4;5;;;;;;;2;2;;2;2;1;2;15;0;0;50;35;2;;;;;;1;2;;;;2;1;1;3;;;;;;0;;1;1;3;;0;50;1;2;3;4;9;;;;;;4;4;4;4;4;4;HONDA;500;CB;ROADSTER;2;1;1;1;1;1;1;1;1;1;1;75000;12;4;1;HONDA;125;CG;ROADSTER;2;2;4;26JAN1985;5;2;;2;2;3;;NSP;;;;1;0;0;3;0;3;DUCATI;1000;MONSTER;Roadster;;2004;29;3;1;3000;;HONDA;500;CB;Roadster;;1996;29;1;2;10000;;HONDA;600;CB-F N;Roadster;;2004;28;3;1;3000;;;;;;;;;;;;;;;;;;;;;;;;16000;3;4;;;;;;;;NRP;;;NRP;2006;;;2003;NRP
1547;810;;1;0;3;;;;;;0;5;;;;;;0;5;;;;;;0;1;;;;;;0;4;;;;;;1;4;2007;;;;;0;2;;;;;;0;5;;;;;;1;5;2010;;;;;0;6;;;;;;0;6;;;;;;0;2;;;;;;0;4;;;;;;0;3;;;;;;1;1;2009;;;;;Puteaux;;;;;3 voies Voie 1 bloquée par camion publicitaire Voiture A sur voie 1 remonte tout le monde et s'insère brutalement dans voie 2 Voiture B sur voie 2 fait un écart pour éviter voiture A Moto A devant moi est surprise par la manoeuvre de voiture B et chute Je m'arrête à qq centimètres du conductuer de la moto A Moto B derrière moi chute et vient percuter mon pneue arrière;;;;;0;0;4;1;10;1;71;15;2009;Puteaux;;;;;;;;;;;;;;;;;;;;;;;;;;;;;;;;;;;;;;;;;;;;;;;;;;;;;;;;;;;;;;;;;;;;;;;;;;;;;;;;;;;;;;;;;;;;;;;;;;;;;;;;;;;;;;;;;;;;;;;;;;;;;;;;;;;;;;;;;;;;;;;;;;;;;;;;;;;;;23AUG1976;5;1;;2;6;4;4;1;;;;2;0;0;1;0;1;SUZUKI;1300;GSX-R HAYABUSA;Routière / GT;;2005;37;1;2;20000;;;;;;;;;;;;;;;;;;;;;;;;;;;;;;;;;;;;;;;;;;;;;;20000;3;4;;;;;;;;NRP;;;NRP;1995;;;1994;NRP
1882;811;;0;;;;;;;;;;;;;;;;;;;;;;;;;;;;;;;;;;;;;;;;;;;;;;;;;;;;;;;;;;;;;;;;;;;;;;;;;;;;;;;;;;;;;;;;;;;;;;;;;;;;;;;;;;;;;;;;;;;;;;;;;;;;;;;;;;;;;;;;;;;;;;;;;;;;;;;;;;;;;;;;;;;;;;;;;;;;;;;;;;;;;;;;;;;;;;;;;;;;;;;;;;;;;;;;;;;;;;;;;;;;;;;;;;;;;;;;;;;;;;;;;;;;;;;;;;;;;;;;;;;;;;;;;;;;;;;;;;;;;;;;;;12MAR1981;7;1;;2;3;4;1;1;;;;1;0;0;1;0;1;HONDA;500;CB;Roadster;;1996;37;1;2;15000;;;;;;;;;;;;;;;;;;;;;;;;;;;;;;;;;;;;;;;;;;;;;;15000;3;4;;;;;;;;NRP;;;NRP;2007;;;2000;NRP
867;824;;1;0;4;;;;;;0;6;;;;;;0;5;;;;;;0;2;;;;;;0;4;;;;;;1;6;1998;;;;;0;3;;;;;;0;3;;;;;;0;5;;;;;;0;4;;;;;;0;4;;;;;;0;1;;;;;;0;4;;;;;;1;5;1998;;;;;0;;;;;;;;;;;;;;;;;;;2;2;27;1;66;14;1998;;;;;;;;;;;;;;;;;;;;;;;;;;;;;;;;;;;;;;;;;;;;;;;;;;;;;;;;;;;;;;;;;;;;;;;;;;;;;;;;;;;;;;;;;;;;;;;;;;;;;;;;;;;;;;;;;;;;;;;;;;;;;;;;;;;;;;;;;;;;;;;;;;;;;;;;;;;;;;03FEB1970;5;2;;2;2;3;;NSP;;;;1;0;0;2;0;2;BMW;1200;R1200R;Roadster;;2011;10;1;3;30000;;MV AGUSTA;1078;F4-RR;Sportive;;2007;24;3;1;2000;;;;;;;;;;;;;;;;;;;;;;;;;;;;;;;;;;;32000;2;3;4;;;;;;;NRP;;;1986;1988;;;1988;NRP
81;827;481;1;0;5;;;;;;0;4;;;;;;0;6;;;;;;0;3;;;;;;0;4;;;;;;0;4;;;;;;0;4;;;;;;0;5;;;;;;1;4;2007;;;;;0;6;;;;;;0;6;;;;;;0;3;;;;;;0;2;;;;;;0;3;;;;;;0;;;;;;;;;;;;;;;;;;;0;1;7;1;41;9;2007;;2007;Vous avez fait une sortie de route, une perte de contrôle ou une glissade sans rien percuter.;1;;;;;;;"Débutant, en 125. Je suivais un ami en 600, et sur une courbe, en ralentissant, j'ai fait une sortie de route dans le bas-coté, un petit fossé bordant une forêt ; il m'a semblé que la moto n'a pas voulu tourner.";"Avec le recul, je pense que j'ai ralenti jusqu'au point entre braquage et contre-braquage (~30km/h) et que du coup je n'ai pas su tourner... Avec l'inexpérience, je n'ai ni su placer le regard, ni ""forcer"" la moto sur l'angle avec un déplacement du corps.";NRP;AUT|C'était il y a 8 ans...;1;"Une vitesse légèrement plus élevée pour mieux prendre l'angle, placer le regard et déplacer mon centre de gravité auraient pu inscrire la moto dans une courbe plus serrée, et ne pas ""sous-virer"" dans le décor.";inexpérience, et manque de confiance pour aller chercher l'angle avec un poil plus de vitesse;;2;0;;;;;;1;6;;;;;;1;;;;;2;;"""Merd', merd', merd' !!""  Angoisse de se mettre au tas, de se faire mal, de casser du matériel...";3;2;;2;1;1;2;3;1;1;2;2;4;1;4;4;4;1;6;7;;;;;;;2;;;;;;;;;2;2;;2;2;1;1;100;0;0;0;0;2;;;;;;1;2;;;;1;;;;;;;;;;;3;2;3;;0;30;1;10;2;3;5;;;;;;2;3;2;2;2;3;HONDA;125;VARADERO;TRAIL / SUPERMOTARD;2;1;1;1;1;1;1;1;1;1;1;2000;12;1;0;;;;;;;;04AUG1983;6;2;;2;1;1;;NSP;;;;1;0;0;1;0;1;HONDA;600;HORNET;Roadster;;2010;31;2;1;10000;;;;;;;;;;;;;;;;;;;;;;;;;;;;;;;;;;;;;;;;;;;;;;10000;4;3;;;;;;;;NRP;;;NRP;2009;;;2002;NRP
658;835;115;1;0;5;;;;;;0;6;;;;;;0;5;;;;;;0;4;;;;;;0;4;;;;;;0;2;;;;;;0;3;;;;;;0;4;;;;;;2;6;1992;1996;;;;0;1;;;;;;0;3;;;;;;0;2;;;;;;0;1;;;;;;0;2;;;;;;0;;;;;;;;;;;;;;;;;;;3;0;24;1;42;9;1996;;1996;Vous avez fait une sortie de route, une perte de contrôle ou une glissade sans rien percuter.;3;;;;;;;Perte d'adhérence de l'avant dans un rond point en léger dévers. Une pluie fine était tombée quelques minutes avant. Le rond point était couvert de gasoil/essence huile.;Soleil dans le dos (pluie fine d'été) , pas de détection possible des résidus sur le film d'eau présent dans le rond point.;Rond point relativement large abordé à allure normale sur l'élan. Pas de freinage, pas d'accélération.  J'étais dans une file de voiture. Personne  ne s'est arrêté pour prendre des nouvelles ni pour m'aider à relever la moto. J'ai pu relever la moto, seul.L'inaction des autres usagers m'a particulièrement énervée ce qui m'a aider à relever la moto...pour rester cordial.;2;1;C'était à 2kms de chez moi, un rond point que je prenais entre 4 et 6 fois par jour. L'habitude est trés mauvaise conseillère.;J'ai juste perdu l'avant sans mainuplation et  à une vitesse plutot basse... Un manque de vigilance liée à la faible vitesse renforcée par l'habitude des lieux.;;2;0;;;;;;7;;;;;;;;;;;;;;;4;3;;;1;3;3;3;1;1;1;1;3;4;4;4;4;5;;;;;;;;;1;3;;;;;;;;2;2;;2;2;1;2;80;0;0;10;10;2;;;;;;3;2;;;;1;;;;;;;;;;;1;1;3;;0;25;1;2;3;4;7;9;;;;;4;4;4;4;4;4;HONDA;1000;CBR1000F;Routière / GT;2;1;0;1;1;1;1;1;1;1;1;55000;12;4;1;HONDA;600;TRANSALP +35KW;TRAIL / SUPERMOTARD;2;4;4;20MAR1972;5;2;;2;2;3;;NSP;;;;2;0;0;2;0;2;YAMAHA;1300;FJR;Routière / GT;;2008;28;3;1;10000;;TRIUMPH;675;STREET TRIPLE;Roadster;;2008;28;3;1;5000;;;;;;;;;;;;;;;;;;;;;;;;;;;;;;;;;;;15000;3;4;;;;;;;;NRP;;;NRP;1991;;;1992;NRP
1538;839;;1;1;5;2003;;;;;0;5;;;;;;0;4;;;;;;0;2;;;;;;0;5;;;;;;0;5;;;;;;1;4;1996;;;;;0;4;;;;;;1;6;2001;;;;;0;4;;;;;;0;4;;;;;;0;2;;;;;;1;5;2002;;;;;0;3;;;;;;0;;;;;;;;;;;;;;;;;;;1;0;16;1;1;1;2003;;;;;;;;;;;;;;;;;;;;;;;;;;;;;;;;;;;;;;;;;;;;;;;;;;;;;;;;;;;;;;;;;;;;;;;;;;;;;;;;;;;;;;;;;;;;;;;;;;;;;;;;;;;;;;;;;;;;;;;;;;;;;;;;;;;;;;;;;;;;;;;;;;;;;;;;;;;;;;08OCT1980;4;2;;2;2;3;;NSP;;;;2;0;0;1;0;1;SUZUKI;650;SV-S;Sportive;;2003;15;4;1;2000;;;;;;;;;;;;;;;;;;;;;;;;;;;;;;;;;;;;;;;;;;;;;;2000;4;3;;;;;;;;NRP;;;NRP;1999;;;1998;NRP
403;847;;0;;;;;;;;;;;;;;;;;;;;;;;;;;;;;;;;;;;;;;;;;;;;;;;;;;;;;;;;;;;;;;;;;;;;;;;;;;;;;;;;;;;;;;;;;;;;;;;;;;;;;;;;;;;;;;;;;;;;;;;;;;;;;;;;;;;;;;;;;;;;;;;;;;;;;;;;;;;;;;;;;;;;;;;;;;;;;;;;;;;;;;;;;;;;;;;;;;;;;;;;;;;;;;;;;;;;;;;;;;;;;;;;;;;;;;;;;;;;;;;;;;;;;;;;;;;;;;;;;;;;;;;;;;;;;;;;;;;;;;;;;;04FEB1957;5;2;;2;3;4;1;4;;;;2;0;0;2;1;3;LONCIN;300;QUAD;Quad;;2008;29;3;1;3500;;BMW;1150;R1150RT;Routière / GT;;2005;29;1;2;119500;;DUCATI;900;SS DARMAH;Roadster;;1990;29;3;1;55000;;;;;;;;;;;;;;;;;;;;;;;;178000;3;4;;;;;;;;NRP;;;NRP;1974;;;1975;NRP
669;886;;1;1;6;2008;;;;;0;6;;;;;;0;6;;;;;;0;4;;;;;;0;6;;;;;;0;6;;;;;;0;3;;;;;;0;5;;;;;;0;4;;;;;;0;6;;;;;;0;6;;;;;;0;6;;;;;;0;6;;;;;;0;6;;;;;;0;;;;;;;;;;;;;;;;;;;0;15;15;1;1;1;2008;;;;;;;;;;;;;;;;;;;;;;;;;;;;;;;;;;;;;;;;;;;;;;;;;;;;;;;;;;;;;;;;;;;;;;;;;;;;;;;;;;;;;;;;;;;;;;;;;;;;;;;;;;;;;;;;;;;;;;;;;;;;;;;;;;;;;;;;;;;;;;;;;;;;;;;;;;;;;;21DEC1969;7;2;;2;1;1;;NSP;;;;0;0;0;1;0;1;KAWASAKI;650;ER-6 N;Roadster;;2006;10;1;2;6500;;;;;;;;;;;;;;;;;;;;;;;;;;;;;;;;;;;;;;;;;;;;;;6500;3;4;;;;;;;;NRP;;;NRP;1994;;;2002;NRP
1186;899;;1;1;6;2011;;;;;0;6;;;;;;0;6;;;;;;0;2;;;;;;1;6;2011;;;;;0;3;;;;;;0;4;;;;;;0;4;;;;;;0;3;;;;;;1;3;2011;;;;;0;6;;;;;;0;1;;;;;;0;2;;;;;;0;4;;;;;;0;;;;;;;;;;;;;;;;;;;25;1;20;1;1;1;2011;;;;;;;;;;;;;;;;;;;;;;;;;;;;;;;;;;;;;;;;;;;;;;;;;;;;;;;;;;;;;;;;;;;;;;;;;;;;;;;;;;;;;;;;;;;;;;;;;;;;;;;;;;;;;;;;;;;;;;;;;;;;;;;;;;;;;;;;;;;;;;;;;;;;;;;;;;;;;;03JAN1974;2;1;;2;3;4;1;1;;;;2;0;0;1;0;1;YAMAHA;1200;V-MAX;Custom;;1992;37;2;1;2000;;;;;;;;;;;;;;;;;;;;;;;;;;;;;;;;;;;;;;;;;;;;;;2000;2;3;4;;;;;;;NRP;;;1990;1995;;;1992;NRP