Ligne;Ligne Q qualif;Ligne approfondissement Accident;ACCIDENT;NBACC1;ACCFREQUENCE1;ANNEEACC1_1;ANNEEACC1_2;ANNEEACC1_3;ANNEEACC1_4;ANNEEACC1_5;NBACC2;ACCFREQUENCE2;ANNEEACC2_1;ANNEEACC2_2;ANNEEACC2_3;ANNEEACC2_4;ANNEEACC2_5;NBACC3;ACCFREQUENCE3;ANNEEACC3_1;ANNEEACC3_2;ANNEEACC3_3;ANNEEACC3_4;ANNEEACC3_5;NBACC4;ACCFREQUENCE4;ANNEEACC4_1;ANNEEACC4_2;ANNEEACC4_3;ANNEEACC4_4;ANNEEACC4_5;NBACC5;ACCFREQUENCE5;ANNEEACC5_1;ANNEEACC5_2;ANNEEACC5_3;ANNEEACC5_4;ANNEEACC5_5;NBACC6;ACCFREQUENCE6;ANNEEACC6_1;ANNEEACC6_2;ANNEEACC6_3;ANNEEACC6_4;ANNEEACC6_5;NBACC7;ACCFREQUENCE7;ANNEEACC7_1;ANNEEACC7_2;ANNEEACC7_3;ANNEEACC7_4;ANNEEACC7_5;NBACC8;ACCFREQUENCE8;ANNEEACC8_1;ANNEEACC8_2;ANNEEACC8_3;ANNEEACC8_4;ANNEEACC8_5;NBACC9;ACCFREQUENCE9;ANNEEACC9_1;ANNEEACC9_2;ANNEEACC9_3;ANNEEACC9_4;ANNEEACC9_5;NBACC10;ACCFREQUENCE10;ANNEEACC10_1;ANNEEACC10_2;ANNEEACC10_3;ANNEEACC10_4;ANNEEACC10_5;NBACC11;ACCFREQUENCE11;ANNEEACC11_1;ANNEEACC11_2;ANNEEACC11_3;ANNEEACC11_4;ANNEEACC11_5;NBACC12;ACCFREQUENCE12;ANNEEACC12_1;ANNEEACC12_2;ANNEEACC12_3;ANNEEACC12_4;ANNEEACC12_5;NBACC13;ACCFREQUENCE13;ANNEEACC13_1;ANNEEACC13_2;ANNEEACC13_3;ANNEEACC13_4;ANNEEACC13_5;NBACC14;ACCFREQUENCE14;ANNEEACC14_1;ANNEEACC14_2;ANNEEACC14_3;ANNEEACC14_4;ANNEEACC14_5;AUTRESACC;NBAUTRESACC;ANNEEAUTREACC1;ANNEEAUTREACC2;ANNEEAUTREACC3;ANNEEAUTREACC4;ANNEEAUTREACC5;LIEUAUTREACC1;LIEUAUTREACC2;LIEUAUTREACC3;LIEUAUTREACC4;LIEUAUTREACC5;DESCRIPTIONAUTRESACC1;DESCRIPTIONAUTRESACC2;DESCRIPTIONAUTRESACC3;DESCRIPTIONAUTRESACC4;DESCRIPTIONAUTRESACC5;NBAUTRESACCCIRCUIT;NBAUTRESTOUTTERRAIN;EXPCYCLO;EXP125;EXPSUP125;ACCORDNEXTQ;CHOIXACC;RGPMTACC;RECUPANNEE;RECUPLIEU;RECUPANNE;RGPMTAC;CHOIX1;CHOIX2;CHOIX3;CHOIX4;CHOIX5;CHOIX6;CHOIX7;DESCRIPTION;RUPTURE;FAITS;ABS_REACTION;AUTRE_REACTION;PRECISIONREACTIONOUI;RECUL;PRECISIONREACTIONNON;IMPACTCOMPORTEMENT;AUTREUSAGER;REACTIONAUTREUSAGER;CONNAISSANCEREACTIONUSAGER;DIFFICULTES;AGGRAVATION;DIFFICULTES2;EMOTIONS1;EMOTIONS2;EMOTIONS3;EMOTIONS4;EMOTIONS5;EMOTIONS6;AUTRESENTIMENT;CLASSEMENTEMOTIONS1;CLASSEMENTEMOTIONS;CLASSEMENTEMOTIONS5;CLASSEMENTEMOTIONS6;CLASSEMENTEMOTIONS7;CLASSEMENTEMOTIONS8;CLASSEMENTEMOTIONS9;EXPLICATIONRESSENTI;BIENEQUIPE;ALLURE;ALLUREVITEDETAIL;ALLURELENTEDETAIL;SITUATIONPRESSE;SITUATIONDISTRAIT;SITUATIONCONFIANT;SITUATIONCONTROLE;SITUATIONLUDIQUE;SITUATIONPERF;SITUATIONSTRESS;SITUATIONFATIGUE;HUMEURNEUTRE;HUMEURGAI;HUMEURMECONTENT;HUMEURTRISTE;HUMEURCOLERE;CONTRIBUTION1;CONTRIBUTION2;CONTRIBUTION3;CONTRIBUTION4;CONTRIBUTION5;CONTRIBUTION6;CONTRIBUTION7;CONTRIBUTION8;CONTRIBUTION9;ROLEINFRA;ELEMENTINFRA1;ELEMENTINFRA2;ELEMENTINFRA3;ELEMENTINFRA4;ELEMENTINFRA5;ELEMENTINFRA6;ELEMENTINFRA7;ELEMENTINFRA8;ELEMENTINFRA9;ALCOOL;TXALCOOL;STUP;SEMAINE;MOMENTJOURNEE;TEMPS;CAUSEACC1;CAUSEACC2;CAUSEACC3;CAUSEACC4;CAUSEACC5;FORMATIONCAUSE;FORMATION1;FORMATION2;FORMATION3;FORMATION4;FORMATION5;TRAFIC;CHAUSSEE1;CHAUSSEE2;CHAUSSEE3;CHAUSSEE4;TYPEACC;BLESSURE;TETE;COU;THORAX;MEMBRESSUP;COLONNE;BASSIN;MEMBRESINF;HOPITAL;PLUS24H;TRAJET;TYPEROUTE;MOTIF;SENSTRAJET;PASSAGER;VITESSE;DESCEQ1;DESCEQ2;DESCEQ3;DESCEQ4;DESCEQ5;DESCEQ6;DESCEQ7;DESCEQ8;DESCEQ9;DESCEQ10;VEHICULEETE;VEHICULEAUTOMNE;VEHICULEPRINTEMPS;VEHICULEHIVER;VEHICULESEMAINE;VEHICULEWE;VEHMARQUE;VEHCYLINDREE;VEHMODELE;VEHSEGMENT;VEHSIDE;EQ2RMABS;EQ2RMCBS;EQ2RMABSCBS;EQ2RMREGULATEUR;EQ2RMLIMITEUR;EQ2RMPHARESDIRECT;EQ2RMCOUPURE;EQ2RMANTIPATINAGE;EQ2RMANTIXHEELING;EQ2RMSTABILILTE;VEHKM;POINTS;DUREE;AUTRE2RM;VEHPRECMARQUE;VEHPRECCYLINDREE;VEHPRECMODELE;VEHPRECSEGMENT;VEHPRECSIDE;TEMPS2RMPREC;FREQVEHPREC;DATE_NAISS;CSP;SOCIETAIRE;SALARIE;SECTEUR2RM;NBPERSFOYER;SITFAM;NBENF;TRNBENF1;TRNBENF2;TRNBENF3;TRNBENF4;NBAUTOFOYER;NBCYCLOFOYER;NBSCOOTFOYER;NBMOTOFOYER;NBTRIKEFOYER;NB2RMCONDUIT;MARQUE1;CYLINDREE1;MODELE1;SEGMENT1;SIDE1;ANMISECIRCU1;ASS1;FREQ1;USAGE1;NBKM1;GARAGE1;MARQUE2;CYLINDREE2;MODELE2;SEGMENT2;SIDE2;ANMISECIRCU2;ASS2;FREQ2;USAGE2;NBKM2;GARAGE2;MARQUE3;CYLINDREE3;MODELE3;SEGMENT3;SIDE3;ANMISECIRCU3;ASS3;FREQ3;USAGE3;NBKM3;GARAGE3;MARQUE4;CYLINDREE4;MODELE4;SEGMENT4;SIDE4;ANMISECIRCU4;ASS4;FREQ4;USAGE4;NBKM4;GARAGE4;MARQUE5;CYLINDREE5;MODELE5;SEGMENT5;SIDE5;ANMISECIRCU5;ASS5;FREQ5;USAGE5;NBKM5;GARAGE5;NBKMTOT;PERMIS1;PERMIS2;PERMIS3;PERMIS4;PERMIS5;PERMIS6;PERMIS7;PERMIS8;PERMIS9;ANPERMIS1;ANPERMIS6;ANPERMIS7;ANPERMIS2;ANPERMIS3;ANPERMIS8;ANPERMIS9;ANPERMIS4;ANPERMIS5
1841;906;;1;0;5;;;;;;0;5;;;;;;0;4;;;;;;0;5;;;;;;0;4;;;;;;0;4;;;;;;0;4;;;;;;0;5;;;;;;0;5;;;;;;0;5;;;;;;0;5;;;;;;0;5;;;;;;1;5;2004;;;;;0;5;;;;;;0;;;;;;;;;;;;;;;;;;;15;0;15;1;61;13;2004;;;;;;;;;;;;;;;;;;;;;;;;;;;;;;;;;;;;;;;;;;;;;;;;;;;;;;;;;;;;;;;;;;;;;;;;;;;;;;;;;;;;;;;;;;;;;;;;;;;;;;;;;;;;;;;;;;;;;;;;;;;;;;;;;;;;;;;;;;;;;;;;;;;;;;;;;;;;;;07MAR1973;5;2;;2;4;4;2;1;;;;1;0;1;0;0;1;YAMAHA;250;X-MAX;Scooter;;2010;10;1;2;5000;;;;;;;;;;;;;;;;;;;;;;;;;;;;;;;;;;;;;;;;;;;;;;5000;3;4;;;;;;;;NRP;;;NRP;2001;;;1992;NRP
1636;907;;1;0;5;;;;;;0;5;;;;;;0;4;;;;;;0;5;;;;;;0;5;;;;;;0;4;;;;;;0;4;;;;;;0;5;;;;;;1;4;2005;;;;;0;4;;;;;;0;2;;;;;;0;5;;;;;;0;3;;;;;;0;3;;;;;;0;;;;;;;;;;;;;;;;;;;3;1;12;1;41;9;2005;;;;;;;;;;;;;;;;;;;;;;;;;;;;;;;;;;;;;;;;;;;;;;;;;;;;;;;;;;;;;;;;;;;;;;;;;;;;;;;;;;;;;;;;;;;;;;;;;;;;;;;;;;;;;;;;;;;;;;;;;;;;;;;;;;;;;;;;;;;;;;;;;;;;;;;;;;;;;;15AUG1970;7;2;;2;1;1;;NSP;;;;1;0;0;1;0;1;BMW;1200;R1200R;Roadster;;2008;22;1;2;10000;;;;;;;;;;;;;;;;;;;;;;;;;;;;;;;;;;;;;;;;;;;;;;10000;4;3;;;;;;;;NRP;;;NRP;2003;;;1988;NRP
583;914;;1;0;6;;;;;;0;6;;;;;;0;4;;;;;;0;5;;;;;;1;6;1990;;;;;0;6;;;;;;0;5;;;;;;1;4;1992;;;;;3;5;1990;1992;2003;;;0;6;;;;;;0;4;;;;;;0;3;;;;;;1;4;2003;;;;;0;6;;;;;;1;1;2010;;;;;Saint zacharie;;;;;Enorme trou dans la zone de freinage juste avant une épingle en descente.  Soleil de face.  Retour de guidon.  Au sol direct.  Poignets cassés.;;;;;2;0;2;4;20;1;61;13;2003;;;;;;;;;;;;;;;;;;;;;;;;;;;;;;;;;;;;;;;;;;;;;;;;;;;;;;;;;;;;;;;;;;;;;;;;;;;;;;;;;;;;;;;;;;;;;;;;;;;;;;;;;;;;;;;;;;;;;;;;;;;;;;;;;;;;;;;;;;;;;;;;;;;;;;;;;;;;;;19OCT1968;5;2;;1;2;3;;NSP;;;;1;0;0;1;0;1;HONDA;1000;VTR FIRESTORM;Sportive;;2002;18;2;1;15000;;;;;;;;;;;;;;;;;;;;;;;;;;;;;;;;;;;;;;;;;;;;;;15000;2;3;4;;;;;;;NRP;;;1986;1989;;;1989;NRP
233;918;;1;0;3;;;;;;0;4;;;;;;0;4;;;;;;0;3;;;;;;0;4;;;;;;0;4;;;;;;0;2;;;;;;0;4;;;;;;1;4;2012;;;;;0;5;;;;;;1;5;2003;;;;;0;1;;;;;;1;4;2002;;;;;0;5;;;;;;0;;;;;;;;;;;;;;;;;;;4;0;16;1;41;9;2012;;;;;;;;;;;;;;;;;;;;;;;;;;;;;;;;;;;;;;;;;;;;;;;;;;;;;;;;;;;;;;;;;;;;;;;;;;;;;;;;;;;;;;;;;;;;;;;;;;;;;;;;;;;;;;;;;;;;;;;;;;;;;;;;;;;;;;;;;;;;;;;;;;;;;;;;;;;;;;31DEC1979;5;2;;2;3;4;1;1;;;;2;0;0;2;0;2;DUCATI;1100;MULTISTRADA;Roadster;;2008;10;3;1;3000;;DUCATI;695;MONSTER IE;Roadster;;2007;10;4;1;2000;;;;;;;;;;;;;;;;;;;;;;;;;;;;;;;;;;;5000;3;4;;;;;;;;NRP;;;NRP;1999;;;1998;NRP
303;922;;0;;;;;;;;;;;;;;;;;;;;;;;;;;;;;;;;;;;;;;;;;;;;;;;;;;;;;;;;;;;;;;;;;;;;;;;;;;;;;;;;;;;;;;;;;;;;;;;;;;;;;;;;;;;;;;;;;;;;;;;;;;;;;;;;;;;;;;;;;;;;;;;;;;;;;;;;;;;;;;;;;;;;;;;;;;;;;;;;;;;;;;;;;;;;;;;;;;;;;;;;;;;;;;;;;;;;;;;;;;;;;;;;;;;;;;;;;;;;;;;;;;;;;;;;;;;;;;;;;;;;;;;;;;;;;;;;;;;;;;;;;;15MAY1981;5;1;;2;1;1;;NSP;;;;1;1;0;1;0;1;TRIUMPH;675;DAYTONA;Sportive;;2007;37;2;2;10000;;;;;;;;;;;;;;;;;;;;;;;;;;;;;;;;;;;;;;;;;;;;;;10000;4;3;;;;;;;;NRP;;;NRP;2008;;;1999;NRP
2141;957;;1;0;3;;;;;;0;5;;;;;;0;6;;;;;;0;3;;;;;;2;5;1975;2004;;;;0;4;;;;;;0;4;;;;;;0;5;;;;;;0;5;;;;;;0;1;;;;;;0;6;;;;;;0;2;;;;;;0;5;;;;;;0;5;;;;;;1;2;2006;2014;;;;Paris;Amiens;;;;A l'arrêt voiture a percuté arrière  en anticipant mon démarrage à  un stop;A l'arrêt voiture a percuté arrière à une entrée sur giratoire;;;;0;0;0;3;36;1;22;5;2004;;;;;;;;;;;;;;;;;;;;;;;;;;;;;;;;;;;;;;;;;;;;;;;;;;;;;;;;;;;;;;;;;;;;;;;;;;;;;;;;;;;;;;;;;;;;;;;;;;;;;;;;;;;;;;;;;;;;;;;;;;;;;;;;;;;;;;;;;;;;;;;;;;;;;;;;;;;;;;20APR1954;5;2;;2;2;5;0;NSP;;;;1;0;0;1;0;1;BMW;1200;R1200RT;Routière / GT;;2007;18;2;1;16000;;;;;;;;;;;;;;;;;;;;;;;;;;;;;;;;;;;;;;;;;;;;;;16000;2;3;4;;;;;;;NRP;;;1974;1978;;;1974;NRP
22;997;;0;;;;;;;;;;;;;;;;;;;;;;;;;;;;;;;;;;;;;;;;;;;;;;;;;;;;;;;;;;;;;;;;;;;;;;;;;;;;;;;;;;;;;;;;;;;;;;;;;;;;;;;;;;;;;;;;;;;;;;;;;;;;;;;;;;;;;;;;;;;;;;;;;;;;;;;;;;;;;;;;;;;;;;;;;;;;;;;;;;;;;;;;;;;;;;;;;;;;;;;;;;;;;;;;;;;;;;;;;;;;;;;;;;;;;;;;;;;;;;;;;;;;;;;;;;;;;;;;;;;;;;;;;;;;;;;;;;;;;;;;;;08JUL1985;7;2;;1;3;4;1;1;;;;1;1;0;1;0;1;TRIUMPH;675;STREET TRIPLE;Roadster;;2009;18;3;1;10000;;;;;;;;;;;;;;;;;;;;;;;;;;;;;;;;;;;;;;;;;;;;;;10000;2;3;4;;;;;;;NRP;;;2003;2006;;;2003;NRP
364;998;264;1;0;6;;;;;;0;4;;;;;;0;5;;;;;;0;3;;;;;;0;6;;;;;;0;5;;;;;;0;3;;;;;;1;3;2014;;;;;1;3;2014;;;;;0;6;;;;;;0;6;;;;;;0;2;;;;;;0;2;;;;;;1;3;2014;;;;;0;;;;;;;;;;;;;;;;;;;0;0;5;1;36;8;2014;;2014;Vous avez fait une sortie de route, une perte de contrôle ou une glissade puis avez percuté un obstacle fixe (panneau, arbre poteau …).;2;;;;;;;"Un chien du voisinage m'a coupé la route. J'ai tenté de l'esquiver sur la droite. Malheureusement, il m'a vu, a eu peur et s'est arrêté sur place. Lui fonçant alors dessus, j'ai freiné. La route étant faite à la mode ""on pose des gravier sur la route et hop ça suffira"" j'ai perdu l'avant et ai chuté.";L'imprévisibilité du chien et les gravillons juste posé sur la route.;Roulant à 20/30 km/h, j'ai mit un coup de guidon vers la droite pour esquiver. Puis freiner d'urgence lorsque j'allais rentrer dans le chien.;NRP;0;;;"Vu la distance, tout s'est déroulé ""à l'instinct"".";2;0;;;;;;6;9;;;;;et du dégoût (faire tomber ma moto chérie ^^);;;;;;2;1;j'ai eu 2/3 secondes pour comprendre que je ne pouvais plus rien faire et que je perdais l'équilibre.;4;3;;;1;1;3;3;1;1;1;1;3;3;4;4;4;7;;;;;;;;;1;3;;;;;;;;2;2;;2;1;1;1;10;0;50;40;0;2;;;;;;1;4;;;;2;1;2;4;6;;;;;0;;1;2;1;2;0;25;1;10;2;3;7;;;;;;4;4;4;4;4;4;HUSQVARNA;900;NUDA;ROADSTER;2;1;1;1;1;1;1;1;1;1;1;15000;12;3;1;YAMAHA;600;R6 (YZF-R6);SPORTIVE;2;3;4;19MAR1989;11;2;;2;3;5;0;NSP;;;;2;0;0;1;0;1;YAMAHA;600;R6 (YZF-R6);Sportive;;1999;16;2;1;7000;;;;;;;;;;;;;;;;;;;;;;;;;;;;;;;;;;;;;;;;;;;;;;7000;3;4;;;;;;;;NRP;;;NRP;2010;;;2007;NRP
1644;1019;;1;0;3;;;;;;0;4;;;;;;1;6;2005;;;;;0;5;;;;;;0;4;;;;;;0;4;;;;;;0;5;;;;;;0;4;;;;;;0;6;;;;;;0;6;;;;;;0;4;;;;;;0;3;;;;;;0;5;;;;;;0;5;;;;;;0;;;;;;;;;;;;;;;;;;;0;0;40;1;11;3;2005;;;;;;;;;;;;;;;;;;;;;;;;;;;;;;;;;;;;;;;;;;;;;;;;;;;;;;;;;;;;;;;;;;;;;;;;;;;;;;;;;;;;;;;;;;;;;;;;;;;;;;;;;;;;;;;;;;;;;;;;;;;;;;;;;;;;;;;;;;;;;;;;;;;;;;;;;;;;;;31JUL1953;11;2;;2;2;3;;NSP;;;;3;0;0;1;0;1;KAWASAKI;1500;VN;Custom;;2000;29;3;1;2000;;;;;;;;;;;;;;;;;;;;;;;;;;;;;;;;;;;;;;;;;;;;;;2000;4;3;2;;;;;;;NRP;;;1975;1972;;;1975;NRP
1982;1052;;1;0;5;;;;;;1;5;2011;;;;;0;6;;;;;;0;1;;;;;;0;6;;;;;;0;6;;;;;;0;4;;;;;;0;5;;;;;;0;5;;;;;;0;4;;;;;;0;6;;;;;;0;4;;;;;;0;4;;;;;;0;6;;;;;;0;;;;;;;;;;;;;;;;;;;0;0;7;1;6;2;2011;;;;;;;;;;;;;;;;;;;;;;;;;;;;;;;;;;;;;;;;;;;;;;;;;;;;;;;;;;;;;;;;;;;;;;;;;;;;;;;;;;;;;;;;;;;;;;;;;;;;;;;;;;;;;;;;;;;;;;;;;;;;;;;;;;;;;;;;;;;;;;;;;;;;;;;;;;;;;;23OCT1985;6;2;;2;2;3;;NSP;;;;2;0;0;1;0;1;HONDA;600;HORNET;Roadster;;2009;33;1;2;10000;;;;;;;;;;;;;;;;;;;;;;;;;;;;;;;;;;;;;;;;;;;;;;10000;3;4;;;;;;;;NRP;;;NRP;2008;;;2004;NRP
2159;1065;;1;0;6;;;;;;3;6;NSP;NSP;NSP;;;2;2;NSP;NSP;;;;1;6;NSP;;;;;0;4;;;;;;0;4;;;;;;0;4;;;;;;1;4;NSP;;;;;0;4;;;;;;2;6;NSP;NSP;;;;1;4;NSP;;;;;0;2;;;;;;1;4;NSP;;;;;1;3;NSP;;;;;1;2;NSP;NSP;;;;paris;paris;;;;ouverture de portier sur le periferique;ouverture de portiere champ elysé;;;;0;0;3;9;23;0;;NRP;;;;;;;;;;;;;;;;;;;;;;;;;;;;;;;;;;;;;;;;;;;;;;;;;;;;;;;;;;;;;;;;;;;;;;;;;;;;;;;;;;;;;;;;;;;;;;;;;;;;;;;;;;;;;;;;;;;;;;;;;;;;;;;;;;;;;;;;;;;;;;;;;;;;;;;;;;;;;;;12MAR1963;8;2;;2;4;4;2;3;4;;;1;4;0;3;0;1;YAMAHA;600;FZS FAZER;Roadster;;2000;40;1;2;20000;;;;;;;;;;;;;;;;;;;;;;;;;;;;;;;;;;;;;;;;;;;;;;20000;3;;;;;;;;;NRP;;;NRP;1979;;;NRP;NRP
491;1078;;1;0;5;;;;;;0;3;;;;;;0;4;;;;;;0;1;;;;;;0;5;;;;;;0;2;;;;;;0;2;;;;;;0;2;;;;;;0;2;;;;;;0;2;;;;;;0;4;;;;;;0;1;;;;;;0;2;;;;;;0;2;;;;;;1;1;2012;;;;;bollene;;;;;j'ai été percuté par l'arriere par un autre vehicule alors que j'allais tourner à gauche en ayant signalé mon changement de direction;;;;;0;0;6;0;19;1;71;15;2012;bollene;;;;;;;;;;;;;;;;;;;;;;;;;;;;;;;;;;;;;;;;;;;;;;;;;;;;;;;;;;;;;;;;;;;;;;;;;;;;;;;;;;;;;;;;;;;;;;;;;;;;;;;;;;;;;;;;;;;;;;;;;;;;;;;;;;;;;;;;;;;;;;;;;;;;;;;;;;;;;03NOV1975;5;2;;2;3;4;1;1;;;;2;1;0;1;0;1;SUZUKI;650;SV-S;Sportive;;2003;28;3;1;6000;;;;;;;;;;;;;;;;;;;;;;;;;;;;;;;;;;;;;;;;;;;;;;6000;3;4;;;;;;;;NRP;;;NRP;1996;;;1999;NRP
416;1093;;1;0;6;;;;;;0;5;;;;;;0;6;;;;;;0;6;;;;;;0;4;;;;;;0;6;;;;;;0;4;;;;;;0;5;;;;;;0;4;;;;;;0;5;;;;;;0;5;;;;;;0;6;;;;;;1;5;2006;;;;;0;6;;;;;;0;;;;;;;;;;;;;;;;;;;1;2;7;1;61;13;2006;;;;;;;;;;;;;;;;;;;;;;;;;;;;;;;;;;;;;;;;;;;;;;;;;;;;;;;;;;;;;;;;;;;;;;;;;;;;;;;;;;;;;;;;;;;;;;;;;;;;;;;;;;;;;;;;;;;;;;;;;;;;;;;;;;;;;;;;;;;;;;;;;;;;;;;;;;;;;;13DEC1968;5;2;;2;4;4;2;1;;;;1;0;0;1;0;1;BMW;1200;R1200RT;Routière / GT;;2010;16;1;3;12000;;;;;;;;;;;;;;;;;;;;;;;;;;;;;;;;;;;;;;;;;;;;;;12000;3;4;;;;;;;;NRP;;;NRP;2007;;;1988;NRP
1460;1142;;1;0;5;;;;;;0;3;;;;;;0;4;;;;;;0;2;;;;;;1;5;2014;;;;;0;5;;;;;;0;3;;;;;;0;2;;;;;;0;3;;;;;;0;6;;;;;;0;3;;;;;;0;4;;;;;;0;4;;;;;;0;2;;;;;;0;;;;;;;;;;;;;;;;;;;2;8;31;1;21;5;2014;;;;;;;;;;;;;;;;;;;;;;;;;;;;;;;;;;;;;;;;;;;;;;;;;;;;;;;;;;;;;;;;;;;;;;;;;;;;;;;;;;;;;;;;;;;;;;;;;;;;;;;;;;;;;;;;;;;;;;;;;;;;;;;;;;;;;;;;;;;;;;;;;;;;;;;;;;;;;;09FEB1960;11;2;;2;3;2;2;2;4;;;0;0;0;2;0;2;HONDA;125;CG;Roadster;;2006;29;2;1;5000;;HONDA;500;CB;Roadster;;1999;29;1;2;15000;;;;;;;;;;;;;;;;;;;;;;;;;;;;;;;;;;;20000;3;4;;;;;;;;NRP;;;NRP;1984;;;1979;NRP
1357;1172;;0;;;;;;;;;;;;;;;;;;;;;;;;;;;;;;;;;;;;;;;;;;;;;;;;;;;;;;;;;;;;;;;;;;;;;;;;;;;;;;;;;;;;;;;;;;;;;;;;;;;;;;;;;;;;;;;;;;;;;;;;;;;;;;;;;;;;;;;;;;;;;;;;;;;;;;;;;;;;;;;;;;;;;;;;;;;;;;;;;;;;;;;;;;;;;;;;;;;;;;;;;;;;;;;;;;;;;;;;;;;;;;;;;;;;;;;;;;;;;;;;;;;;;;;;;;;;;;;;;;;;;;;;;;;;;;;;;;;;;;;;;;14MAR1977;7;2;;2;1;1;;NSP;;;;1;2;0;2;0;2;APRILIA;1000;SL-V FALCO;Sportive;;2000;16;2;1;8500;;YAMAHA;850;TRX;Routière / GT;;1996;41;4;1;1000;;;;;;;;;;;;;;;;;;;;;;;;;;;;;;;;;;;9500;3;4;;;;;;;;NRP;;;NRP;2003;;;1998;NRP
2017;1198;;1;0;5;;;;;;0;4;;;;;;0;4;;;;;;0;3;;;;;;1;6;2013;;;;;0;5;;;;;;0;4;;;;;;1;4;2012;;;;;0;1;;;;;;0;3;;;;;;0;5;;;;;;0;4;;;;;;0;5;;;;;;0;2;;;;;;0;;;;;;;;;;;;;;;;;;;0;0;4;1;21;5;2013;;;;;;;;;;;;;;;;;;;;;;;;;;;;;;;;;;;;;;;;;;;;;;;;;;;;;;;;;;;;;;;;;;;;;;;;;;;;;;;;;;;;;;;;;;;;;;;;;;;;;;;;;;;;;;;;;;;;;;;;;;;;;;;;;;;;;;;;;;;;;;;;;;;;;;;;;;;;;;19DEC1990;10;1;;2;1;1;;NSP;;;;0;0;0;1;0;1;KAWASAKI;250;NINJA 250R ZX2-R;Routière / GT;;2010;37;1;2;10000;;;;;;;;;;;;;;;;;;;;;;;;;;;;;;;;;;;;;;;;;;;;;;10000;3;;;;;;;;;NRP;;;NRP;2011;;;NRP;NRP
758;1209;349;1;0;3;;;;;;0;3;;;;;;0;3;;;;;;0;2;;;;;;0;5;;;;;;0;3;;;;;;0;1;;;;;;0;5;;;;;;1;2;1997;;;;;0;5;;;;;;0;4;;;;;;0;2;;;;;;0;3;;;;;;0;5;;;;;;1;1;1995;;;;;PARIS;;;;;Je remontais une file de véhicules par la gauche. L'un des véhicules a laissé un espace pour laisser passer une voiture venant d'une voie prioritaire, à droite. J'ai percuté ce dernier.;;;;;0;0;0;0;19;1;71;15;1995;PARIS;1995;Autre(s) type(s) d'accident(s).;2;6;;;;;;J'ai à peine 6 mois de permis. Il y a des grèves de transport et des embouteillages importants. Il pleut de la neige mouillée. Il fait froid et il fait noir. Je reviens de ma journée d'école et mon père est passager. Je remonte la file de voiture à l'arrêt, par la gauche, à faible vitesse. Entre 2 véhicules, une voiture vient d'une rue sur la droite et tourne sur sa gauche pour remonter la rue. Je ne la vois qu'au dernier moment. J'ai à peine le temps de freiner. Je percute la voiture par l'avant. Je passe par dessus son capot. La fourche de ma moto est endommagée. Mon père a mal à son genou et moi, à ma cheville. La conductrice de la voiture a eu très peur.;Le manque de visibilité (nuit et pluie) a fait que je n'ai vu la voiture qu'au dernier moment. Ensuite, le freinage était impossible à cause de la chaussée glissante. Mon manque d'expérience ne m'a pas permis d'anticiper la rue à ma droite, qui était masquée par les autres véhicules. Depuis, je fais attention.;Dès que j'ai vu le véhicule, j'ai essayé de l'éviter en obliquant la trajectoire de ma moto vers la droite. Et j'ai freiné. De son côté, l'automobiliste a freiné.;NRP;0;;;Il aurait fallu que j'agisse différemment bien avant le choc, en anticipant une priorité à droite et en cherchant à savoir si un véhicule arrivait. A partir du moment où je n'avais pas anticiper, le choc devenait inévitable.;2;1;1;1;La personne n'a pu me voir qu'au dernier moment. Elle m'a dit avoir eu très peur.;2;La pluie, la nuit et les embouteillages ne permettaient pas à l'automobiliste de réagir autrement.;2;;;;;;;;1;;;;;;La surprise de voir le véhicule sortir de la file des voitures, sur ma droite, sans que je n'ai pu le voir avant. Surprise de me voir sur le capot de la voiture puis par-terre.;3;1;1;;1;1;3;2;1;1;3;2;1;4;4;4;4;1;7;;;;;;;;2;;;;;;;;;2;2;;2;1;2;2;70;0;0;0;30;2;;;;;;4;2;;;;2;0;;;;;;;;;;2;1;1;2;1;40;1;2;3;5;;;;;;;3;3;3;3;2;3;KAWASAKI;250;"EL ""ELIMINATOR""";CUSTOM;2;1;1;1;1;1;1;1;1;1;1;30000;12;1;0;;;;;;;;31JAN1975;6;2;;2;3;4;1;1;;;;1;1;0;1;0;1;HONDA;800;VFR-F;Routière / GT;;2008;10;1;2;15000;;;;;;;;;;;;;;;;;;;;;;;;;;;;;;;;;;;;;;;;;;;;;;15000;3;4;;;;;;;;NRP;;;NRP;1995;;;1993;NRP
439;1218;;0;;;;;;;;;;;;;;;;;;;;;;;;;;;;;;;;;;;;;;;;;;;;;;;;;;;;;;;;;;;;;;;;;;;;;;;;;;;;;;;;;;;;;;;;;;;;;;;;;;;;;;;;;;;;;;;;;;;;;;;;;;;;;;;;;;;;;;;;;;;;;;;;;;;;;;;;;;;;;;;;;;;;;;;;;;;;;;;;;;;;;;;;;;;;;;;;;;;;;;;;;;;;;;;;;;;;;;;;;;;;;;;;;;;;;;;;;;;;;;;;;;;;;;;;;;;;;;;;;;;;;;;;;;;;;;;;;;;;;;;;;;04MAY1988;5;1;;2;1;1;;NSP;;;;1;0;0;1;0;1;YAMAHA;600;FZ6-N;Roadster;;2006;37;2;2;10000;;;;;;;;;;;;;;;;;;;;;;;;;;;;;;;;;;;;;;;;;;;;;;10000;3;4;5;;;;;;;NRP;;;NRP;2010;;;2007;2010
1899;1220;;1;0;5;;;;;;0;5;;;;;;0;6;;;;;;0;4;;;;;;0;4;;;;;;0;5;;;;;;0;3;;;;;;1;5;2011;;;;;0;4;;;;;;0;6;;;;;;0;6;;;;;;0;4;;;;;;0;4;;;;;;0;6;;;;;;0;;;;;;;;;;;;;;;;;;;40;2;38;1;36;8;2011;;;;;;;;;;;;;;;;;;;;;;;;;;;;;;;;;;;;;;;;;;;;;;;;;;;;;;;;;;;;;;;;;;;;;;;;;;;;;;;;;;;;;;;;;;;;;;;;;;;;;;;;;;;;;;;;;;;;;;;;;;;;;;;;;;;;;;;;;;;;;;;;;;;;;;;;;;;;;;27APR1960;5;2;;2;3;4;1;4;;;;2;0;0;2;0;1;TRIUMPH;1050;SPEED TRIPLE IE;Roadster;;2007;31;1;2;15000;;;;;;;;;;;;;;;;;;;;;;;;;;;;;;;;;;;;;;;;;;;;;;15000;4;3;2;;;;;;;NRP;;;1976;1980;;;1978;NRP
1017;1265;;1;0;4;;;;;;0;4;;;;;;0;4;;;;;;0;4;;;;;;0;2;;;;;;0;4;;;;;;0;5;;;;;;1;6;2004;;;;;0;5;;;;;;0;4;;;;;;1;5;2005;;;;;0;2;;;;;;0;2;;;;;;1;3;2008;;;;;0;;;;;;;;;;;;;;;;;;;0;0;11;1;66;14;2008;;;;;;;;;;;;;;;;;;;;;;;;;;;;;;;;;;;;;;;;;;;;;;;;;;;;;;;;;;;;;;;;;;;;;;;;;;;;;;;;;;;;;;;;;;;;;;;;;;;;;;;;;;;;;;;;;;;;;;;;;;;;;;;;;;;;;;;;;;;;;;;;;;;;;;;;;;;;;;25JUN1978;5;2;;2;3;4;1;1;;;;1;0;0;1;0;1;TRIUMPH;675;DAYTONA;Sportive;;2010;24;2;1;7000;;;;;;;;;;;;;;;;;;;;;;;;;;;;;;;;;;;;;;;;;;;;;;7000;3;4;;;;;;;;NRP;;;NRP;2003;;;1996;NRP
117;1288;;1;0;5;;;;;;0;4;;;;;;0;4;;;;;;0;6;;;;;;0;6;;;;;;0;5;;;;;;0;5;;;;;;0;6;;;;;;0;2;;;;;;1;6;2001;;;;;1;6;1998;;;;;0;6;;;;;;0;4;;;;;;0;6;;;;;;0;;;;;;;;;;;;;;;;;;;0;0;15;1;51;11;1998;;;;;;;;;;;;;;;;;;;;;;;;;;;;;;;;;;;;;;;;;;;;;;;;;;;;;;;;;;;;;;;;;;;;;;;;;;;;;;;;;;;;;;;;;;;;;;;;;;;;;;;;;;;;;;;;;;;;;;;;;;;;;;;;;;;;;;;;;;;;;;;;;;;;;;;;;;;;;;11FEB1973;7;2;;2;4;4;2;1;;;;2;0;0;1;0;1;YAMAHA;600;FZ6-N;Roadster;;2007;4;1;2;8000;;;;;;;;;;;;;;;;;;;;;;;;;;;;;;;;;;;;;;;;;;;;;;8000;3;4;;;;;;;;NRP;;;NRP;1998;;;2001;NRP