Ligne;Ligne Q qualif;Ligne approfondissement Accident;ACCIDENT;NBACC1;ACCFREQUENCE1;ANNEEACC1_1;ANNEEACC1_2;ANNEEACC1_3;ANNEEACC1_4;ANNEEACC1_5;NBACC2;ACCFREQUENCE2;ANNEEACC2_1;ANNEEACC2_2;ANNEEACC2_3;ANNEEACC2_4;ANNEEACC2_5;NBACC3;ACCFREQUENCE3;ANNEEACC3_1;ANNEEACC3_2;ANNEEACC3_3;ANNEEACC3_4;ANNEEACC3_5;NBACC4;ACCFREQUENCE4;ANNEEACC4_1;ANNEEACC4_2;ANNEEACC4_3;ANNEEACC4_4;ANNEEACC4_5;NBACC5;ACCFREQUENCE5;ANNEEACC5_1;ANNEEACC5_2;ANNEEACC5_3;ANNEEACC5_4;ANNEEACC5_5;NBACC6;ACCFREQUENCE6;ANNEEACC6_1;ANNEEACC6_2;ANNEEACC6_3;ANNEEACC6_4;ANNEEACC6_5;NBACC7;ACCFREQUENCE7;ANNEEACC7_1;ANNEEACC7_2;ANNEEACC7_3;ANNEEACC7_4;ANNEEACC7_5;NBACC8;ACCFREQUENCE8;ANNEEACC8_1;ANNEEACC8_2;ANNEEACC8_3;ANNEEACC8_4;ANNEEACC8_5;NBACC9;ACCFREQUENCE9;ANNEEACC9_1;ANNEEACC9_2;ANNEEACC9_3;ANNEEACC9_4;ANNEEACC9_5;NBACC10;ACCFREQUENCE10;ANNEEACC10_1;ANNEEACC10_2;ANNEEACC10_3;ANNEEACC10_4;ANNEEACC10_5;NBACC11;ACCFREQUENCE11;ANNEEACC11_1;ANNEEACC11_2;ANNEEACC11_3;ANNEEACC11_4;ANNEEACC11_5;NBACC12;ACCFREQUENCE12;ANNEEACC12_1;ANNEEACC12_2;ANNEEACC12_3;ANNEEACC12_4;ANNEEACC12_5;NBACC13;ACCFREQUENCE13;ANNEEACC13_1;ANNEEACC13_2;ANNEEACC13_3;ANNEEACC13_4;ANNEEACC13_5;NBACC14;ACCFREQUENCE14;ANNEEACC14_1;ANNEEACC14_2;ANNEEACC14_3;ANNEEACC14_4;ANNEEACC14_5;AUTRESACC;NBAUTRESACC;ANNEEAUTREACC1;ANNEEAUTREACC2;ANNEEAUTREACC3;ANNEEAUTREACC4;ANNEEAUTREACC5;LIEUAUTREACC1;LIEUAUTREACC2;LIEUAUTREACC3;LIEUAUTREACC4;LIEUAUTREACC5;DESCRIPTIONAUTRESACC1;DESCRIPTIONAUTRESACC2;DESCRIPTIONAUTRESACC3;DESCRIPTIONAUTRESACC4;DESCRIPTIONAUTRESACC5;NBAUTRESACCCIRCUIT;NBAUTRESTOUTTERRAIN;EXPCYCLO;EXP125;EXPSUP125;ACCORDNEXTQ;CHOIXACC;RGPMTACC;RECUPANNEE;RECUPLIEU;RECUPANNE;RGPMTAC;CHOIX1;CHOIX2;CHOIX3;CHOIX4;CHOIX5;CHOIX6;CHOIX7;DESCRIPTION;RUPTURE;FAITS;ABS_REACTION;AUTRE_REACTION;PRECISIONREACTIONOUI;RECUL;PRECISIONREACTIONNON;IMPACTCOMPORTEMENT;AUTREUSAGER;REACTIONAUTREUSAGER;CONNAISSANCEREACTIONUSAGER;DIFFICULTES;AGGRAVATION;DIFFICULTES2;EMOTIONS1;EMOTIONS2;EMOTIONS3;EMOTIONS4;EMOTIONS5;EMOTIONS6;AUTRESENTIMENT;CLASSEMENTEMOTIONS1;CLASSEMENTEMOTIONS;CLASSEMENTEMOTIONS5;CLASSEMENTEMOTIONS6;CLASSEMENTEMOTIONS7;CLASSEMENTEMOTIONS8;CLASSEMENTEMOTIONS9;EXPLICATIONRESSENTI;BIENEQUIPE;ALLURE;ALLUREVITEDETAIL;ALLURELENTEDETAIL;SITUATIONPRESSE;SITUATIONDISTRAIT;SITUATIONCONFIANT;SITUATIONCONTROLE;SITUATIONLUDIQUE;SITUATIONPERF;SITUATIONSTRESS;SITUATIONFATIGUE;HUMEURNEUTRE;HUMEURGAI;HUMEURMECONTENT;HUMEURTRISTE;HUMEURCOLERE;CONTRIBUTION1;CONTRIBUTION2;CONTRIBUTION3;CONTRIBUTION4;CONTRIBUTION5;CONTRIBUTION6;CONTRIBUTION7;CONTRIBUTION8;CONTRIBUTION9;ROLEINFRA;ELEMENTINFRA1;ELEMENTINFRA2;ELEMENTINFRA3;ELEMENTINFRA4;ELEMENTINFRA5;ELEMENTINFRA6;ELEMENTINFRA7;ELEMENTINFRA8;ELEMENTINFRA9;ALCOOL;TXALCOOL;STUP;SEMAINE;MOMENTJOURNEE;TEMPS;CAUSEACC1;CAUSEACC2;CAUSEACC3;CAUSEACC4;CAUSEACC5;FORMATIONCAUSE;FORMATION1;FORMATION2;FORMATION3;FORMATION4;FORMATION5;TRAFIC;CHAUSSEE1;CHAUSSEE2;CHAUSSEE3;CHAUSSEE4;TYPEACC;BLESSURE;TETE;COU;THORAX;MEMBRESSUP;COLONNE;BASSIN;MEMBRESINF;HOPITAL;PLUS24H;TRAJET;TYPEROUTE;MOTIF;SENSTRAJET;PASSAGER;VITESSE;DESCEQ1;DESCEQ2;DESCEQ3;DESCEQ4;DESCEQ5;DESCEQ6;DESCEQ7;DESCEQ8;DESCEQ9;DESCEQ10;VEHICULEETE;VEHICULEAUTOMNE;VEHICULEPRINTEMPS;VEHICULEHIVER;VEHICULESEMAINE;VEHICULEWE;VEHMARQUE;VEHCYLINDREE;VEHMODELE;VEHSEGMENT;VEHSIDE;EQ2RMABS;EQ2RMCBS;EQ2RMABSCBS;EQ2RMREGULATEUR;EQ2RMLIMITEUR;EQ2RMPHARESDIRECT;EQ2RMCOUPURE;EQ2RMANTIPATINAGE;EQ2RMANTIXHEELING;EQ2RMSTABILILTE;VEHKM;POINTS;DUREE;AUTRE2RM;VEHPRECMARQUE;VEHPRECCYLINDREE;VEHPRECMODELE;VEHPRECSEGMENT;VEHPRECSIDE;TEMPS2RMPREC;FREQVEHPREC;DATE_NAISS;CSP;SOCIETAIRE;SALARIE;SECTEUR2RM;NBPERSFOYER;SITFAM;NBENF;TRNBENF1;TRNBENF2;TRNBENF3;TRNBENF4;NBAUTOFOYER;NBCYCLOFOYER;NBSCOOTFOYER;NBMOTOFOYER;NBTRIKEFOYER;NB2RMCONDUIT;MARQUE1;CYLINDREE1;MODELE1;SEGMENT1;SIDE1;ANMISECIRCU1;ASS1;FREQ1;USAGE1;NBKM1;GARAGE1;MARQUE2;CYLINDREE2;MODELE2;SEGMENT2;SIDE2;ANMISECIRCU2;ASS2;FREQ2;USAGE2;NBKM2;GARAGE2;MARQUE3;CYLINDREE3;MODELE3;SEGMENT3;SIDE3;ANMISECIRCU3;ASS3;FREQ3;USAGE3;NBKM3;GARAGE3;MARQUE4;CYLINDREE4;MODELE4;SEGMENT4;SIDE4;ANMISECIRCU4;ASS4;FREQ4;USAGE4;NBKM4;GARAGE4;MARQUE5;CYLINDREE5;MODELE5;SEGMENT5;SIDE5;ANMISECIRCU5;ASS5;FREQ5;USAGE5;NBKM5;GARAGE5;NBKMTOT;PERMIS1;PERMIS2;PERMIS3;PERMIS4;PERMIS5;PERMIS6;PERMIS7;PERMIS8;PERMIS9;ANPERMIS1;ANPERMIS6;ANPERMIS7;ANPERMIS2;ANPERMIS3;ANPERMIS8;ANPERMIS9;ANPERMIS4;ANPERMIS5
596;2312;487;1;0;3;;;;;;0;3;;;;;;0;5;;;;;;0;3;;;;;;0;4;;;;;;0;5;;;;;;0;4;;;;;;0;5;;;;;;1;6;2012;;;;;0;6;;;;;;0;6;;;;;;0;3;;;;;;1;5;2013;;;;;0;4;;;;;;0;;;;;;;;;;;;;;;;;;;0;0;4;1;41;9;2012;;2012;Vous avez fait une sortie de route, une perte de contrôle ou une glissade sans rien percuter.;6;;;;;;;l'accident c'est passé sur un rond pont, sous la pluie. Une flaque de gazole était sur le rond point, je n'ai rien vu venir.;les éléments déclencheurs : la pluie et le gazole;je n'ai pas eu le temps de réagir. La moto a glissé sur le coté j'ai glissé a coté de la moto. les automobilistes se sont arrêtés sans me percuter.;3;0;;;la flaque de gazole n'était pas visible et je roulais déjà doucement;2;0;;;;;;1;2;3;6;;;;3;1;2;;;;;je n'ai rien vu venir;4;3;;;1;NSP;2;3;3;1;2;1;1;4;4;4;4;10;;;;;;;;;2;;;;;;;;;2;2;;2;2;1;2;20;0;0;40;40;2;;;;;;1;2;6;;;1;;;;;;;;;;;3;2;3;;0;30;1;2;3;4;7;9;;;;;4;4;4;3;3;3;SUZUKI;500;GS-E 34CV;ROADSTER;2;1;1;1;1;1;1;2;1;1;1;24000;12;2;0;;;;;;;;18MAY1986;7;2;;2;2;3;;NSP;;;;2;0;0;1;0;1;SUZUKI;500;GS;ROADSTER;2;2001;16;2;2;4000;;;;;;;;;;;;;;;;;;;;;;;;;;;;;;;;;;;;;;;;;;;;;;4000;3;4;;;;;;;;NRP;;;NRP;2011;;;2005;NRP
260;2318;;1;0;2;;;;;;0;3;;;;;;0;6;;;;;;1;6;2010;;;;;0;4;;;;;;0;4;;;;;;0;4;;;;;;0;6;;;;;;0;6;;;;;;0;5;;;;;;0;5;;;;;;0;1;;;;;;0;5;;;;;;0;6;;;;;;0;;;;;;;;;;;;;;;;;;;0;5;0;1;16;4;2010;;;;;;;;;;;;;;;;;;;;;;;;;;;;;;;;;;;;;;;;;;;;;;;;;;;;;;;;;;;;;;;;;;;;;;;;;;;;;;;;;;;;;;;;;;;;;;;;;;;;;;;;;;;;;;;;;;;;;;;;;;;;;;;;;;;;;;;;;;;;;;;;;;;;;;;;;;;;;;09MAR1974;5;2;;2;4;4;2;1;;;;2;0;1;0;0;1;PIAGGIO;125;X EVO;SCOOTER;2;2009;23;1;2;6000;;;;;;;;;;;;;;;;;;;;;;;;;;;;;;;;;;;;;;;;;;;;;;6000;4;;;;;;;;;NRP;;;NRP;NRP;;;1992;NRP
1410;2357;;1;0;4;;;;;;1;5;1997;;;;;0;4;;;;;;1;3;1998;;;;;0;4;;;;;;1;3;1999;;;;;0;3;;;;;;0;4;;;;;;1;4;1999;;;;;0;5;;;;;;0;3;;;;;;0;3;;;;;;1;4;1997;;;;;1;4;1998;;;;;1;1;2014;;;;;Paris;;;;;Un vélo dans lumière m'est rentré dedans de nuit alors que je demarais du feu.;;;;;0;0;1;0;18;1;71;15;2014;Paris;;;;;;;;;;;;;;;;;;;;;;;;;;;;;;;;;;;;;;;;;;;;;;;;;;;;;;;;;;;;;;;;;;;;;;;;;;;;;;;;;;;;;;;;;;;;;;;;;;;;;;;;;;;;;;;;;;;;;;;;;;;;;;;;;;;;;;;;;;;;;;;;;;;;;;;;;;;;;11AUG1972;5;1;;2;1;1;;NSP;;;;1;0;0;1;0;1;BMW;1300;K1300S PACK S;ROUTIERE / GT;2;2009;37;1;2;13000;;;;;;;;;;;;;;;;;;;;;;;;;;;;;;;;;;;;;;;;;;;;;;13000;3;4;;;;;;;;NRP;;;NRP;1997;;;1992;NRP
1596;2382;;1;0;2;;;;;;1;5;1990;;;;;0;6;;;;;;0;3;;;;;;0;4;;;;;;0;3;;;;;;0;2;;;;;;0;3;;;;;;1;3;1989;;;;;0;6;;;;;;0;4;;;;;;0;1;;;;;;0;3;;;;;;0;3;;;;;;0;;;;;;;;;;;;;;;;;;;3;22;3;1;6;2;1990;;;;;;;;;;;;;;;;;;;;;;;;;;;;;;;;;;;;;;;;;;;;;;;;;;;;;;;;;;;;;;;;;;;;;;;;;;;;;;;;;;;;;;;;;;;;;;;;;;;;;;;;;;;;;;;;;;;;;;;;;;;;;;;;;;;;;;;;;;;;;;;;;;;;;;;;;;;;;;28NOV1968;8;2;;2;1;1;;NSP;;;;1;0;0;1;0;1;YAMAHA;125;YB-R;ROADSTER;2;2007;40;1;2;11000;;;;;;;;;;;;;;;;;;;;;;;;;;;;;;;;;;;;;;;;;;;;;;11000;4;2;;;;;;;;NRP;;;1985;NRP;;;1987;NRP
615;2387;;1;0;3;;;;;;0;4;;;;;;0;5;;;;;;0;1;;;;;;1;5;2003;;;;;0;4;;;;;;0;2;;;;;;0;3;;;;;;0;1;;;;;;0;2;;;;;;0;3;;;;;;0;2;;;;;;0;3;;;;;;0;2;;;;;;1;2;2004;NSP;;;;MONTPELLIER;MONTPELLIER;;;;TIERS QUITTE UN STATIONNEMENT;ACCIDENT DE ROND POINT;;;;1;0;4;1;17;1;71;15;2004;MONTPELLIER;;;;;;;;;;;;;;;;;;;;;;;;;;;;;;;;;;;;;;;;;;;;;;;;;;;;;;;;;;;;;;;;;;;;;;;;;;;;;;;;;;;;;;;;;;;;;;;;;;;;;;;;;;;;;;;;;;;;;;;;;;;;;;;;;;;;;;;;;;;;;;;;;;;;;;;;;;;;;01JAN1983;5;2;;2;1;1;;NSP;;;;0;0;0;1;0;1;SUZUKI;700;INTRUDER;CUSTOM;2;2010;37;1;2;15000;;;;;;;;;;;;;;;;;;;;;;;;;;;;;;;;;;;;;;;;;;;;;;15000;3;4;;;;;;;;NRP;;;NRP;2001;;;2001;NRP
1936;2405;;0;;;;;;;;;;;;;;;;;;;;;;;;;;;;;;;;;;;;;;;;;;;;;;;;;;;;;;;;;;;;;;;;;;;;;;;;;;;;;;;;;;;;;;;;;;;;;;;;;;;;;;;;;;;;;;;;;;;;;;;;;;;;;;;;;;;;;;;;;;;;;;;;;;;;;;;;;;;;;;;;;;;;;;;;;;;;;;;;;;;;;;;;;;;;;;;;;;;;;;;;;;;;;;;;;;;;;;;;;;;;;;;;;;;;;;;;;;;;;;;;;;;;;;;;;;;;;;;;;;;;;;;;;;;;;;;;;;;;;;;;;;26NOV1965;7;1;;2;2;3;;NSP;;;;2;0;0;5;0;2;ROYAL ENFIELD;500;BULLET ELECTRA EFI;ROADSTER;2;2008;37;3;1;3000;;HONDA;250;XL-R;TRAIL / SUPERMOTARD;2;1988;40;2;2;500;;;;;;;;;;;;;;;;;;;;;;;;;;;;;;;;;;;3500;3;;;;;;;;;NRP;;;NRP;1984;;;NRP;NRP
1011;2446;;1;0;1;;;;;;0;4;;;;;;0;3;;;;;;0;4;;;;;;0;4;;;;;;0;3;;;;;;0;3;;;;;;0;3;;;;;;1;4;2011;;;;;1;4;2009;;;;;0;3;;;;;;0;3;;;;;;0;4;;;;;;0;4;;;;;;1;1;2011;;;;;BUC;;;;;Je roulais sur une route en ville et une personne est sortie de son stationnement;;;;;0;0;0;0;9;1;46;10;2009;;;;;;;;;;;;;;;;;;;;;;;;;;;;;;;;;;;;;;;;;;;;;;;;;;;;;;;;;;;;;;;;;;;;;;;;;;;;;;;;;;;;;;;;;;;;;;;;;;;;;;;;;;;;;;;;;;;;;;;;;;;;;;;;;;;;;;;;;;;;;;;;;;;;;;;;;;;;;;28FEB1973;5;2;;2;3;4;1;1;;;;2;2;1;1;0;2;HONDA;1200;VFR-F DCT;ROUTIERE / GT;2;2011;24;1;2;20000;;SYM;100;MIO;SCOOTER;2;2010;10;3;1;1000;;;;;;;;;;;;;;;;;;;;;;;;;;;;;;;;;;;21000;3;4;;;;;;;;NRP;;;NRP;1992;;;2003;NRP
879;2464;;0;;;;;;;;;;;;;;;;;;;;;;;;;;;;;;;;;;;;;;;;;;;;;;;;;;;;;;;;;;;;;;;;;;;;;;;;;;;;;;;;;;;;;;;;;;;;;;;;;;;;;;;;;;;;;;;;;;;;;;;;;;;;;;;;;;;;;;;;;;;;;;;;;;;;;;;;;;;;;;;;;;;;;;;;;;;;;;;;;;;;;;;;;;;;;;;;;;;;;;;;;;;;;;;;;;;;;;;;;;;;;;;;;;;;;;;;;;;;;;;;;;;;;;;;;;;;;;;;;;;;;;;;;;;;;;;;;;;;;;;;;;18MAR1961;8;2;;2;4;4;2;3;4;;;1;0;0;1;0;1;YAMAHA;125;YB-R;ROADSTER;2;2007;15;2;2;1500;;;;;;;;;;;;;;;;;;;;;;;;;;;;;;;;;;;;;;;;;;;;;;1500;3;4;;;;;;;;NRP;;;NRP;1982;;;1979;NRP
1744;2479;;1;0;5;;;;;;0;5;;;;;;2;6;2012;2013;;;;0;4;;;;;;0;5;;;;;;0;5;;;;;;0;5;;;;;;0;5;;;;;;0;6;;;;;;0;5;;;;;;0;4;;;;;;0;5;;;;;;0;5;;;;;;0;6;;;;;;0;;;;;;;;;;;;;;;;;;;3;3;20;1;12;3;2013;;;;;;;;;;;;;;;;;;;;;;;;;;;;;;;;;;;;;;;;;;;;;;;;;;;;;;;;;;;;;;;;;;;;;;;;;;;;;;;;;;;;;;;;;;;;;;;;;;;;;;;;;;;;;;;;;;;;;;;;;;;;;;;;;;;;;;;;;;;;;;;;;;;;;;;;;;;;;;03OCT1956;5;2;;2;2;3;;NSP;;;;1;2;1;1;0;2;MOTOBECANE;125;SCOOTER;SCOOTER;2;2009;25;4;1;100;;BMW;1200;R1200RT PACK;ROUTIERE / GT;2;2008;25;1;2;9000;;;;;;;;;;;;;;;;;;;;;;;;;;;;;;;;;;;9100;3;;;;;;;;;NRP;;;NRP;1975;;;NRP;NRP
33;2540;39;1;0;3;;;;;;0;5;;;;;;0;4;;;;;;0;2;;;;;;1;5;2012;;;;;0;3;;;;;;0;4;;;;;;0;4;;;;;;0;3;;;;;;0;3;;;;;;0;5;;;;;;0;1;;;;;;0;4;;;;;;0;4;;;;;;0;;;;;;;;;;;;;;;;;;;6;1;6;1;21;5;2012;;2012;Vous circuliez sur un axe prioritaire. Un véhicule venant d’un axe non prioritaire vous a coupé la route.;1;2;3;6;AUT|Le plus injuste;;;Je roulais sur une petite rue urbaine, a allure modérée. La visibilité des rue perpendiculaire à ma droite est quasi nulle a cause des voitures stationnées le long de la chaussée à droite.  En arrivant au niveau de l'une de ces rues, une voiture est arrivée et s'est arrêtée à son stop.  J'ai ralenti jusqu'au moment où j'ai croisé son regard pour être sûr d'être vu. une fois sûr d'avoir été vu, j'ai accéléré fortement pour passer rapidement.  Malheureusement, la voiture que me voyait ralentir à cru qu'elle pouvait passer. Je l'ai percuté violemment au niveau de sa portière arrière.  Mon VFR a été classée épave, le conducteur de la voiture a eu 100% des torts. Malgré cela je n'ai été que très peu remboursé car la moto avec de l'âge.  Peu de temps après, des poteaux ont été installés aux abords des intersections afin que la visibilité soit bien meilleur.;1 - Le manque de visibilité qui a généré un état de surprise pour moi même ainsi que le conducteur de la voiture.  2 - Ma décision (réflexe) d'accélérer pour passer plutôt que freiner brusquement, me sachant prioritaire  3- La décision du conducteur de s'engager pensant que je le laissais passer ou qu'il en aurait le temps (mauvaise évaluation de l'accélération de la moto);En pleine accélération, j'ai freiné très brusquement et ai perdu l'adhérence d'au moins la roue avant.  Je ne sais plus si j'ai été éjecté de la moto avant ou après le choc avec la voiture.  J'ai pris conscience de ce qu'il venait d'arrivé une fois arrêté sur le sol, cherchant a voir si je sentais encore tous mes membres.  Le conducteur m'a ensuite rejoint pour savoir si ça aller, et m'a aider à rejoindre un trottoire pour m'y allonger.  Sa voiture est restée au milieu de la route, la personne a eu aussi très peur.;NRP;0;;;La rue était très étroite, l'évitement était à mon sens pas possible.;2;1;NSP;;Effet de surprise en me voyant, mauvaise évaluation de sa capacité à passer;1;NRP;2;3;6;;;;;;2;3;;;1;;Je n'avais pas d'échapatoire;3;1;1;;1;1;4;4;3;1;1;1;4;1;4;4;4;1;6;7;;;;;;;1;4;;;;;;;;2;2;;2;1;1;1;40;40;0;20;0;NSP;;;;;;2;1;;;;2;1;2;;;;;;;1;0;1;1;1;1;0;70;1;10;2;3;4;;;;;;4;4;4;4;4;4;HONDA;800;VFR-F;Routière / GT;2;1;0;1;1;1;1;1;1;1;1;60000;12;3;1;YAMAHA;600;FZ6-S FAZER;ROADSTER;2;1;4;26AUG1979;5;1;;2;4;4;2;1;;;;2;0;0;2;0;2;YAMAHA;600;XTE;TRAIL / SUPERMOTARD;2;1993;37;1;2;9000;;BUELL;1125;1125-R;SPORTIVE;2;2009;37;3;1;4000;;;;;;;;;;;;;;;;;;;;;;;;;;;;;;;;;;;13000;3;4;;;;;;;;NRP;;;NRP;2009;;;2000;NRP
53;2577;315;1;0;5;;;;;;0;3;;;;;;0;5;;;;;;0;1;;;;;;0;6;;;;;;0;3;;;;;;0;4;;;;;;0;4;;;;;;1;5;2008;;;;;0;6;;;;;;0;6;;;;;;0;2;;;;;;0;3;;;;;;0;2;;;;;;1;1;2004;;;;;Col de Porte;;;;;Dans un virage à droite, en montant sur une route de montagne, une voiture descendante à coupé le virage et m'a percuté.;;;;;0;0;9;1;10;1;41;9;2008;;2008;Vous avez fait une sortie de route, une perte de contrôle ou une glissade sans rien percuter.;1;2;3;4;AUT|Il démontre qu'une infrastructure peut être dangereuse;;;"Ca s'est passé rue Jules Horowitz, à Grenoble  Je repartais de mon travail, comme tous les jours, avec ma Honda VFR 800 VTEC ; et comme tous les jours, je prends soin d'éviter un ralentisseur en plastique, tout en largeur, du type de ceux présents dans les parkings couverts. C'est un ralentisseur très violent, qui secoue très fort les voitures même à faible allure (il a provoqué le décrochage du rétroviseur interne de ma voiture), et encore plus pour une moto bien plus légère et aux suspensions plus fermes.  Je passe donc ce ralentisseur sur le côté droit, doucement, comme tous les jours, sauf que ce jour là, ma roue arrière n'a pas parfaitement suivi la roue avant, et a mordu sur le ralentisseur. J'étais en première, pneu froid, la roue a glissé, le moteur a pris des tours pendant que la roue patinait sur le ralentisseur, la roue arrière a chassé sur le côté, glissant sur la pente en bout de ralentisseur. J'ai très rapidement coupé les gaz, mais c'était trop tard, et en première la roue s'est bloquée et a continué à glisser jusqu'au trottoir. Au contact avec le trottoir, la moto s'est redressée violemment, me projetant par dessus le guidon.  Je suis retombé tête la première au sol, merci à mon fidèle casque de m'avoir protégé, mais ma clavicule a cassé net lorsque mon épaule a touché le bitume.  Je me dis que dans mon malheur, j'ai eu de la chance de retomber sur la route, car à cet endroit là le trottoir était jonché de longs créneaux en béton pour empêcher le stationnement. Si j'étais retombé sur ces créneaux, je ne sais pas ce qui serait resté de moi.  Suite à mon accident, après consultation du CHSCT de mon entreprise, les ralentisseurs ont été modifiés, rendus plus étroits pour laisser plus d'espace entre le trottoir et le ralentisseur pour que les deux roues puissent passer sans danger ; et les créneaux anti-stationnement ont été retirés sur plusieurs mètres après les ralentisseurs.";Un ralentisseur en plastique, glissant, qui m'a fait chasser la roue contre le trottoir.;Quand j'ai senti la roue glisser, j'ai coupé les gaz et cherché à garder la moto en ligne, mais en première, sur un V4, couper les gaz a bloqué la roue qui a a continué sa route jusqu'au trottoir qui m'a envoyé en high-side.;NRP;0;;;Tout s'est passé en une seconde, il n'y avait rien à faire.;2;0;;;;;;1;5;;;;;;1;;;;2;;;je ne pouvais rien contrôler, j'étais parti en vol plané au dessus de ma moto, sans savoir où ni comment j'allais retomber.;4;3;;;2;3;3;3;2;1;1;1;4;1;4;4;4;4;;;;;;;;;1;4;;;;;;;;2;2;;2;1;1;1;10;0;0;90;0;2;;;;;;1;1;AUT|il y avait des feuilles et des gravillons entre le ralentisseur et le trottoir;;;2;1;4;;;;;;;1;1;1;1;1;2;0;25;1;2;3;4;7;9;;;;;4;4;4;2;4;4;HONDA;800;VFR-F V-TEC ABS;Routière / GT;2;0;0;0;1;1;1;1;1;1;1;12000;12;2;1;HONDA;600;CB-F ABS;ROADSTER;2;4;4;15MAR1978;5;2;;2;1;1;;NSP;;;;1;0;0;1;0;1;HONDA;1200;VFR-F;ROUTIERE / GT;2;2010;28;1;2;15000;;;;;;;;;;;;;;;;;;;;;;;;;;;;;;;;;;;;;;;;;;;;;;15000;3;4;5;;;;;;;NRP;;;NRP;2004;;;1996;2004
1827;2584;;1;1;4;2002;;;;;0;5;;;;;;1;5;1990;;;;;0;5;;;;;;0;2;;;;;;0;3;;;;;;0;3;;;;;;0;4;;;;;;0;4;;;;;;0;6;;;;;;0;5;;;;;;0;2;;;;;;1;5;1979;;;;;0;5;;;;;;0;;;;;;;;;;;;;;;;;;;4;4;28;0;;NRP;;;;;;;;;;;;;;;;;;;;;;;;;;;;;;;;;;;;;;;;;;;;;;;;;;;;;;;;;;;;;;;;;;;;;;;;;;;;;;;;;;;;;;;;;;;;;;;;;;;;;;;;;;;;;;;;;;;;;;;;;;;;;;;;;;;;;;;;;;;;;;;;;;;;;;;;;;;;;;;26JAN1964;5;1;;2;5;4;3;1;2;;;1;0;1;1;0;2;MZ;125;125 ETS;ROADSTER;2;1980;37;4;1;1000;;SUZUKI;650;BURGMAN EXECUTIVE;SCOOTER;2;2009;37;1;2;20000;;;;;;;;;;;;;;;;;;;;;;;;;;;;;;;;;;;21000;2;3;4;;;;;;;NRP;;;1982;1986;;;1982;NRP
1056;2587;;0;;;;;;;;;;;;;;;;;;;;;;;;;;;;;;;;;;;;;;;;;;;;;;;;;;;;;;;;;;;;;;;;;;;;;;;;;;;;;;;;;;;;;;;;;;;;;;;;;;;;;;;;;;;;;;;;;;;;;;;;;;;;;;;;;;;;;;;;;;;;;;;;;;;;;;;;;;;;;;;;;;;;;;;;;;;;;;;;;;;;;;;;;;;;;;;;;;;;;;;;;;;;;;;;;;;;;;;;;;;;;;;;;;;;;;;;;;;;;;;;;;;;;;;;;;;;;;;;;;;;;;;;;;;;;;;;;;;;;;;;;;29JUL1962;5;1;;2;4;4;2;1;;;;3;0;2;6;0;4;HONDA;1000;VARADERO;TRAIL / SUPERMOTARD;2;1999;37;3;1;7000;;HONDA;100;LEAD (SCV) 4T;SCOOTER;2;2005;37;1;2;2000;;HONDA;750;AFRICA TWIN;TRAIL / SUPERMOTARD;2;1990;2;3;1;5000;;HONDA;600;CBR-RR IE;SPORTIVE;2;2003;2;3;1;1000;;;;;;;;;;;;;15000;3;4;;;;;;;;NRP;;;NRP;1984;;;1980;NRP