Ligne;Ligne Q qualif;Ligne approfondissement Accident;ACCIDENT;NBACC1;ACCFREQUENCE1;ANNEEACC1_1;ANNEEACC1_2;ANNEEACC1_3;ANNEEACC1_4;ANNEEACC1_5;NBACC2;ACCFREQUENCE2;ANNEEACC2_1;ANNEEACC2_2;ANNEEACC2_3;ANNEEACC2_4;ANNEEACC2_5;NBACC3;ACCFREQUENCE3;ANNEEACC3_1;ANNEEACC3_2;ANNEEACC3_3;ANNEEACC3_4;ANNEEACC3_5;NBACC4;ACCFREQUENCE4;ANNEEACC4_1;ANNEEACC4_2;ANNEEACC4_3;ANNEEACC4_4;ANNEEACC4_5;NBACC5;ACCFREQUENCE5;ANNEEACC5_1;ANNEEACC5_2;ANNEEACC5_3;ANNEEACC5_4;ANNEEACC5_5;NBACC6;ACCFREQUENCE6;ANNEEACC6_1;ANNEEACC6_2;ANNEEACC6_3;ANNEEACC6_4;ANNEEACC6_5;NBACC7;ACCFREQUENCE7;ANNEEACC7_1;ANNEEACC7_2;ANNEEACC7_3;ANNEEACC7_4;ANNEEACC7_5;NBACC8;ACCFREQUENCE8;ANNEEACC8_1;ANNEEACC8_2;ANNEEACC8_3;ANNEEACC8_4;ANNEEACC8_5;NBACC9;ACCFREQUENCE9;ANNEEACC9_1;ANNEEACC9_2;ANNEEACC9_3;ANNEEACC9_4;ANNEEACC9_5;NBACC10;ACCFREQUENCE10;ANNEEACC10_1;ANNEEACC10_2;ANNEEACC10_3;ANNEEACC10_4;ANNEEACC10_5;NBACC11;ACCFREQUENCE11;ANNEEACC11_1;ANNEEACC11_2;ANNEEACC11_3;ANNEEACC11_4;ANNEEACC11_5;NBACC12;ACCFREQUENCE12;ANNEEACC12_1;ANNEEACC12_2;ANNEEACC12_3;ANNEEACC12_4;ANNEEACC12_5;NBACC13;ACCFREQUENCE13;ANNEEACC13_1;ANNEEACC13_2;ANNEEACC13_3;ANNEEACC13_4;ANNEEACC13_5;NBACC14;ACCFREQUENCE14;ANNEEACC14_1;ANNEEACC14_2;ANNEEACC14_3;ANNEEACC14_4;ANNEEACC14_5;AUTRESACC;NBAUTRESACC;ANNEEAUTREACC1;ANNEEAUTREACC2;ANNEEAUTREACC3;ANNEEAUTREACC4;ANNEEAUTREACC5;LIEUAUTREACC1;LIEUAUTREACC2;LIEUAUTREACC3;LIEUAUTREACC4;LIEUAUTREACC5;DESCRIPTIONAUTRESACC1;DESCRIPTIONAUTRESACC2;DESCRIPTIONAUTRESACC3;DESCRIPTIONAUTRESACC4;DESCRIPTIONAUTRESACC5;NBAUTRESACCCIRCUIT;NBAUTRESTOUTTERRAIN;EXPCYCLO;EXP125;EXPSUP125;ACCORDNEXTQ;CHOIXACC;RGPMTACC;RECUPANNEE;RECUPLIEU;RECUPANNE;RGPMTAC;CHOIX1;CHOIX2;CHOIX3;CHOIX4;CHOIX5;CHOIX6;CHOIX7;DESCRIPTION;RUPTURE;FAITS;ABS_REACTION;AUTRE_REACTION;PRECISIONREACTIONOUI;RECUL;PRECISIONREACTIONNON;IMPACTCOMPORTEMENT;AUTREUSAGER;REACTIONAUTREUSAGER;CONNAISSANCEREACTIONUSAGER;DIFFICULTES;AGGRAVATION;DIFFICULTES2;EMOTIONS1;EMOTIONS2;EMOTIONS3;EMOTIONS4;EMOTIONS5;EMOTIONS6;AUTRESENTIMENT;CLASSEMENTEMOTIONS1;CLASSEMENTEMOTIONS;CLASSEMENTEMOTIONS5;CLASSEMENTEMOTIONS6;CLASSEMENTEMOTIONS7;CLASSEMENTEMOTIONS8;CLASSEMENTEMOTIONS9;EXPLICATIONRESSENTI;BIENEQUIPE;ALLURE;ALLUREVITEDETAIL;ALLURELENTEDETAIL;SITUATIONPRESSE;SITUATIONDISTRAIT;SITUATIONCONFIANT;SITUATIONCONTROLE;SITUATIONLUDIQUE;SITUATIONPERF;SITUATIONSTRESS;SITUATIONFATIGUE;HUMEURNEUTRE;HUMEURGAI;HUMEURMECONTENT;HUMEURTRISTE;HUMEURCOLERE;CONTRIBUTION1;CONTRIBUTION2;CONTRIBUTION3;CONTRIBUTION4;CONTRIBUTION5;CONTRIBUTION6;CONTRIBUTION7;CONTRIBUTION8;CONTRIBUTION9;ROLEINFRA;ELEMENTINFRA1;ELEMENTINFRA2;ELEMENTINFRA3;ELEMENTINFRA4;ELEMENTINFRA5;ELEMENTINFRA6;ELEMENTINFRA7;ELEMENTINFRA8;ELEMENTINFRA9;ALCOOL;TXALCOOL;STUP;SEMAINE;MOMENTJOURNEE;TEMPS;CAUSEACC1;CAUSEACC2;CAUSEACC3;CAUSEACC4;CAUSEACC5;FORMATIONCAUSE;FORMATION1;FORMATION2;FORMATION3;FORMATION4;FORMATION5;TRAFIC;CHAUSSEE1;CHAUSSEE2;CHAUSSEE3;CHAUSSEE4;TYPEACC;BLESSURE;TETE;COU;THORAX;MEMBRESSUP;COLONNE;BASSIN;MEMBRESINF;HOPITAL;PLUS24H;TRAJET;TYPEROUTE;MOTIF;SENSTRAJET;PASSAGER;VITESSE;DESCEQ1;DESCEQ2;DESCEQ3;DESCEQ4;DESCEQ5;DESCEQ6;DESCEQ7;DESCEQ8;DESCEQ9;DESCEQ10;VEHICULEETE;VEHICULEAUTOMNE;VEHICULEPRINTEMPS;VEHICULEHIVER;VEHICULESEMAINE;VEHICULEWE;VEHMARQUE;VEHCYLINDREE;VEHMODELE;VEHSEGMENT;VEHSIDE;EQ2RMABS;EQ2RMCBS;EQ2RMABSCBS;EQ2RMREGULATEUR;EQ2RMLIMITEUR;EQ2RMPHARESDIRECT;EQ2RMCOUPURE;EQ2RMANTIPATINAGE;EQ2RMANTIXHEELING;EQ2RMSTABILILTE;VEHKM;POINTS;DUREE;AUTRE2RM;VEHPRECMARQUE;VEHPRECCYLINDREE;VEHPRECMODELE;VEHPRECSEGMENT;VEHPRECSIDE;TEMPS2RMPREC;FREQVEHPREC;DATE_NAISS;CSP;SOCIETAIRE;SALARIE;SECTEUR2RM;NBPERSFOYER;SITFAM;NBENF;TRNBENF1;TRNBENF2;TRNBENF3;TRNBENF4;NBAUTOFOYER;NBCYCLOFOYER;NBSCOOTFOYER;NBMOTOFOYER;NBTRIKEFOYER;NB2RMCONDUIT;MARQUE1;CYLINDREE1;MODELE1;SEGMENT1;SIDE1;ANMISECIRCU1;ASS1;FREQ1;USAGE1;NBKM1;GARAGE1;MARQUE2;CYLINDREE2;MODELE2;SEGMENT2;SIDE2;ANMISECIRCU2;ASS2;FREQ2;USAGE2;NBKM2;GARAGE2;MARQUE3;CYLINDREE3;MODELE3;SEGMENT3;SIDE3;ANMISECIRCU3;ASS3;FREQ3;USAGE3;NBKM3;GARAGE3;MARQUE4;CYLINDREE4;MODELE4;SEGMENT4;SIDE4;ANMISECIRCU4;ASS4;FREQ4;USAGE4;NBKM4;GARAGE4;MARQUE5;CYLINDREE5;MODELE5;SEGMENT5;SIDE5;ANMISECIRCU5;ASS5;FREQ5;USAGE5;NBKM5;GARAGE5;NBKMTOT;PERMIS1;PERMIS2;PERMIS3;PERMIS4;PERMIS5;PERMIS6;PERMIS7;PERMIS8;PERMIS9;ANPERMIS1;ANPERMIS6;ANPERMIS7;ANPERMIS2;ANPERMIS3;ANPERMIS8;ANPERMIS9;ANPERMIS4;ANPERMIS5
1445;3235;;0;;;;;;;;;;;;;;;;;;;;;;;;;;;;;;;;;;;;;;;;;;;;;;;;;;;;;;;;;;;;;;;;;;;;;;;;;;;;;;;;;;;;;;;;;;;;;;;;;;;;;;;;;;;;;;;;;;;;;;;;;;;;;;;;;;;;;;;;;;;;;;;;;;;;;;;;;;;;;;;;;;;;;;;;;;;;;;;;;;;;;;;;;;;;;;;;;;;;;;;;;;;;;;;;;;;;;;;;;;;;;;;;;;;;;;;;;;;;;;;;;;;;;;;;;;;;;;;;;;;;;;;;;;;;;;;;;;;;;;;;;;01FEB1960;1;1;;2;5;4;3;4;;;;5;1;0;1;0;1;KAWASAKI;650;VERSYS;ROADSTER;2;2011;37;2;1;11500;;;;;;;;;;;;;;;;;;;;;;;;;;;;;;;;;;;;;;;;;;;;;;11500;2;3;;;;;;;;NRP;;;1977;1978;;;NRP;NRP
71;3241;;0;;;;;;;;;;;;;;;;;;;;;;;;;;;;;;;;;;;;;;;;;;;;;;;;;;;;;;;;;;;;;;;;;;;;;;;;;;;;;;;;;;;;;;;;;;;;;;;;;;;;;;;;;;;;;;;;;;;;;;;;;;;;;;;;;;;;;;;;;;;;;;;;;;;;;;;;;;;;;;;;;;;;;;;;;;;;;;;;;;;;;;;;;;;;;;;;;;;;;;;;;;;;;;;;;;;;;;;;;;;;;;;;;;;;;;;;;;;;;;;;;;;;;;;;;;;;;;;;;;;;;;;;;;;;;;;;;;;;;;;;;;22OCT1976;5;1;;2;3;4;1;1;;;;2;0;1;0;0;1;GILERA;125;NEXUS;SCOOTER;2;2008;37;1;2;8000;;;;;;;;;;;;;;;;;;;;;;;;;;;;;;;;;;;;;;;;;;;;;;8000;4;;;;;;;;;NRP;;;NRP;NRP;;;1995;NRP
1144;3245;;1;0;5;;;;;;0;4;;;;;;0;5;;;;;;0;4;;;;;;0;3;;;;;;0;5;;;;;;0;3;;;;;;1;6;2009;;;;;0;2;;;;;;0;4;;;;;;1;6;2009;;;;;0;3;;;;;;0;2;;;;;;0;5;;;;;;0;;;;;;;;;;;;;;;;;;;0;10;20;1;51;11;2009;;;;;;;;;;;;;;;;;;;;;;;;;;;;;;;;;;;;;;;;;;;;;;;;;;;;;;;;;;;;;;;;;;;;;;;;;;;;;;;;;;;;;;;;;;;;;;;;;;;;;;;;;;;;;;;;;;;;;;;;;;;;;;;;;;;;;;;;;;;;;;;;;;;;;;;;;;;;;;26JUN1969;5;1;;2;6;4;4;1;3;4;;1;0;0;1;0;1;HONDA;800;VFR-F;ROUTIERE / GT;2;2000;37;1;2;15000;;;;;;;;;;;;;;;;;;;;;;;;;;;;;;;;;;;;;;;;;;;;;;15000;3;4;;;;;;;;NRP;;;NRP;2009;;;1997;NRP
618;3261;;1;1;5;2014;;;;;0;2;;;;;;0;3;;;;;;0;3;;;;;;0;5;;;;;;0;3;;;;;;0;2;;;;;;0;2;;;;;;0;2;;;;;;0;4;;;;;;0;5;;;;;;0;2;;;;;;0;1;;;;;;0;2;;;;;;1;1;2014;;;;;campagne;;;;;en pleine campagne j'ai dépassé 2 voitures en toute sécurité lorsque le véhicule en seconde position à dépasser me percutant sur le côté, le conducteur n'avait pas vu les 5 motos qui le suivaient depuis plusieurs kilomètres;;;;;0;0;0;0;23;1;71;15;2014;campagne;;;;;;;;;;;;;;;;;;;;;;;;;;;;;;;;;;;;;;;;;;;;;;;;;;;;;;;;;;;;;;;;;;;;;;;;;;;;;;;;;;;;;;;;;;;;;;;;;;;;;;;;;;;;;;;;;;;;;;;;;;;;;;;;;;;;;;;;;;;;;;;;;;;;;;;;;;;;;28NOV1968;5;2;;2;3;4;1;2;;;;2;1;0;1;0;2;SUZUKI;1250;"BANDIT-S ABS ""GRAND TOURISME""";ROADSTER;2;2007;23;1;2;18000;;HONDA;1200;VFR-F DCT 2012;ROUTIERE / GT;2;2012;8;4;1;100;;;;;;;;;;;;;;;;;;;;;;;;;;;;;;;;;;;18100;3;4;;;;;;;;NRP;;;NRP;1993;;;1987;NRP
1133;3266;;1;0;4;;;;;;0;3;;;;;;1;6;NSP;;;;;0;3;;;;;;0;4;;;;;;0;4;;;;;;0;4;;;;;;0;4;;;;;;1;4;1990;;;;;2;4;1988;NSP;;;;3;6;NSP;NSP;NSP;;;0;4;;;;;;0;4;;;;;;0;4;;;;;;0;;;;;;;;;;;;;;;;;;;40;36;30;1;11;3;0;;;;;;;;;;;;;;;;;;;;;;;;;;;;;;;;;;;;;;;;;;;;;;;;;;;;;;;;;;;;;;;;;;;;;;;;;;;;;;;;;;;;;;;;;;;;;;;;;;;;;;;;;;;;;;;;;;;;;;;;;;;;;;;;;;;;;;;;;;;;;;;;;;;;;;;;;;;;;;22APR1961;5;1;;2;2;3;;NSP;;;;2;0;0;2;0;2;BMW;1150;R1150RT;ROUTIERE / GT;2;1996;37;1;2;15000;;SUZUKI;750;GSX INAZUMA;ROADSTER;2;1998;37;2;1;5000;;;;;;;;;;;;;;;;;;;;;;;;;;;;;;;;;;;20000;3;4;;;;;;;;NRP;;;NRP;1989;;;1979;NRP
177;3267;388;1;0;5;;;;;;0;6;;;;;;0;5;;;;;;0;3;;;;;;0;6;;;;;;0;5;;;;;;0;4;;;;;;0;5;;;;;;0;5;;;;;;0;5;;;;;;0;4;;;;;;0;3;;;;;;0;3;;;;;;0;4;;;;;;1;1;2003;;;;;BORDEAUX;;;;;Démarrage au feu vert sur les Boulevards, puis percuté par la gauche par un véhicule n'ayant pas respecté le feu rouge.. Ce véhicule a ensuite pris la fuite...;;;;;0;0;4;2;15;1;71;15;2003;BORDEAUX;2003;Autre(s) type(s) d'accident(s).;4;;;;;;;Départ d'un feux vert en interfile sur les Boulevards de Bordeaux - Un véhicule arrive sur ma gauche et me percute au niveau de la roue arrière - je finis ma course sur la voie de droite, coincé sous la moto - l'automobiliste continue sa route -   La police me fera un dépistage alcoolémie (négatif) et décrétera que c'est un motard qui roulait trop vite... no comment !!!!;Manque de ressource d'accélération sur la moto (Transalp) - Je pense que si j'avais eu une sportive ou un roadster, j'aurai eu assez de ressources pour éviter cet accident;Ai tenté d'accélérer sans effet - ai tenté de descendre une vitesse mais pas eu le temps   L'autre usagé impliqué ne s'étant pas arrêté.. je ne peux décrire quoi que se soit..  Le fait que l'automobiliste ai grillé un feu a eu pour conséquence ma chute;2;1;En restant derrière les véhicules arrêtés au feu, c'est une voiture qui aurait été percuté    Si j'avais eu une autre moto, plus puissante, j'aurai pu avoir assez de ressource pour accélérer assez et ainsi éviter le choc;Pour gagner quelques minutes, je suis passé en interfile afin de démarrer plus rapidement au feu vert - En restant derrière les véhicules circulant dans le même sens que moi, c'est une voiture qui aurait eu l'accident;;2;1;NSP;;NSP;1;En respectant son arrêt au feu rouge, il n'y aurait pas eu d'accident;1;2;6;;;;;3;2;;;;1;;manque de ressource sur la poignée d'accélérateur;3;3;;;3;1;3;3;2;1;1;1;1;4;4;4;4;1;7;8;;;;;;;2;;;;;;;;;2;2;;2;1;3;1;20;80;0;0;0;2;;;;;;3;1;;;;2;1;4;7;;;;;;1;0;2;1;2;;0;40;1;10;2;3;4;;;;;;4;3;3;2;3;4;HONDA;650;TRANSALP;TRAIL / SUPERMOTARD;2;1;0;1;1;1;1;1;1;1;1;20;12;4;1;YAMAHA;125;TDR;TRAIL / SUPERMOTARD;2;4;3;22JUL1967;7;1;;2;4;4;2;1;;;;3;0;0;1;2;2;BMW;1200;R1200R ABS ASC +PACK;ROADSTER;2;2007;37;2;2;4500;;SHINERAY;250;QUAD STIXE;QUAD;2;2008;37;3;1;1000;;;;;;;;;;;;;;;;;;;;;;;;;;;;;;;;;;;5500;2;3;4;;;;;;;NRP;;;1986;2001;;;1986;NRP
343;3288;;1;0;5;;;;;;1;5;2001;;;;;0;5;;;;;;1;5;1999;;;;;0;5;;;;;;0;4;;;;;;0;4;;;;;;0;5;;;;;;0;4;;;;;;0;5;;;;;;1;6;1991;;;;;0;4;;;;;;1;4;1986;;;;;0;4;;;;;;0;;;;;;;;;;;;;;;;;;;3;4;23;1;16;4;1999;;;;;;;;;;;;;;;;;;;;;;;;;;;;;;;;;;;;;;;;;;;;;;;;;;;;;;;;;;;;;;;;;;;;;;;;;;;;;;;;;;;;;;;;;;;;;;;;;;;;;;;;;;;;;;;;;;;;;;;;;;;;;;;;;;;;;;;;;;;;;;;;;;;;;;;;;;;;;;23FEB1968;4;2;;2;4;4;2;1;3;;;2;0;0;1;0;1;KAWASAKI;1400;GTR;ROUTIERE / GT;2;2011;39;2;2;8000;;;;;;;;;;;;;;;;;;;;;;;;;;;;;;;;;;;;;;;;;;;;;;8000;2;3;4;;;;;;;NRP;;;1985;1990;;;1987;NRP
477;3292;;1;0;3;;;;;;0;6;;;;;;0;6;;;;;;0;6;;;;;;0;6;;;;;;0;5;;;;;;0;6;;;;;;1;6;2010;;;;;1;5;2011;;;;;0;6;;;;;;0;4;;;;;;0;2;;;;;;0;4;;;;;;0;5;;;;;;0;;;;;;;;;;;;;;;;;;;0;3;4;1;41;9;2011;;;;;;;;;;;;;;;;;;;;;;;;;;;;;;;;;;;;;;;;;;;;;;;;;;;;;;;;;;;;;;;;;;;;;;;;;;;;;;;;;;;;;;;;;;;;;;;;;;;;;;;;;;;;;;;;;;;;;;;;;;;;;;;;;;;;;;;;;;;;;;;;;;;;;;;;;;;;;;01JAN1990;5;1;;2;1;1;;NSP;;;;0;1;0;1;0;1;SUZUKI;600;BANDIT-N;ROADSTER;2;2001;37;2;2;3000;;;;;;;;;;;;;;;;;;;;;;;;;;;;;;;;;;;;;;;;;;;;;;3000;3;4;2;;;;;;;NRP;;;2010;2011;;;2008;NRP
1467;3305;;1;1;4;2010;;;;;0;4;;;;;;0;4;;;;;;0;5;;;;;;0;4;;;;;;0;5;;;;;;0;3;;;;;;0;4;;;;;;0;2;;;;;;0;6;;;;;;0;3;;;;;;0;3;;;;;;0;4;;;;;;0;2;;;;;;1;1;2010;;;;;Paris;;;;;(sous la pluie) Véhicule en sens inverse tournant a gauche en coupant la route a un camion (dans mon sens) sur la voie de gauche qui démarrait lentement au feu vert et qui masquait mon 2 rues (voie de droite) qui arrivait au croisement a 40 km/h. Freinage d'urgence suivi de perte de contrôle et glissade... Sans impact avec obstacles.;;;;;0;0;2;0;0;1;71;15;2010;Paris;;;;;;;;;;;;;;;;;;;;;;;;;;;;;;;;;;;;;;;;;;;;;;;;;;;;;;;;;;;;;;;;;;;;;;;;;;;;;;;;;;;;;;;;;;;;;;;;;;;;;;;;;;;;;;;;;;;;;;;;;;;;;;;;;;;;;;;;;;;;;;;;;;;;;;;;;;;;;02MAY1981;5;2;;2;1;1;;NSP;;;;0;1;0;0;0;1;YAMAHA;50;NEO'S;SCOOTER;2;2010;8;1;2;6255;;;;;;;;;;;;;;;;;;;;;;;;;;;;;;;;;;;;;;;;;;;;;;6255;NSP;;;;;;;;;NRP;NRP;NRP;NRP;NRP;NRP;NRP;NRP;NRP
418;3348;;0;;;;;;;;;;;;;;;;;;;;;;;;;;;;;;;;;;;;;;;;;;;;;;;;;;;;;;;;;;;;;;;;;;;;;;;;;;;;;;;;;;;;;;;;;;;;;;;;;;;;;;;;;;;;;;;;;;;;;;;;;;;;;;;;;;;;;;;;;;;;;;;;;;;;;;;;;;;;;;;;;;;;;;;;;;;;;;;;;;;;;;;;;;;;;;;;;;;;;;;;;;;;;;;;;;;;;;;;;;;;;;;;;;;;;;;;;;;;;;;;;;;;;;;;;;;;;;;;;;;;;;;;;;;;;;;;;;;;;;;;;;21JUL1973;8;1;;2;3;2;2;1;;;;1;0;0;1;0;1;SUZUKI;650;BANDIT-N;ROADSTER;2;2010;37;1;2;7000;;;;;;;;;;;;;;;;;;;;;;;;;;;;;;;;;;;;;;;;;;;;;;7000;3;4;;;;;;;;NRP;;;NRP;2010;;;1992;NRP
2104;3372;;1;0;5;;;;;;0;6;;;;;;0;6;;;;;;0;4;;;;;;0;6;;;;;;0;6;;;;;;0;4;;;;;;2;5;1983;1988;;;;3;4;1983;1985;1988;;;0;4;;;;;;0;6;;;;;;0;5;;;;;;0;5;;;;;;0;4;;;;;;0;;;;;;;;;;;;;;;;;;;0;2;30;1;37;8;1988;;;;;;;;;;;;;;;;;;;;;;;;;;;;;;;;;;;;;;;;;;;;;;;;;;;;;;;;;;;;;;;;;;;;;;;;;;;;;;;;;;;;;;;;;;;;;;;;;;;;;;;;;;;;;;;;;;;;;;;;;;;;;;;;;;;;;;;;;;;;;;;;;;;;;;;;;;;;;;29APR1967;3;2;;2;6;4;4;1;3;4;;1;0;0;3;1;4;KTM;990;ADVENTURE R;TRAIL / SUPERMOTARD;2;2006;29;3;1;15000;;YAMAHA;250;TDR;ROUTIERE / GT;2;1988;29;3;1;3000;;HONDA;600;XR-R;TOUT TERRAIN (TRIAL / ENDURO / CROSS);2;1988;29;4;1;2000;;;;;;;;;;;;;;;;;;;;;;;;20000;3;4;;;;;;;;NRP;;;NRP;1985;;;1985;NRP
693;3385;314;1;1;4;2002;;;;;1;3;2004;;;;;1;3;1998;;;;;0;3;;;;;;2;5;1987;1995;;;;0;3;;;;;;0;3;;;;;;1;3;2010;;;;;0;3;;;;;;0;2;;;;;;0;3;;;;;;0;2;;;;;;0;2;;;;;;0;3;;;;;;0;;;;;;;;;;;;;;;;;;;0;2;35;1;36;8;2010;;2010;Vous avez fait une sortie de route, une perte de contrôle ou une glissade puis avez percuté un obstacle fixe (panneau, arbre poteau …).;5;;;;;;;Une journée de Septembre, après un petit orage, une plaque de gas-oil mélangée avec un peu d'eau sur la route dans un virage à droite en sortie d'autoroute et tout chavire.Nous nous retrouvons parterre sans rien comprendre et à à peine 50 km/h. Un virage que je prends tous les jours et dont je connais la difficulté.La moto a continué à glisser, a taper le rail de sécurité.;gas-oil + eau = verglas d'été;Rien pu faire pour ma part à part me relever rapidement et rejoindre ma femme qui était encore à terre inconsciente, par contre les automobilistes présents ont agi rapidement pour sécuriser la zone de l'accident, un secouriste présent est intervenu rapidement pour ma femme.;2;0;;;Parce que ce genre de piège n'est pas détectable à part peut être l'odeur;1;0;;;;;;8;;;;;;;;;;;;;;;3;3;;;1;1;2;4;1;1;1;1;3;3;4;4;4;5;;;;;;;;;2;;;;;;;;;2;2;;2;2;1;2;30;60;0;0;10;2;;;;;;2;2;6;;;2;0;;;;;;;;;;1;3;3;;1;50;1;10;2;3;4;;;;;;4;4;4;4;4;4;SUZUKI;650;BANDIT;ROADSTER;2;1;1;1;1;1;1;1;1;1;1;15000;12;3;1;YAMAHA;600;XJ-S DIVERSION;ROADSTER;2;4;4;20NOV1956;7;2;;2;2;3;;NSP;;;;1;0;0;1;0;1;SUZUKI;750;GSX-F;ROUTIERE / GT;2;2006;29;1;2;10000;;;;;;;;;;;;;;;;;;;;;;;;;;;;;;;;;;;;;;;;;;;;;;10000;3;4;;;;;;;;NRP;;;NRP;1980;;;1975;NRP
641;3425;;1;0;5;;;;;;0;6;;;;;;0;3;;;;;;0;5;;;;;;0;6;;;;;;0;6;;;;;;0;5;;;;;;0;5;;;;;;1;5;2006;;;;;0;4;;;;;;0;3;;;;;;0;4;;;;;;0;4;;;;;;0;4;;;;;;0;;;;;;;;;;;;;;;;;;;0;0;16;1;41;9;2006;;;;;;;;;;;;;;;;;;;;;;;;;;;;;;;;;;;;;;;;;;;;;;;;;;;;;;;;;;;;;;;;;;;;;;;;;;;;;;;;;;;;;;;;;;;;;;;;;;;;;;;;;;;;;;;;;;;;;;;;;;;;;;;;;;;;;;;;;;;;;;;;;;;;;;;;;;;;;;22SEP1966;7;2;;2;2;3;;NSP;;;;1;0;0;2;0;2;SUZUKI;1250;GSX-F;Routière / GT;2;2011;10;1;2;5000;;HONDA;500;CB;ROADSTER;2;2000;10;3;1;2000;;;;;;;;;;;;;;;;;;;;;;;;;;;;;;;;;;;7000;3;4;;;;;;;;NRP;;;NRP;1998;;;1986;NRP
29;3434;;0;;;;;;;;;;;;;;;;;;;;;;;;;;;;;;;;;;;;;;;;;;;;;;;;;;;;;;;;;;;;;;;;;;;;;;;;;;;;;;;;;;;;;;;;;;;;;;;;;;;;;;;;;;;;;;;;;;;;;;;;;;;;;;;;;;;;;;;;;;;;;;;;;;;;;;;;;;;;;;;;;;;;;;;;;;;;;;;;;;;;;;;;;;;;;;;;;;;;;;;;;;;;;;;;;;;;;;;;;;;;;;;;;;;;;;;;;;;;;;;;;;;;;;;;;;;;;;;;;;;;;;;;;;;;;;;;;;;;;;;;;;03JAN1984;4;1;;2;2;3;;NSP;;;;2;0;0;1;0;1;HONDA;1000;CB 1000R;ROADSTER;2;2012;37;1;2;20000;;;;;;;;;;;;;;;;;;;;;;;;;;;;;;;;;;;;;;;;;;;;;;20000;3;4;;;;;;;;NRP;;;NRP;2011;;;2002;NRP
1462;3438;;0;;;;;;;;;;;;;;;;;;;;;;;;;;;;;;;;;;;;;;;;;;;;;;;;;;;;;;;;;;;;;;;;;;;;;;;;;;;;;;;;;;;;;;;;;;;;;;;;;;;;;;;;;;;;;;;;;;;;;;;;;;;;;;;;;;;;;;;;;;;;;;;;;;;;;;;;;;;;;;;;;;;;;;;;;;;;;;;;;;;;;;;;;;;;;;;;;;;;;;;;;;;;;;;;;;;;;;;;;;;;;;;;;;;;;;;;;;;;;;;;;;;;;;;;;;;;;;;;;;;;;;;;;;;;;;;;;;;;;;;;;;26AUG1959;7;2;;2;4;4;2;2;4;;;1;0;0;1;0;1;BMW;650;G650 XCOUNTRY;ROADSTER;2;2007;10;1;2;20000;;;;;;;;;;;;;;;;;;;;;;;;;;;;;;;;;;;;;;;;;;;;;;20000;2;3;4;;;;;;;NRP;;;1976;1978;;;1978;NRP
1798;3459;;1;0;4;;;;;;0;4;;;;;;1;4;2010;;;;;0;3;;;;;;0;5;;;;;;0;3;;;;;;0;4;;;;;;0;3;;;;;;0;4;;;;;;0;4;;;;;;0;4;;;;;;0;2;;;;;;1;3;1974;;;;;0;2;;;;;;1;2;2012;NSP;;;;Paris;Paris;;;;Chute à l'arrêt par perte d'équilibre et dégâts au véhicule sur lequel ma moto est tombé;"Percuté à l'arrière par un véhicule lors d'un arrêt ""en douceur"" pour laisser le passage aux piétons sur un passage protégé.";;;;0;1;3;5;37;1;11;3;2010;;;;;;;;;;;;;;;;;;;;;;;;;;;;;;;;;;;;;;;;;;;;;;;;;;;;;;;;;;;;;;;;;;;;;;;;;;;;;;;;;;;;;;;;;;;;;;;;;;;;;;;;;;;;;;;;;;;;;;;;;;;;;;;;;;;;;;;;;;;;;;;;;;;;;;;;;;;;;;02APR1954;6;1;;2;3;4;1;4;;;;1;0;0;1;0;1;BMW;1150;R1150GS ABS;TRAIL / SUPERMOTARD;2;2003;37;3;1;5000;;;;;;;;;;;;;;;;;;;;;;;;;;;;;;;;;;;;;;;;;;;;;;5000;3;;;;;;;;;NRP;;;NRP;1975;;;NRP;NRP
800;3497;479;1;0;5;;;;;;1;5;2013;;;;;0;5;;;;;;0;4;;;;;;0;5;;;;;;0;6;;;;;;0;5;;;;;;0;5;;;;;;0;5;;;;;;0;4;;;;;;0;6;;;;;;0;2;;;;;;0;3;;;;;;0;3;;;;;;0;;;;;;;;;;;;;;;;;;;4;2;10;1;6;2;2013;;2013;Vous circuliez derrière un véhicule. Ce véhicule a ralenti. Vous avez entrepris de dépasser ce véhicule par la gauche et celui-ci vous a coupé la route en tournant à gauche (ou en effectuant un ½ tour;2;;;;;;;En fait dans un village 3 voiture suivaient un velo donc vitesse de 15 - 20 km/h. La 1er voiture a freiné et les 2 autres avec  le décalage on freinaient jusqu'a celle devant moi a pilé. dépassement d'urgence par la gauche 1 puis 2 voitures et la 1er de la file a fait son 1/2 tour tout seul sans clignotant. J'ai suivi sa direction jusqu'au moment ou sur les gravier plus d'adhérence . et le choc est la   Le probleme les cycliste qui prennent la route et se croient tout seul.  Les gens qui ne connaissent pas le clignotant    bref la route et à tout le monde mais personne la partage;j'ai suivi au maximun la direction de la personne qui tournait pour eviter l'impacte ..... Mais un moment avec tous les elements on ne paut plus;L'esquive a été la meilleur solution apres avec tout le elements au fur et a mesure  le freinage et le changement de direction on ne peut plus eviter le choc.   Le papi m'a simplement dis je vous avais pas vu donc que peut on faire pour une personne de 70 ans rien ...  Il y a plus de casse que de bobo donc l'énervement n'a pas lieu d'etre;NRP;0;;;car on été tous bloqué par les vélos avec une ligne blanche donc autre que les distances de sécurités .... je ne vois pas trop;2;1;2;;il ne m'avait pas vu;2;le papi allait chercher sa baguette donc pas stressé;2;4;6;;;;;;3;;2;;1;;impossible d'éviter le choc;4;2;;4;1;1;4;4;4;1;1;1;1;4;4;4;4;10;;;;;;;;;2;;;;;;;;;2;2;;2;2;1;1;0;100;0;0;0;2;;;;;;2;1;;;;2;1;7;;;;;;;1;0;2;1;3;;1;20;1;2;3;4;7;9;;;;;4;4;4;4;4;4;HONDA;1000;CB 1000R ABS;ROADSTER;2;0;0;0;1;1;1;1;1;1;1;45000;12;4;1;HONDA;1000;CB 1000R ABS;ROADSTER;2;4;3;28JAN1971;5;2;;2;5;4;3;2;3;;;2;0;0;1;0;1;HONDA;1000;CB 1000R ABS;ROADSTER;2;2010;10;2;1;20000;;;;;;;;;;;;;;;;;;;;;;;;;;;;;;;;;;;;;;;;;;;;;;20000;3;4;;;;;;;;NRP;;;NRP;2009;;;1989;NRP