Ligne;Ligne Q qualif;Ligne approfondissement Accident;ACCIDENT;NBACC1;ACCFREQUENCE1;ANNEEACC1_1;ANNEEACC1_2;ANNEEACC1_3;ANNEEACC1_4;ANNEEACC1_5;NBACC2;ACCFREQUENCE2;ANNEEACC2_1;ANNEEACC2_2;ANNEEACC2_3;ANNEEACC2_4;ANNEEACC2_5;NBACC3;ACCFREQUENCE3;ANNEEACC3_1;ANNEEACC3_2;ANNEEACC3_3;ANNEEACC3_4;ANNEEACC3_5;NBACC4;ACCFREQUENCE4;ANNEEACC4_1;ANNEEACC4_2;ANNEEACC4_3;ANNEEACC4_4;ANNEEACC4_5;NBACC5;ACCFREQUENCE5;ANNEEACC5_1;ANNEEACC5_2;ANNEEACC5_3;ANNEEACC5_4;ANNEEACC5_5;NBACC6;ACCFREQUENCE6;ANNEEACC6_1;ANNEEACC6_2;ANNEEACC6_3;ANNEEACC6_4;ANNEEACC6_5;NBACC7;ACCFREQUENCE7;ANNEEACC7_1;ANNEEACC7_2;ANNEEACC7_3;ANNEEACC7_4;ANNEEACC7_5;NBACC8;ACCFREQUENCE8;ANNEEACC8_1;ANNEEACC8_2;ANNEEACC8_3;ANNEEACC8_4;ANNEEACC8_5;NBACC9;ACCFREQUENCE9;ANNEEACC9_1;ANNEEACC9_2;ANNEEACC9_3;ANNEEACC9_4;ANNEEACC9_5;NBACC10;ACCFREQUENCE10;ANNEEACC10_1;ANNEEACC10_2;ANNEEACC10_3;ANNEEACC10_4;ANNEEACC10_5;NBACC11;ACCFREQUENCE11;ANNEEACC11_1;ANNEEACC11_2;ANNEEACC11_3;ANNEEACC11_4;ANNEEACC11_5;NBACC12;ACCFREQUENCE12;ANNEEACC12_1;ANNEEACC12_2;ANNEEACC12_3;ANNEEACC12_4;ANNEEACC12_5;NBACC13;ACCFREQUENCE13;ANNEEACC13_1;ANNEEACC13_2;ANNEEACC13_3;ANNEEACC13_4;ANNEEACC13_5;NBACC14;ACCFREQUENCE14;ANNEEACC14_1;ANNEEACC14_2;ANNEEACC14_3;ANNEEACC14_4;ANNEEACC14_5;AUTRESACC;NBAUTRESACC;ANNEEAUTREACC1;ANNEEAUTREACC2;ANNEEAUTREACC3;ANNEEAUTREACC4;ANNEEAUTREACC5;LIEUAUTREACC1;LIEUAUTREACC2;LIEUAUTREACC3;LIEUAUTREACC4;LIEUAUTREACC5;DESCRIPTIONAUTRESACC1;DESCRIPTIONAUTRESACC2;DESCRIPTIONAUTRESACC3;DESCRIPTIONAUTRESACC4;DESCRIPTIONAUTRESACC5;NBAUTRESACCCIRCUIT;NBAUTRESTOUTTERRAIN;EXPCYCLO;EXP125;EXPSUP125;ACCORDNEXTQ;CHOIXACC;RGPMTACC;RECUPANNEE;RECUPLIEU;RECUPANNE;RGPMTAC;CHOIX1;CHOIX2;CHOIX3;CHOIX4;CHOIX5;CHOIX6;CHOIX7;DESCRIPTION;RUPTURE;FAITS;ABS_REACTION;AUTRE_REACTION;PRECISIONREACTIONOUI;RECUL;PRECISIONREACTIONNON;IMPACTCOMPORTEMENT;AUTREUSAGER;REACTIONAUTREUSAGER;CONNAISSANCEREACTIONUSAGER;DIFFICULTES;AGGRAVATION;DIFFICULTES2;EMOTIONS1;EMOTIONS2;EMOTIONS3;EMOTIONS4;EMOTIONS5;EMOTIONS6;AUTRESENTIMENT;CLASSEMENTEMOTIONS1;CLASSEMENTEMOTIONS;CLASSEMENTEMOTIONS5;CLASSEMENTEMOTIONS6;CLASSEMENTEMOTIONS7;CLASSEMENTEMOTIONS8;CLASSEMENTEMOTIONS9;EXPLICATIONRESSENTI;BIENEQUIPE;ALLURE;ALLUREVITEDETAIL;ALLURELENTEDETAIL;SITUATIONPRESSE;SITUATIONDISTRAIT;SITUATIONCONFIANT;SITUATIONCONTROLE;SITUATIONLUDIQUE;SITUATIONPERF;SITUATIONSTRESS;SITUATIONFATIGUE;HUMEURNEUTRE;HUMEURGAI;HUMEURMECONTENT;HUMEURTRISTE;HUMEURCOLERE;CONTRIBUTION1;CONTRIBUTION2;CONTRIBUTION3;CONTRIBUTION4;CONTRIBUTION5;CONTRIBUTION6;CONTRIBUTION7;CONTRIBUTION8;CONTRIBUTION9;ROLEINFRA;ELEMENTINFRA1;ELEMENTINFRA2;ELEMENTINFRA3;ELEMENTINFRA4;ELEMENTINFRA5;ELEMENTINFRA6;ELEMENTINFRA7;ELEMENTINFRA8;ELEMENTINFRA9;ALCOOL;TXALCOOL;STUP;SEMAINE;MOMENTJOURNEE;TEMPS;CAUSEACC1;CAUSEACC2;CAUSEACC3;CAUSEACC4;CAUSEACC5;FORMATIONCAUSE;FORMATION1;FORMATION2;FORMATION3;FORMATION4;FORMATION5;TRAFIC;CHAUSSEE1;CHAUSSEE2;CHAUSSEE3;CHAUSSEE4;TYPEACC;BLESSURE;TETE;COU;THORAX;MEMBRESSUP;COLONNE;BASSIN;MEMBRESINF;HOPITAL;PLUS24H;TRAJET;TYPEROUTE;MOTIF;SENSTRAJET;PASSAGER;VITESSE;DESCEQ1;DESCEQ2;DESCEQ3;DESCEQ4;DESCEQ5;DESCEQ6;DESCEQ7;DESCEQ8;DESCEQ9;DESCEQ10;VEHICULEETE;VEHICULEAUTOMNE;VEHICULEPRINTEMPS;VEHICULEHIVER;VEHICULESEMAINE;VEHICULEWE;VEHMARQUE;VEHCYLINDREE;VEHMODELE;VEHSEGMENT;VEHSIDE;EQ2RMABS;EQ2RMCBS;EQ2RMABSCBS;EQ2RMREGULATEUR;EQ2RMLIMITEUR;EQ2RMPHARESDIRECT;EQ2RMCOUPURE;EQ2RMANTIPATINAGE;EQ2RMANTIXHEELING;EQ2RMSTABILILTE;VEHKM;POINTS;DUREE;AUTRE2RM;VEHPRECMARQUE;VEHPRECCYLINDREE;VEHPRECMODELE;VEHPRECSEGMENT;VEHPRECSIDE;TEMPS2RMPREC;FREQVEHPREC;DATE_NAISS;CSP;SOCIETAIRE;SALARIE;SECTEUR2RM;NBPERSFOYER;SITFAM;NBENF;TRNBENF1;TRNBENF2;TRNBENF3;TRNBENF4;NBAUTOFOYER;NBCYCLOFOYER;NBSCOOTFOYER;NBMOTOFOYER;NBTRIKEFOYER;NB2RMCONDUIT;MARQUE1;CYLINDREE1;MODELE1;SEGMENT1;SIDE1;ANMISECIRCU1;ASS1;FREQ1;USAGE1;NBKM1;GARAGE1;MARQUE2;CYLINDREE2;MODELE2;SEGMENT2;SIDE2;ANMISECIRCU2;ASS2;FREQ2;USAGE2;NBKM2;GARAGE2;MARQUE3;CYLINDREE3;MODELE3;SEGMENT3;SIDE3;ANMISECIRCU3;ASS3;FREQ3;USAGE3;NBKM3;GARAGE3;MARQUE4;CYLINDREE4;MODELE4;SEGMENT4;SIDE4;ANMISECIRCU4;ASS4;FREQ4;USAGE4;NBKM4;GARAGE4;MARQUE5;CYLINDREE5;MODELE5;SEGMENT5;SIDE5;ANMISECIRCU5;ASS5;FREQ5;USAGE5;NBKM5;GARAGE5;NBKMTOT;PERMIS1;PERMIS2;PERMIS3;PERMIS4;PERMIS5;PERMIS6;PERMIS7;PERMIS8;PERMIS9;ANPERMIS1;ANPERMIS6;ANPERMIS7;ANPERMIS2;ANPERMIS3;ANPERMIS8;ANPERMIS9;ANPERMIS4;ANPERMIS5
2040;3702;;0;;;;;;;;;;;;;;;;;;;;;;;;;;;;;;;;;;;;;;;;;;;;;;;;;;;;;;;;;;;;;;;;;;;;;;;;;;;;;;;;;;;;;;;;;;;;;;;;;;;;;;;;;;;;;;;;;;;;;;;;;;;;;;;;;;;;;;;;;;;;;;;;;;;;;;;;;;;;;;;;;;;;;;;;;;;;;;;;;;;;;;;;;;;;;;;;;;;;;;;;;;;;;;;;;;;;;;;;;;;;;;;;;;;;;;;;;;;;;;;;;;;;;;;;;;;;;;;;;;;;;;;;;;;;;;;;;;;;;;;;;;11JUL1960;5;1;;2;3;4;1;1;;;;2;0;0;3;0;3;BMW;1200;R1200GS;TRAIL / SUPERMOTARD;2;2004;37;3;1;6000;;GAS GAS;300;EC ENDUCROSS;TOUT TERRAIN (TRIAL, ENDURO, CROSS);2;2006;37;4;1;1000;;BETAMOTOR;240;TR34;TOUT TERRAIN (TRIAL, ENDURO, CROSS);2;2008;37;2;1;300;;;;;;;;;;;;;;;;;;;;;;;;7300;3;4;;;;;;;;NRP;;;NRP;1984;;;1978;NRP
2056;3704;;1;0;4;;;;;;0;1;;;;;;2;5;2014;2014;;;;0;1;;;;;;0;4;;;;;;0;3;;;;;;0;3;;;;;;0;1;;;;;;1;2;2013;;;;;0;5;;;;;;1;5;2010;;;;;0;4;;;;;;0;4;;;;;;0;3;;;;;;1;1;2010;;;;;Bourg-la-Reine;;;;;Le véhicule devant moi, à un feu rouge, effectue une marche arrière, manquant de me renverser.;;;;;0;0;0;3;3;1;11;3;2014;;;;;;;;;;;;;;;;;;;;;;;;;;;;;;;;;;;;;;;;;;;;;;;;;;;;;;;;;;;;;;;;;;;;;;;;;;;;;;;;;;;;;;;;;;;;;;;;;;;;;;;;;;;;;;;;;;;;;;;;;;;;;;;;;;;;;;;;;;;;;;;;;;;;;;;;;;;;;;23NOV1963;5;1;;2;5;4;3;4;3;;;1;0;0;1;0;1;YAMAHA;900;TDM;ROADSTER;2;2012;37;2;2;11000;;;;;;;;;;;;;;;;;;;;;;;;;;;;;;;;;;;;;;;;;;;;;;11000;3;4;5;;;;;;;NRP;;;NRP;2012;;;1987;2008
2185;3707;;1;0;3;;;;;;0;2;;;;;;0;5;;;;;;0;2;;;;;;0;4;;;;;;0;2;;;;;;0;2;;;;;;0;5;;;;;;1;4;NSP;;;;;0;5;;;;;;0;5;;;;;;0;3;;;;;;1;5;NSP;;;;;0;4;;;;;;1;3;NSP;NSP;NSP;;;Montfermeil 93;Velisy A86;Pte Villette 75;;;Vehicule grille un stop sur ma gauche, passe devant moi puis viens me recouper la route en virant à gauche. Je le percute sur son aile avant gauche;A86. Très basse vitesse. Le véhicule de la file à ma droite se déporte brusquement sur moi et me projette contre le rail;Rond point porte de la Villette, basse vitesse. Je sors du rond point quand un véhicule arrive a forte allure en essayant de passer devant moi par l'extérieur. Nous freinons tous les 2 en nous déportant au max. Le choc se fait quasiment à l'arret mais mon pied reste sous ma moto (pas de dégat matériel et une cheville foulée pour moi);;;0;0;1;0;30;1;71;15;;Montfermeil 93;;;;;;;;;;;;;;;;;;;;;;;;;;;;;;;;;;;;;;;;;;;;;;;;;;;;;;;;;;;;;;;;;;;;;;;;;;;;;;;;;;;;;;;;;;;;;;;;;;;;;;;;;;;;;;;;;;;;;;;;;;;;;;;;;;;;;;;;;;;;;;;;;;;;;;;;;;;;;14JUL1957;7;1;;2;5;4;3;2;4;;;2;0;0;3;0;1;KAWASAKI;1200;ZRX-S;ROADSTER;2;2003;37;1;2;36000;;;;;;;;;;;;;;;;;;;;;;;;;;;;;;;;;;;;;;;;;;;;;;36000;3;4;;;;;;;;NRP;;;NRP;1976;;;1976;NRP
520;3709;102;1;0;5;;;;;;0;5;;;;;;0;5;;;;;;0;5;;;;;;1;5;2004;;;;;1;5;2010;;;;;0;2;;;;;;1;3;2011;;;;;1;5;NSP;;;;;0;6;;;;;;0;5;;;;;;0;3;;;;;;0;4;;;;;;0;3;;;;;;0;;;;;;;;;;;;;;;;;;;2;15;12;1;21;5;2004;;2004;Vous circuliez sur un axe prioritaire. Un véhicule venant d’un axe non prioritaire vous a coupé la route.;1;;;;;;;J'ai été renversé par un conducteur sénile, n'ayant pas respecté la signalisation (ligne blanche continue et panneau d'obligation de tourner à gauche), qui a vu le camion qui venant de sa gauche, mais pas le motard qui venant de sa droite.  Conducteur pas en état de conduire : âgé, mauvaise vue, mépris total (confirmé ultérieurement, y compris au tribunal) du Code de la route...;Conducteur adverse sénile et méprisant le code de la route;Pour le conducteur adverse, ça va être rapide : rien vu, rien entendu, il a été rattrapé au rond-point suivant pas un automobiliste.  Pour moi, freinage d'urgence AV+AR puis, comme la voiture adverse continuait sa manoeuvre, évitement par la droite. J'ai alors touché le trottoir et PAF ! le motard.;NRP;1;Anticiper : une voiture se présente en sortie d'un parking, avec l'intention prévisible de tourner à gauche (manoeuvre interdite et signalée ++). Dans le doute, on ralentit et on laisse passer.  Cet accident m'a rendu un peu parano. Pas trop, mais j'espère, juste assez.;Confiance excessive dans le respect de la signalisation par un autre conducteur.;;2;1;2;;86 ans au volant, on peut appeler ça une difficulté ?;1;NRP;2;6;;;;;;;2;;;;1;;Même à 50 km/h, même avec une moto bien entretenue et avec une maîtrise correcte de ma part, rien pu faire pour que le conducteur adverse modifie ou interrompe sa manoeuvre. NB : l'avertisseur sonore ne m'est venu à l'esprit que loooooongtemps plus tard.;3;3;;;1;1;2;1;1;1;1;1;4;3;4;4;4;10;;;;;;;;;2;;;;;;;;;2;2;;2;1;1;1;0;100;0;0;0;2;;;;;;2;1;;;;2;1;7;;;;;;;1;1;2;1;3;;0;50;1;10;2;3;4;7;;;;;4;4;4;4;4;4;HONDA;500;CX500C;CUSTOM;2;1;1;1;1;1;1;1;1;1;1;80000;12;3;0;;;;;;;;18JAN1958;2;2;;2;2;3;;NSP;;;;2;0;0;3;0;3;SUZUKI;650;DR 650 RSE;TRAIL / SUPERMOTARD;2;1996;29;3;2;12000;;KAWASAKI;750;VULCAN (VN);CUSTOM;2;1993;29;4;1;5000;;HONDA;500;CX500C;CUSTOM;2;1980;29;4;1;2000;;;;;;;;;;;;;;;;;;;;;;;;19000;2;3;4;;;;;;;NRP;;;1975;1977;;;1977;NRP
663;3713;;0;;;;;;;;;;;;;;;;;;;;;;;;;;;;;;;;;;;;;;;;;;;;;;;;;;;;;;;;;;;;;;;;;;;;;;;;;;;;;;;;;;;;;;;;;;;;;;;;;;;;;;;;;;;;;;;;;;;;;;;;;;;;;;;;;;;;;;;;;;;;;;;;;;;;;;;;;;;;;;;;;;;;;;;;;;;;;;;;;;;;;;;;;;;;;;;;;;;;;;;;;;;;;;;;;;;;;;;;;;;;;;;;;;;;;;;;;;;;;;;;;;;;;;;;;;;;;;;;;;;;;;;;;;;;;;;;;;;;;;;;;;02AUG1980;7;1;;2;5;4;3;1;;;;1;0;0;1;0;1;HONDA;600;CB-F  N;ROADSTER;2;2006;37;1;2;20000;;;;;;;;;;;;;;;;;;;;;;;;;;;;;;;;;;;;;;;;;;;;;;20000;3;4;;;;;;;;NRP;;;NRP;2011;;;2001;NRP
1879;3716;;0;;;;;;;;;;;;;;;;;;;;;;;;;;;;;;;;;;;;;;;;;;;;;;;;;;;;;;;;;;;;;;;;;;;;;;;;;;;;;;;;;;;;;;;;;;;;;;;;;;;;;;;;;;;;;;;;;;;;;;;;;;;;;;;;;;;;;;;;;;;;;;;;;;;;;;;;;;;;;;;;;;;;;;;;;;;;;;;;;;;;;;;;;;;;;;;;;;;;;;;;;;;;;;;;;;;;;;;;;;;;;;;;;;;;;;;;;;;;;;;;;;;;;;;;;;;;;;;;;;;;;;;;;;;;;;;;;;;;;;;;;;16FEB1953;9;1;;2;2;3;;NSP;;;;2;0;0;1;0;1;SUZUKI;1250;BANDIT-S ABS;ROADSTER;2;2010;37;2;1;5000;;;;;;;;;;;;;;;;;;;;;;;;;;;;;;;;;;;;;;;;;;;;;;5000;4;3;2;;;;;;;NRP;;;1975;2009;;;1975;NRP
1352;3720;;1;0;3;;;;;;1;4;1981;;;;;0;4;;;;;;0;4;;;;;;1;4;1981;;;;;0;4;;;;;;0;3;;;;;;1;3;1980;;;;;1;3;2013;;;;;0;3;;;;;;0;4;;;;;;0;4;;;;;;0;3;;;;;;1;4;1980;;;;;0;;;;;;;;;;;;;;;;;;;2;4;2;1;21;5;1981;;;;;;;;;;;;;;;;;;;;;;;;;;;;;;;;;;;;;;;;;;;;;;;;;;;;;;;;;;;;;;;;;;;;;;;;;;;;;;;;;;;;;;;;;;;;;;;;;;;;;;;;;;;;;;;;;;;;;;;;;;;;;;;;;;;;;;;;;;;;;;;;;;;;;;;;;;;;;;29SEP1963;5;2;;2;4;4;2;4;;;;1;2;0;1;0;3;HYOSUNG;125;COMET GT;ROADSTER;2;2004;29;2;1;8000;;SUZUKI;50;STREET MAGIC (TR50S);ROADSTER;2;1999;29;1;2;6000;;YAMAHA;50;DT-R;TRAIL / SUPERMOTARD;2;2001;29;1;2;600;;;;;;;;;;;;;;;;;;;;;;;;14600;2;4;;;;;;;;NRP;;;1979;NRP;;;1984;NRP
736;3726;329;1;0;5;;;;;;0;5;;;;;;0;4;;;;;;0;2;;;;;;0;5;;;;;;0;3;;;;;;0;2;;;;;;0;3;;;;;;0;2;;;;;;0;4;;;;;;0;4;;;;;;0;4;;;;;;1;4;2011;;;;;0;4;;;;;;1;1;2011;;;;;Le poujol sur O;;;;;Un chien de chasse m'a coupé la route dans un virage à gauche après être passé sous le rail de sécurité. Moto couchée et glissade dans le bas-côté;;;;;0;0;3;0;4;1;71;15;2011;Le poujol sur O;2011;Autre(s) type(s) d'accident(s).;AUT|le plus injuste;;;;;;;"Je roulais tranquillement sur cette route secondaire relativement étroite lorsque, dans un virage à gauche, à environ 70 km/h, un chien de chasse (type terrier) est sorti de sous le rail de sécurité à droite et est passé sous ma roue avant. Je me suis instantanément retrouvé par terre. Fort heureusement, mon épouse qui me suivait sur sa propre moto, à pût nous éviter, ma machine et moi, ainsi que les trois autre compagnons de meute de mon ""agresseur"", tous des chiens de chasse reconnaissables à leur collier couleur orange fluo. Fracture du carter d'huile, élongation de l'épaule, rien de trop grave pour moi. Il a cependant été impossible de retrouver ce chien, qui s'est évidement enfui sans laisser les coordonnées de son propriétaire, malgré mes recherche dans tous les cabinets vétérinaires à 50 kms à la ronde. Il y avait ce jour là 3 société de chasse en activité sur ce secteur, et évidemment aucune n'a retrouvé un de ses animaux siglé ""Bridgestone"". Un responsable de l'une d'elle allant même jusqu'à m'expliquer au téléphone qu'au prix de leurs assurances de chasse, il valait mieux pour eux éviter de déclarer trop de sinistres pour ne pas faire monter encore les tarifs... A ce jour, 4 ans après, je suis toujours en attente de la décision du fond de garantie concernant un éventuel remboursement de ma franchise.";L'impossibilité pour moi de voir ce chien arriver de sous le rail de sécurité en rondins de bois, la végétation étant dense sous et au delà de ce rail.;NRP;3;0;;;Aucune anticipation possible de l'arrivée de l'animal jusqu'à ce qu'il passe sous ma roue, étant donné qu'il venait de la droite et que le virage étant à gauche, je regardais vers la gauche.;2;0;;;;;;7;;;;;;;;;;;;;;;4;3;;;1;1;2;4;1;1;1;1;4;3;4;4;4;10;;;;;;;;;1;AUT|Végétation bordant de près le rail;;;;;;;;2;2;;2;2;1;1;0;0;80;20;0;2;;;;;;1;2;;;;2;1;4;;;;;;;0;;2;2;3;;0;70;1;2;3;4;7;9;;;;;4;4;4;4;4;4;SUZUKI;750;GSX-F;Routière / GT;2;1;1;1;1;1;1;1;1;1;1;79000;12;3;0;;;;;;;;26NOV1977;7;1;;2;2;3;;NSP;;;;1;0;0;2;0;2;BMW;1200;R1200ST ABS;Routière / GT;2;2006;37;1;2;10000;;SUZUKI;650;BANDIT-S;ROADSTER;2;2005;37;4;1;2000;;;;;;;;;;;;;;;;;;;;;;;;;;;;;;;;;;;12000;3;4;;;;;;;;NRP;;;NRP;2009;;;1995;NRP
1331;3728;;0;;;;;;;;;;;;;;;;;;;;;;;;;;;;;;;;;;;;;;;;;;;;;;;;;;;;;;;;;;;;;;;;;;;;;;;;;;;;;;;;;;;;;;;;;;;;;;;;;;;;;;;;;;;;;;;;;;;;;;;;;;;;;;;;;;;;;;;;;;;;;;;;;;;;;;;;;;;;;;;;;;;;;;;;;;;;;;;;;;;;;;;;;;;;;;;;;;;;;;;;;;;;;;;;;;;;;;;;;;;;;;;;;;;;;;;;;;;;;;;;;;;;;;;;;;;;;;;;;;;;;;;;;;;;;;;;;;;;;;;;;;31OCT1985;5;2;;2;2;3;;NSP;;;;2;0;0;2;0;2;SUZUKI;650;BANDIT-N;ROADSTER;2;2007;16;1;2;25000;;YAMAHA;125;TW;TRAIL / SUPERMOTARD;2;2001;16;3;1;1500;;;;;;;;;;;;;;;;;;;;;;;;;;;;;;;;;;;26500;1;3;4;;;;;;;2000;;;NRP;2008;;;2004;NRP
413;3729;;0;;;;;;;;;;;;;;;;;;;;;;;;;;;;;;;;;;;;;;;;;;;;;;;;;;;;;;;;;;;;;;;;;;;;;;;;;;;;;;;;;;;;;;;;;;;;;;;;;;;;;;;;;;;;;;;;;;;;;;;;;;;;;;;;;;;;;;;;;;;;;;;;;;;;;;;;;;;;;;;;;;;;;;;;;;;;;;;;;;;;;;;;;;;;;;;;;;;;;;;;;;;;;;;;;;;;;;;;;;;;;;;;;;;;;;;;;;;;;;;;;;;;;;;;;;;;;;;;;;;;;;;;;;;;;;;;;;;;;;;;;;16NOV1963;6;1;;2;3;4;1;4;;;;2;0;0;2;0;1;YAMAHA;1700;MT-01;ROADSTER;2;2007;37;2;1;8000;;;;;;;;;;;;;;;;;;;;;;;;;;;;;;;;;;;;;;;;;;;;;;8000;3;;;;;;;;;NRP;;;NRP;1981;;;NRP;NRP
308;3730;342;1;0;1;;;;;;0;4;;;;;;0;6;;;;;;0;4;;;;;;0;6;;;;;;0;1;;;;;;0;2;;;;;;0;3;;;;;;0;5;;;;;;0;4;;;;;;0;6;;;;;;0;1;;;;;;0;6;;;;;;0;1;;;;;;1;1;2009;;;;;BAGNOLS SUR CEZ;;;;;Perte de contrôle en sortant la moto d'un parking souterrain. Accident à basse vitesse (env. 20/30 km/h);;;;;0;0;0;0;6;1;71;15;2009;BAGNOLS SUR CEZ;2009;Autre(s) type(s) d'accident(s).;1;5;6;;;;;"C'est un accident qui n'implique que moi, et où je suis le seul responsable. Cet accident a eu lieu pendant ma période d'apprentissage en moto-école. En sortant une moto (de la moto école) d'un garage souterrain, sur la rampe de sortie du garage, j'ai confondu le mouvement de ""coupe"" des gaz, avec le mouvement ""d'accélération"" des gaz. J'ai donc accéléré fortement sur la rampe de sortie, perdu le contrôle de la moto, et je me suis couché avec la moto quelques mètres plus loin. La vitesse avec laquelle j'ai eu mon accident est d'environ 30 km/h.";C'est l'inexpérience et la panique qui ont fait que l'accident était inévitable.;Montée de la rampe de garage avec la moto. La vitesse était trop élevée, j'ai cherché à réduire les gaz. Au lieu de ça j'ai accéléré fortement. J'ai paniqué. Une fois arrivé sur le haut de la rampe et sur la route j'ai freiné sans maîtrise du véhicule et je suis tombé.;NRP;0;;;C'était ma 3° heure de conduite moto : c'était prématuré de me laisser conduire et faire cette manoeuvre.;2;0;;;;;;1;5;6;;;;;3;;;;2;1;;Je ne savais pas quoi faire.;4;1;3;;1;1;1;1;1;1;4;1;4;3;4;4;4;5;6;7;;;;;;;2;;;;;;;;;2;2;;2;2;1;1;95;0;0;5;0;1;AUT|Je n'étais pas assez formé.;;;;;1;1;;;;1;;;;;;;;;;;3;1;3;;0;30;1;10;2;4;;;;;;;1;1;1;1;1;1;KAWASAKI;500;ER-5;ROADSTER;2;1;1;1;1;1;1;1;1;1;1;NSP;12;1;0;;;;;;;;10APR1986;5;2;3;2;2;3;;NRP;;;;2;0;0;2;0;2;KAWASAKI;750;ZR-7;ROADSTER;2;2002;2;1;2;12000;1;HONDA;125;CB-F;ROADSTER;2;2011;2;3;2;2000;7;;;;;;;;;;;;;;;;;;;;;;;;;;;;;;;;;;14000;3;4;;;;;;;;NRP;NRP;NRP;NRP;2009;NRP;NRP;2004;NRP
2101;3731;;1;0;2;;;;;;1;5;2014;;;;;0;5;;;;;;0;3;;;;;;0;2;;;;;;0;4;;;;;;0;3;;;;;;0;3;;;;;;0;4;;;;;;1;6;2014;;;;;0;5;;;;;;0;1;;;;;;0;5;;;;;;0;6;;;;;;0;;;;;;;;;;;;;;;;;;;7;3;4;1;6;2;2014;;;;;;;;;;;;;;;;;;;;;;;;;;;;;;;;;;;;;;;;;;;;;;;;;;;;;;;;;;;;;;;;;;;;;;;;;;;;;;;;;;;;;;;;;;;;;;;;;;;;;;;;;;;;;;;;;;;;;;;;;;;;;;;;;;;;;;;;;;;;;;;;;;;;;;;;;;;;;;15DEC1972;5;1;3;2;4;4;2;NRP;;;;2;0;0;1;0;1;YAMAHA;800;FZ8 ABS;ROADSTER;2;2010;37;1;2;7500;4;;;;;;;;;;;;;;;;;;;;;;;;;;;;;;;;;;;;;;;;;;;;;7500;3;4;5;;;;;;;NRP;NRP;NRP;NRP;2011;NRP;NRP;1991;2008