Ligne;Ligne Q qualif;Ligne approfondissement Accident;ACCIDENT;NBACC1;ACCFREQUENCE1;ANNEEACC1_1;ANNEEACC1_2;ANNEEACC1_3;ANNEEACC1_4;ANNEEACC1_5;NBACC2;ACCFREQUENCE2;ANNEEACC2_1;ANNEEACC2_2;ANNEEACC2_3;ANNEEACC2_4;ANNEEACC2_5;NBACC3;ACCFREQUENCE3;ANNEEACC3_1;ANNEEACC3_2;ANNEEACC3_3;ANNEEACC3_4;ANNEEACC3_5;NBACC4;ACCFREQUENCE4;ANNEEACC4_1;ANNEEACC4_2;ANNEEACC4_3;ANNEEACC4_4;ANNEEACC4_5;NBACC5;ACCFREQUENCE5;ANNEEACC5_1;ANNEEACC5_2;ANNEEACC5_3;ANNEEACC5_4;ANNEEACC5_5;NBACC6;ACCFREQUENCE6;ANNEEACC6_1;ANNEEACC6_2;ANNEEACC6_3;ANNEEACC6_4;ANNEEACC6_5;NBACC7;ACCFREQUENCE7;ANNEEACC7_1;ANNEEACC7_2;ANNEEACC7_3;ANNEEACC7_4;ANNEEACC7_5;NBACC8;ACCFREQUENCE8;ANNEEACC8_1;ANNEEACC8_2;ANNEEACC8_3;ANNEEACC8_4;ANNEEACC8_5;NBACC9;ACCFREQUENCE9;ANNEEACC9_1;ANNEEACC9_2;ANNEEACC9_3;ANNEEACC9_4;ANNEEACC9_5;NBACC10;ACCFREQUENCE10;ANNEEACC10_1;ANNEEACC10_2;ANNEEACC10_3;ANNEEACC10_4;ANNEEACC10_5;NBACC11;ACCFREQUENCE11;ANNEEACC11_1;ANNEEACC11_2;ANNEEACC11_3;ANNEEACC11_4;ANNEEACC11_5;NBACC12;ACCFREQUENCE12;ANNEEACC12_1;ANNEEACC12_2;ANNEEACC12_3;ANNEEACC12_4;ANNEEACC12_5;NBACC13;ACCFREQUENCE13;ANNEEACC13_1;ANNEEACC13_2;ANNEEACC13_3;ANNEEACC13_4;ANNEEACC13_5;NBACC14;ACCFREQUENCE14;ANNEEACC14_1;ANNEEACC14_2;ANNEEACC14_3;ANNEEACC14_4;ANNEEACC14_5;AUTRESACC;NBAUTRESACC;ANNEEAUTREACC1;ANNEEAUTREACC2;ANNEEAUTREACC3;ANNEEAUTREACC4;ANNEEAUTREACC5;LIEUAUTREACC1;LIEUAUTREACC2;LIEUAUTREACC3;LIEUAUTREACC4;LIEUAUTREACC5;DESCRIPTIONAUTRESACC1;DESCRIPTIONAUTRESACC2;DESCRIPTIONAUTRESACC3;DESCRIPTIONAUTRESACC4;DESCRIPTIONAUTRESACC5;NBAUTRESACCCIRCUIT;NBAUTRESTOUTTERRAIN;EXPCYCLO;EXP125;EXPSUP125;ACCORDNEXTQ;CHOIXACC;RGPMTACC;RECUPANNEE;RECUPLIEU;RECUPANNE;RGPMTAC;CHOIX1;CHOIX2;CHOIX3;CHOIX4;CHOIX5;CHOIX6;CHOIX7;DESCRIPTION;RUPTURE;FAITS;ABS_REACTION;AUTRE_REACTION;PRECISIONREACTIONOUI;RECUL;PRECISIONREACTIONNON;IMPACTCOMPORTEMENT;AUTREUSAGER;REACTIONAUTREUSAGER;CONNAISSANCEREACTIONUSAGER;DIFFICULTES;AGGRAVATION;DIFFICULTES2;EMOTIONS1;EMOTIONS2;EMOTIONS3;EMOTIONS4;EMOTIONS5;EMOTIONS6;AUTRESENTIMENT;CLASSEMENTEMOTIONS1;CLASSEMENTEMOTIONS;CLASSEMENTEMOTIONS5;CLASSEMENTEMOTIONS6;CLASSEMENTEMOTIONS7;CLASSEMENTEMOTIONS8;CLASSEMENTEMOTIONS9;EXPLICATIONRESSENTI;BIENEQUIPE;ALLURE;ALLUREVITEDETAIL;ALLURELENTEDETAIL;SITUATIONPRESSE;SITUATIONDISTRAIT;SITUATIONCONFIANT;SITUATIONCONTROLE;SITUATIONLUDIQUE;SITUATIONPERF;SITUATIONSTRESS;SITUATIONFATIGUE;HUMEURNEUTRE;HUMEURGAI;HUMEURMECONTENT;HUMEURTRISTE;HUMEURCOLERE;CONTRIBUTION1;CONTRIBUTION2;CONTRIBUTION3;CONTRIBUTION4;CONTRIBUTION5;CONTRIBUTION6;CONTRIBUTION7;CONTRIBUTION8;CONTRIBUTION9;ROLEINFRA;ELEMENTINFRA1;ELEMENTINFRA2;ELEMENTINFRA3;ELEMENTINFRA4;ELEMENTINFRA5;ELEMENTINFRA6;ELEMENTINFRA7;ELEMENTINFRA8;ELEMENTINFRA9;ALCOOL;TXALCOOL;STUP;SEMAINE;MOMENTJOURNEE;TEMPS;CAUSEACC1;CAUSEACC2;CAUSEACC3;CAUSEACC4;CAUSEACC5;FORMATIONCAUSE;FORMATION1;FORMATION2;FORMATION3;FORMATION4;FORMATION5;TRAFIC;CHAUSSEE1;CHAUSSEE2;CHAUSSEE3;CHAUSSEE4;TYPEACC;BLESSURE;TETE;COU;THORAX;MEMBRESSUP;COLONNE;BASSIN;MEMBRESINF;HOPITAL;PLUS24H;TRAJET;TYPEROUTE;MOTIF;SENSTRAJET;PASSAGER;VITESSE;DESCEQ1;DESCEQ2;DESCEQ3;DESCEQ4;DESCEQ5;DESCEQ6;DESCEQ7;DESCEQ8;DESCEQ9;DESCEQ10;VEHICULEETE;VEHICULEAUTOMNE;VEHICULEPRINTEMPS;VEHICULEHIVER;VEHICULESEMAINE;VEHICULEWE;VEHMARQUE;VEHCYLINDREE;VEHMODELE;VEHSEGMENT;VEHSIDE;EQ2RMABS;EQ2RMCBS;EQ2RMABSCBS;EQ2RMREGULATEUR;EQ2RMLIMITEUR;EQ2RMPHARESDIRECT;EQ2RMCOUPURE;EQ2RMANTIPATINAGE;EQ2RMANTIXHEELING;EQ2RMSTABILILTE;VEHKM;POINTS;DUREE;AUTRE2RM;VEHPRECMARQUE;VEHPRECCYLINDREE;VEHPRECMODELE;VEHPRECSEGMENT;VEHPRECSIDE;TEMPS2RMPREC;FREQVEHPREC;DATE_NAISS;CSP;SOCIETAIRE;SALARIE;SECTEUR2RM;NBPERSFOYER;SITFAM;NBENF;TRNBENF1;TRNBENF2;TRNBENF3;TRNBENF4;NBAUTOFOYER;NBCYCLOFOYER;NBSCOOTFOYER;NBMOTOFOYER;NBTRIKEFOYER;NB2RMCONDUIT;MARQUE1;CYLINDREE1;MODELE1;SEGMENT1;SIDE1;ANMISECIRCU1;ASS1;FREQ1;USAGE1;NBKM1;GARAGE1;MARQUE2;CYLINDREE2;MODELE2;SEGMENT2;SIDE2;ANMISECIRCU2;ASS2;FREQ2;USAGE2;NBKM2;GARAGE2;MARQUE3;CYLINDREE3;MODELE3;SEGMENT3;SIDE3;ANMISECIRCU3;ASS3;FREQ3;USAGE3;NBKM3;GARAGE3;MARQUE4;CYLINDREE4;MODELE4;SEGMENT4;SIDE4;ANMISECIRCU4;ASS4;FREQ4;USAGE4;NBKM4;GARAGE4;MARQUE5;CYLINDREE5;MODELE5;SEGMENT5;SIDE5;ANMISECIRCU5;ASS5;FREQ5;USAGE5;NBKM5;GARAGE5;NBKMTOT;PERMIS1;PERMIS2;PERMIS3;PERMIS4;PERMIS5;PERMIS6;PERMIS7;PERMIS8;PERMIS9;ANPERMIS1;ANPERMIS6;ANPERMIS7;ANPERMIS2;ANPERMIS3;ANPERMIS8;ANPERMIS9;ANPERMIS4;ANPERMIS5
880;3764;;1;0;4;;;;;;0;5;;;;;;0;6;;;;;;0;2;;;;;;0;4;;;;;;1;5;2010;;;;;0;3;;;;;;0;1;;;;;;0;2;;;;;;0;2;;;;;;0;5;;;;;;0;4;;;;;;0;3;;;;;;1;1;1974;;;;;1;1;2012;;;;;Rocquencourt;;;;;Sur route deux voies, par temps de pluie, j'ai doublé un bus sans avoir vu une voiture venant sur la voie de gauche. Accident matériel uniquement, mais j'ai eu de la chance!!!;;;;;0;0;4;2;45;1;26;6;2010;;;;;;;;;;;;;;;;;;;;;;;;;;;;;;;;;;;;;;;;;;;;;;;;;;;;;;;;;;;;;;;;;;;;;;;;;;;;;;;;;;;;;;;;;;;;;;;;;;;;;;;;;;;;;;;;;;;;;;;;;;;;;;;;;;;;;;;;;;;;;;;;;;;;;;;;;;;;;;20MAR1944;9;2;3;2;2;3;;NRP;;;;2;0;0;1;0;1;BMW;1200;R1200RT;Routière / GT;2;2009;29;2;1;8000;7;;;;;;;;;;;;;;;;;;;;;;;;;;;;;;;;;;;;;;;;;;;;;8000;3;;;;;;;;;NRP;NRP;NRP;NRP;1962;NRP;NRP;NRP;NRP
1408;3765;;1;1;6;2011;;;;;0;2;;;;;;0;5;;;;;;0;2;;;;;;0;6;;;;;;0;4;;;;;;0;4;;;;;;0;3;;;;;;0;3;;;;;;0;6;;;;;;0;6;;;;;;0;4;;;;;;0;5;;;;;;0;3;;;;;;1;1;2011;;;;;lille;;;;;un véhicule circulant sur la voie inverse de la mienne a franchi une ligne blanche pour se garer en épi sur une place située de mon côté de circulation et m' a ainsi coupé la route (pas de clignotant, franchissement de ligne blanche, parking en sens inverse de la circulation...) entrainant une chute avec dégâts matériels seulement (port d'un air bag sans fil qui s'est déclenché et a protégé mon épaule);;;;;0;0;46;6;5;1;1;1;2011;;;;;;;;;;;;;;;;;;;;;;;;;;;;;;;;;;;;;;;;;;;;;;;;;;;;;;;;;;;;;;;;;;;;;;;;;;;;;;;;;;;;;;;;;;;;;;;;;;;;;;;;;;;;;;;;;;;;;;;;;;;;;;;;;;;;;;;;;;;;;;;;;;;;;;;;;;;;;;02APR1955;4;1;3;2;2;3;;NRP;;;;1;0;0;2;0;1;BMW;1200;K1200GT;Routière / GT;2;2004;37;1;2;20000;AUT|couloir;;;;;;;;;;;;;;;;;;;;;;;;;;;;;;;;;;;;;;;;;;;;;20000;3;4;;;;;;;;NRP;NRP;NRP;NRP;2011;NRP;NRP;1976;NRP
1701;3766;;1;1;4;1969;;;;;0;3;;;;;;0;3;;;;;;0;4;;;;;;0;5;;;;;;0;3;;;;;;0;2;;;;;;0;3;;;;;;3;5;NSP;NSP;NSP;;;0;3;;;;;;0;2;;;;;;0;1;;;;;;0;2;;;;;;0;6;;;;;;0;;;;;;;;;;;;;;;;;;;2;0;47;1;1;1;1969;;;;;;;;;;;;;;;;;;;;;;;;;;;;;;;;;;;;;;;;;;;;;;;;;;;;;;;;;;;;;;;;;;;;;;;;;;;;;;;;;;;;;;;;;;;;;;;;;;;;;;;;;;;;;;;;;;;;;;;;;;;;;;;;;;;;;;;;;;;;;;;;;;;;;;;;;;;;;;12OCT1951;7;1;3;2;3;4;1;NRP;;;;1;0;0;1;0;1;TRIUMPH;675;STREET TRIPLE;ROADSTER;2;2008;37;1;2;7000;5;;;;;;;;;;;;;;;;;;;;;;;;;;;;;;;;;;;;;;;;;;;;;7000;2;3;4;;;;;;;NRP;NRP;NRP;1968;1970;NRP;NRP;1980;NRP
1499;3767;;0;;;;;;;;;;;;;;;;;;;;;;;;;;;;;;;;;;;;;;;;;;;;;;;;;;;;;;;;;;;;;;;;;;;;;;;;;;;;;;;;;;;;;;;;;;;;;;;;;;;;;;;;;;;;;;;;;;;;;;;;;;;;;;;;;;;;;;;;;;;;;;;;;;;;;;;;;;;;;;;;;;;;;;;;;;;;;;;;;;;;;;;;;;;;;;;;;;;;;;;;;;;;;;;;;;;;;;;;;;;;;;;;;;;;;;;;;;;;;;;;;;;;;;;;;;;;;;;;;;;;;;;;;;;;;;;;;;;;;;;;;;23MAR1948;4;2;3;2;4;4;2;NRP;;;;2;0;0;2;0;2;KAWASAKI;1400;GTR TOUR EDITION;Routière / GT;2;2011;24;1;1;10000;7;SUZUKI;650;GSX-F;Routière / GT;2;2010;25;1;2;8000;7;;;;;;;;;;;;;;;;;;;;;;;;;;;;;;;;;;18000;2;;;;;;;;;NRP;NRP;NRP;1989;NRP;NRP;NRP;NRP;NRP
1129;3768;;0;;;;;;;;;;;;;;;;;;;;;;;;;;;;;;;;;;;;;;;;;;;;;;;;;;;;;;;;;;;;;;;;;;;;;;;;;;;;;;;;;;;;;;;;;;;;;;;;;;;;;;;;;;;;;;;;;;;;;;;;;;;;;;;;;;;;;;;;;;;;;;;;;;;;;;;;;;;;;;;;;;;;;;;;;;;;;;;;;;;;;;;;;;;;;;;;;;;;;;;;;;;;;;;;;;;;;;;;;;;;;;;;;;;;;;;;;;;;;;;;;;;;;;;;;;;;;;;;;;;;;;;;;;;;;;;;;;;;;;;;;;01MAY1967;11;2;3;2;2;5;0;NRP;;;;9;2;0;2;0;2;HONDA;1000;CBR1000F;Routière / GT;2;1993;16;3;1;6000;4;MBK;50;CLUB SWING;ROADSTER;2;1991;16;4;1;2000;4;;;;;;;;;;;;;;;;;;;;;;;;;;;;;;;;;;8000;3;4;;;;;;;;NRP;NRP;NRP;NRP;1994;NRP;NRP;1991;NRP
2169;3771;;1;0;4;;;;;;1;2;2011;;;;;0;3;;;;;;0;2;;;;;;1;5;2002;;;;;0;2;;;;;;0;6;;;;;;0;5;;;;;;0;5;;;;;;0;6;;;;;;0;4;;;;;;0;1;;;;;;0;5;;;;;;0;3;;;;;;1;1;2005;;;;;Royan;;;;;percuté à l'arrière alors que j'étais à l'arrêt;;;;;0;0;0;0;37;1;71;15;2005;Royan;;;;;;;;;;;;;;;;;;;;;;;;;;;;;;;;;;;;;;;;;;;;;;;;;;;;;;;;;;;;;;;;;;;;;;;;;;;;;;;;;;;;;;;;;;;;;;;;;;;;;;;;;;;;;;;;;;;;;;;;;;;;;;;;;;;;;;;;;;;;;;;;;;;;;;;;;;;;;24AUG1960;5;1;3;2;1;1;;NRP;;;;0;0;0;1;0;1;BMW;1300;K1300GT;Routière / GT;2;2009;37;2;1;10000;7;;;;;;;;;;;;;;;;;;;;;;;;;;;;;;;;;;;;;;;;;;;;;10000;4;3;;;;;;;;NRP;NRP;NRP;NRP;2001;NRP;NRP;1978;NRP
428;3773;;0;;;;;;;;;;;;;;;;;;;;;;;;;;;;;;;;;;;;;;;;;;;;;;;;;;;;;;;;;;;;;;;;;;;;;;;;;;;;;;;;;;;;;;;;;;;;;;;;;;;;;;;;;;;;;;;;;;;;;;;;;;;;;;;;;;;;;;;;;;;;;;;;;;;;;;;;;;;;;;;;;;;;;;;;;;;;;;;;;;;;;;;;;;;;;;;;;;;;;;;;;;;;;;;;;;;;;;;;;;;;;;;;;;;;;;;;;;;;;;;;;;;;;;;;;;;;;;;;;;;;;;;;;;;;;;;;;;;;;;;;;;26APR1971;6;1;3;2;4;4;2;NRP;;;;1;0;0;1;0;1;KAWASAKI;1100;ZZR;Routière / GT;2;2002;37;2;1;6000;7;;;;;;;;;;;;;;;;;;;;;;;;;;;;;;;;;;;;;;;;;;;;;6000;3;4;;;;;;;;NRP;NRP;NRP;NRP;1999;NRP;NRP;1989;NRP
1022;3778;179;1;0;3;;;;;;0;5;;;;;;0;5;;;;;;0;2;;;;;;0;5;;;;;;0;3;;;;;;0;3;;;;;;0;2;;;;;;0;2;;;;;;0;6;;;;;;1;5;1995;;;;;0;1;;;;;;0;5;;;;;;0;2;;;;;;0;;;;;;;;;;;;;;;;;;;25;10;30;1;51;11;1995;;1995;"Vous circuliez sur un axe constitué d’au moins "" 2 X 2 voies "" (en urbain, périph, autoroute, RN …). Un véhicule vous a coupé la route en changeant de voie pour se placer sur celle de gauche.";4;;;;;;;sur l'autoroute A115 avant de prendre l'A15, je roulais sur la file de gauche au mileu de la voie. le véhicule a ma droite s'est déporté vers la gauche pour prendre la file ou j'étais. je me suis retrouvé entre elle et le rail. J'ai freiné par reflex avant de toucher soit la voiture soit le rail. Il pleuvait. la roue avant ( FJR1200 sans ABS ) a bloqué et a dérapée. La moto s'est couché et je suis passé par dessus..et je me suis reveillé à l'hopital...;la vision de la voiture qui me serre sans me voir;essayer d'echapper à la voiture mais sans freiner puis freiner par reflex sans doser;NRP;0;;;j ai le souvenir que cela a été très vite;2;1;NSP;;ne m'a pas vu ( c'est ce qui a été déclaré à la police )  il pleuvait les phares des motos ne se voient pas avec les phares des voitures au petit jour;1;Regarder dans son rétro extérieur !;5;6;;;;;;;;;;2;1;;NRP;2;3;;;2;2;2;3;1;1;1;1;5;4;4;4;4;10;;;;;;;;;2;;;;;;;;;2;2;;2;1;3;2;20;60;0;0;20;2;;;;;;3;2;;;;2;1;1;2;4;;;;;1;1;1;3;1;1;0;90;1;10;2;3;5;;;;;;4;4;4;4;4;3;YAMAHA;1200;FJ;Routière / GT;2;1;1;1;1;1;1;1;1;1;1;15000;12;3;1;YAMAHA;900;XJ;ROADSTER;2;3;3;10JAN1953;5;1;3;2;2;3;;NRP;;;;2;0;0;1;0;1;BMW;1300;K1300S PACK S;Routière / GT;2;2010;37;3;1;150000;4;;;;;;;;;;;;;;;;;;;;;;;;;;;;;;;;;;;;;;;;;;;;;150000;3;4;;;;;;;;NRP;NRP;NRP;NRP;1987;NRP;NRP;1971;NRP
1729;3780;;1;0;6;;;;;;0;4;;;;;;0;4;;;;;;0;3;;;;;;1;6;1998;;;;;0;2;;;;;;0;4;;;;;;1;4;2000;;;;;1;5;2000;;;;;0;2;;;;;;0;3;;;;;;0;2;;;;;;0;1;;;;;;0;2;;;;;;0;;;;;;;;;;;;;;;;;;;15;0;15;1;21;5;1998;;;;;;;;;;;;;;;;;;;;;;;;;;;;;;;;;;;;;;;;;;;;;;;;;;;;;;;;;;;;;;;;;;;;;;;;;;;;;;;;;;;;;;;;;;;;;;;;;;;;;;;;;;;;;;;;;;;;;;;;;;;;;;;;;;;;;;;;;;;;;;;;;;;;;;;;;;;;;;07DEC1973;8;2;3;2;4;2;3;NRP;;;;1;0;0;1;0;1;HONDA;900;CBR-RR FIREBLADE;SPORTIVE;2;1995;29;2;1;5000;7;;;;;;;;;;;;;;;;;;;;;;;;;;;;;;;;;;;;;;;;;;;;;5000;3;4;;;;;;;;NRP;NRP;NRP;NRP;1994;NRP;NRP;1992;NRP
216;3783;129;1;1;4;2001;;;;;1;4;2001;;;;;0;3;;;;;;0;4;;;;;;1;4;NSP;;;;;0;3;;;;;;0;3;;;;;;0;3;;;;;;1;4;1985;;;;;0;3;;;;;;0;3;;;;;;0;4;;;;;;0;3;;;;;;0;2;;;;;;1;4;2001;2001;1985;NSP;;cavaillon;monteux;cavaillon;avignon;;je suis une boitaroue, elle met son clignotant a droite et rentre sur un parking. Au moment ou je la dépasse elle fait demi tour.;je me place au centre de la chaussée pour tourner a gauche. La boitaroue me percute a l'arrière;je circule sur une 2x2 voie.  Une voie est neutralisé pour des travaux. Je circule sur la voie neutralisée et il y a un grand trou. J'apprends rapidement a voler, mais je ne gère pas l'aterrissage;je circule en agglo a vitesse réduite. Une boitaroue sort d'un parking et tourne a gauche.;;0;0;2;2;36;1;6;2;2001;;2001;Vous circuliez derrière un véhicule. Ce véhicule a ralenti. Vous avez entrepris de dépasser ce véhicule par la gauche et celui-ci vous a coupé la route en tournant à gauche (ou en effectuant un ½ tour;3;4;6;;;;;sortie du boulot, moto flambant neuve... Et le jour anniversaire de mes 20 ans de mariage.. j'ai pensé a ma famille qui m'attendait pour aller a la plage....;une maman dans une voiture avec des gamins agités... La chaleur du mois d'aout. Un mauvais controle de la dame.;Lorsque la voiture a entamé son demi tour, j'ai essayé de me déporter a gauche pour l'éviter voyant que ce n'était pas possible j'ai pris les freins, trop fort, et je suis passé en stoppie et j'ai frappé;NRP;0;;;parce que la voiture avait son clignotant a droite et il était évident qu'elle prenait un stationnement. Il me semblait impossible quelle fasse un demi-tour;2;1;2;;la dame cherchait la piscine, elle est très mal indiquée. Plus la chaleur, mles enfant agités....;1;NRP;2;3;6;;;;;;1;3;;;2;;la voiture, toujours avec son clignotant a droite qui entame son demi tour;3;3;;;1;2;2;4;1;1;1;3;1;1;4;4;4;5;7;;;;;;;;1;2;AUT|un emplacement de stationnement entre deux virages (supprimé depuis mon accident);;;;;;;2;2;;2;1;1;1;30;50;0;20;0;2;;;;;;2;1;;;;2;1;3;4;7;;;;;1;0;1;1;1;2;0;40;1;10;2;3;5;;;;;;4;4;4;4;4;4;SUZUKI;650;V-STROM;TRAIL / SUPERMOTARD;2;1;1;1;1;1;1;1;1;1;1;2000;12;1;1;HONDA;250;CM-C;CUSTOM;2;4;4;25JUN1960;8;2;3;2;3;4;1;NRP;;;;2;0;0;1;0;1;SUZUKI;650;V-STROM;TRAIL / SUPERMOTARD;2;2011;28;1;2;12000;4;;;;;;;;;;;;;;;;;;;;;;;;;;;;;;;;;;;;;;;;;;;;;12000;2;3;4;;;;;;;NRP;NRP;NRP;1977;1989;NRP;NRP;1980;NRP
1753;3788;;1;0;4;;;;;;0;2;;;;;;0;3;;;;;;0;1;;;;;;0;2;;;;;;0;2;;;;;;0;4;;;;;;0;3;;;;;;1;5;2014;;;;;0;2;;;;;;0;2;;;;;;0;3;;;;;;1;4;2013;;;;;0;4;;;;;;1;1;2014;;;;;Sarlat;;;;;J'effectuais un dépassement autorisé d'une file de véhicule lorsque l'un d'eux a tourné à gauche. Je l'ai alors percuté.;;;;;0;0;3;0;6;1;71;15;2014;Sarlat;;;;;;;;;;;;;;;;;;;;;;;;;;;;;;;;;;;;;;;;;;;;;;;;;;;;;;;;;;;;;;;;;;;;;;;;;;;;;;;;;;;;;;;;;;;;;;;;;;;;;;;;;;;;;;;;;;;;;;;;;;;;;;;;;;;;;;;;;;;;;;;;;;;;;;;;;;;;;29JUN1979;5;2;3;2;3;4;1;NRP;;;;2;0;0;1;0;1;YAMAHA;600;XJ-N;ROADSTER;2;2002;2;1;3;25000;4;;;;;;;;;;;;;;;;;;;;;;;;;;;;;;;;;;;;;;;;;;;;;25000;3;4;;;;;;;;NRP;NRP;NRP;NRP;2009;NRP;NRP;1997;NRP
1002;3789;;0;;;;;;;;;;;;;;;;;;;;;;;;;;;;;;;;;;;;;;;;;;;;;;;;;;;;;;;;;;;;;;;;;;;;;;;;;;;;;;;;;;;;;;;;;;;;;;;;;;;;;;;;;;;;;;;;;;;;;;;;;;;;;;;;;;;;;;;;;;;;;;;;;;;;;;;;;;;;;;;;;;;;;;;;;;;;;;;;;;;;;;;;;;;;;;;;;;;;;;;;;;;;;;;;;;;;;;;;;;;;;;;;;;;;;;;;;;;;;;;;;;;;;;;;;;;;;;;;;;;;;;;;;;;;;;;;;;;;;;;;;;11MAY1967;7;2;3;2;3;4;1;NRP;;;;2;0;0;2;0;1;HONDA;1300;PAN EUROPEAN C-ABS;Routière / GT;2;2005;3;1;2;20000;4;;;;;;;;;;;;;;;;;;;;;;;;;;;;;;;;;;;;;;;;;;;;;20000;3;4;;;;;;;;NRP;NRP;NRP;NRP;2010;NRP;NRP;1986;NRP
993;3791;;1;0;5;;;;;;0;4;;;;;;0;4;;;;;;0;3;;;;;;1;5;2003;;;;;0;5;;;;;;0;4;;;;;;0;5;;;;;;0;5;;;;;;0;5;;;;;;0;5;;;;;;0;2;;;;;;0;3;;;;;;0;3;;;;;;1;2;2002;2004;;;;marseille;marseille;;;;Je me suis arreter sur ma file avec le clignottant, le véhicule derriere m'as percuttée par l'arriere car il ne m'as pas vu;arrivant sur un rond point, le véhicule devant moi s'est arreter au cedez le passage, je me suis arreter également derriere lui, mais le véhicule derriere moi ne nous a pas vu;;;;0;0;6;0;7;1;21;5;2003;;;;;;;;;;;;;;;;;;;;;;;;;;;;;;;;;;;;;;;;;;;;;;;;;;;;;;;;;;;;;;;;;;;;;;;;;;;;;;;;;;;;;;;;;;;;;;;;;;;;;;;;;;;;;;;;;;;;;;;;;;;;;;;;;;;;;;;;;;;;;;;;;;;;;;;;;;;;;;10MAR1984;7;1;3;2;2;3;;NRP;;;;1;1;0;1;0;1;SUZUKI;650;GLADIUS;ROADSTER;2;2010;37;1;2;6000;6;;;;;;;;;;;;;;;;;;;;;;;;;;;;;;;;;;;;;;;;;;;;;6000;3;4;;;;;;;;NRP;NRP;NRP;NRP;2008;NRP;NRP;2002;NRP
184;3793;;1;0;4;;;;;;0;5;;;;;;1;5;2012;;;;;0;4;;;;;;0;5;;;;;;0;4;;;;;;0;4;;;;;;1;5;2011;;;;;0;5;;;;;;0;5;;;;;;0;3;;;;;;0;2;;;;;;0;2;;;;;;0;3;;;;;;1;4;2011;2012;2012;2014;;Montagnac;Le Crès;Vendargues;Montpellier;;J'ai perdu le contrôle de ma moto dans une route à virage et j'ai percuté la glissière de sécurité.;Je remontais une file de voiture, une voiture a tourné à gauche, sans mettre son clignotant, je l'ai percuté sur l'aile gauche.;Une camionnette s'est arrêtée à un carrefour, je me suis arrêté derrière. Elle a reculé, me percutant.;J'ai percuté un cycliste qui a débouché du trottoir de droite.;;0;0;1;0;4;1;11;3;2012;;;;;;;;;;;;;;;;;;;;;;;;;;;;;;;;;;;;;;;;;;;;;;;;;;;;;;;;;;;;;;;;;;;;;;;;;;;;;;;;;;;;;;;;;;;;;;;;;;;;;;;;;;;;;;;;;;;;;;;;;;;;;;;;;;;;;;;;;;;;;;;;;;;;;;;;;;;;;;10APR1984;5;1;3;2;1;1;;NRP;;;;0;0;0;2;0;2;HONDA;700;NC700X DCT;ROADSTER;2;2012;37;1;2;20000;6;YAMAHA;600;R6 (YZF-R6);SPORTIVE;2;2002;37;4;1;1000;6;;;;;;;;;;;;;;;;;;;;;;;;;;;;;;;;;;21000;3;4;;;;;;;;NRP;NRP;NRP;NRP;2010;NRP;NRP;2010;NRP
740;3794;3;1;0;4;;;;;;0;3;;;;;;0;5;;;;;;1;5;2000;;;;;0;4;;;;;;0;2;;;;;;0;1;;;;;;0;3;;;;;;0;3;;;;;;0;5;;;;;;0;2;;;;;;0;2;;;;;;0;1;;;;;;0;4;;;;;;0;;;;;;;;;;;;;;;;;;;0;0;18;1;16;4;2000;;2000;Vous circuliez derrière un véhicule. Vous avez entrepris de dépasser ce véhicule par la droite et celui-ci vous a coupé la route en tournant à droite.;1;;;;;;;autoroute bouchée, remontée de file, pluie abondante, vitesse très réduite un véhicule passe de la voie de gauche à celle du milieu sans cligno et ne nous pas, je tente d'éviter le véhicule , mais avec le poids de ma passagère, je suis déséquilibré et nous ous retrouvons au sol aucun traumatismes pour moi, car j'ai pu anticiper le choc et je suis bien équipé un trauma au genou pour ma passagère qui en fait a cassé le rétro de la voiture avec celui ci pour moi, erreur d'inattention du conducteur dasn les bouchons vitesse faible et anticipation , m'ont permis d'aviter le pire;pas vu par le conducteur de la voiture;voir mon commentaire précédent déséquilibre du à l'impossibilité d'anticipation de ma passagère;NRP;0;;;pas d'autres choix;3;1;2;;moto non vu angle mort???;1;une meilleure prise en compte de l'environnement aurait surement pu eviter l'accident;9;;;;;;inévitable! préparation à l'impact;;;;;;;1;j'ai pu tout décomposer , et malgrè plusieurs actions de ma part, ça s'est mal fini;3;3;;;1;1;3;4;1;1;2;1;1;4;4;4;4;10;;;;;;;;;2;;;;;;;;;2;2;;2;1;1;2;20;70;0;0;10;2;;;;;;4;2;;;;2;0;;;;;;;;;;1;3;1;1;1;30;1;10;2;3;4;;;;;;4;4;4;4;4;4;YAMAHA;600;FZ6;ROADSTER;2;1;1;1;1;1;1;1;1;1;1;15000;12;3;1;SUZUKI;650;DR 650 RSE;TRAIL / SUPERMOTARD;2;3;4;17APR1976;7;1;3;2;3;4;1;NRP;;;;2;0;0;1;0;1;TRIUMPH;675;STREET TRIPLE;ROADSTER;2;2011;37;2;2;10000;7;;;;;;;;;;;;;;;;;;;;;;;;;;;;;;;;;;;;;;;;;;;;;10000;3;4;;;;;;;;NRP;NRP;NRP;NRP;1994;NRP;NRP;1995;NRP
2119;3795;;1;0;5;;;;;;0;3;;;;;;0;6;;;;;;0;3;;;;;;1;6;2014;;;;;0;6;;;;;;0;4;;;;;;0;3;;;;;;1;5;2010;;;;;1;5;2011;;;;;2;6;1994;2011;;;;0;2;;;;;;0;4;;;;;;1;5;1993;;;;;0;;;;;;;;;;;;;;;;;;;4;1;6;1;66;14;1993;;;;;;;;;;;;;;;;;;;;;;;;;;;;;;;;;;;;;;;;;;;;;;;;;;;;;;;;;;;;;;;;;;;;;;;;;;;;;;;;;;;;;;;;;;;;;;;;;;;;;;;;;;;;;;;;;;;;;;;;;;;;;;;;;;;;;;;;;;;;;;;;;;;;;;;;;;;;;;29JUL1977;7;2;3;2;3;4;1;NRP;;;;1;0;0;3;1;4;SUZUKI;750;GSR;ROADSTER;2;2011;10;2;2;6000;7;YAMAHA;600;XJ6;ROADSTER;2;2008;10;3;1;2000;7;Gilera;600;Nordwest;NRP;2;1992;10;4;1;2000;7;LINHAI;320;QUAD HYTRACK 4X4;QUAD;2;2009;28;3;1;1000;7;;;;;;;;;;;;11000;3;4;;;;;;;;NRP;NRP;NRP;NRP;1995;NRP;NRP;1995;NRP