Ligne;Ligne Q qualif;Ligne approfondissement Accident;ACCIDENT;NBACC1;ACCFREQUENCE1;ANNEEACC1_1;ANNEEACC1_2;ANNEEACC1_3;ANNEEACC1_4;ANNEEACC1_5;NBACC2;ACCFREQUENCE2;ANNEEACC2_1;ANNEEACC2_2;ANNEEACC2_3;ANNEEACC2_4;ANNEEACC2_5;NBACC3;ACCFREQUENCE3;ANNEEACC3_1;ANNEEACC3_2;ANNEEACC3_3;ANNEEACC3_4;ANNEEACC3_5;NBACC4;ACCFREQUENCE4;ANNEEACC4_1;ANNEEACC4_2;ANNEEACC4_3;ANNEEACC4_4;ANNEEACC4_5;NBACC5;ACCFREQUENCE5;ANNEEACC5_1;ANNEEACC5_2;ANNEEACC5_3;ANNEEACC5_4;ANNEEACC5_5;NBACC6;ACCFREQUENCE6;ANNEEACC6_1;ANNEEACC6_2;ANNEEACC6_3;ANNEEACC6_4;ANNEEACC6_5;NBACC7;ACCFREQUENCE7;ANNEEACC7_1;ANNEEACC7_2;ANNEEACC7_3;ANNEEACC7_4;ANNEEACC7_5;NBACC8;ACCFREQUENCE8;ANNEEACC8_1;ANNEEACC8_2;ANNEEACC8_3;ANNEEACC8_4;ANNEEACC8_5;NBACC9;ACCFREQUENCE9;ANNEEACC9_1;ANNEEACC9_2;ANNEEACC9_3;ANNEEACC9_4;ANNEEACC9_5;NBACC10;ACCFREQUENCE10;ANNEEACC10_1;ANNEEACC10_2;ANNEEACC10_3;ANNEEACC10_4;ANNEEACC10_5;NBACC11;ACCFREQUENCE11;ANNEEACC11_1;ANNEEACC11_2;ANNEEACC11_3;ANNEEACC11_4;ANNEEACC11_5;NBACC12;ACCFREQUENCE12;ANNEEACC12_1;ANNEEACC12_2;ANNEEACC12_3;ANNEEACC12_4;ANNEEACC12_5;NBACC13;ACCFREQUENCE13;ANNEEACC13_1;ANNEEACC13_2;ANNEEACC13_3;ANNEEACC13_4;ANNEEACC13_5;NBACC14;ACCFREQUENCE14;ANNEEACC14_1;ANNEEACC14_2;ANNEEACC14_3;ANNEEACC14_4;ANNEEACC14_5;AUTRESACC;NBAUTRESACC;ANNEEAUTREACC1;ANNEEAUTREACC2;ANNEEAUTREACC3;ANNEEAUTREACC4;ANNEEAUTREACC5;LIEUAUTREACC1;LIEUAUTREACC2;LIEUAUTREACC3;LIEUAUTREACC4;LIEUAUTREACC5;DESCRIPTIONAUTRESACC1;DESCRIPTIONAUTRESACC2;DESCRIPTIONAUTRESACC3;DESCRIPTIONAUTRESACC4;DESCRIPTIONAUTRESACC5;NBAUTRESACCCIRCUIT;NBAUTRESTOUTTERRAIN;EXPCYCLO;EXP125;EXPSUP125;ACCORDNEXTQ;CHOIXACC;RGPMTACC;RECUPANNEE;RECUPLIEU;RECUPANNE;RGPMTAC;CHOIX1;CHOIX2;CHOIX3;CHOIX4;CHOIX5;CHOIX6;CHOIX7;DESCRIPTION;RUPTURE;FAITS;ABS_REACTION;AUTRE_REACTION;PRECISIONREACTIONOUI;RECUL;PRECISIONREACTIONNON;IMPACTCOMPORTEMENT;AUTREUSAGER;REACTIONAUTREUSAGER;CONNAISSANCEREACTIONUSAGER;DIFFICULTES;AGGRAVATION;DIFFICULTES2;EMOTIONS1;EMOTIONS2;EMOTIONS3;EMOTIONS4;EMOTIONS5;EMOTIONS6;AUTRESENTIMENT;CLASSEMENTEMOTIONS1;CLASSEMENTEMOTIONS;CLASSEMENTEMOTIONS5;CLASSEMENTEMOTIONS6;CLASSEMENTEMOTIONS7;CLASSEMENTEMOTIONS8;CLASSEMENTEMOTIONS9;EXPLICATIONRESSENTI;BIENEQUIPE;ALLURE;ALLUREVITEDETAIL;ALLURELENTEDETAIL;SITUATIONPRESSE;SITUATIONDISTRAIT;SITUATIONCONFIANT;SITUATIONCONTROLE;SITUATIONLUDIQUE;SITUATIONPERF;SITUATIONSTRESS;SITUATIONFATIGUE;HUMEURNEUTRE;HUMEURGAI;HUMEURMECONTENT;HUMEURTRISTE;HUMEURCOLERE;CONTRIBUTION1;CONTRIBUTION2;CONTRIBUTION3;CONTRIBUTION4;CONTRIBUTION5;CONTRIBUTION6;CONTRIBUTION7;CONTRIBUTION8;CONTRIBUTION9;ROLEINFRA;ELEMENTINFRA1;ELEMENTINFRA2;ELEMENTINFRA3;ELEMENTINFRA4;ELEMENTINFRA5;ELEMENTINFRA6;ELEMENTINFRA7;ELEMENTINFRA8;ELEMENTINFRA9;ALCOOL;TXALCOOL;STUP;SEMAINE;MOMENTJOURNEE;TEMPS;CAUSEACC1;CAUSEACC2;CAUSEACC3;CAUSEACC4;CAUSEACC5;FORMATIONCAUSE;FORMATION1;FORMATION2;FORMATION3;FORMATION4;FORMATION5;TRAFIC;CHAUSSEE1;CHAUSSEE2;CHAUSSEE3;CHAUSSEE4;TYPEACC;BLESSURE;TETE;COU;THORAX;MEMBRESSUP;COLONNE;BASSIN;MEMBRESINF;HOPITAL;PLUS24H;TRAJET;TYPEROUTE;MOTIF;SENSTRAJET;PASSAGER;VITESSE;DESCEQ1;DESCEQ2;DESCEQ3;DESCEQ4;DESCEQ5;DESCEQ6;DESCEQ7;DESCEQ8;DESCEQ9;DESCEQ10;VEHICULEETE;VEHICULEAUTOMNE;VEHICULEPRINTEMPS;VEHICULEHIVER;VEHICULESEMAINE;VEHICULEWE;VEHMARQUE;VEHCYLINDREE;VEHMODELE;VEHSEGMENT;VEHSIDE;EQ2RMABS;EQ2RMCBS;EQ2RMABSCBS;EQ2RMREGULATEUR;EQ2RMLIMITEUR;EQ2RMPHARESDIRECT;EQ2RMCOUPURE;EQ2RMANTIPATINAGE;EQ2RMANTIXHEELING;EQ2RMSTABILILTE;VEHKM;POINTS;DUREE;AUTRE2RM;VEHPRECMARQUE;VEHPRECCYLINDREE;VEHPRECMODELE;VEHPRECSEGMENT;VEHPRECSIDE;TEMPS2RMPREC;FREQVEHPREC;DATE_NAISS;CSP;SOCIETAIRE;SALARIE;SECTEUR2RM;NBPERSFOYER;SITFAM;NBENF;TRNBENF1;TRNBENF2;TRNBENF3;TRNBENF4;NBAUTOFOYER;NBCYCLOFOYER;NBSCOOTFOYER;NBMOTOFOYER;NBTRIKEFOYER;NB2RMCONDUIT;MARQUE1;CYLINDREE1;MODELE1;SEGMENT1;SIDE1;ANMISECIRCU1;ASS1;FREQ1;USAGE1;NBKM1;GARAGE1;MARQUE2;CYLINDREE2;MODELE2;SEGMENT2;SIDE2;ANMISECIRCU2;ASS2;FREQ2;USAGE2;NBKM2;GARAGE2;MARQUE3;CYLINDREE3;MODELE3;SEGMENT3;SIDE3;ANMISECIRCU3;ASS3;FREQ3;USAGE3;NBKM3;GARAGE3;MARQUE4;CYLINDREE4;MODELE4;SEGMENT4;SIDE4;ANMISECIRCU4;ASS4;FREQ4;USAGE4;NBKM4;GARAGE4;MARQUE5;CYLINDREE5;MODELE5;SEGMENT5;SIDE5;ANMISECIRCU5;ASS5;FREQ5;USAGE5;NBKM5;GARAGE5;NBKMTOT;PERMIS1;PERMIS2;PERMIS3;PERMIS4;PERMIS5;PERMIS6;PERMIS7;PERMIS8;PERMIS9;ANPERMIS1;ANPERMIS6;ANPERMIS7;ANPERMIS2;ANPERMIS3;ANPERMIS8;ANPERMIS9;ANPERMIS4;ANPERMIS5
1631;3839;;1;0;4;;;;;;0;4;;;;;;0;5;;;;;;0;4;;;;;;1;4;2014;;;;;0;4;;;;;;0;5;;;;;;0;5;;;;;;0;1;;;;;;0;2;;;;;;0;2;;;;;;0;3;;;;;;0;4;;;;;;0;3;;;;;;0;;;;;;;;;;;;;;;;;;;1;4;0;1;21;5;2014;;;;;;;;;;;;;;;;;;;;;;;;;;;;;;;;;;;;;;;;;;;;;;;;;;;;;;;;;;;;;;;;;;;;;;;;;;;;;;;;;;;;;;;;;;;;;;;;;;;;;;;;;;;;;;;;;;;;;;;;;;;;;;;;;;;;;;;;;;;;;;;;;;;;;;;;;;;;;;23MAR1981;5;1;3;2;1;1;;NRP;;;;1;0;0;1;0;1;DAELIM;125;ROADSPORT R;Routière / GT;2;2011;37;2;2;13000;7;;;;;;;;;;;;;;;;;;;;;;;;;;;;;;;;;;;;;;;;;;;;;13000;4;5;;;;;;;;NRP;NRP;NRP;NRP;NRP;NRP;NRP;2001;2011
1996;3841;;0;;;;;;;;;;;;;;;;;;;;;;;;;;;;;;;;;;;;;;;;;;;;;;;;;;;;;;;;;;;;;;;;;;;;;;;;;;;;;;;;;;;;;;;;;;;;;;;;;;;;;;;;;;;;;;;;;;;;;;;;;;;;;;;;;;;;;;;;;;;;;;;;;;;;;;;;;;;;;;;;;;;;;;;;;;;;;;;;;;;;;;;;;;;;;;;;;;;;;;;;;;;;;;;;;;;;;;;;;;;;;;;;;;;;;;;;;;;;;;;;;;;;;;;;;;;;;;;;;;;;;;;;;;;;;;;;;;;;;;;;;;28JUN1981;6;1;3;2;4;4;2;NRP;;;;2;0;0;1;0;1;SUZUKI;1400;GSX;ROADSTER;2;2005;37;1;2;4000;7;;;;;;;;;;;;;;;;;;;;;;;;;;;;;;;;;;;;;;;;;;;;;4000;3;4;;;;;;;;NRP;NRP;NRP;NRP;2002;NRP;NRP;1999;NRP
1785;3842;;0;;;;;;;;;;;;;;;;;;;;;;;;;;;;;;;;;;;;;;;;;;;;;;;;;;;;;;;;;;;;;;;;;;;;;;;;;;;;;;;;;;;;;;;;;;;;;;;;;;;;;;;;;;;;;;;;;;;;;;;;;;;;;;;;;;;;;;;;;;;;;;;;;;;;;;;;;;;;;;;;;;;;;;;;;;;;;;;;;;;;;;;;;;;;;;;;;;;;;;;;;;;;;;;;;;;;;;;;;;;;;;;;;;;;;;;;;;;;;;;;;;;;;;;;;;;;;;;;;;;;;;;;;;;;;;;;;;;;;;;;;;06JAN1965;5;2;3;2;3;4;1;NRP;;;;1;1;0;1;0;1;KAWASAKI;650;VERSYS ABS;ROADSTER;2;2008;16;1;2;7500;7;;;;;;;;;;;;;;;;;;;;;;;;;;;;;;;;;;;;;;;;;;;;;7500;3;4;;;;;;;;NRP;NRP;NRP;NRP;2012;NRP;NRP;1983;NRP
95;3846;;0;;;;;;;;;;;;;;;;;;;;;;;;;;;;;;;;;;;;;;;;;;;;;;;;;;;;;;;;;;;;;;;;;;;;;;;;;;;;;;;;;;;;;;;;;;;;;;;;;;;;;;;;;;;;;;;;;;;;;;;;;;;;;;;;;;;;;;;;;;;;;;;;;;;;;;;;;;;;;;;;;;;;;;;;;;;;;;;;;;;;;;;;;;;;;;;;;;;;;;;;;;;;;;;;;;;;;;;;;;;;;;;;;;;;;;;;;;;;;;;;;;;;;;;;;;;;;;;;;;;;;;;;;;;;;;;;;;;;;;;;;;24JUL1960;5;2;3;2;4;5;0;NRP;;;;3;0;0;2;0;1;HONDA;1000;CB-F ABS;ROADSTER;2;2007;31;2;1;10000;7;;;;;;;;;;;;;;;;;;;;;;;;;;;;;;;;;;;;;;;;;;;;;10000;2;3;4;;;;;;;NRP;NRP;NRP;1977;1979;NRP;NRP;1980;NRP
1319;3847;;0;;;;;;;;;;;;;;;;;;;;;;;;;;;;;;;;;;;;;;;;;;;;;;;;;;;;;;;;;;;;;;;;;;;;;;;;;;;;;;;;;;;;;;;;;;;;;;;;;;;;;;;;;;;;;;;;;;;;;;;;;;;;;;;;;;;;;;;;;;;;;;;;;;;;;;;;;;;;;;;;;;;;;;;;;;;;;;;;;;;;;;;;;;;;;;;;;;;;;;;;;;;;;;;;;;;;;;;;;;;;;;;;;;;;;;;;;;;;;;;;;;;;;;;;;;;;;;;;;;;;;;;;;;;;;;;;;;;;;;;;;;27AUG1967;12;2;3;2;2;2;1;NRP;;;;2;0;0;1;0;1;HONDA;800;VFR-F;Routière / GT;2;2001;16;4;1;2000;4;;;;;;;;;;;;;;;;;;;;;;;;;;;;;;;;;;;;;;;;;;;;;2000;3;4;;;;;;;;NRP;NRP;NRP;NRP;1991;NRP;NRP;1986;NRP
1398;3850;;0;;;;;;;;;;;;;;;;;;;;;;;;;;;;;;;;;;;;;;;;;;;;;;;;;;;;;;;;;;;;;;;;;;;;;;;;;;;;;;;;;;;;;;;;;;;;;;;;;;;;;;;;;;;;;;;;;;;;;;;;;;;;;;;;;;;;;;;;;;;;;;;;;;;;;;;;;;;;;;;;;;;;;;;;;;;;;;;;;;;;;;;;;;;;;;;;;;;;;;;;;;;;;;;;;;;;;;;;;;;;;;;;;;;;;;;;;;;;;;;;;;;;;;;;;;;;;;;;;;;;;;;;;;;;;;;;;;;;;;;;;;10MAY1967;4;2;3;2;2;3;;NRP;;;;1;0;0;2;0;2;SYM;125;WOLF SB;ROADSTER;2;2005;10;3;1;500;4;KAWASAKI;500;ER-5;ROADSTER;2;2000;10;1;2;5000;4;;;;;;;;;;;;;;;;;;;;;;;;;;;;;;;;;;5500;2;3;4;;;;;;;NRP;NRP;NRP;1986;2011;NRP;NRP;1986;NRP
513;3852;;0;;;;;;;;;;;;;;;;;;;;;;;;;;;;;;;;;;;;;;;;;;;;;;;;;;;;;;;;;;;;;;;;;;;;;;;;;;;;;;;;;;;;;;;;;;;;;;;;;;;;;;;;;;;;;;;;;;;;;;;;;;;;;;;;;;;;;;;;;;;;;;;;;;;;;;;;;;;;;;;;;;;;;;;;;;;;;;;;;;;;;;;;;;;;;;;;;;;;;;;;;;;;;;;;;;;;;;;;;;;;;;;;;;;;;;;;;;;;;;;;;;;;;;;;;;;;;;;;;;;;;;;;;;;;;;;;;;;;;;;;;;17NOV1949;9;1;3;2;2;3;;NRP;;;;2;0;1;1;0;2;HONDA;700;DN-01;CUSTOM;2;2008;37;1;1;25000;7;SYM;125;GTS EVO EFI;SCOOTER;2;2010;37;3;1;1000;AUT|Sous bache dans mon terrain;;;;;;;;;;;;;;;;;;;;;;;;;;;;;;;;;;26000;2;3;4;;;;;;;NRP;NRP;NRP;1967;1968;NRP;NRP;2011;NRP
915;3853;;1;0;5;;;;;;1;5;2012;;;;;0;6;;;;;;0;5;;;;;;1;6;2011;;;;;0;5;;;;;;0;5;;;;;;0;6;;;;;;1;5;2010;;;;;0;6;;;;;;0;6;;;;;;0;4;;;;;;0;3;;;;;;1;5;2001;;;;;0;;;;;;;;;;;;;;;;;;;6;5;18;1;41;9;2010;;;;;;;;;;;;;;;;;;;;;;;;;;;;;;;;;;;;;;;;;;;;;;;;;;;;;;;;;;;;;;;;;;;;;;;;;;;;;;;;;;;;;;;;;;;;;;;;;;;;;;;;;;;;;;;;;;;;;;;;;;;;;;;;;;;;;;;;;;;;;;;;;;;;;;;;;;;;;;09APR1950;9;1;3;2;2;3;;NRP;;;;2;1;0;2;0;2;BMW;1200;R1200GS;TRAIL / SUPERMOTARD;2;2010;37;1;3;15000;4;HONDA;125;XL-R;TRAIL / SUPERMOTARD;2;2009;29;3;1;2000;4;;;;;;;;;;;;;;;;;;;;;;;;;;;;;;;;;;17000;3;4;;;;;;;;NRP;NRP;NRP;NRP;1997;NRP;NRP;1970;NRP
140;3855;14;1;0;4;;;;;;0;4;;;;;;0;3;;;;;;0;2;;;;;;0;4;;;;;;0;3;;;;;;0;3;;;;;;0;3;;;;;;0;2;;;;;;1;4;2003;;;;;1;4;2005;;;;;0;4;;;;;;0;2;;;;;;0;4;;;;;;1;2;NSP;2012;;;;bègles 33;talence 33;;;;refus de priorité à droite de la part d'une automobiliste;velo circulant sur passage pour piétons à une intersection gérée par feu tricolore alors que le feu était vert pour moi;;;;0;0;10;30;11;1;72;15;2012;talence 33;2012;Autre(s) type(s) d'accident(s).;3;;;;;;;je circulais sur une voie en agglomération avec terre plein central lorsqu'en passant au feu vert d'une intersection un cycliste casque audio sur les oreilles a traversé la voie sur le passage pour piétons alors que le feu des piétons était rouge pour lui, je n'ai pu l'éviter malgré ma faible vitesse et je l'ai envoyé au solavec son vélo, j'ai chuté également et une jambe est resté bloquée sous la moto j'en étais quitte pour une entorse de la cheville et des dégats vestimentaires en plus des dégats sur ma moto .le cycliste n'avait rien et a pu repartir avec son vélo;malgré ma faible vitesse en ville je n'ai pas eu le temps de freiner pour éviter le cycliste ne m'attendant pas à ce qu'il traverse sur un passage pour piétons;des témoins m'ont aidé à me sortir de sous ma moto,le cycliste s'est relevé tout seul, je suis allé le voir pour savoir s'il était blessé ,les policiers municipaux sont arrivés et ont fait un constat d'accident et m'ont aidé à dégager ma moto de l'intersection , nous avons échangé nos coordonnées avec le cycliste et je suis reparti .le constat entre le cycliste et moimème a été rédigé quelques heures plus tard après ma visite chez le medecin .;2;1;plus d'attention aux cyclistes qui font du grand n'importe quoi et prennet les passages pour piétons pour des pistes cyclables;trop confiant envers la nature humaine;;2;0;;;;;;2;;;;;;;;1;;;;;;je ne m'attendais pas à ce qu'un cycliste traverse sur un passage pour pietons alors que le feu lui interdisait;4;3;;;2;2;2;4;3;1;1;1;1;1;4;4;4;4;5;;;;;;;;2;;;;;;;;;2;2;;2;1;1;2;0;100;0;0;0;2;;;;;;3;2;;;;2;1;7;;;;;;;0;;2;1;3;;0;30;1;2;3;4;7;9;;;;;4;4;4;4;4;4;HONDA;1000;CBF C-ABS TRAVEL EDITION;ROADSTER;2;0;0;1;1;1;1;1;1;1;1;60000;10;4;1;YAMAHA;600;FZ6-S FAZER;ROADSTER;2;4;4;25MAR1947;9;1;3;2;2;3;;NRP;;;;1;0;0;1;0;1;HONDA;1000;CB-F C-ABS TRAVEL EDITION;ROADSTER;2;2009;37;1;1;15000;7;;;;;;;;;;;;;;;;;;;;;;;;;;;;;;;;;;;;;;;;;;;;;15000;2;3;4;;;;;;;NRP;NRP;NRP;1967;2004;NRP;NRP;1967;NRP
1772;3862;;1;0;6;;;;;;0;6;;;;;;0;5;;;;;;0;2;;;;;;0;5;;;;;;0;2;;;;;;0;2;;;;;;0;5;;;;;;2;4;2003;2012;;;;0;4;;;;;;0;5;;;;;;0;2;;;;;;0;2;;;;;;0;2;;;;;;0;;;;;;;;;;;;;;;;;;;1;1;13;1;41;9;2003;;;;;;;;;;;;;;;;;;;;;;;;;;;;;;;;;;;;;;;;;;;;;;;;;;;;;;;;;;;;;;;;;;;;;;;;;;;;;;;;;;;;;;;;;;;;;;;;;;;;;;;;;;;;;;;;;;;;;;;;;;;;;;;;;;;;;;;;;;;;;;;;;;;;;;;;;;;;;;24SEP1980;8;1;3;2;2;3;;NRP;;;;2;0;0;2;0;2;BMW;1200;R1200S;Routière / GT;2;2007;37;3;1;7000;7;KAWASAKI;125;ELIMINATOR;CUSTOM;2;2000;37;4;2;300;7;;;;;;;;;;;;;;;;;;;;;;;;;;;;;;;;;;7300;3;4;;;;;;;;NRP;NRP;NRP;NRP;2002;NRP;NRP;1998;NRP
733;3864;;0;;;;;;;;;;;;;;;;;;;;;;;;;;;;;;;;;;;;;;;;;;;;;;;;;;;;;;;;;;;;;;;;;;;;;;;;;;;;;;;;;;;;;;;;;;;;;;;;;;;;;;;;;;;;;;;;;;;;;;;;;;;;;;;;;;;;;;;;;;;;;;;;;;;;;;;;;;;;;;;;;;;;;;;;;;;;;;;;;;;;;;;;;;;;;;;;;;;;;;;;;;;;;;;;;;;;;;;;;;;;;;;;;;;;;;;;;;;;;;;;;;;;;;;;;;;;;;;;;;;;;;;;;;;;;;;;;;;;;;;;;;16NOV1949;9;1;3;2;1;1;;NRP;;;;1;3;0;2;0;3;BMW;1200;K1200RS;Routière / GT;2;2001;30;1;1;10000;7;HONDA;600;TRANSALP;TRAIL / SUPERMOTARD;2;1993;37;3;1;2000;7;VELOSOLEX;50;3800;ROADSTER;2;1988;30;2;1;500;5;;;;;;;;;;;;;;;;;;;;;;;12500;2;3;4;;;;;;;NRP;NRP;NRP;1966;1968;NRP;NRP;1968;NRP
1714;3865;;1;0;6;;;;;;0;6;;;;;;0;6;;;;;;1;6;2013;;;;;0;6;;;;;;0;3;;;;;;0;4;;;;;;0;6;;;;;;0;4;;;;;;1;6;2013;;;;;0;6;;;;;;0;3;;;;;;0;6;;;;;;0;6;;;;;;0;;;;;;;;;;;;;;;;;;;0;1;4;1;46;10;2013;;;;;;;;;;;;;;;;;;;;;;;;;;;;;;;;;;;;;;;;;;;;;;;;;;;;;;;;;;;;;;;;;;;;;;;;;;;;;;;;;;;;;;;;;;;;;;;;;;;;;;;;;;;;;;;;;;;;;;;;;;;;;;;;;;;;;;;;;;;;;;;;;;;;;;;;;;;;;;12JUL1978;4;2;3;2;2;3;;NRP;;;;1;0;0;1;0;1;DUCATI;1199;1199 S PANIGALE ABS;SPORTIVE;2;2012;40;1;2;15000;7;;;;;;;;;;;;;;;;;;;;;;;;;;;;;;;;;;;;;;;;;;;;;15000;3;4;;;;;;;;NRP;NRP;NRP;NRP;2011;NRP;NRP;1996;NRP
2130;3867;;1;0;6;;;;;;0;4;;;;;;0;4;;;;;;0;1;;;;;;1;6;2002;;;;;0;1;;;;;;0;1;;;;;;0;2;;;;;;0;3;;;;;;0;6;;;;;;0;4;;;;;;0;1;;;;;;0;2;;;;;;0;3;;;;;;1;1;2001;;;;;castanet;;;;;percuté par l'arrière lors d'un freinage, un véhicule tournait à gauche.;;;;;0;5;3;2;32;1;21;5;2002;;;;;;;;;;;;;;;;;;;;;;;;;;;;;;;;;;;;;;;;;;;;;;;;;;;;;;;;;;;;;;;;;;;;;;;;;;;;;;;;;;;;;;;;;;;;;;;;;;;;;;;;;;;;;;;;;;;;;;;;;;;;;;;;;;;;;;;;;;;;;;;;;;;;;;;;;;;;;;29MAR1962;7;1;3;2;4;4;2;NRP;;;;2;0;0;7;0;7;KTM;690;SMC;TRAIL / SUPERMOTARD;2;2010;37;2;1;20000;7;GAS GAS;200;EC ENDUCROSS;TOUT TERRAIN (TRIAL, ENDURO, CROSS);2;2006;37;3;1;3000;7;AJP;250;PR5;TOUT TERRAIN (TRIAL, ENDURO, CROSS);2;2010;37;3;1;2000;7;HUSQVARNA;125;WR ENDURO;TOUT TERRAIN (TRIAL, ENDURO, CROSS);2;2009;37;4;1;500;7;KTM;690;DUKE;TRAIL / SUPERMOTARD;2;2009;37;3;1;10000;7;35500;2;3;4;;;;;;;NRP;NRP;NRP;1978;1982;NRP;NRP;1981;NRP
1228;3868;490;1;0;5;;;;;;0;5;;;;;;0;5;;;;;;0;3;;;;;;0;5;;;;;;0;6;;;;;;0;4;;;;;;0;5;;;;;;2;5;1979;1980;;;;0;2;;;;;;0;3;;;;;;0;2;;;;;;0;3;;;;;;0;2;;;;;;1;1;1979;;;;;Cuges les pins;;;;;Alors que je dépassais un cycliste, Une voiture m'a également dépassé. Une autre voiture est arrivée en sens inverse. La voiture qui me doublait m'a serré. J'ai serré le cycliste. J'ai accroché son bras avec mon guidon. Il a été destabilisé et a tourné vers la gauche. Il a été percuté par une moto qui roulait derrière moi dans le même sens.;;;;;4;0;4;0;30;1;71;15;1979;Cuges les pins;1979;Autre(s) type(s) d'accident(s).;6;;;;;;;"Je circulais en cyclomoteur le jour d'une manifestation moto (Grand Prix) sur la N8, route qui mène au circuit du castelet. Il y avait beaucoup de trafic, auto, vélo et moto. Dans une montée, j'ai dépassé un cycliste qui pédalait ""en danseuse"" (il zigzaguait un peu). Une voiture nous a dépassé tous les deux. Une deuxième est arrivée en face. Pour pouvoir la croiser, la voiture qui nous dépassait s'est serrée vers moi, je me suis serré vers le cycliste. Je lui ai accroché le bras avec l'extrémité de mon guidon, il a perdu le contrôle de son vélo, a ""zigzagué"" puis traversé derrière moi notre voie de circulation. Il a été percuté par une moto qui circulait juste derrière nous...";une voiture m'a dépassé alors que je dépassais avec mon cyclomoteur un cycliste.;Quand la voiture qui nous doublait (le cycliste et moi) a été confrontée à un véhicule venant en sens inverse, elle s'est serrée vers moi, et moi je me suis trop serré vers le cycliste.;NRP;1;J'aurais dû moins serrer le cycliste, je ne l'aurais pas touché.;Tout s'est passé rapidement.;;2;1;NSP;;Le cycliste, jusqu'à ce que j'arrive à sa hauteur, n'a pas perçu la situation de conflit...;NSP;NSP;1;2;6;;;;;3;1;;;;2;;tout était normal, puis très rapidement, mais progressivement la situation est devenue inextricable.;3;3;;;1;2;3;3;3;1;1;1;3;1;4;4;4;1;4;;;;;;;;2;;;;;;;;;2;2;;2;2;1;1;50;50;0;0;0;2;;;;;;3;1;;;;2;0;;;;;;;;;;2;2;3;;0;50;1;2;5;;;;;;;;3;3;3;2;3;3;MALAGUTI;50;CAVALCONE;TRAIL / SUPERMOTARD;2;1;1;1;1;1;0;1;1;1;1;NSP;NSP;1;1;MOBYLETTE;50;MOBYMATIC STANDARD;ROADSTER;2;1;2;09MAR1965;5;1;3;2;5;4;3;NRP;;;;2;2;0;2;0;2;YAMAHA;600;XTE;TRAIL / SUPERMOTARD;2;1991;37;3;2;2000;7;SUZUKI;650;SV-N;ROADSTER;2;2005;31;4;1;1500;7;;;;;;;;;;;;;;;;;;;;;;;;;;;;;;;;;;3500;2;3;4;;;;;;;NRP;NRP;NRP;1983;1984;NRP;NRP;1983;NRP
112;3871;117;1;0;2;;;;;;0;3;;;;;;0;4;;;;;;0;2;;;;;;0;2;;;;;;0;3;;;;;;0;2;;;;;;0;2;;;;;;0;4;;;;;;0;3;;;;;;0;4;;;;;;0;2;;;;;;0;3;;;;;;0;4;;;;;;1;2;1975;2005;;;;Boulogne;Meyrargue;;;;Un véhicule venant de gauche est sorti trop large sur ma voie et nous nous sommes percutés de face;J'étais sur le rond-point dans l'angle mort d'une voiture qui entrait sur le rond-point;;;;1;0;2;0;43;1;72;15;2005;Meyrargue;2005;Autre(s) type(s) d'accident(s).;3;;;;;;;J'étais sur un rond point. Une voiture entrant sur le rond point ne m'a pas vu, caché par le montant de son pare-brise. Elle m'a percuté à l'arrière mais sans ralentir.  Le chauffeur, de mauvaise foi, a abusé de ma sympathie et de mon état choqué. Il a tourné les faits et le graphique du constat amiable a son avantage et je me suis retrouvé responsable.;j'étais sur le rond point, bien visible, j'étais sûr que la voiture ralentirait. J'ai compris trop tard qu'elle ne m'avais pas vu et je n'ai pu l'éviter.;J'ai bien sûr ralenti en entrant sur le rond-point. En voyant que la voiture allais me percuter par l'arrière, j'ai essayé de l'éviter en me déportant à gauche et en me déhanchant (restes de moto-cross). J'ai peut-être accéléré mais je ne sais plus. Lui a pilé mais seulement au moment ou après le choc.;NRP;1;NRP;NRP;;2;1;2;;Les autres usagers sont passés sans demander quoi que ce soit.;2;NRP;6;;;;;;;;;;;;1;;Impossible d'éviter qu'on me percute;3;3;;;2;1;4;4;3;1;1;1;1;4;4;4;4;5;;;;;;;;;2;;;;;;;;;2;2;;2;1;1;1;0;100;0;0;0;2;;;;;;3;1;;;;1;;;;;;;;;;;1;2;1;1;0;50;1;10;2;3;4;;;;;;4;4;4;4;4;4;YAMAHA;900;XJ;ROADSTER;2;1;1;1;1;1;1;1;1;1;1;90000;12;4;1;SUZUKI;850;GS850G;ROADSTER;2;4;4;04JUN1949;9;1;3;2;2;3;;NRP;;;;2;0;0;3;0;3;HONDA;500;VF-F;Routière / GT;2;1985;37;2;1;5000;7;HONDA;750;VF-S (SABRE);ROADSTER;2;1983;37;2;1;5000;7;HONDA;1000;VF-R;Routière / GT;2;1985;37;2;1;5000;7;;;;;;;;;;;;;;;;;;;;;;;15000;3;4;;;;;;;;NRP;NRP;NRP;NRP;1968;NRP;NRP;1970;NRP