Ligne;Ligne Q qualif;Ligne approfondissement Accident;ACCIDENT;NBACC1;ACCFREQUENCE1;ANNEEACC1_1;ANNEEACC1_2;ANNEEACC1_3;ANNEEACC1_4;ANNEEACC1_5;NBACC2;ACCFREQUENCE2;ANNEEACC2_1;ANNEEACC2_2;ANNEEACC2_3;ANNEEACC2_4;ANNEEACC2_5;NBACC3;ACCFREQUENCE3;ANNEEACC3_1;ANNEEACC3_2;ANNEEACC3_3;ANNEEACC3_4;ANNEEACC3_5;NBACC4;ACCFREQUENCE4;ANNEEACC4_1;ANNEEACC4_2;ANNEEACC4_3;ANNEEACC4_4;ANNEEACC4_5;NBACC5;ACCFREQUENCE5;ANNEEACC5_1;ANNEEACC5_2;ANNEEACC5_3;ANNEEACC5_4;ANNEEACC5_5;NBACC6;ACCFREQUENCE6;ANNEEACC6_1;ANNEEACC6_2;ANNEEACC6_3;ANNEEACC6_4;ANNEEACC6_5;NBACC7;ACCFREQUENCE7;ANNEEACC7_1;ANNEEACC7_2;ANNEEACC7_3;ANNEEACC7_4;ANNEEACC7_5;NBACC8;ACCFREQUENCE8;ANNEEACC8_1;ANNEEACC8_2;ANNEEACC8_3;ANNEEACC8_4;ANNEEACC8_5;NBACC9;ACCFREQUENCE9;ANNEEACC9_1;ANNEEACC9_2;ANNEEACC9_3;ANNEEACC9_4;ANNEEACC9_5;NBACC10;ACCFREQUENCE10;ANNEEACC10_1;ANNEEACC10_2;ANNEEACC10_3;ANNEEACC10_4;ANNEEACC10_5;NBACC11;ACCFREQUENCE11;ANNEEACC11_1;ANNEEACC11_2;ANNEEACC11_3;ANNEEACC11_4;ANNEEACC11_5;NBACC12;ACCFREQUENCE12;ANNEEACC12_1;ANNEEACC12_2;ANNEEACC12_3;ANNEEACC12_4;ANNEEACC12_5;NBACC13;ACCFREQUENCE13;ANNEEACC13_1;ANNEEACC13_2;ANNEEACC13_3;ANNEEACC13_4;ANNEEACC13_5;NBACC14;ACCFREQUENCE14;ANNEEACC14_1;ANNEEACC14_2;ANNEEACC14_3;ANNEEACC14_4;ANNEEACC14_5;AUTRESACC;NBAUTRESACC;ANNEEAUTREACC1;ANNEEAUTREACC2;ANNEEAUTREACC3;ANNEEAUTREACC4;ANNEEAUTREACC5;LIEUAUTREACC1;LIEUAUTREACC2;LIEUAUTREACC3;LIEUAUTREACC4;LIEUAUTREACC5;DESCRIPTIONAUTRESACC1;DESCRIPTIONAUTRESACC2;DESCRIPTIONAUTRESACC3;DESCRIPTIONAUTRESACC4;DESCRIPTIONAUTRESACC5;NBAUTRESACCCIRCUIT;NBAUTRESTOUTTERRAIN;EXPCYCLO;EXP125;EXPSUP125;ACCORDNEXTQ;CHOIXACC;RGPMTACC;RECUPANNEE;RECUPLIEU;RECUPANNE;RGPMTAC;CHOIX1;CHOIX2;CHOIX3;CHOIX4;CHOIX5;CHOIX6;CHOIX7;DESCRIPTION;RUPTURE;FAITS;ABS_REACTION;AUTRE_REACTION;PRECISIONREACTIONOUI;RECUL;PRECISIONREACTIONNON;IMPACTCOMPORTEMENT;AUTREUSAGER;REACTIONAUTREUSAGER;CONNAISSANCEREACTIONUSAGER;DIFFICULTES;AGGRAVATION;DIFFICULTES2;EMOTIONS1;EMOTIONS2;EMOTIONS3;EMOTIONS4;EMOTIONS5;EMOTIONS6;AUTRESENTIMENT;CLASSEMENTEMOTIONS1;CLASSEMENTEMOTIONS;CLASSEMENTEMOTIONS5;CLASSEMENTEMOTIONS6;CLASSEMENTEMOTIONS7;CLASSEMENTEMOTIONS8;CLASSEMENTEMOTIONS9;EXPLICATIONRESSENTI;BIENEQUIPE;ALLURE;ALLUREVITEDETAIL;ALLURELENTEDETAIL;SITUATIONPRESSE;SITUATIONDISTRAIT;SITUATIONCONFIANT;SITUATIONCONTROLE;SITUATIONLUDIQUE;SITUATIONPERF;SITUATIONSTRESS;SITUATIONFATIGUE;HUMEURNEUTRE;HUMEURGAI;HUMEURMECONTENT;HUMEURTRISTE;HUMEURCOLERE;CONTRIBUTION1;CONTRIBUTION2;CONTRIBUTION3;CONTRIBUTION4;CONTRIBUTION5;CONTRIBUTION6;CONTRIBUTION7;CONTRIBUTION8;CONTRIBUTION9;ROLEINFRA;ELEMENTINFRA1;ELEMENTINFRA2;ELEMENTINFRA3;ELEMENTINFRA4;ELEMENTINFRA5;ELEMENTINFRA6;ELEMENTINFRA7;ELEMENTINFRA8;ELEMENTINFRA9;ALCOOL;TXALCOOL;STUP;SEMAINE;MOMENTJOURNEE;TEMPS;CAUSEACC1;CAUSEACC2;CAUSEACC3;CAUSEACC4;CAUSEACC5;FORMATIONCAUSE;FORMATION1;FORMATION2;FORMATION3;FORMATION4;FORMATION5;TRAFIC;CHAUSSEE1;CHAUSSEE2;CHAUSSEE3;CHAUSSEE4;TYPEACC;BLESSURE;TETE;COU;THORAX;MEMBRESSUP;COLONNE;BASSIN;MEMBRESINF;HOPITAL;PLUS24H;TRAJET;TYPEROUTE;MOTIF;SENSTRAJET;PASSAGER;VITESSE;DESCEQ1;DESCEQ2;DESCEQ3;DESCEQ4;DESCEQ5;DESCEQ6;DESCEQ7;DESCEQ8;DESCEQ9;DESCEQ10;VEHICULEETE;VEHICULEAUTOMNE;VEHICULEPRINTEMPS;VEHICULEHIVER;VEHICULESEMAINE;VEHICULEWE;VEHMARQUE;VEHCYLINDREE;VEHMODELE;VEHSEGMENT;VEHSIDE;EQ2RMABS;EQ2RMCBS;EQ2RMABSCBS;EQ2RMREGULATEUR;EQ2RMLIMITEUR;EQ2RMPHARESDIRECT;EQ2RMCOUPURE;EQ2RMANTIPATINAGE;EQ2RMANTIXHEELING;EQ2RMSTABILILTE;VEHKM;POINTS;DUREE;AUTRE2RM;VEHPRECMARQUE;VEHPRECCYLINDREE;VEHPRECMODELE;VEHPRECSEGMENT;VEHPRECSIDE;TEMPS2RMPREC;FREQVEHPREC;DATE_NAISS;CSP;SOCIETAIRE;SALARIE;SECTEUR2RM;NBPERSFOYER;SITFAM;NBENF;TRNBENF1;TRNBENF2;TRNBENF3;TRNBENF4;NBAUTOFOYER;NBCYCLOFOYER;NBSCOOTFOYER;NBMOTOFOYER;NBTRIKEFOYER;NB2RMCONDUIT;MARQUE1;CYLINDREE1;MODELE1;SEGMENT1;SIDE1;ANMISECIRCU1;ASS1;FREQ1;USAGE1;NBKM1;GARAGE1;MARQUE2;CYLINDREE2;MODELE2;SEGMENT2;SIDE2;ANMISECIRCU2;ASS2;FREQ2;USAGE2;NBKM2;GARAGE2;MARQUE3;CYLINDREE3;MODELE3;SEGMENT3;SIDE3;ANMISECIRCU3;ASS3;FREQ3;USAGE3;NBKM3;GARAGE3;MARQUE4;CYLINDREE4;MODELE4;SEGMENT4;SIDE4;ANMISECIRCU4;ASS4;FREQ4;USAGE4;NBKM4;GARAGE4;MARQUE5;CYLINDREE5;MODELE5;SEGMENT5;SIDE5;ANMISECIRCU5;ASS5;FREQ5;USAGE5;NBKM5;GARAGE5;NBKMTOT;PERMIS1;PERMIS2;PERMIS3;PERMIS4;PERMIS5;PERMIS6;PERMIS7;PERMIS8;PERMIS9;ANPERMIS1;ANPERMIS6;ANPERMIS7;ANPERMIS2;ANPERMIS3;ANPERMIS8;ANPERMIS9;ANPERMIS4;ANPERMIS5
1202;3894;398;1;0;4;;;;;;0;6;;;;;;0;4;;;;;;0;2;;;;;;0;5;;;;;;0;3;;;;;;0;5;;;;;;1;4;2009;;;;;0;5;;;;;;0;5;;;;;;0;6;;;;;;0;2;;;;;;0;2;;;;;;0;3;;;;;;0;;;;;;;;;;;;;;;;;;;0;0;8;1;36;8;2009;;2009;Vous avez fait une sortie de route, une perte de contrôle ou une glissade puis avez percuté un obstacle fixe (panneau, arbre poteau …).;3;;;;;;;Chute classique , inévitable , imparable : gasoil répandu dans un rond-point . La roue avant est partie instantanément , heureusement j'ai glissé en étant dégagé de la moto et je n'ai pas rencontré d'obstacle  Bilan : hématome a la cuisse et moto limite épave vue son année . J'étais bien équipé , casque , gants , blouson cuir , bottes , tout était râpé . Le carburant sur la chaussée est la hantise du motard. Je ne comprend pas pourquoi les camions ne sont pas équipés de clapet anti débordement comme sur les voiture actuelles. Cela devrait être obligatoire pour la sécurité de tous car on nous impose bien de porté un gilet jaune à bord de nos véhicules . Il faudrait l'imposer aux constructeurs ou aux fabricants de réservoirs et d'équiper les véhicules moins récents d'un kit. Lorsqu'il fait beau, on arrives à s'apercevoir de la présence de carburant sur la chaussée et même le sentir , mais quand il pleut ......;Comme expliqué ci-avant , carburant de type gazoil répandue sur la circonférence d'un rond-point.;Aucunes réactions de ma part car comme expliqué au début, la chute était inévitable. J'ai seulement eu la présence d'esprit de me désolidariser de la moto . Une personne m'a aidé à relevé la moto après m'avoir demandé si tout allait bien et j'ai pu repartir avec le guidon tordu et quelques commandes cassées , j'étais près de chez moi.;2;0;;;Car aucune réaction n'est possible dans cette circonstance. On ne peut que subir.;2;0;;;;;;2;6;;;;;;;1;;;;2;;NRP;3;3;;;1;1;4;4;2;1;1;1;1;5;4;4;4;10;;;;;;;;;2;;;;;;;;;2;2;;2;1;1;1;0;100;0;0;0;2;;;;;;1;6;;;;2;1;7;;;;;;;0;;2;2;3;;0;35;1;10;2;3;4;7;;;;;4;4;4;4;4;4;KAWASAKI;650;VERSYS;ROADSTER;2;0;1;1;1;1;1;0;1;1;1;25000;12;3;1;ZUNDAPP;50;KS (CYCLO);ROADSTER;2;4;4;24MAR1960;5;2;3;2;3;4;1;NRP;;;;3;0;0;1;0;1;KAWASAKI;650;VERSYS ABS;ROADSTER;2;2007;25;1;2;10000;AUT|appentis ( dans propriété );;;;;;;;;;;;;;;;;;;;;;;;;;;;;;;;;;;;;;;;;;;;;10000;2;3;4;;;;;;;NRP;NRP;NRP;1979;2006;NRP;NRP;1979;NRP
126;3897;;1;0;4;;;;;;0;4;;;;;;0;4;;;;;;0;2;;;;;;1;6;1982;;;;;0;2;;;;;;0;3;;;;;;2;4;1976;1978;;;;2;5;1975;1977;;;;0;5;;;;;;0;5;;;;;;0;4;;;;;;1;1;1978;;;;;1;1;1976;;;;;1;2;2006;2007;;;;Maureillas;Le Boulou;;;;A l'arrêt dans une file de voiture, alors que la voiture devant moi a démarré, celle de derrière aussi et la moto s'est retrouvé sous la voiture alors que moi j'ai fait une roulade.;Arrêté au cédez le passage à la hauteur de la portière de la conductrice d'une voiture que je suivais depuis plusieurs kilomètre,j'ai tenté de la prévenir que ses feux stop restaient allumés en permanence. Apparemment,elle avait ne voyait pas bien, et m'a accroché le repose pied droit en voulant partir.(Accident survenu presqu'un an jour pour jour après le précédent!);;;;0;0;3;3;36;1;71;15;2006;Maureillas;;;;;;;;;;;;;;;;;;;;;;;;;;;;;;;;;;;;;;;;;;;;;;;;;;;;;;;;;;;;;;;;;;;;;;;;;;;;;;;;;;;;;;;;;;;;;;;;;;;;;;;;;;;;;;;;;;;;;;;;;;;;;;;;;;;;;;;;;;;;;;;;;;;;;;;;;;;;;24AUG1960;11;1;3;2;1;1;;NRP;;;;1;0;0;1;0;1;BMW;800;F800ST;Routière / GT;2;2006;37;3;1;10000;4;;;;;;;;;;;;;;;;;;;;;;;;;;;;;;;;;;;;;;;;;;;;;10000;2;3;4;;;;;;;NRP;NRP;NRP;1976;1979;NRP;NRP;1978;NRP
1736;3900;;1;0;4;;;;;;0;4;;;;;;0;5;;;;;;0;3;;;;;;0;4;;;;;;0;4;;;;;;0;4;;;;;;0;4;;;;;;0;5;;;;;;0;2;;;;;;0;5;;;;;;0;2;;;;;;1;4;2000;;;;;0;3;;;;;;0;;;;;;;;;;;;;;;;;;;3;0;10;1;61;13;2000;;;;;;;;;;;;;;;;;;;;;;;;;;;;;;;;;;;;;;;;;;;;;;;;;;;;;;;;;;;;;;;;;;;;;;;;;;;;;;;;;;;;;;;;;;;;;;;;;;;;;;;;;;;;;;;;;;;;;;;;;;;;;;;;;;;;;;;;;;;;;;;;;;;;;;;;;;;;;;15APR1983;6;1;3;2;3;5;0;NRP;;;;4;0;0;1;0;1;TRIUMPH;955;SPRINT RS;Routière / GT;2;2001;37;4;1;3000;7;;;;;;;;;;;;;;;;;;;;;;;;;;;;;;;;;;;;;;;;;;;;;3000;1;2;3;4;;;;;;1997;NRP;NRP;2001;2006;NRP;NRP;2001;NRP
768;3901;;1;0;2;;;;;;0;2;;;;;;0;4;;;;;;0;2;;;;;;0;3;;;;;;0;3;;;;;;0;3;;;;;;0;3;;;;;;1;3;2005;;;;;0;2;;;;;;0;3;;;;;;0;2;;;;;;0;3;;;;;;0;2;;;;;;1;1;2005;;;;;2007;;;;;A un feu, une voiture ne m'a pas vu et s'est mise à reculer sur moi pour pouvoir changer de file. Nous étions à l'arrêt mais elle m'a fait chuté et m'a plié la fourche...;;;;;0;0;6;8;0;1;41;9;2005;;;;;;;;;;;;;;;;;;;;;;;;;;;;;;;;;;;;;;;;;;;;;;;;;;;;;;;;;;;;;;;;;;;;;;;;;;;;;;;;;;;;;;;;;;;;;;;;;;;;;;;;;;;;;;;;;;;;;;;;;;;;;;;;;;;;;;;;;;;;;;;;;;;;;;;;;;;;;;10DEC1976;7;2;3;2;2;3;;NRP;;;;2;0;1;1;0;1;SYM;125;GTS;SCOOTER;2;2007;10;1;2;7500;1;;;;;;;;;;;;;;;;;;;;;;;;;;;;;;;;;;;;;;;;;;;;;7500;2;3;4;;;;;;;NRP;NRP;NRP;1995;1995;NRP;NRP;1995;NRP
79;3902;;1;0;5;;;;;;0;5;;;;;;0;4;;;;;;1;4;1994;;;;;0;5;;;;;;0;5;;;;;;0;4;;;;;;0;6;;;;;;2;6;1996;1998;;;;0;6;;;;;;0;6;;;;;;0;5;;;;;;0;3;;;;;;0;6;;;;;;0;;;;;;;;;;;;;;;;;;;0;0;21;1;16;4;1994;;;;;;;;;;;;;;;;;;;;;;;;;;;;;;;;;;;;;;;;;;;;;;;;;;;;;;;;;;;;;;;;;;;;;;;;;;;;;;;;;;;;;;;;;;;;;;;;;;;;;;;;;;;;;;;;;;;;;;;;;;;;;;;;;;;;;;;;;;;;;;;;;;;;;;;;;;;;;;16JAN1973;7;1;3;1;1;1;;NRP;;;;1;0;0;1;0;2;SUZUKI;750;GSX-R;SPORTIVE;2;1991;37;3;2;2000;7;BMW;1150;R1150RT;Routière / GT;2;1996;40;1;3;15000;6;;;;;;;;;;;;;;;;;;;;;;;;;;;;;;;;;;17000;3;4;;;;;;;;NRP;NRP;NRP;NRP;1994;NRP;NRP;1991;NRP
1229;3905;;1;1;3;1995;;;;;0;3;;;;;;1;6;1998;;;;;0;2;;;;;;0;5;;;;;;0;3;;;;;;0;2;;;;;;0;4;;;;;;1;5;2000;;;;;0;2;;;;;;1;5;1996;;;;;0;5;;;;;;0;3;;;;;;0;3;;;;;;0;;;;;;;;;;;;;;;;;;;5;0;20;1;51;11;1996;;;;;;;;;;;;;;;;;;;;;;;;;;;;;;;;;;;;;;;;;;;;;;;;;;;;;;;;;;;;;;;;;;;;;;;;;;;;;;;;;;;;;;;;;;;;;;;;;;;;;;;;;;;;;;;;;;;;;;;;;;;;;;;;;;;;;;;;;;;;;;;;;;;;;;;;;;;;;;14NOV1963;5;1;3;2;4;4;2;NRP;;;;1;0;0;1;0;1;HONDA;1100;PAN EUROPEAN;Routière / GT;2;1993;37;1;2;10000;7;;;;;;;;;;;;;;;;;;;;;;;;;;;;;;;;;;;;;;;;;;;;;10000;4;3;;;;;;;;NRP;NRP;NRP;NRP;1995;NRP;NRP;1982;NRP
2024;3906;;0;;;;;;;;;;;;;;;;;;;;;;;;;;;;;;;;;;;;;;;;;;;;;;;;;;;;;;;;;;;;;;;;;;;;;;;;;;;;;;;;;;;;;;;;;;;;;;;;;;;;;;;;;;;;;;;;;;;;;;;;;;;;;;;;;;;;;;;;;;;;;;;;;;;;;;;;;;;;;;;;;;;;;;;;;;;;;;;;;;;;;;;;;;;;;;;;;;;;;;;;;;;;;;;;;;;;;;;;;;;;;;;;;;;;;;;;;;;;;;;;;;;;;;;;;;;;;;;;;;;;;;;;;;;;;;;;;;;;;;;;;;10NOV1964;8;1;3;2;4;4;2;NRP;;;;2;0;0;1;0;1;BMW;1200;K1200S;Routière / GT;2;2005;37;3;1;8000;7;;;;;;;;;;;;;;;;;;;;;;;;;;;;;;;;;;;;;;;;;;;;;8000;3;4;;;;;;;;NRP;NRP;NRP;NRP;1996;NRP;NRP;1983;NRP
1806;3908;;0;;;;;;;;;;;;;;;;;;;;;;;;;;;;;;;;;;;;;;;;;;;;;;;;;;;;;;;;;;;;;;;;;;;;;;;;;;;;;;;;;;;;;;;;;;;;;;;;;;;;;;;;;;;;;;;;;;;;;;;;;;;;;;;;;;;;;;;;;;;;;;;;;;;;;;;;;;;;;;;;;;;;;;;;;;;;;;;;;;;;;;;;;;;;;;;;;;;;;;;;;;;;;;;;;;;;;;;;;;;;;;;;;;;;;;;;;;;;;;;;;;;;;;;;;;;;;;;;;;;;;;;;;;;;;;;;;;;;;;;;;;20JUN1982;5;1;3;2;4;4;2;NRP;;;;1;0;0;2;0;2;SUZUKI;1000;SV-S;SPORTIVE;2;2004;23;1;2;20000;7;KAWASAKI;125;KDX;TRAIL / SUPERMOTARD;2;1998;37;4;1;100;7;;;;;;;;;;;;;;;;;;;;;;;;;;;;;;;;;;20100;2;3;4;;;;;;;NRP;NRP;NRP;2000;2006;NRP;NRP;2000;NRP
1371;3910;;1;0;4;;;;;;0;5;;;;;;0;5;;;;;;0;2;;;;;;0;3;;;;;;0;2;;;;;;0;2;;;;;;0;3;;;;;;1;5;NSP;;;;;0;4;;;;;;0;4;;;;;;1;4;NSP;;;;;0;4;;;;;;0;2;;;;;;1;2;NSP;NSP;;;;Paris;Paris;;;;Percuté par l'arrière par une voiture.;Chute à l'arrêt/Perte d'équilibre.;;;;0;0;6;15;25;1;71;15;;Paris;;;;;;;;;;;;;;;;;;;;;;;;;;;;;;;;;;;;;;;;;;;;;;;;;;;;;;;;;;;;;;;;;;;;;;;;;;;;;;;;;;;;;;;;;;;;;;;;;;;;;;;;;;;;;;;;;;;;;;;;;;;;;;;;;;;;;;;;;;;;;;;;;;;;;;;;;;;;;26APR1958;6;1;3;2;1;1;;NRP;;;;0;0;1;1;0;2;YAMAHA;250;X-MAX;SCOOTER;2;2007;37;2;2;3500;4;YAMAHA;1300;FJR (SANS VALISE);Routière / GT;2;2010;37;2;2;8000;4;;;;;;;;;;;;;;;;;;;;;;;;;;;;;;;;;;11500;2;3;4;;;;;;;NRP;NRP;NRP;1978;1984;NRP;NRP;1978;NRP
1697;3911;;1;0;4;;;;;;0;4;;;;;;0;3;;;;;;0;2;;;;;;1;5;1996;;;;;0;2;;;;;;0;5;;;;;;0;4;;;;;;0;5;;;;;;0;3;;;;;;0;4;;;;;;0;4;;;;;;0;3;;;;;;0;2;;;;;;0;;;;;;;;;;;;;;;;;;;0;0;20;1;21;5;1996;;;;;;;;;;;;;;;;;;;;;;;;;;;;;;;;;;;;;;;;;;;;;;;;;;;;;;;;;;;;;;;;;;;;;;;;;;;;;;;;;;;;;;;;;;;;;;;;;;;;;;;;;;;;;;;;;;;;;;;;;;;;;;;;;;;;;;;;;;;;;;;;;;;;;;;;;;;;;;02JUL1972;5;1;3;2;4;4;2;NRP;;;;2;0;0;1;0;1;HONDA;800;VFR-F;Routière / GT;2;1999;37;3;1;5000;7;;;;;;;;;;;;;;;;;;;;;;;;;;;;;;;;;;;;;;;;;;;;;5000;3;4;;;;;;;;NRP;NRP;NRP;NRP;1995;NRP;NRP;1990;NRP
1378;3914;;1;1;5;2014;;;;;0;5;;;;;;0;5;;;;;;0;2;;;;;;0;3;;;;;;0;5;;;;;;0;2;;;;;;0;6;;;;;;0;2;;;;;;0;3;;;;;;0;4;;;;;;0;4;;;;;;0;4;;;;;;0;3;;;;;;0;;;;;;;;;;;;;;;;;;;2;0;12;1;1;1;2014;;;;;;;;;;;;;;;;;;;;;;;;;;;;;;;;;;;;;;;;;;;;;;;;;;;;;;;;;;;;;;;;;;;;;;;;;;;;;;;;;;;;;;;;;;;;;;;;;;;;;;;;;;;;;;;;;;;;;;;;;;;;;;;;;;;;;;;;;;;;;;;;;;;;;;;;;;;;;;17AUG1960;4;1;3;2;5;4;3;NRP;;;;1;0;0;2;0;2;KAWASAKI;1400;ZZR ABS;Routière / GT;2;2007;37;1;1;25000;7;HONDA;650;DEAUVILLE;Routière / GT;2;2002;37;3;1;1000;7;;;;;;;;;;;;;;;;;;;;;;;;;;;;;;;;;;26000;3;4;;;;;;;;NRP;NRP;NRP;NRP;1979;NRP;NRP;1983;NRP
1180;3915;;1;0;4;;;;;;0;4;;;;;;1;5;2011;;;;;0;2;;;;;;0;4;;;;;;0;4;;;;;;0;4;;;;;;0;3;;;;;;0;4;;;;;;0;2;;;;;;0;4;;;;;;0;3;;;;;;0;5;;;;;;0;5;;;;;;0;;;;;;;;;;;;;;;;;;;3;0;22;1;11;3;2011;;;;;;;;;;;;;;;;;;;;;;;;;;;;;;;;;;;;;;;;;;;;;;;;;;;;;;;;;;;;;;;;;;;;;;;;;;;;;;;;;;;;;;;;;;;;;;;;;;;;;;;;;;;;;;;;;;;;;;;;;;;;;;;;;;;;;;;;;;;;;;;;;;;;;;;;;;;;;;18SEP1962;5;1;3;2;2;3;;NRP;;;;1;0;0;2;0;2;BMW;1000;R100RT;Routière / GT;2;1996;37;2;3;10000;4;BMW;1150;R1150RT;Routière / GT;2;2004;37;1;2;20000;4;;;;;;;;;;;;;;;;;;;;;;;;;;;;;;;;;;30000;3;4;;;;;;;;NRP;NRP;NRP;NRP;1991;NRP;NRP;1981;NRP
620;3916;;1;0;6;;;;;;1;6;2000;;;;;0;4;;;;;;0;4;;;;;;0;4;;;;;;0;4;;;;;;0;3;;;;;;0;3;;;;;;0;4;;;;;;0;3;;;;;;0;4;;;;;;0;3;;;;;;0;5;;;;;;0;3;;;;;;1;1;1994;;;;;Paris;;;;;En tournant à gauche a un carrefour avec feux tricolore, un vélo à griller le feu en face puis est venu me percuter au moment où je m'engageais pour tourner;;;;;0;0;5;0;26;1;6;2;2000;;;;;;;;;;;;;;;;;;;;;;;;;;;;;;;;;;;;;;;;;;;;;;;;;;;;;;;;;;;;;;;;;;;;;;;;;;;;;;;;;;;;;;;;;;;;;;;;;;;;;;;;;;;;;;;;;;;;;;;;;;;;;;;;;;;;;;;;;;;;;;;;;;;;;;;;;;;;;;09JUN1965;5;1;3;2;4;4;2;NRP;;;;1;2;0;1;0;1;YAMAHA;600;THUNDER CAT (YZF-R);Routière / GT;2;2001;37;1;3;4000;7;;;;;;;;;;;;;;;;;;;;;;;;;;;;;;;;;;;;;;;;;;;;;4000;2;3;4;;;;;;;NRP;NRP;NRP;1989;1990;NRP;NRP;1983;NRP
1914;3917;;1;0;5;;;;;;0;4;;;;;;0;4;;;;;;0;3;;;;;;0;5;;;;;;0;4;;;;;;0;2;;;;;;0;5;;;;;;0;1;;;;;;0;5;;;;;;0;5;;;;;;0;2;;;;;;1;3;1983;;;;;0;4;;;;;;0;;;;;;;;;;;;;;;;;;;2;2;15;1;61;13;1983;;;;;;;;;;;;;;;;;;;;;;;;;;;;;;;;;;;;;;;;;;;;;;;;;;;;;;;;;;;;;;;;;;;;;;;;;;;;;;;;;;;;;;;;;;;;;;;;;;;;;;;;;;;;;;;;;;;;;;;;;;;;;;;;;;;;;;;;;;;;;;;;;;;;;;;;;;;;;;29JUN1965;7;1;3;2;3;4;1;NRP;;;;2;0;0;2;0;2;SUZUKI;1200;BANDIT-N;ROADSTER;2;1998;37;2;2;2500;7;YAMAHA;1000;XVSE;CUSTOM;2;1983;29;3;1;1000;7;;;;;;;;;;;;;;;;;;;;;;;;;;;;;;;;;;3500;9;4;2;;;;;;;NRP;NRP;NRP;1982;NRP;NRP;1983;1983;NRP
74;3918;;0;;;;;;;;;;;;;;;;;;;;;;;;;;;;;;;;;;;;;;;;;;;;;;;;;;;;;;;;;;;;;;;;;;;;;;;;;;;;;;;;;;;;;;;;;;;;;;;;;;;;;;;;;;;;;;;;;;;;;;;;;;;;;;;;;;;;;;;;;;;;;;;;;;;;;;;;;;;;;;;;;;;;;;;;;;;;;;;;;;;;;;;;;;;;;;;;;;;;;;;;;;;;;;;;;;;;;;;;;;;;;;;;;;;;;;;;;;;;;;;;;;;;;;;;;;;;;;;;;;;;;;;;;;;;;;;;;;;;;;;;;;22JAN1948;9;1;3;2;3;4;1;NRP;;;;1;1;1;0;0;1;KYMCO;125;GRAND DINK;SCOOTER;2;2003;37;2;1;1000;7;;;;;;;;;;;;;;;;;;;;;;;;;;;;;;;;;;;;;;;;;;;;;1000;4;;;;;;;;;NRP;NRP;NRP;NRP;NRP;NRP;NRP;1968;NRP
1835;3922;;0;;;;;;;;;;;;;;;;;;;;;;;;;;;;;;;;;;;;;;;;;;;;;;;;;;;;;;;;;;;;;;;;;;;;;;;;;;;;;;;;;;;;;;;;;;;;;;;;;;;;;;;;;;;;;;;;;;;;;;;;;;;;;;;;;;;;;;;;;;;;;;;;;;;;;;;;;;;;;;;;;;;;;;;;;;;;;;;;;;;;;;;;;;;;;;;;;;;;;;;;;;;;;;;;;;;;;;;;;;;;;;;;;;;;;;;;;;;;;;;;;;;;;;;;;;;;;;;;;;;;;;;;;;;;;;;;;;;;;;;;;;12APR1960;7;1;3;2;6;4;4;NRP;;;;2;1;0;1;0;1;HONDA;1200;GOLD WING  DX;Routière / GT;2;1984;37;2;1;9000;7;;;;;;;;;;;;;;;;;;;;;;;;;;;;;;;;;;;;;;;;;;;;;9000;2;3;4;;;;;;;NRP;NRP;NRP;1976;1978;NRP;NRP;1978;NRP
1046;3923;194;1;0;5;;;;;;0;4;;;;;;1;4;1970;;;;;1;4;1977;;;;;0;4;;;;;;0;4;;;;;;0;4;;;;;;0;4;;;;;;2;4;1975;1992;;;;0;4;;;;;;0;5;;;;;;0;3;;;;;;0;3;;;;;;0;4;;;;;;0;;;;;;;;;;;;;;;;;;;4;0;45;1;16;4;1977;;1977;Vous circuliez derrière un véhicule. Vous avez entrepris de dépasser ce véhicule par la droite et celui-ci vous a coupé la route en tournant à droite.;4;;;;;;;Je suivais un camion de carrière de 19 tonnes qui arrivait à une intersection en ville de Cournon 63 cette intersection comportait un couloir de présélection au milieu de la chaussée pour les véhicules devant tourner à gauche. Le chauffeur mit son clignotant à gauche pour se placer dans ce couloir et une fois placé,au moment où j'accélérais pour le passer sur ma file donc à sa droite,il inversa son clignotant en même temps qu'il se mit à tourner à droite et de fait me coupa la route ou je ne pu freiner efficacement cet endroit étant recouvert d'une fine couche de sable probablement tombé d'autres bennes car il y avait sur cette route une forte circulation de ces camions de carrières.Je dérapais donc et fus obligé de coucher la moto pour éviter de percuter la benne du camion. Aprés une glissade de quelques mètres je me retrouvais coincé par le bras droit sous une des roues arrière du camion ainsi que mon épouse elle coincée plus sérieusement par une jambe qui était passée entre les deux roue jumelées du camion. Dieu merci le chauffeur avait entendu mon klaxon et stoppé immédiatement son camion en travers de la route;les deux changements de direction simultanés du camion,le sable sur la chaussée et certainement la non utilisation des rétroviseurs par le chauffeur du poids lourd.;Freinage immédiat en klaxonnant , et roue avant en dérapage droit puis le choc étant inévitable j'ai couché ma moto sur son flanc gauche. Le chauffeur a pilé dés qu'il a entendu le klaxon.;NRP;0;;;cette manoeuvre du camion était parfaitement imprévisible car je n'ai perçu de l'arrière que la mise du clignotant gauche et le dégagement de la voie sur laquelle je roulais.;2;0;;;;;;2;3;;;;;;;1;2;;;;;cette manoeuvre était pour moi incompréhensible.;4;3;;;1;1;3;4;1;1;1;1;3;3;4;4;4;5;;;;;;;;;1;3;5;;;;;;;2;2;;2;1;1;1;0;90;0;10;0;2;;;;;;2;1;4;;;2;0;;;;;;;;;;1;1;3;;1;45;1;2;3;4;9;;;;;;4;4;4;4;4;4;KAWASAKI;1000;Z1R;ROADSTER;2;1;1;1;1;1;1;1;1;1;1;22000;12;3;1;HONDA;500;CB;ROADSTER;2;4;4;19NOV1950;9;2;3;2;2;3;;NRP;;;;3;1;0;1;0;2;KAWASAKI;1400;ZZR;Routière / GT;2;2011;29;2;1;16000;7;MBK;50;MAGNUM;ROADSTER;2;1990;38;4;1;500;7;;;;;;;;;;;;;;;;;;;;;;;;;;;;;;;;;;16500;3;4;;;;;;;;NRP;NRP;NRP;NRP;1969;NRP;NRP;1969;NRP
1868;3924;;1;0;4;;;;;;0;4;;;;;;0;6;;;;;;0;1;;;;;;0;6;;;;;;0;5;;;;;;0;4;;;;;;0;4;;;;;;2;6;2006;2011;;;;0;2;;;;;;0;4;;;;;;0;4;;;;;;1;6;1992;;;;;0;2;;;;;;1;1;2008;;;;;boulogne billan;;;;;je circulait sur une voie entre 2 véhicules en centre ville. un scooter qui remontait la file par la gauche en zigzaguant s'est rabattu sur moi pour éviter un véhicule venant en sens inverse. il a accroché mon guidon, provoquant une chute à faible vitesse, sans dommages à part mon amour propre...;;;;;0;0;6;20;12;1;61;13;1992;;;;;;;;;;;;;;;;;;;;;;;;;;;;;;;;;;;;;;;;;;;;;;;;;;;;;;;;;;;;;;;;;;;;;;;;;;;;;;;;;;;;;;;;;;;;;;;;;;;;;;;;;;;;;;;;;;;;;;;;;;;;;;;;;;;;;;;;;;;;;;;;;;;;;;;;;;;;;;04AUG1975;3;1;3;1;5;4;3;NRP;;;;2;0;1;1;0;2;MOTO GUZZI;1200;SPORT;ROADSTER;2;2007;37;3;1;10000;4;YAMAHA;125;X-MAX;SCOOTER;2;2009;16;1;2;10000;4;;;;;;;;;;;;;;;;;;;;;;;;;;;;;;;;;;20000;2;3;4;;;;;;;NRP;NRP;NRP;1995;2003;NRP;NRP;1995;NRP
1349;3925;;1;0;5;;;;;;0;6;;;;;;0;6;;;;;;0;5;;;;;;0;5;;;;;;0;5;;;;;;0;1;;;;;;0;5;;;;;;2;5;2008;2009;;;;0;2;;;;;;0;2;;;;;;0;2;;;;;;0;5;;;;;;0;4;;;;;;1;1;2014;;;;;paris;;;;;percuté par l'arrière à l'arrêt à un feu rouge.;;;;;0;0;0;2;5;1;71;15;2014;paris;;;;;;;;;;;;;;;;;;;;;;;;;;;;;;;;;;;;;;;;;;;;;;;;;;;;;;;;;;;;;;;;;;;;;;;;;;;;;;;;;;;;;;;;;;;;;;;;;;;;;;;;;;;;;;;;;;;;;;;;;;;;;;;;;;;;;;;;;;;;;;;;;;;;;;;;;;;;;01JAN1984;5;2;3;2;3;4;1;NRP;;;;0;0;1;0;0;1;YAMAHA;500;T-MAX IE ABS;SCOOTER;2;2009;31;1;2;8000;1;;;;;;;;;;;;;;;;;;;;;;;;;;;;;;;;;;;;;;;;;;;;;8000;4;3;;;;;;;;NRP;NRP;NRP;NRP;2010;NRP;NRP;2002;NRP