Ligne;Ligne Q qualif;Ligne approfondissement Accident;ACCIDENT;NBACC1;ACCFREQUENCE1;ANNEEACC1_1;ANNEEACC1_2;ANNEEACC1_3;ANNEEACC1_4;ANNEEACC1_5;NBACC2;ACCFREQUENCE2;ANNEEACC2_1;ANNEEACC2_2;ANNEEACC2_3;ANNEEACC2_4;ANNEEACC2_5;NBACC3;ACCFREQUENCE3;ANNEEACC3_1;ANNEEACC3_2;ANNEEACC3_3;ANNEEACC3_4;ANNEEACC3_5;NBACC4;ACCFREQUENCE4;ANNEEACC4_1;ANNEEACC4_2;ANNEEACC4_3;ANNEEACC4_4;ANNEEACC4_5;NBACC5;ACCFREQUENCE5;ANNEEACC5_1;ANNEEACC5_2;ANNEEACC5_3;ANNEEACC5_4;ANNEEACC5_5;NBACC6;ACCFREQUENCE6;ANNEEACC6_1;ANNEEACC6_2;ANNEEACC6_3;ANNEEACC6_4;ANNEEACC6_5;NBACC7;ACCFREQUENCE7;ANNEEACC7_1;ANNEEACC7_2;ANNEEACC7_3;ANNEEACC7_4;ANNEEACC7_5;NBACC8;ACCFREQUENCE8;ANNEEACC8_1;ANNEEACC8_2;ANNEEACC8_3;ANNEEACC8_4;ANNEEACC8_5;NBACC9;ACCFREQUENCE9;ANNEEACC9_1;ANNEEACC9_2;ANNEEACC9_3;ANNEEACC9_4;ANNEEACC9_5;NBACC10;ACCFREQUENCE10;ANNEEACC10_1;ANNEEACC10_2;ANNEEACC10_3;ANNEEACC10_4;ANNEEACC10_5;NBACC11;ACCFREQUENCE11;ANNEEACC11_1;ANNEEACC11_2;ANNEEACC11_3;ANNEEACC11_4;ANNEEACC11_5;NBACC12;ACCFREQUENCE12;ANNEEACC12_1;ANNEEACC12_2;ANNEEACC12_3;ANNEEACC12_4;ANNEEACC12_5;NBACC13;ACCFREQUENCE13;ANNEEACC13_1;ANNEEACC13_2;ANNEEACC13_3;ANNEEACC13_4;ANNEEACC13_5;NBACC14;ACCFREQUENCE14;ANNEEACC14_1;ANNEEACC14_2;ANNEEACC14_3;ANNEEACC14_4;ANNEEACC14_5;AUTRESACC;NBAUTRESACC;ANNEEAUTREACC1;ANNEEAUTREACC2;ANNEEAUTREACC3;ANNEEAUTREACC4;ANNEEAUTREACC5;LIEUAUTREACC1;LIEUAUTREACC2;LIEUAUTREACC3;LIEUAUTREACC4;LIEUAUTREACC5;DESCRIPTIONAUTRESACC1;DESCRIPTIONAUTRESACC2;DESCRIPTIONAUTRESACC3;DESCRIPTIONAUTRESACC4;DESCRIPTIONAUTRESACC5;NBAUTRESACCCIRCUIT;NBAUTRESTOUTTERRAIN;EXPCYCLO;EXP125;EXPSUP125;ACCORDNEXTQ;CHOIXACC;RGPMTACC;RECUPANNEE;RECUPLIEU;RECUPANNE;RGPMTAC;CHOIX1;CHOIX2;CHOIX3;CHOIX4;CHOIX5;CHOIX6;CHOIX7;DESCRIPTION;RUPTURE;FAITS;ABS_REACTION;AUTRE_REACTION;PRECISIONREACTIONOUI;RECUL;PRECISIONREACTIONNON;IMPACTCOMPORTEMENT;AUTREUSAGER;REACTIONAUTREUSAGER;CONNAISSANCEREACTIONUSAGER;DIFFICULTES;AGGRAVATION;DIFFICULTES2;EMOTIONS1;EMOTIONS2;EMOTIONS3;EMOTIONS4;EMOTIONS5;EMOTIONS6;AUTRESENTIMENT;CLASSEMENTEMOTIONS1;CLASSEMENTEMOTIONS;CLASSEMENTEMOTIONS5;CLASSEMENTEMOTIONS6;CLASSEMENTEMOTIONS7;CLASSEMENTEMOTIONS8;CLASSEMENTEMOTIONS9;EXPLICATIONRESSENTI;BIENEQUIPE;ALLURE;ALLUREVITEDETAIL;ALLURELENTEDETAIL;SITUATIONPRESSE;SITUATIONDISTRAIT;SITUATIONCONFIANT;SITUATIONCONTROLE;SITUATIONLUDIQUE;SITUATIONPERF;SITUATIONSTRESS;SITUATIONFATIGUE;HUMEURNEUTRE;HUMEURGAI;HUMEURMECONTENT;HUMEURTRISTE;HUMEURCOLERE;CONTRIBUTION1;CONTRIBUTION2;CONTRIBUTION3;CONTRIBUTION4;CONTRIBUTION5;CONTRIBUTION6;CONTRIBUTION7;CONTRIBUTION8;CONTRIBUTION9;ROLEINFRA;ELEMENTINFRA1;ELEMENTINFRA2;ELEMENTINFRA3;ELEMENTINFRA4;ELEMENTINFRA5;ELEMENTINFRA6;ELEMENTINFRA7;ELEMENTINFRA8;ELEMENTINFRA9;ALCOOL;TXALCOOL;STUP;SEMAINE;MOMENTJOURNEE;TEMPS;CAUSEACC1;CAUSEACC2;CAUSEACC3;CAUSEACC4;CAUSEACC5;FORMATIONCAUSE;FORMATION1;FORMATION2;FORMATION3;FORMATION4;FORMATION5;TRAFIC;CHAUSSEE1;CHAUSSEE2;CHAUSSEE3;CHAUSSEE4;TYPEACC;BLESSURE;TETE;COU;THORAX;MEMBRESSUP;COLONNE;BASSIN;MEMBRESINF;HOPITAL;PLUS24H;TRAJET;TYPEROUTE;MOTIF;SENSTRAJET;PASSAGER;VITESSE;DESCEQ1;DESCEQ2;DESCEQ3;DESCEQ4;DESCEQ5;DESCEQ6;DESCEQ7;DESCEQ8;DESCEQ9;DESCEQ10;VEHICULEETE;VEHICULEAUTOMNE;VEHICULEPRINTEMPS;VEHICULEHIVER;VEHICULESEMAINE;VEHICULEWE;VEHMARQUE;VEHCYLINDREE;VEHMODELE;VEHSEGMENT;VEHSIDE;EQ2RMABS;EQ2RMCBS;EQ2RMABSCBS;EQ2RMREGULATEUR;EQ2RMLIMITEUR;EQ2RMPHARESDIRECT;EQ2RMCOUPURE;EQ2RMANTIPATINAGE;EQ2RMANTIXHEELING;EQ2RMSTABILILTE;VEHKM;POINTS;DUREE;AUTRE2RM;VEHPRECMARQUE;VEHPRECCYLINDREE;VEHPRECMODELE;VEHPRECSEGMENT;VEHPRECSIDE;TEMPS2RMPREC;FREQVEHPREC;DATE_NAISS;CSP;SOCIETAIRE;SALARIE;SECTEUR2RM;NBPERSFOYER;SITFAM;NBENF;TRNBENF1;TRNBENF2;TRNBENF3;TRNBENF4;NBAUTOFOYER;NBCYCLOFOYER;NBSCOOTFOYER;NBMOTOFOYER;NBTRIKEFOYER;NB2RMCONDUIT;MARQUE1;CYLINDREE1;MODELE1;SEGMENT1;SIDE1;ANMISECIRCU1;ASS1;FREQ1;USAGE1;NBKM1;GARAGE1;MARQUE2;CYLINDREE2;MODELE2;SEGMENT2;SIDE2;ANMISECIRCU2;ASS2;FREQ2;USAGE2;NBKM2;GARAGE2;MARQUE3;CYLINDREE3;MODELE3;SEGMENT3;SIDE3;ANMISECIRCU3;ASS3;FREQ3;USAGE3;NBKM3;GARAGE3;MARQUE4;CYLINDREE4;MODELE4;SEGMENT4;SIDE4;ANMISECIRCU4;ASS4;FREQ4;USAGE4;NBKM4;GARAGE4;MARQUE5;CYLINDREE5;MODELE5;SEGMENT5;SIDE5;ANMISECIRCU5;ASS5;FREQ5;USAGE5;NBKM5;GARAGE5;NBKMTOT;PERMIS1;PERMIS2;PERMIS3;PERMIS4;PERMIS5;PERMIS6;PERMIS7;PERMIS8;PERMIS9;ANPERMIS1;ANPERMIS6;ANPERMIS7;ANPERMIS2;ANPERMIS3;ANPERMIS8;ANPERMIS9;ANPERMIS4;ANPERMIS5
468;3988;79;1;0;2;;;;;;0;2;;;;;;0;2;;;;;;0;2;;;;;;0;2;;;;;;0;3;;;;;;0;1;;;;;;0;2;;;;;;1;4;2007;;;;;1;2;2011;;;;;0;2;;;;;;0;3;;;;;;1;2;2014;;;;;0;2;;;;;;0;;;;;;;;;;;;;;;;;;;6;2;8;1;61;13;2014;;2014;Vous circuliez derrière un véhicule. Ce véhicule a freiné ou a ralenti et vous l’avez percuté par l’arrière.;3;6;;;;;;"En vacances en Croatie, sur la  route côtière, nous circulions avec mon amie peu après Split en direction de Dubrovnik.  Alors que nous revenions aux motos après avoir visité Split, je me suis apperçu qu'on m'avait volé mon blouson et mes gants que j'avais laissé sécurisés (pas assez faut-il croire) sur la moto. C'est donc assez pertubé et déstabilisé que nous avons repris notre route : le samedi après-midi les magasins sont fermés. C'est donc en T-shirt et mains nues que j'ai repris la route et l'esprit bien occupé en me questionnant sur la manière dont j'allai pouvoir solutionner cela ! A peine deux heures après c'est dans cet ""état second"" que j'ai percuté la voiture qui me précédait et qui avait freiné. IL a fallu palabrer en anglais pendant plus de deux heures avec le chauffeur de la voiture et ensuite les flics croates. Payer une amende (eh oui, quand vous avez un accident et que vous êtes en tort vous avez une amende en Croatie ...) légale ou non : j'ai eu quand même un reçu ...  Avoir un accident dans ces circonstances vous met en situation de dépendance et de faiblesse incroyable : dépendance du bon vouloir de ceux qui sont du pays (traduction des conversation et même (surtout ?) du constat que vous êtes incapables de faire tout seul, vous le cochez en fonction de ce qu'on veut bien vous dire en terme de traduction (facile de se faire avoir !), etc. ...";Le contexte préalable de vol de mes protections (blouson et gants) qui me préoccupaient de manière importante : pas suffisamment concentré sur la conduite.;tentative de freinage d'urgence,  essai de maitriser la ruade de la moto (la roue arrière a décollé de 20-30 cm d'après mon amie qui me suivait) : pas de chute. pas d'action du conducteur de la voiture (grosse berline allemande ...);2;1;Déjà, en amont de l'accident, nous n'aurions pas dû reprendre la route, du moins trouver un camping immédiatement !  Sur l'accident si j'avais été un peu plus conscient, j'aurai pû essayer d'éviter la voiture par sa gauche, mais n'aurais pas percuté de front un éventuel véhicule venant d'en face, ce qui aurait été pire encore.;idem : absent mentalement;;2;0;;;;;;2;4;;;;;;;1;;2;;;;C'est comme si je sortai de ma torpeur : un peu comme si mon cerveau était jusqu'alors en veille et que l'accident le réactivait;1;1;3;;2;4;3;3;2;1;4;3;1;4;4;3;4;2;4;;;;;;;;1;AUT|la route cotière est un superbe ruban droit et surfréquenté;;;;;;;;2;2;;2;2;1;1;75;0;0;25;0;2;;;;;;3;1;AUT|ruban de goudron tout neuf;;;1;;;;;;;;;;;3;2;3;;0;70;1;3;9;;;;;;;;4;4;4;3;4;4;HONDA;1000;CBF ABS;ROADSTER;2;0;0;0;1;1;1;1;1;1;1;65000;10;3;1;BMW;1200;R1200GS ABS;TRAIL / SUPERMOTARD;2;2;4;15DEC1956;7;1;3;2;1;1;;NRP;;;;1;0;0;1;0;1;BMW;1200;R1200GS ABS;TRAIL / SUPERMOTARD;2;2005;37;1;2;19000;7;;;;;;;;;;;;;;;;;;;;;;;;;;;;;;;;;;;;;;;;;;;;;19000;2;3;4;;;;;;;NRP;NRP;NRP;1980;2007;NRP;NRP;1980;NRP
1888;3989;;0;;;;;;;;;;;;;;;;;;;;;;;;;;;;;;;;;;;;;;;;;;;;;;;;;;;;;;;;;;;;;;;;;;;;;;;;;;;;;;;;;;;;;;;;;;;;;;;;;;;;;;;;;;;;;;;;;;;;;;;;;;;;;;;;;;;;;;;;;;;;;;;;;;;;;;;;;;;;;;;;;;;;;;;;;;;;;;;;;;;;;;;;;;;;;;;;;;;;;;;;;;;;;;;;;;;;;;;;;;;;;;;;;;;;;;;;;;;;;;;;;;;;;;;;;;;;;;;;;;;;;;;;;;;;;;;;;;;;;;;;;;01APR1978;5;2;3;2;5;4;3;NRP;;;;2;1;0;1;0;1;BMW;1300;K1300S;Routière / GT;2;2011;16;3;1;2500;7;;;;;;;;;;;;;;;;;;;;;;;;;;;;;;;;;;;;;;;;;;;;;2500;3;4;;;;;;;;NRP;NRP;NRP;NRP;1996;NRP;NRP;2006;NRP
971;3990;36;1;0;2;;;;;;0;4;;;;;;0;4;;;;;;0;2;;;;;;1;5;2003;;;;;1;5;2001;;;;;0;2;;;;;;0;2;;;;;;1;4;2014;;;;;0;2;;;;;;0;4;;;;;;0;2;;;;;;0;4;;;;;;0;4;;;;;;0;;;;;;;;;;;;;;;;;;;15;0;15;1;26;6;2001;;2001;Vous remontiez une file de véhicules par la gauche. Un véhicule de la file a laissé passer un autre véhicule venant d’un autre axe non prioritaire. Ce dernier vous a coupé la route.;2;;;;;;;Même si le véhicule que j'ai percuté était en tord, j'aurais sûrement dû être plus vigilant.  Ma vitesse relative n'était pas élevée (<10km/h) mais mon attention ce matin là, 5mn après avoir démarré de chez moi, n'était pas encore optimale. J'étais jeune et inexpérimenté (moins de 4 ans de permis mais utilisation quotidienne d'un 600 cm3 pendant 2 ans) et même si j'avais conscience du danger, le quotidien et ses habitudes sont un vrai danger que j'avais sous-estimé. Ce n'est plus arrivé depuis !;C'est précisément mon inattention et probablement aussi celle du conducteur de l'autre véhicule qui ont été déterminant dans cet accrochage.;"Dans la mesure où il s'est écoulé 14 ans .... je vais tenter de me rappeler .... Je remontais une file de voitures arrêtées à un feu sur une rue à deux voies. D'autres rues débouchent perpendiculairement sur celle-ci. Alors que je remontais cette file à petite allure sur la ligne blanche et arrivé à hauteur d'une des rues perpendiculaires, venant de droite une camionnette blanche a débouché. Je ne l'ai vue qu'au moment ou son capot avant dépassait de la file de voiture devant moi. J'ai alors pilé mais la roue de ma moto est venue percuter l'aile avant-gauche du véhicule et moi je suis passé par dessus le capot en faisant une ""roulade avant"" comme je l'ai appris pendant 18 ans de Judo. Je me suis retrouvé assis de l'autre coté de la voiture qui elle-aussi a pilé puis s'est arrêtée. Je me suis rapidement relevé et je suis retourné voir ma moto qui était alors restée appuyée sur l'aile de la voiture. Nous nous sommes éloigné du bouchon pour dresser le constat.";NRP;0;;;Lorsque je me suis rendu compte de l'imminence du choc il était trop tard pour l'éviter sans risquer de percuter un véhicule venant en sens inverse.;2;1;1;1;Manque de visibilité, du fait de la présence des voitures arrêtées dans la file, pour pouvoir traverser et partir en sens inverse de la file.;2;NRP;2;;;;;;;;1;;;;;;Je ne m'y attendais pas et je me concentrai uniquement sur ma remontée de voitures et pas sur les voies annexes.;3;3;;;1;2;4;3;1;1;1;1;2;4;4;4;4;2;;;;;;;;;2;;;;;;;;;2;2;;2;1;3;1;40;60;0;0;0;2;;;;;;4;1;;;;1;;;;;;;;;;;1;1;1;1;0;15;1;10;2;4;7;;;;;;3;4;4;4;4;4;YAMAHA;600;XTE;TRAIL / SUPERMOTARD;2;1;1;1;1;1;1;1;1;1;1;50000;12;3;0;;;;;;;;21JUL1975;5;1;3;2;4;4;2;NRP;;;;1;0;0;1;0;1;KAWASAKI;750;Z 750-N IE;ROADSTER;2;2005;37;1;2;15000;4;;;;;;;;;;;;;;;;;;;;;;;;;;;;;;;;;;;;;;;;;;;;;15000;3;4;;;;;;;;NRP;NRP;NRP;NRP;1996;NRP;NRP;1993;NRP
283;3991;;1;0;6;;;;;;0;6;;;;;;1;6;NSP;;;;;0;2;;;;;;1;6;NSP;;;;;0;5;;;;;;0;4;;;;;;0;6;;;;;;1;4;2013;;;;;0;6;;;;;;0;6;;;;;;0;2;;;;;;0;2;;;;;;0;5;;;;;;1;1;2014;;;;;senlis;;;;;J'ai percuté un faisan alors qu'il traversait la route en volant à hauteur de casque.;;;;;0;0;3;0;8;1;21;5;0;;;;;;;;;;;;;;;;;;;;;;;;;;;;;;;;;;;;;;;;;;;;;;;;;;;;;;;;;;;;;;;;;;;;;;;;;;;;;;;;;;;;;;;;;;;;;;;;;;;;;;;;;;;;;;;;;;;;;;;;;;;;;;;;;;;;;;;;;;;;;;;;;;;;;;;;;;;;;;17OCT1984;7;2;3;2;3;4;1;NRP;;;;2;0;0;1;0;1;SUZUKI;650;SV-N;ROADSTER;2;2004;40;1;2;8000;7;;;;;;;;;;;;;;;;;;;;;;;;;;;;;;;;;;;;;;;;;;;;;8000;3;4;;;;;;;;NRP;NRP;NRP;NRP;2009;NRP;NRP;2011;NRP
1742;3993;;1;0;5;;;;;;0;3;;;;;;0;4;;;;;;0;2;;;;;;0;5;;;;;;0;5;;;;;;2;4;2014;2001;;;;0;4;;;;;;2;5;2014;2001;;;;0;4;;;;;;0;4;;;;;;0;3;;;;;;0;4;;;;;;0;4;;;;;;0;;;;;;;;;;;;;;;;;;;2;3;35;1;41;9;2014;;;;;;;;;;;;;;;;;;;;;;;;;;;;;;;;;;;;;;;;;;;;;;;;;;;;;;;;;;;;;;;;;;;;;;;;;;;;;;;;;;;;;;;;;;;;;;;;;;;;;;;;;;;;;;;;;;;;;;;;;;;;;;;;;;;;;;;;;;;;;;;;;;;;;;;;;;;;;;15JAN1961;6;1;3;2;4;4;2;NRP;;;;2;0;0;2;0;2;VOXAN;1000;CAFE RACER V2;Routière / GT;2;2003;29;2;1;5000;7;DUCATI;1100;MONSTER;ROADSTER;2;2011;29;2;1;7500;7;;;;;;;;;;;;;;;;;;;;;;;;;;;;;;;;;;12500;2;3;4;;;;;;;NRP;NRP;NRP;1977;1979;NRP;NRP;1979;NRP
549;3995;374;1;0;3;;;;;;0;2;;;;;;1;6;1998;;;;;0;5;;;;;;1;3;2000;;;;;0;5;;;;;;0;5;;;;;;0;6;;;;;;1;5;1997;;;;;1;6;2006;;;;;0;3;;;;;;0;3;;;;;;0;3;;;;;;0;2;;;;;;1;1;2000;;;;;paris;;;;;sol mouillé. feu passe au rouge. perte de la roue avant sur la peinture passage pieton. glissade. pas trop de dégats, faible vitesse.;;;;;0;0;2;0;20;1;11;3;1998;;1998;Vous remontiez une file de véhicules (à l’arrêt ou au ralenti) par la gauche. Un véhicule de cette file vous a coupé la route en tournant à gauche.;AUT|celui qui m'a rappelé le code de la route;;;;;;;"En ville, une longue file de véhicules roule au pas. Je remonte la file par la gauche en mordant sur la voie à contre sens. Il n'y a pas de ligne blanche continue qui sépare les 2 voies. Il n'y a pas non plus de véhicule venant en sens inverse. J'ai mon clignotant afin de signaler mon ""dépassement"". Je pense donc respecter pleinement le code de la route. Une voiture, qui roule dans le même sens que moi, me coupe soudainement la route en traversant la voie sur laquelle je me trouve. Son but, entrer dans un parking sur la gauche, en traversant la voie à contre sens. Le tout s'est produit à moins de 30 km/h. Résultat : moi indemne, moto abimée et conducteur de la voiture confus de ne pas m'avoir vu. Conclusions de l'assureur : il est interdit de doubler en ville. Tout pour ma pomme.";l'accident est dû à mon manque total d'anticipation. A aucun moment il ne m'est venu à l'idée qu'une voiture pouvait me couper la route. Depuis, dans cette même situation, j'essaye d'anticiper, aussi bien en ville que lorsque je double hors agglomération. Un véhicule pourrait effectivement tourner à gauche (rentrer dans une propriété ou autre...) sans m'avoir remarqué.;"J'ai ""suivi"" la trajectoire de la voiture pendant un cours instant (j'ai tourné avec elle pour éviter le choc). L'accident a eu lieu car la voiture a pris un angle à 45° et j'étais trop proche à ce moment là. Je n'ai pas eu le temps de freiner. Le conducteur ne m'a vu que lorsque j'étais dans sa portière.";2;0;;;Certes, j'étais en tort du point de vue du code de la route et je n'avais pas anticipé cette situation mais je ne peux rien contre l'inattention d'un autre conducteur.;2;0;;;;;;2;6;9;;;;Du fatalisme... Et merde, trop tard ! Le tout s'est joué en moins de 5 ou 6 secondes.;;1;;;;3;2;Ben qu'est ce qu'il fout ?????;3;3;;;3;3;3;3;2;1;1;1;1;4;4;4;4;4;5;;;;;;;;2;;;;;;;;;2;2;;2;1;1;1;0;100;0;0;0;1;3;4;;;;3;1;;;;1;;;;;;;;;;;1;1;1;1;0;30;1;10;2;3;4;;;;;;4;4;4;4;4;4;HONDA;600;CBR 600F;SPORTIVE;2;1;1;1;1;1;1;1;1;1;1;50000;12;3;0;;;;;;;;19JUN1971;7;1;3;2;5;4;3;NRP;;;;1;0;0;1;0;1;VICTORY;1730;VISION TOUR;Routière / GT;2;2011;37;3;1;9000;6;;;;;;;;;;;;;;;;;;;;;;;;;;;;;;;;;;;;;;;;;;;;;9000;2;3;4;;;;;;;NRP;NRP;NRP;1990;1993;NRP;NRP;1990;NRP
1782;3996;;0;;;;;;;;;;;;;;;;;;;;;;;;;;;;;;;;;;;;;;;;;;;;;;;;;;;;;;;;;;;;;;;;;;;;;;;;;;;;;;;;;;;;;;;;;;;;;;;;;;;;;;;;;;;;;;;;;;;;;;;;;;;;;;;;;;;;;;;;;;;;;;;;;;;;;;;;;;;;;;;;;;;;;;;;;;;;;;;;;;;;;;;;;;;;;;;;;;;;;;;;;;;;;;;;;;;;;;;;;;;;;;;;;;;;;;;;;;;;;;;;;;;;;;;;;;;;;;;;;;;;;;;;;;;;;;;;;;;;;;;;;;10FEB1973;6;2;3;2;5;4;3;NRP;;;;2;0;0;2;0;2;TRIUMPH;1050;SPEED TRIPLE;ROADSTER;2;2006;29;3;2;5000;7;TRIUMPH;955;DAYTONA IE;SPORTIVE;2;1999;29;3;2;3000;7;;;;;;;;;;;;;;;;;;;;;;;;;;;;;;;;;;8000;3;4;;;;;;;;NRP;NRP;NRP;NRP;1999;NRP;NRP;1991;NRP
215;3997;;0;;;;;;;;;;;;;;;;;;;;;;;;;;;;;;;;;;;;;;;;;;;;;;;;;;;;;;;;;;;;;;;;;;;;;;;;;;;;;;;;;;;;;;;;;;;;;;;;;;;;;;;;;;;;;;;;;;;;;;;;;;;;;;;;;;;;;;;;;;;;;;;;;;;;;;;;;;;;;;;;;;;;;;;;;;;;;;;;;;;;;;;;;;;;;;;;;;;;;;;;;;;;;;;;;;;;;;;;;;;;;;;;;;;;;;;;;;;;;;;;;;;;;;;;;;;;;;;;;;;;;;;;;;;;;;;;;;;;;;;;;;25MAR1951;9;1;3;2;2;3;;NRP;;;;1;0;0;2;0;2;BMW;1200;R1200GS;TRAIL / SUPERMOTARD;2;2008;37;3;1;8000;7;SHINERAY;125;BASIQUE;ROADSTER;2;2009;37;4;1;500;7;;;;;;;;;;;;;;;;;;;;;;;;;;;;;;;;;;8500;3;4;;;;;;;;NRP;NRP;NRP;NRP;1984;NRP;NRP;1969;NRP
223;3998;214;1;0;2;;;;;;0;5;;;;;;1;5;2014;;;;;0;3;;;;;;2;4;1985;2014;;;;1;4;2014;;;;;0;3;;;;;;0;5;;;;;;0;4;;;;;;0;5;;;;;;0;5;;;;;;0;3;;;;;;1;4;2008;;;;;0;2;;;;;;0;;;;;;;;;;;;;;;;;;;0;2;38;1;22;5;2014;;2014;Vous circuliez sur un axe prioritaire. Un véhicule venant d’un axe non prioritaire vous a coupé la route.;3;4;;;;;;En ville, je remontais sur la gauche une file de véhicules à l'arret, à 20km/h environ. les véhicules ont laissé passer un véhicule qui venait de droite et qui voulait tourner à G, en franchissant une ligne continue. Il faisait nuit, nous ne nous sommes pas vus et il m'a percuté sur le flanc D de la moto. Des dégats matériels et une fracture de clavicule pour moi. Responsabilité jugée partagée pour mon assurance (MMotards).;Un véhicule traverse une file de véhicules à l'arret et ne voit pas un 2RM qui circule le long de cette file: avant du véhicule qui déborde sans visibilité;Freinage brutal ayant déclenché l'ABS sur 2 metres et choc avec l'avant G du véhicule. Le véhicule en question avancait lentement mais ne m'a pas vu avant le choc, et n'a donc pas freiné.;NRP;1;J'aurai du voir l'espace entre 2 véhicules de la file arretée et supposer qu'un autre véhicule pouvait s'engager.;Il faisait nuit et fin d'une journée de travail, donc moins attentif...;;2;1;2;;Ne m'a pas vu et ne pouvait pas me voir plus de 2 m avant le choc;1;la traversée d'une file impose, avant d'engager l'avant de son véhicule, de vérifier qu'on peut le faire sans risque. Franchissement d'une ligne continue pour accomplir sa manoeuvre;2;;;;;;;;1;;;;;;je n'avais pas prévu qu'un véhicule puisse se trouver à cet endroit (sortait d'une impasse). Ligne continue empêchant théoriquement cette manoeuvre;4;3;;;3;3;3;3;1;1;2;4;4;4;4;4;4;3;4;5;;;;;;;2;;;;;;;;;2;2;;2;1;2;1;10;90;0;0;0;1;AUT|formation des 4RM envers les 2RM;;;;;4;1;;;;2;1;4;;;;;;;1;1;1;1;1;2;0;20;1;2;3;4;7;9;;;;;4;4;4;4;4;2;KAWASAKI;1000;Z1000 IE SX ABS;Routière / GT;2;0;1;1;1;1;1;2;1;1;1;16000;12;4;1;KTM;990;SUPERDUKE R;ROADSTER;2;4;4;17SEP1952;5;1;3;2;2;3;;NRP;;;;1;0;0;1;0;1;KAWASAKI;1000;Z1000H INJECTION;ROADSTER;2;2012;37;1;2;8000;7;;;;;;;;;;;;;;;;;;;;;;;;;;;;;;;;;;;;;;;;;;;;;8000;3;4;;;;;;;;NRP;NRP;NRP;NRP;1977;NRP;NRP;1970;NRP
814;3999;92;1;0;3;;;;;;0;4;;;;;;0;4;;;;;;1;3;1994;;;;;0;4;;;;;;0;4;;;;;;0;3;;;;;;0;4;;;;;;1;4;2000;;;;;0;4;;;;;;0;4;;;;;;0;4;;;;;;1;3;1993;;;;;0;3;;;;;;0;;;;;;;;;;;;;;;;;;;0;0;23;1;16;4;1994;;1994;Vous circuliez derrière un véhicule. Vous avez entrepris de dépasser ce véhicule par la droite et celui-ci vous a coupé la route en tournant à droite.;AUT|énervant;;;;;;;je suivait une voiture en ville, arrivé à un carrefour elle met son clignotant à gauche pour tourner. roulant pas plus de 10kmh je décide de passer à droite du véhicule pour le dépasser car la voie est large et le véhicule serrait à gauche et d'un coup il tourne sur sa droite me touchant, ce qui ma déséquilibré et j'ai chuté. Ayant à l'époque une 750 yzf, donc caréné, et bien tous les plastics on cassés sauf l'arrière gauche.la personne a reconnu tout de suite ses tors et ma dis quel pensait à quelque chose qui la fait changer de direction rapidement. Etant très énervé on a fait le constat immédiatement. cet accident ma appris à rester très vigilant en ville, surtout au carrefour d'autant plus maintenant avec toutes les nouvelles technologies qui peuvent distraire un conducteur et ainsi ne pas faire attention aux véhicules qui se déplace autour de lui.je reste sagement derrière et attend que le véhicule ai bien tourné. depuis le carrefour a été modifié non pas suite à mon accident mais à plusieurs situation dangereuse comme la mienne, il ont rétrécie la voie ainsi il est impossible de dépasser.;dès que je suis arrivé à sa hauteur, et que l'ai vu tourné le volant j'ai compris qu'il me renversait.;NRP;2;1;j'aurai gardé ma distance de sécurité c'est à dire resté derrière rien ne se serait passé.;manque de d'expérience par rapport à la méfiance des autres conducteurs.;;2;1;2;;il était choqué;NSP;NRP;6;;;;;;;;;;;;1;;la surprise du changement de direction brutal.;3;3;;;1;1;3;3;3;1;1;1;3;4;4;4;4;10;;;;;;;;;2;;;;;;;;;2;2;;2;1;1;1;0;100;0;0;0;2;;;;;;2;1;;;;1;;;;;;;;;;;1;1;1;2;0;10;1;10;2;3;4;7;;;;;4;3;3;2;3;4;YAMAHA;750;YZF-R;SPORTIVE;2;1;1;1;1;1;1;1;1;1;1;NSP;12;3;1;YAMAHA;750;FZ;Routière / GT;null;4;3;16DEC1968;7;2;3;2;4;4;2;NRP;;;;2;0;0;1;0;1;YAMAHA;1000;FZ1  N;ROADSTER;2;2008;29;2;1;3500;7;;;;;;;;;;;;;;;;;;;;;;;;;;;;;;;;;;;;;;;;;;;;;3500;3;4;;;;;;;;NRP;NRP;NRP;NRP;1991;NRP;NRP;1987;NRP