Ligne;Ligne Q qualif;Ligne approfondissement Accident;ACCIDENT;NBACC1;ACCFREQUENCE1;ANNEEACC1_1;ANNEEACC1_2;ANNEEACC1_3;ANNEEACC1_4;ANNEEACC1_5;NBACC2;ACCFREQUENCE2;ANNEEACC2_1;ANNEEACC2_2;ANNEEACC2_3;ANNEEACC2_4;ANNEEACC2_5;NBACC3;ACCFREQUENCE3;ANNEEACC3_1;ANNEEACC3_2;ANNEEACC3_3;ANNEEACC3_4;ANNEEACC3_5;NBACC4;ACCFREQUENCE4;ANNEEACC4_1;ANNEEACC4_2;ANNEEACC4_3;ANNEEACC4_4;ANNEEACC4_5;NBACC5;ACCFREQUENCE5;ANNEEACC5_1;ANNEEACC5_2;ANNEEACC5_3;ANNEEACC5_4;ANNEEACC5_5;NBACC6;ACCFREQUENCE6;ANNEEACC6_1;ANNEEACC6_2;ANNEEACC6_3;ANNEEACC6_4;ANNEEACC6_5;NBACC7;ACCFREQUENCE7;ANNEEACC7_1;ANNEEACC7_2;ANNEEACC7_3;ANNEEACC7_4;ANNEEACC7_5;NBACC8;ACCFREQUENCE8;ANNEEACC8_1;ANNEEACC8_2;ANNEEACC8_3;ANNEEACC8_4;ANNEEACC8_5;NBACC9;ACCFREQUENCE9;ANNEEACC9_1;ANNEEACC9_2;ANNEEACC9_3;ANNEEACC9_4;ANNEEACC9_5;NBACC10;ACCFREQUENCE10;ANNEEACC10_1;ANNEEACC10_2;ANNEEACC10_3;ANNEEACC10_4;ANNEEACC10_5;NBACC11;ACCFREQUENCE11;ANNEEACC11_1;ANNEEACC11_2;ANNEEACC11_3;ANNEEACC11_4;ANNEEACC11_5;NBACC12;ACCFREQUENCE12;ANNEEACC12_1;ANNEEACC12_2;ANNEEACC12_3;ANNEEACC12_4;ANNEEACC12_5;NBACC13;ACCFREQUENCE13;ANNEEACC13_1;ANNEEACC13_2;ANNEEACC13_3;ANNEEACC13_4;ANNEEACC13_5;NBACC14;ACCFREQUENCE14;ANNEEACC14_1;ANNEEACC14_2;ANNEEACC14_3;ANNEEACC14_4;ANNEEACC14_5;AUTRESACC;NBAUTRESACC;ANNEEAUTREACC1;ANNEEAUTREACC2;ANNEEAUTREACC3;ANNEEAUTREACC4;ANNEEAUTREACC5;LIEUAUTREACC1;LIEUAUTREACC2;LIEUAUTREACC3;LIEUAUTREACC4;LIEUAUTREACC5;DESCRIPTIONAUTRESACC1;DESCRIPTIONAUTRESACC2;DESCRIPTIONAUTRESACC3;DESCRIPTIONAUTRESACC4;DESCRIPTIONAUTRESACC5;NBAUTRESACCCIRCUIT;NBAUTRESTOUTTERRAIN;EXPCYCLO;EXP125;EXPSUP125;ACCORDNEXTQ;CHOIXACC;RGPMTACC;RECUPANNEE;RECUPLIEU;RECUPANNE;RGPMTAC;CHOIX1;CHOIX2;CHOIX3;CHOIX4;CHOIX5;CHOIX6;CHOIX7;DESCRIPTION;RUPTURE;FAITS;ABS_REACTION;AUTRE_REACTION;PRECISIONREACTIONOUI;RECUL;PRECISIONREACTIONNON;IMPACTCOMPORTEMENT;AUTREUSAGER;REACTIONAUTREUSAGER;CONNAISSANCEREACTIONUSAGER;DIFFICULTES;AGGRAVATION;DIFFICULTES2;EMOTIONS1;EMOTIONS2;EMOTIONS3;EMOTIONS4;EMOTIONS5;EMOTIONS6;AUTRESENTIMENT;CLASSEMENTEMOTIONS1;CLASSEMENTEMOTIONS;CLASSEMENTEMOTIONS5;CLASSEMENTEMOTIONS6;CLASSEMENTEMOTIONS7;CLASSEMENTEMOTIONS8;CLASSEMENTEMOTIONS9;EXPLICATIONRESSENTI;BIENEQUIPE;ALLURE;ALLUREVITEDETAIL;ALLURELENTEDETAIL;SITUATIONPRESSE;SITUATIONDISTRAIT;SITUATIONCONFIANT;SITUATIONCONTROLE;SITUATIONLUDIQUE;SITUATIONPERF;SITUATIONSTRESS;SITUATIONFATIGUE;HUMEURNEUTRE;HUMEURGAI;HUMEURMECONTENT;HUMEURTRISTE;HUMEURCOLERE;CONTRIBUTION1;CONTRIBUTION2;CONTRIBUTION3;CONTRIBUTION4;CONTRIBUTION5;CONTRIBUTION6;CONTRIBUTION7;CONTRIBUTION8;CONTRIBUTION9;ROLEINFRA;ELEMENTINFRA1;ELEMENTINFRA2;ELEMENTINFRA3;ELEMENTINFRA4;ELEMENTINFRA5;ELEMENTINFRA6;ELEMENTINFRA7;ELEMENTINFRA8;ELEMENTINFRA9;ALCOOL;TXALCOOL;STUP;SEMAINE;MOMENTJOURNEE;TEMPS;CAUSEACC1;CAUSEACC2;CAUSEACC3;CAUSEACC4;CAUSEACC5;FORMATIONCAUSE;FORMATION1;FORMATION2;FORMATION3;FORMATION4;FORMATION5;TRAFIC;CHAUSSEE1;CHAUSSEE2;CHAUSSEE3;CHAUSSEE4;TYPEACC;BLESSURE;TETE;COU;THORAX;MEMBRESSUP;COLONNE;BASSIN;MEMBRESINF;HOPITAL;PLUS24H;TRAJET;TYPEROUTE;MOTIF;SENSTRAJET;PASSAGER;VITESSE;DESCEQ1;DESCEQ2;DESCEQ3;DESCEQ4;DESCEQ5;DESCEQ6;DESCEQ7;DESCEQ8;DESCEQ9;DESCEQ10;VEHICULEETE;VEHICULEAUTOMNE;VEHICULEPRINTEMPS;VEHICULEHIVER;VEHICULESEMAINE;VEHICULEWE;VEHMARQUE;VEHCYLINDREE;VEHMODELE;VEHSEGMENT;VEHSIDE;EQ2RMABS;EQ2RMCBS;EQ2RMABSCBS;EQ2RMREGULATEUR;EQ2RMLIMITEUR;EQ2RMPHARESDIRECT;EQ2RMCOUPURE;EQ2RMANTIPATINAGE;EQ2RMANTIXHEELING;EQ2RMSTABILILTE;VEHKM;POINTS;DUREE;AUTRE2RM;VEHPRECMARQUE;VEHPRECCYLINDREE;VEHPRECMODELE;VEHPRECSEGMENT;VEHPRECSIDE;TEMPS2RMPREC;FREQVEHPREC;DATE_NAISS;CSP;SOCIETAIRE;SALARIE;SECTEUR2RM;NBPERSFOYER;SITFAM;NBENF;TRNBENF1;TRNBENF2;TRNBENF3;TRNBENF4;NBAUTOFOYER;NBCYCLOFOYER;NBSCOOTFOYER;NBMOTOFOYER;NBTRIKEFOYER;NB2RMCONDUIT;MARQUE1;CYLINDREE1;MODELE1;SEGMENT1;SIDE1;ANMISECIRCU1;ASS1;FREQ1;USAGE1;NBKM1;GARAGE1;MARQUE2;CYLINDREE2;MODELE2;SEGMENT2;SIDE2;ANMISECIRCU2;ASS2;FREQ2;USAGE2;NBKM2;GARAGE2;MARQUE3;CYLINDREE3;MODELE3;SEGMENT3;SIDE3;ANMISECIRCU3;ASS3;FREQ3;USAGE3;NBKM3;GARAGE3;MARQUE4;CYLINDREE4;MODELE4;SEGMENT4;SIDE4;ANMISECIRCU4;ASS4;FREQ4;USAGE4;NBKM4;GARAGE4;MARQUE5;CYLINDREE5;MODELE5;SEGMENT5;SIDE5;ANMISECIRCU5;ASS5;FREQ5;USAGE5;NBKM5;GARAGE5;NBKMTOT;PERMIS1;PERMIS2;PERMIS3;PERMIS4;PERMIS5;PERMIS6;PERMIS7;PERMIS8;PERMIS9;ANPERMIS1;ANPERMIS6;ANPERMIS7;ANPERMIS2;ANPERMIS3;ANPERMIS8;ANPERMIS9;ANPERMIS4;ANPERMIS5
2140;4005;;0;;;;;;;;;;;;;;;;;;;;;;;;;;;;;;;;;;;;;;;;;;;;;;;;;;;;;;;;;;;;;;;;;;;;;;;;;;;;;;;;;;;;;;;;;;;;;;;;;;;;;;;;;;;;;;;;;;;;;;;;;;;;;;;;;;;;;;;;;;;;;;;;;;;;;;;;;;;;;;;;;;;;;;;;;;;;;;;;;;;;;;;;;;;;;;;;;;;;;;;;;;;;;;;;;;;;;;;;;;;;;;;;;;;;;;;;;;;;;;;;;;;;;;;;;;;;;;;;;;;;;;;;;;;;;;;;;;;;;;;;;;15APR1959;7;1;3;2;5;4;3;NRP;;;;2;0;0;4;0;4;HONDA;1500;GOLD WING SE;Routière / GT;2;1995;37;2;1;6000;7;HONDA;1100;PAN EUROPEAN;Routière / GT;2;1995;37;2;2;3000;7;YAMAHA;125;YB-R;ROADSTER;2;2006;37;3;2;1000;7;YAMAHA;125;YB-R;ROADSTER;2;2006;37;3;2;1000;7;;;;;;;;;;;;11000;2;3;4;;;;;;;NRP;NRP;NRP;1977;1978;NRP;NRP;1977;NRP
134;4006;;0;;;;;;;;;;;;;;;;;;;;;;;;;;;;;;;;;;;;;;;;;;;;;;;;;;;;;;;;;;;;;;;;;;;;;;;;;;;;;;;;;;;;;;;;;;;;;;;;;;;;;;;;;;;;;;;;;;;;;;;;;;;;;;;;;;;;;;;;;;;;;;;;;;;;;;;;;;;;;;;;;;;;;;;;;;;;;;;;;;;;;;;;;;;;;;;;;;;;;;;;;;;;;;;;;;;;;;;;;;;;;;;;;;;;;;;;;;;;;;;;;;;;;;;;;;;;;;;;;;;;;;;;;;;;;;;;;;;;;;;;;;31OCT1959;5;2;3;2;4;4;2;NRP;;;;2;1;0;1;0;1;TRIUMPH;800;TIGER XC ABS;TRAIL / SUPERMOTARD;2;2011;28;1;2;15000;7;;;;;;;;;;;;;;;;;;;;;;;;;;;;;;;;;;;;;;;;;;;;;15000;2;3;4;;;;;;;NRP;NRP;NRP;1977;1978;NRP;NRP;1981;NRP
482;4007;;0;;;;;;;;;;;;;;;;;;;;;;;;;;;;;;;;;;;;;;;;;;;;;;;;;;;;;;;;;;;;;;;;;;;;;;;;;;;;;;;;;;;;;;;;;;;;;;;;;;;;;;;;;;;;;;;;;;;;;;;;;;;;;;;;;;;;;;;;;;;;;;;;;;;;;;;;;;;;;;;;;;;;;;;;;;;;;;;;;;;;;;;;;;;;;;;;;;;;;;;;;;;;;;;;;;;;;;;;;;;;;;;;;;;;;;;;;;;;;;;;;;;;;;;;;;;;;;;;;;;;;;;;;;;;;;;;;;;;;;;;;;12DEC1969;7;2;3;2;1;1;;NRP;;;;0;0;0;1;0;1;BMW;800;F800R;ROADSTER;2;2011;16;2;1;4000;4;;;;;;;;;;;;;;;;;;;;;;;;;;;;;;;;;;;;;;;;;;;;;4000;3;4;;;;;;;;NRP;NRP;NRP;NRP;1989;NRP;NRP;1988;NRP
1492;4010;;0;;;;;;;;;;;;;;;;;;;;;;;;;;;;;;;;;;;;;;;;;;;;;;;;;;;;;;;;;;;;;;;;;;;;;;;;;;;;;;;;;;;;;;;;;;;;;;;;;;;;;;;;;;;;;;;;;;;;;;;;;;;;;;;;;;;;;;;;;;;;;;;;;;;;;;;;;;;;;;;;;;;;;;;;;;;;;;;;;;;;;;;;;;;;;;;;;;;;;;;;;;;;;;;;;;;;;;;;;;;;;;;;;;;;;;;;;;;;;;;;;;;;;;;;;;;;;;;;;;;;;;;;;;;;;;;;;;;;;;;;;;03JUL1953;9;2;3;2;2;3;;NRP;;;;2;0;0;1;0;1;MOTO GUZZI;750;NEVADA;CUSTOM;2;1996;39;1;1;7500;7;;;;;;;;;;;;;;;;;;;;;;;;;;;;;;;;;;;;;;;;;;;;;7500;3;4;;;;;;;;NRP;NRP;NRP;NRP;1982;NRP;NRP;1971;NRP
257;4011;;1;0;5;;;;;;0;5;;;;;;0;4;;;;;;0;1;;;;;;0;4;;;;;;0;6;;;;;;0;3;;;;;;0;6;;;;;;1;6;NSP;;;;;1;6;NSP;;;;;0;6;;;;;;0;3;;;;;;3;6;NSP;NSP;NSP;;;0;6;;;;;;0;;;;;;;;;;;;;;;;;;;4;0;19;1;46;10;0;;;;;;;;;;;;;;;;;;;;;;;;;;;;;;;;;;;;;;;;;;;;;;;;;;;;;;;;;;;;;;;;;;;;;;;;;;;;;;;;;;;;;;;;;;;;;;;;;;;;;;;;;;;;;;;;;;;;;;;;;;;;;;;;;;;;;;;;;;;;;;;;;;;;;;;;;;;;;;27MAR1964;7;2;3;2;3;4;1;NRP;;;;3;0;0;2;0;1;HONDA;1000;VARADERO;TRAIL / SUPERMOTARD;2;2003;29;2;2;9000;7;;;;;;;;;;;;;;;;;;;;;;;;;;;;;;;;;;;;;;;;;;;;;9000;3;4;;;;;;;;NRP;NRP;NRP;NRP;1996;NRP;NRP;1984;NRP
1034;4012;311;1;0;6;;;;;;0;6;;;;;;0;4;;;;;;0;3;;;;;;0;5;;;;;;0;5;;;;;;0;4;;;;;;0;4;;;;;;1;4;2013;;;;;0;3;;;;;;0;5;;;;;;0;1;;;;;;0;2;;;;;;0;3;;;;;;1;1;2014;;;;;nant - aveyron;;;;;percuté par l'arrière par une autre moto;;;;;0;0;0;3;15;1;71;15;2014;nant - aveyron;2014;Autre(s) type(s) d'accident(s).;3;6;;;;;;sortie entre amis sur plusieurs jours. c'était le dernier jour et nous étions en train de rentrer. j'ouvrais le groupe et à la sortie d'un village, à l'approche d'un croisement, j'étais en train de vérifier la direction à prendre (à gauche ou tout droit). A ce moment là, un ami qui souhaitait faire une pose car sa passagère était fatiguée, a voulu doubler le groupe pour faire signe à tout le monde d'un arrêt demandé. il a entamé son dépassement mais ne s'est pas rendu compte que ceux de devant (dont moi) étions pratiquement à l'arrêt. le temps qu'il réalise, le choc entre nos motos n'a pu être évité. les autres ont vu le choc qui allait se produire et plusieurs en ont été choqué. nous nous en sortons tous assez bien puisque la personne la plus bléssée était ma passagère avec un trauma cranien.;la vigilance et la fatigue sont responsable de cet accident et quand on roule en groupe sur plusieurs jours, il faut vraiment insister pour faire de fréquentes poses et faire le point sur la fatigue des uns et des autres. il est important ensuite d'adapter le rythme du groupe et les routes, quitte à couper au plus court pour soulager si certains sont vraiment fatigués.;le choc venant par l'arrière sans que je puisse le voir arriver, j'ai été déséquilibré vers l'arrière et j'ai laché le guidon. j'ai donc subit sans pouvoir intervenir. la moto est parti en avant, a louvoyé sur quelques mètres avant de tomber sur le coté droit. l'ami (qui l'est toujours d'ailleurs) qui m'est rentré dedans, n'ayant vu qu'au dernier moment qu'il roulait beaucoup plus vite que moi, n'a pu freiner qu'au tout dernier moment et donc sans aucun effet sur le choc. les autres motards (dont certains travaillant dans le corps médical et un autre ancien gendarme, ça aide) ont tout de suite pris la situation en main par rapport aux blessés, à la circulation et la protection des lieux (personnes et véhicules);3;0;;;je pensais que tout le monde suivait gentiment sans savoir qu'un d'entre nous souhaitait doubler le groupe à ce moment là.;2;1;1;1;trop près et n'a pas eu le temps suffisant pour éviter ou freiner suffisamment.;2;il est responsable vis à vis du code de la route car il n'a pas été maitre de son véhicule. mais l'accident est dû à un ensemble de circonstance et pas uniquement à sa conduite;7;;;;;;;;;;;;;;;4;3;;;1;1;3;4;1;1;2;2;3;4;4;4;4;1;6;;;;;;;;2;;;;;;;;;2;2;;2;2;1;1;20;80;0;0;0;2;;;;;;1;1;;;;2;1;7;;;;;;;0;;3;2;3;;1;30;1;2;3;4;7;9;;;;;4;3;3;2;3;3;BMW;1200;K1200GT PACK PREMIUM;Routière / GT;2;0;0;0;0;1;1;1;0;1;1;75000;12;4;1;BMW;1100;"R1100RT ""75""";Routière / GT;2;4;3;01OCT1963;7;2;3;2;2;3;;NRP;;;;1;0;0;1;0;1;BMW;1200;K1200GT;Routière / GT;2;2006;16;2;1;25000;4;;;;;;;;;;;;;;;;;;;;;;;;;;;;;;;;;;;;;;;;;;;;;25000;2;3;4;;;;;;;NRP;NRP;NRP;1979;1995;NRP;NRP;1981;NRP
1864;4014;;1;0;5;;;;;;0;5;;;;;;0;6;;;;;;0;5;;;;;;0;5;;;;;;0;2;;;;;;0;4;;;;;;0;5;;;;;;0;3;;;;;;1;5;2007;;;;;0;6;;;;;;0;3;;;;;;1;5;2013;;;;;0;6;;;;;;1;5;1998;2000;2005;2007;2013;paris;paris;paris;paris;paris;"un chien non attaché s'est ""jeté"" sous ma roue avant alors que je circulais dans une rue à sens unique. Perte de contrôle du véhicule suite au choc avec l'animal.";percuté par l'arrière à un feu rouge par un véhicule dont le conducteur regardait les magasins.;chute sur plaque de verglas;percuté par un véhicule sur le périphérique parisien qui a changé de voie sans regarder son rétroviseur ni utiliser de clignotant.;heurt léger d'un bouclier d'une voiture freinant devant moi. Inattention de ma part.;0;0;0;0;18;1;46;10;2007;;;;;;;;;;;;;;;;;;;;;;;;;;;;;;;;;;;;;;;;;;;;;;;;;;;;;;;;;;;;;;;;;;;;;;;;;;;;;;;;;;;;;;;;;;;;;;;;;;;;;;;;;;;;;;;;;;;;;;;;;;;;;;;;;;;;;;;;;;;;;;;;;;;;;;;;;;;;;;03DEC1975;4;2;3;2;4;4;2;NRP;;;;0;0;0;3;0;1;KAWASAKI;1400;ZZR;Routière / GT;2;2010;18;1;2;20000;4;;;;;;;;;;;;;;;;;;;;;;;;;;;;;;;;;;;;;;;;;;;;;20000;3;4;;;;;;;;NRP;NRP;NRP;NRP;1997;NRP;NRP;1994;NRP
1661;4016;;0;;;;;;;;;;;;;;;;;;;;;;;;;;;;;;;;;;;;;;;;;;;;;;;;;;;;;;;;;;;;;;;;;;;;;;;;;;;;;;;;;;;;;;;;;;;;;;;;;;;;;;;;;;;;;;;;;;;;;;;;;;;;;;;;;;;;;;;;;;;;;;;;;;;;;;;;;;;;;;;;;;;;;;;;;;;;;;;;;;;;;;;;;;;;;;;;;;;;;;;;;;;;;;;;;;;;;;;;;;;;;;;;;;;;;;;;;;;;;;;;;;;;;;;;;;;;;;;;;;;;;;;;;;;;;;;;;;;;;;;;;;12DEC1968;7;2;3;2;4;4;2;NRP;;;;3;0;0;1;0;1;TRIUMPH;1050;TIGER ABS;ROADSTER;2;2012;29;2;1;15000;7;;;;;;;;;;;;;;;;;;;;;;;;;;;;;;;;;;;;;;;;;;;;;15000;2;3;4;;;;;;;NRP;NRP;NRP;1988;2000;NRP;NRP;1988;NRP
404;4018;158;1;0;4;;;;;;0;5;;;;;;0;3;;;;;;0;2;;;;;;0;5;;;;;;0;3;;;;;;0;2;;;;;;0;3;;;;;;1;3;2011;;;;;0;5;;;;;;0;4;;;;;;0;2;;;;;;0;4;;;;;;0;2;;;;;;0;;;;;;;;;;;;;;;;;;;2;2;6;1;41;9;2011;;2011;Vous avez fait une sortie de route, une perte de contrôle ou une glissade sans rien percuter.;6;"AUT|les autres étant des ""chutes à l'arrêt""";;;;;;"Trajet domicile au travail un matin, accident en zone urbaine (dans la zone d'activités Techlid à LIMONEST 69). J'avais les pneus d'origines (de qualité médiocre).  Ce matin là, la route était humide (il venait de pleuvoir ou une pluie fine et légère était persistante).  La route à cet endroit est en virages successifs légers (pas fermés, donc tranquilles). Je roulais aux environs de 55Km/h), j'ai d'abord perdu l'adhérence de la roue arrière.  Après quelques secondes et avoir récupéré le contrôle de l'arrière, j'ai perdu le contrôle de la roue avant : effet ""guidonnage"". Je n'ai pas pu récupérer le contrôle et le guidon est resté braqué à fond puis j'ai chuté...  Du coup j'ai glissé sur le bitume, quelques mètres derrière la moto, en sens inverse de la circulation. Heureusement, aucun véhicule n'arrivait en face...  Je roule au quotidien en 2RM et à l'époque je n'avais que 3 mois d'expériences avec cette nouvelle moto et 2ans d'expériences gros cube (et avant 2ans d'expériences 125).";Pour ma part, c'était lié à la mauvaise qualité des pneus d'origine...  Mes difficultés ont été la récupération de la perte de contrôle de l'arrière, mais surtout de l'avant / guidonnage.;Accident en perte de contrôle, tout seul...  Par contre, les témoins piétons ainsi qu'un chauffeur de bus (transport en commun) se sont arrêtés pour me venir en aide (vérifier que tout allait bien) et m'aider à redresser la moto.  Concernant les actions, je ne me rappelles plus comment j'ai agi sur les freins AV ou AR, ni comment j'ai essayé de maitriser le guidon...;NRP;1;Avec l'expérience de conduite, les séances de prévention (au travers de journée organisée par la préfecture du Rhône), je pense que j'aurais mmieux gérer l'usage de l'embrayage et des freins ou mieux serrer la moto avec les genoux.;Par manque d'expériences et surtout de techniques.  Par ailleurs, depuis j'ai constaté une adhésion à la route sans commune mesure par rapport aux pneumatiques d'origines !;;2;0;;;;;;6;;;;;;;;;;;;1;;Avec l'impossibilité de maitriser la moto et la perte de contrôle de l'avant, je n'ai pu que subir la chute, suivie de la glissade...;4;3;;;1;1;4;4;4;1;1;2;1;3;4;4;4;10;;;;;;;;;1;1;3;;;;;;;2;2;;2;1;3;2;40;0;0;20;40;1;AUT|informations liées aux guidonnage ou perte de l'arrière;;;;;1;2;6;;;2;1;7;;;;;;;0;;1;1;1;1;0;55;1;10;2;3;4;;;;;;2;1;1;1;3;3;HONDA;1000;CBF-F C-ABS;ROADSTER;2;0;0;0;1;1;1;2;1;1;2;3000;12;1;1;YAMAHA;600;XJ6 DIVERSION;ROADSTER;2;3;4;06OCT1980;5;1;3;2;2;3;;NRP;;;;1;0;0;1;0;1;HONDA;1000;CB-F;ROADSTER;2;2011;37;1;2;8500;7;;;;;;;;;;;;;;;;;;;;;;;;;;;;;;;;;;;;;;;;;;;;;8500;3;4;;;;;;;;NRP;NRP;NRP;NRP;2009;NRP;NRP;1998;NRP
463;4019;;0;;;;;;;;;;;;;;;;;;;;;;;;;;;;;;;;;;;;;;;;;;;;;;;;;;;;;;;;;;;;;;;;;;;;;;;;;;;;;;;;;;;;;;;;;;;;;;;;;;;;;;;;;;;;;;;;;;;;;;;;;;;;;;;;;;;;;;;;;;;;;;;;;;;;;;;;;;;;;;;;;;;;;;;;;;;;;;;;;;;;;;;;;;;;;;;;;;;;;;;;;;;;;;;;;;;;;;;;;;;;;;;;;;;;;;;;;;;;;;;;;;;;;;;;;;;;;;;;;;;;;;;;;;;;;;;;;;;;;;;;;;13SEP1946;5;1;3;2;1;1;;NRP;;;;1;0;0;1;0;1;BMW;1300;K1300S PACK S;Routière / GT;2;2012;37;2;1;8000;4;;;;;;;;;;;;;;;;;;;;;;;;;;;;;;;;;;;;;;;;;;;;;8000;3;4;;;;;;;;NRP;NRP;NRP;NRP;1982;NRP;NRP;1965;NRP
511;4020;;1;0;3;;;;;;0;6;;;;;;0;6;;;;;;0;5;;;;;;0;4;;;;;;0;6;;;;;;0;6;;;;;;1;4;2010;;;;;3;6;1989;1995;2010;;;0;5;;;;;;0;4;;;;;;0;4;;;;;;0;5;;;;;;0;6;;;;;;1;5;NSP;1989;1995;2006;2010;LYON;LYON;LYON;NICE;NICE;Feu rouge brûlé;Percuté par une voiture;Dérapage sur chaussée humide;Percuté par une voiture;Dérapage sur route verglacée;0;0;1;3;37;1;36;8;2010;;;;;;;;;;;;;;;;;;;;;;;;;;;;;;;;;;;;;;;;;;;;;;;;;;;;;;;;;;;;;;;;;;;;;;;;;;;;;;;;;;;;;;;;;;;;;;;;;;;;;;;;;;;;;;;;;;;;;;;;;;;;;;;;;;;;;;;;;;;;;;;;;;;;;;;;;;;;;;24DEC1954;11;2;3;2;2;3;;NRP;;;;2;0;0;1;0;1;BMW;1200;R1200GS ABS;TRAIL / SUPERMOTARD;2;2006;29;3;1;2000;5;;;;;;;;;;;;;;;;;;;;;;;;;;;;;;;;;;;;;;;;;;;;;2000;2;3;4;;;;;;;NRP;NRP;NRP;1977;1977;NRP;NRP;1974;NRP
1690;4024;;0;;;;;;;;;;;;;;;;;;;;;;;;;;;;;;;;;;;;;;;;;;;;;;;;;;;;;;;;;;;;;;;;;;;;;;;;;;;;;;;;;;;;;;;;;;;;;;;;;;;;;;;;;;;;;;;;;;;;;;;;;;;;;;;;;;;;;;;;;;;;;;;;;;;;;;;;;;;;;;;;;;;;;;;;;;;;;;;;;;;;;;;;;;;;;;;;;;;;;;;;;;;;;;;;;;;;;;;;;;;;;;;;;;;;;;;;;;;;;;;;;;;;;;;;;;;;;;;;;;;;;;;;;;;;;;;;;;;;;;;;;;30JAN1984;8;2;3;2;2;3;;NRP;;;;2;0;0;1;0;1;SUZUKI;650;BANDIT-N;ROADSTER;2;2012;40;3;1;5000;7;;;;;;;;;;;;;;;;;;;;;;;;;;;;;;;;;;;;;;;;;;;;;5000;3;4;;;;;;;;NRP;NRP;NRP;NRP;2003;NRP;NRP;2002;NRP
322;4025;126;1;0;4;;;;;;0;4;;;;;;0;3;;;;;;0;3;;;;;;1;4;2005;;;;;0;2;;;;;;0;2;;;;;;1;4;2006;;;;;0;4;;;;;;0;3;;;;;;0;4;;;;;;0;4;;;;;;0;2;;;;;;0;1;;;;;;0;;;;;;;;;;;;;;;;;;;0;0;11;1;36;8;2006;;2006;Vous avez fait une sortie de route, une perte de contrôle ou une glissade puis avez percuté un obstacle fixe (panneau, arbre poteau …).;4;;;;;;;Perte de l'avant en quasi ligne droite, objet sur la route ? huile ? gasoil ? circonstance indéterminé à 90 km/h (respect de la limitation de vitesse) glissade jusqu'a percuté la glissière de sécurité.;dans ma tête c'etait, Je vais glissé jusque ou ? pourvu que je ne percute pas la glissière .. ça va faire mal .. et Paf la glissière ..;Pas eut le temps réagir que j'etais déjà au sol. j'espèrai que la voiture derrière s'arrete à temps, et qu'en face également, se fut le cas.;3;0;;;parce qu'a ce jour, je ne sais toujours pas pourquoi je suis tombé;2;0;;;;;;6;7;;;;;;;;;;;1;;je perds l'avant sans raison.. rien à faire à part subir;4;3;;;2;2;3;3;3;1;1;4;2;2;4;4;4;4;;;;;;;;;1;3;;;;;;;;2;2;;2;1;3;1;25;0;0;75;0;2;;;;;;1;1;4;6;;2;1;5;6;7;;;;;1;1;1;2;1;1;0;90;1;2;3;4;7;9;;;;;4;4;4;4;4;4;SUZUKI;1200;BANDIT;ROADSTER;2;1;1;1;1;1;1;1;1;1;1;40000;12;3;1;SUZUKI;600;BANDIT;ROADSTER;2;3;4;21DEC1984;7;2;3;2;3;4;1;NRP;;;;2;0;0;2;0;2;BMW;650;F650GS;TRAIL / SUPERMOTARD;2;2004;39;1;2;20000;7;APRILIA;1000;RS-V R (CC) HAGA REPLICA;SPORTIVE;2;2002;41;4;1;5000;7;;;;;;;;;;;;;;;;;;;;;;;;;;;;;;;;;;25000;3;4;;;;;;;;NRP;NRP;NRP;NRP;2004;NRP;NRP;2002;NRP
2054;4026;;1;0;3;;;;;;0;3;;;;;;0;4;;;;;;0;3;;;;;;0;3;;;;;;0;3;;;;;;1;3;NSP;;;;;0;3;;;;;;2;4;NSP;2009;;;;0;4;;;;;;0;4;;;;;;0;3;;;;;;0;3;;;;;;0;3;;;;;;0;;;;;;;;;;;;;;;;;;;6;0;30;1;42;9;2009;;;;;;;;;;;;;;;;;;;;;;;;;;;;;;;;;;;;;;;;;;;;;;;;;;;;;;;;;;;;;;;;;;;;;;;;;;;;;;;;;;;;;;;;;;;;;;;;;;;;;;;;;;;;;;;;;;;;;;;;;;;;;;;;;;;;;;;;;;;;;;;;;;;;;;;;;;;;;;06JUN1958;7;1;3;2;3;5;0;NRP;;;;1;0;0;1;0;1;MOTO GUZZI;1200;GRISO 8V;ROADSTER;2;2011;37;1;2;4000;7;;;;;;;;;;;;;;;;;;;;;;;;;;;;;;;;;;;;;;;;;;;;;4000;2;3;4;;;;;;;NRP;NRP;NRP;1979;1985;NRP;NRP;1979;NRP