Ligne;Ligne Q qualif;Ligne approfondissement Accident;ACCIDENT;NBACC1;ACCFREQUENCE1;ANNEEACC1_1;ANNEEACC1_2;ANNEEACC1_3;ANNEEACC1_4;ANNEEACC1_5;NBACC2;ACCFREQUENCE2;ANNEEACC2_1;ANNEEACC2_2;ANNEEACC2_3;ANNEEACC2_4;ANNEEACC2_5;NBACC3;ACCFREQUENCE3;ANNEEACC3_1;ANNEEACC3_2;ANNEEACC3_3;ANNEEACC3_4;ANNEEACC3_5;NBACC4;ACCFREQUENCE4;ANNEEACC4_1;ANNEEACC4_2;ANNEEACC4_3;ANNEEACC4_4;ANNEEACC4_5;NBACC5;ACCFREQUENCE5;ANNEEACC5_1;ANNEEACC5_2;ANNEEACC5_3;ANNEEACC5_4;ANNEEACC5_5;NBACC6;ACCFREQUENCE6;ANNEEACC6_1;ANNEEACC6_2;ANNEEACC6_3;ANNEEACC6_4;ANNEEACC6_5;NBACC7;ACCFREQUENCE7;ANNEEACC7_1;ANNEEACC7_2;ANNEEACC7_3;ANNEEACC7_4;ANNEEACC7_5;NBACC8;ACCFREQUENCE8;ANNEEACC8_1;ANNEEACC8_2;ANNEEACC8_3;ANNEEACC8_4;ANNEEACC8_5;NBACC9;ACCFREQUENCE9;ANNEEACC9_1;ANNEEACC9_2;ANNEEACC9_3;ANNEEACC9_4;ANNEEACC9_5;NBACC10;ACCFREQUENCE10;ANNEEACC10_1;ANNEEACC10_2;ANNEEACC10_3;ANNEEACC10_4;ANNEEACC10_5;NBACC11;ACCFREQUENCE11;ANNEEACC11_1;ANNEEACC11_2;ANNEEACC11_3;ANNEEACC11_4;ANNEEACC11_5;NBACC12;ACCFREQUENCE12;ANNEEACC12_1;ANNEEACC12_2;ANNEEACC12_3;ANNEEACC12_4;ANNEEACC12_5;NBACC13;ACCFREQUENCE13;ANNEEACC13_1;ANNEEACC13_2;ANNEEACC13_3;ANNEEACC13_4;ANNEEACC13_5;NBACC14;ACCFREQUENCE14;ANNEEACC14_1;ANNEEACC14_2;ANNEEACC14_3;ANNEEACC14_4;ANNEEACC14_5;AUTRESACC;NBAUTRESACC;ANNEEAUTREACC1;ANNEEAUTREACC2;ANNEEAUTREACC3;ANNEEAUTREACC4;ANNEEAUTREACC5;LIEUAUTREACC1;LIEUAUTREACC2;LIEUAUTREACC3;LIEUAUTREACC4;LIEUAUTREACC5;DESCRIPTIONAUTRESACC1;DESCRIPTIONAUTRESACC2;DESCRIPTIONAUTRESACC3;DESCRIPTIONAUTRESACC4;DESCRIPTIONAUTRESACC5;NBAUTRESACCCIRCUIT;NBAUTRESTOUTTERRAIN;EXPCYCLO;EXP125;EXPSUP125;ACCORDNEXTQ;CHOIXACC;RGPMTACC;RECUPANNEE;RECUPLIEU;RECUPANNE;RGPMTAC;CHOIX1;CHOIX2;CHOIX3;CHOIX4;CHOIX5;CHOIX6;CHOIX7;DESCRIPTION;RUPTURE;FAITS;ABS_REACTION;AUTRE_REACTION;PRECISIONREACTIONOUI;RECUL;PRECISIONREACTIONNON;IMPACTCOMPORTEMENT;AUTREUSAGER;REACTIONAUTREUSAGER;CONNAISSANCEREACTIONUSAGER;DIFFICULTES;AGGRAVATION;DIFFICULTES2;EMOTIONS1;EMOTIONS2;EMOTIONS3;EMOTIONS4;EMOTIONS5;EMOTIONS6;AUTRESENTIMENT;CLASSEMENTEMOTIONS1;CLASSEMENTEMOTIONS;CLASSEMENTEMOTIONS5;CLASSEMENTEMOTIONS6;CLASSEMENTEMOTIONS7;CLASSEMENTEMOTIONS8;CLASSEMENTEMOTIONS9;EXPLICATIONRESSENTI;BIENEQUIPE;ALLURE;ALLUREVITEDETAIL;ALLURELENTEDETAIL;SITUATIONPRESSE;SITUATIONDISTRAIT;SITUATIONCONFIANT;SITUATIONCONTROLE;SITUATIONLUDIQUE;SITUATIONPERF;SITUATIONSTRESS;SITUATIONFATIGUE;HUMEURNEUTRE;HUMEURGAI;HUMEURMECONTENT;HUMEURTRISTE;HUMEURCOLERE;CONTRIBUTION1;CONTRIBUTION2;CONTRIBUTION3;CONTRIBUTION4;CONTRIBUTION5;CONTRIBUTION6;CONTRIBUTION7;CONTRIBUTION8;CONTRIBUTION9;ROLEINFRA;ELEMENTINFRA1;ELEMENTINFRA2;ELEMENTINFRA3;ELEMENTINFRA4;ELEMENTINFRA5;ELEMENTINFRA6;ELEMENTINFRA7;ELEMENTINFRA8;ELEMENTINFRA9;ALCOOL;TXALCOOL;STUP;SEMAINE;MOMENTJOURNEE;TEMPS;CAUSEACC1;CAUSEACC2;CAUSEACC3;CAUSEACC4;CAUSEACC5;FORMATIONCAUSE;FORMATION1;FORMATION2;FORMATION3;FORMATION4;FORMATION5;TRAFIC;CHAUSSEE1;CHAUSSEE2;CHAUSSEE3;CHAUSSEE4;TYPEACC;BLESSURE;TETE;COU;THORAX;MEMBRESSUP;COLONNE;BASSIN;MEMBRESINF;HOPITAL;PLUS24H;TRAJET;TYPEROUTE;MOTIF;SENSTRAJET;PASSAGER;VITESSE;DESCEQ1;DESCEQ2;DESCEQ3;DESCEQ4;DESCEQ5;DESCEQ6;DESCEQ7;DESCEQ8;DESCEQ9;DESCEQ10;VEHICULEETE;VEHICULEAUTOMNE;VEHICULEPRINTEMPS;VEHICULEHIVER;VEHICULESEMAINE;VEHICULEWE;VEHMARQUE;VEHCYLINDREE;VEHMODELE;VEHSEGMENT;VEHSIDE;EQ2RMABS;EQ2RMCBS;EQ2RMABSCBS;EQ2RMREGULATEUR;EQ2RMLIMITEUR;EQ2RMPHARESDIRECT;EQ2RMCOUPURE;EQ2RMANTIPATINAGE;EQ2RMANTIXHEELING;EQ2RMSTABILILTE;VEHKM;POINTS;DUREE;AUTRE2RM;VEHPRECMARQUE;VEHPRECCYLINDREE;VEHPRECMODELE;VEHPRECSEGMENT;VEHPRECSIDE;TEMPS2RMPREC;FREQVEHPREC;DATE_NAISS;CSP;SOCIETAIRE;SALARIE;SECTEUR2RM;NBPERSFOYER;SITFAM;NBENF;TRNBENF1;TRNBENF2;TRNBENF3;TRNBENF4;NBAUTOFOYER;NBCYCLOFOYER;NBSCOOTFOYER;NBMOTOFOYER;NBTRIKEFOYER;NB2RMCONDUIT;MARQUE1;CYLINDREE1;MODELE1;SEGMENT1;SIDE1;ANMISECIRCU1;ASS1;FREQ1;USAGE1;NBKM1;GARAGE1;MARQUE2;CYLINDREE2;MODELE2;SEGMENT2;SIDE2;ANMISECIRCU2;ASS2;FREQ2;USAGE2;NBKM2;GARAGE2;MARQUE3;CYLINDREE3;MODELE3;SEGMENT3;SIDE3;ANMISECIRCU3;ASS3;FREQ3;USAGE3;NBKM3;GARAGE3;MARQUE4;CYLINDREE4;MODELE4;SEGMENT4;SIDE4;ANMISECIRCU4;ASS4;FREQ4;USAGE4;NBKM4;GARAGE4;MARQUE5;CYLINDREE5;MODELE5;SEGMENT5;SIDE5;ANMISECIRCU5;ASS5;FREQ5;USAGE5;NBKM5;GARAGE5;NBKMTOT;PERMIS1;PERMIS2;PERMIS3;PERMIS4;PERMIS5;PERMIS6;PERMIS7;PERMIS8;PERMIS9;ANPERMIS1;ANPERMIS6;ANPERMIS7;ANPERMIS2;ANPERMIS3;ANPERMIS8;ANPERMIS9;ANPERMIS4;ANPERMIS5
1155;4061;204;1;1;5;1983;;;;;0;4;;;;;;0;3;;;;;;0;2;;;;;;0;4;;;;;;0;3;;;;;;0;3;;;;;;0;5;;;;;;2;6;2009;2013;;;;0;4;;;;;;0;4;;;;;;0;2;;;;;;0;4;;;;;;0;4;;;;;;0;;;;;;;;;;;;;;;;;;;1;1;34;1;42;9;2013;;2013;Vous avez fait une sortie de route, une perte de contrôle ou une glissade sans rien percuter.;3;;;;;;;Glissade en sortie de virage à vitesse réduite. La route était recouverte de lisier de vache que je n'ai pas vu. (Contre jour) Je pensais que c'était une simple tache d'humidité. Les autres motos qui me suivait on pu l'éviter.;Chaussée salle. Pas de d'avertissement (pas de panneau traversée de troupeau par exemple) Pas de limitation de vitesse. Route départementale;L'arrière de la moto a glissé et chute sur la chaussée. Impossible de la rattraper. J'ai glissé en me mettant face à la moto qui était devant moi. Glissades de la moto et de moi même dans le sens de la chaussée. Route à faible circulation. Accotement en herbe. Pas de véhicule inverse.;2;0;;;Impossible de déceler le danger en sortie de virage. Réaction trop vive de la moto.;3;0;;;;;;2;4;;;;;;;1;;2;;;;Je n'ai pas compris pourquoi la moto était parti à si faible allure.;4;3;;;1;3;3;3;3;1;1;1;1;1;4;4;4;10;;;;;;;;;1;2;3;;;;;;;2;2;;2;2;1;1;10;0;5;80;5;2;;;;;;1;1;5;AUT|Lisier d'animaux (troupeau);;1;;;;;;;;;;;3;2;3;;0;30;1;2;3;4;9;;;;;;4;4;4;3;3;3;KAWASAKI;1200;ZRX-S;ROADSTER;2;1;1;1;1;1;1;1;1;1;1;60000;12;4;1;KAWASAKI;500;GPZ-S;Routière / GT;2;4;3;25APR1959;5;1;3;2;3;4;1;NRP;;;;3;0;0;2;0;2;KAWASAKI;1200;ZRX-S;ROADSTER;2;2003;37;2;1;10000;7;KAWASAKI;650;ER-6  N;ROADSTER;2;2009;37;3;1;5000;7;;;;;;;;;;;;;;;;;;;;;;;;;;;;;;;;;;15000;3;4;;;;;;;;NRP;NRP;NRP;NRP;1981;NRP;NRP;1978;NRP
1668;4062;;0;;;;;;;;;;;;;;;;;;;;;;;;;;;;;;;;;;;;;;;;;;;;;;;;;;;;;;;;;;;;;;;;;;;;;;;;;;;;;;;;;;;;;;;;;;;;;;;;;;;;;;;;;;;;;;;;;;;;;;;;;;;;;;;;;;;;;;;;;;;;;;;;;;;;;;;;;;;;;;;;;;;;;;;;;;;;;;;;;;;;;;;;;;;;;;;;;;;;;;;;;;;;;;;;;;;;;;;;;;;;;;;;;;;;;;;;;;;;;;;;;;;;;;;;;;;;;;;;;;;;;;;;;;;;;;;;;;;;;;;;;;24MAR1977;7;2;3;2;4;4;2;NRP;;;;2;0;0;1;0;1;KAWASAKI;600;ZZR;Routière / GT;2;1993;28;3;1;7500;7;;;;;;;;;;;;;;;;;;;;;;;;;;;;;;;;;;;;;;;;;;;;;7500;3;4;;;;;;;;NRP;NRP;NRP;NRP;2010;NRP;NRP;1996;NRP
456;4066;154;1;1;5;2001;;;;;1;4;1978;;;;;0;5;;;;;;0;4;;;;;;0;3;;;;;;0;3;;;;;;0;3;;;;;;0;4;;;;;;0;4;;;;;;0;4;;;;;;0;2;;;;;;0;1;;;;;;0;2;;;;;;0;2;;;;;;1;1;2013;;;;;LA COURNEUVE;;;;;Après avoir tourné à gauche, j'étais arrêté devant le passage piétons pour laisser passer un piéton. Un véhicule venant de la même rue que moi m'a percuté à l'arrière.;;;;;0;0;3;6;25;1;71;15;2013;LA COURNEUVE;2013;Autre(s) type(s) d'accident(s).;3;AUT|je ne l'ai pas vu arriver;;;;;;J'étais arrêtée à un feu rouge, en 1ere position, clignotant gauche activité, personne derrière moi. Le feu est  est passé au vert, personne en face, je me suis engagée sur le carrefour, j'ai tourné à gauche et me suis arrêtée devant le passage piéton car un piéton voulait traverser. Il est passé devant moi  et a rejoindre l'îlot central (c'est sur la N2).  J'allais redémarrer lorsque mon scoot est parti vers l'avant,  je me suis retrouvée couchée en arrière sur la selle, j'ai lâché le guidon et me suis retrouvée par terre. C'est en me relevant que j'ai compris que j'avais été percuté à l'arrière par un véhicule.;Dans mon cas, c'est l'inattention du conducteur du véhicule qui m'a percuté. Il a déclaré ne pas m'avoir vu. Je ne vois pas comment c'est possible à part s'il regardait ailleurs que là où il allait puisque j'étais devant lui et à l'arrêt. A noter que le véhicule venait de la même rue que moi,.;Pour ma part, je n'ai pas eu de réaction lors de cet accident puisque je ne l'ai pas vu venir. Pour le conducteur du véhicule qui m'a percuté, il s'est arrêté très rapidement (il n'allait pas vite vu qu'il venait de démarrer au feu vert. Il est descendu de son véhicule  et est venu vers  moi pour savoir si ça allait;3;0;;;Parce que le véhicule venait de derrière moi et  que mon attention était portée sur le piéton que je laissais traverser;2;0;;;;;;7;;;;;;;;;;;;;;;4;4;;;1;1;3;4;1;1;1;1;2;4;4;4;4;10;;;;;;;;;2;;;;;;;;;2;2;;2;1;1;1;0;100;0;0;0;2;;;;;;3;1;;;;2;1;5;;;;;;;0;;1;1;1;1;0;0;1;10;2;3;4;7;;;;;4;4;4;4;4;4;HONDA;400;SILVER WING (FJS);SCOOTER;2;1;0;1;1;1;1;1;1;1;1;55000;11;4;1;HONDA;650;DEAUVILLE;Routière / GT;2;4;4;27JUN1962;5;1;3;2;2;2;1;NRP;;;;0;0;1;2;0;3;HONDA;400;SILVER WING (FJS);SCOOTER;2;2008;37;1;2;8000;6;TRIUMPH;900;BONNEVILLE T100;ROADSTER;2;2011;37;3;1;8000;6;HONDA;500;CX500C;CUSTOM;2;1982;37;4;1;3000;6;;;;;;;;;;;;;;;;;;;;;;;19000;2;3;4;;;;;;;NRP;NRP;NRP;1979;1989;NRP;NRP;1984;NRP
1169;4069;;1;0;4;;;;;;0;5;;;;;;0;6;;;;;;0;6;;;;;;0;2;;;;;;0;3;;;;;;0;2;;;;;;1;5;2011;;;;;0;6;;;;;;1;2;2012;;;;;0;3;;;;;;0;3;;;;;;0;5;;;;;;0;2;;;;;;0;;;;;;;;;;;;;;;;;;;0;0;5;1;36;8;2011;;;;;;;;;;;;;;;;;;;;;;;;;;;;;;;;;;;;;;;;;;;;;;;;;;;;;;;;;;;;;;;;;;;;;;;;;;;;;;;;;;;;;;;;;;;;;;;;;;;;;;;;;;;;;;;;;;;;;;;;;;;;;;;;;;;;;;;;;;;;;;;;;;;;;;;;;;;;;;11FEB1979;4;2;3;2;2;3;;NRP;;;;1;0;0;1;0;1;KAWASAKI;600;ZX-6R NINJA;SPORTIVE;2;1996;40;2;3;20000;4;;;;;;;;;;;;;;;;;;;;;;;;;;;;;;;;;;;;;;;;;;;;;20000;3;4;;;;;;;;NRP;NRP;NRP;NRP;2010;NRP;NRP;1997;NRP
1512;4071;;1;0;2;;;;;;0;2;;;;;;1;2;2004;;;;;0;2;;;;;;0;3;;;;;;0;2;;;;;;1;2;1995;;;;;0;2;;;;;;0;2;;;;;;0;3;;;;;;0;3;;;;;;0;2;;;;;;0;2;;;;;;0;2;;;;;;0;;;;;;;;;;;;;;;;;;;0;0;25;0;;NRP;;;;;;;;;;;;;;;;;;;;;;;;;;;;;;;;;;;;;;;;;;;;;;;;;;;;;;;;;;;;;;;;;;;;;;;;;;;;;;;;;;;;;;;;;;;;;;;;;;;;;;;;;;;;;;;;;;;;;;;;;;;;;;;;;;;;;;;;;;;;;;;;;;;;;;;;;;;;;;;09SEP1960;5;2;3;2;3;4;1;NRP;;;;1;0;0;2;0;2;HONDA;1300;PAN EUROPEAN C-ABS;Routière / GT;2;2004;9;2;1;10000;7;SUZUKI;600;GSR;ROADSTER;2;2008;9;2;1;5000;7;;;;;;;;;;;;;;;;;;;;;;;;;;;;;;;;;;15000;4;3;;;;;;;;NRP;NRP;NRP;NRP;1979;NRP;NRP;1979;NRP
241;4073;;1;0;6;;;;;;0;4;;;;;;1;6;2007;;;;;0;5;;;;;;0;6;;;;;;0;2;;;;;;0;3;;;;;;0;4;;;;;;0;3;;;;;;1;6;2007;;;;;1;6;2007;;;;;0;3;;;;;;0;3;;;;;;0;3;;;;;;0;;;;;;;;;;;;;;;;;;;0;5;10;1;51;11;2007;;;;;;;;;;;;;;;;;;;;;;;;;;;;;;;;;;;;;;;;;;;;;;;;;;;;;;;;;;;;;;;;;;;;;;;;;;;;;;;;;;;;;;;;;;;;;;;;;;;;;;;;;;;;;;;;;;;;;;;;;;;;;;;;;;;;;;;;;;;;;;;;;;;;;;;;;;;;;;28DEC1980;7;1;3;2;4;4;2;NRP;;;;3;0;0;3;0;3;TRIUMPH;900;DAYTONA;Routière / GT;2;1996;37;4;2;10000;7;TRIUMPH;900;TRIDENT;ROADSTER;2;1995;37;1;1;1;7;HONDA;125;VARADERO LIMITED EDITION;TRAIL / SUPERMOTARD;2;2003;31;4;2;5000;7;;;;;;;;;;;;;;;;;;;;;;;15001;3;4;;;;;;;;NRP;NRP;NRP;NRP;2005;NRP;NRP;2000;NRP
1818;4075;;1;0;3;;;;;;1;4;2005;;;;;0;2;;;;;;0;5;;;;;;0;4;;;;;;0;4;;;;;;0;4;;;;;;0;3;;;;;;0;4;;;;;;0;3;;;;;;0;5;;;;;;0;2;;;;;;0;5;;;;;;0;4;;;;;;0;;;;;;;;;;;;;;;;;;;0;1;25;1;6;2;2005;;;;;;;;;;;;;;;;;;;;;;;;;;;;;;;;;;;;;;;;;;;;;;;;;;;;;;;;;;;;;;;;;;;;;;;;;;;;;;;;;;;;;;;;;;;;;;;;;;;;;;;;;;;;;;;;;;;;;;;;;;;;;;;;;;;;;;;;;;;;;;;;;;;;;;;;;;;;;;26MAY1956;5;1;3;2;4;4;2;NRP;;;;2;0;0;1;0;1;BMW;1150;R1150RT;Routière / GT;2;2001;37;3;1;7000;7;;;;;;;;;;;;;;;;;;;;;;;;;;;;;;;;;;;;;;;;;;;;;7000;3;4;;;;;;;;NRP;NRP;NRP;NRP;1997;NRP;NRP;1975;NRP
1985;4077;;1;0;4;;;;;;0;3;;;;;;0;4;;;;;;0;2;;;;;;0;2;;;;;;0;4;;;;;;0;5;;;;;;1;5;2006;;;;;1;5;2007;;;;;0;5;;;;;;0;4;;;;;;1;4;2013;;;;;0;3;;;;;;0;5;;;;;;0;;;;;;;;;;;;;;;;;;;0;0;12;1;56;12;2013;;;;;;;;;;;;;;;;;;;;;;;;;;;;;;;;;;;;;;;;;;;;;;;;;;;;;;;;;;;;;;;;;;;;;;;;;;;;;;;;;;;;;;;;;;;;;;;;;;;;;;;;;;;;;;;;;;;;;;;;;;;;;;;;;;;;;;;;;;;;;;;;;;;;;;;;;;;;;;25OCT1974;5;1;3;2;3;4;1;NRP;;;;1;0;0;1;0;1;BMW;1200;R1200R;ROADSTER;2;2009;37;2;1;17000;7;;;;;;;;;;;;;;;;;;;;;;;;;;;;;;;;;;;;;;;;;;;;;17000;3;4;;;;;;;;NRP;NRP;NRP;NRP;1996;NRP;NRP;1992;NRP
1300;4080;;1;0;5;;;;;;0;5;;;;;;0;5;;;;;;0;1;;;;;;0;6;;;;;;0;4;;;;;;0;4;;;;;;0;5;;;;;;1;3;1996;;;;;0;6;;;;;;0;6;;;;;;0;1;;;;;;0;2;;;;;;0;4;;;;;;0;;;;;;;;;;;;;;;;;;;3;0;20;1;41;9;1996;;;;;;;;;;;;;;;;;;;;;;;;;;;;;;;;;;;;;;;;;;;;;;;;;;;;;;;;;;;;;;;;;;;;;;;;;;;;;;;;;;;;;;;;;;;;;;;;;;;;;;;;;;;;;;;;;;;;;;;;;;;;;;;;;;;;;;;;;;;;;;;;;;;;;;;;;;;;;;22DEC1970;4;2;3;2;1;1;;NRP;;;;1;1;0;1;0;1;SUZUKI;650;SV-S RACING EDITION;Routière / GT;2;1999;16;3;1;10000;7;;;;;;;;;;;;;;;;;;;;;;;;;;;;;;;;;;;;;;;;;;;;;10000;3;4;;;;;;;;NRP;NRP;NRP;NRP;1995;NRP;NRP;1997;NRP
767;4081;;1;0;4;;;;;;1;5;1994;;;;;0;6;;;;;;0;3;;;;;;0;6;;;;;;0;5;;;;;;0;2;;;;;;0;3;;;;;;1;4;1993;;;;;0;6;;;;;;0;5;;;;;;0;1;;;;;;1;2;1993;;;;;0;4;;;;;;0;;;;;;;;;;;;;;;;;;;2;2;18;1;6;2;1994;;;;;;;;;;;;;;;;;;;;;;;;;;;;;;;;;;;;;;;;;;;;;;;;;;;;;;;;;;;;;;;;;;;;;;;;;;;;;;;;;;;;;;;;;;;;;;;;;;;;;;;;;;;;;;;;;;;;;;;;;;;;;;;;;;;;;;;;;;;;;;;;;;;;;;;;;;;;;;13SEP1976;5;2;3;2;3;4;1;NRP;;;;2;0;0;2;0;2;HONDA;500;CB;ROADSTER;2;1998;18;2;2;12000;7;YAMAHA;600;FZ6-S FAZER;ROADSTER;2;2005;18;3;1;4000;7;;;;;;;;;;;;;;;;;;;;;;;;;;;;;;;;;;16000;2;3;4;;;;;;;NRP;NRP;NRP;1992;1994;NRP;NRP;1994;NRP
1466;4082;;0;;;;;;;;;;;;;;;;;;;;;;;;;;;;;;;;;;;;;;;;;;;;;;;;;;;;;;;;;;;;;;;;;;;;;;;;;;;;;;;;;;;;;;;;;;;;;;;;;;;;;;;;;;;;;;;;;;;;;;;;;;;;;;;;;;;;;;;;;;;;;;;;;;;;;;;;;;;;;;;;;;;;;;;;;;;;;;;;;;;;;;;;;;;;;;;;;;;;;;;;;;;;;;;;;;;;;;;;;;;;;;;;;;;;;;;;;;;;;;;;;;;;;;;;;;;;;;;;;;;;;;;;;;;;;;;;;;;;;;;;;;09SEP1964;7;2;3;2;4;4;2;NRP;;;;2;0;0;2;0;2;SUZUKI;750;GSX-R;SPORTIVE;2;2010;29;2;1;6000;7;HONDA;600;CBR 600F;Routière / GT;2;2011;29;3;1;4000;7;;;;;;;;;;;;;;;;;;;;;;;;;;;;;;;;;;10000;3;4;;;;;;;;NRP;NRP;NRP;NRP;2004;NRP;NRP;1982;NRP
495;4084;;1;0;5;;;;;;0;3;;;;;;0;5;;;;;;0;3;;;;;;0;4;;;;;;2;5;1988;1991;;;;0;3;;;;;;0;5;;;;;;0;4;;;;;;0;4;;;;;;0;6;;;;;;0;2;;;;;;0;3;;;;;;0;4;;;;;;1;2;1988;1991;;;;Miramas;en Inde;;;;Je circulais sur une RN à 90 km/h. Une voiture arrêtée sur le bas-côté (du même côté que moi) a brusquement fait demi-tour au moment où j'arrivais.;Je roulais à 50 kl/h sur une route de terre bien sur ma gauche (c'est en Inde). Dans un virage à gauche, une moto venant en face, qui coupait le virage, m'a percuté sur ma gauche.;;;;0;0;2;3;45;1;71;15;1988;Miramas;;;;;;;;;;;;;;;;;;;;;;;;;;;;;;;;;;;;;;;;;;;;;;;;;;;;;;;;;;;;;;;;;;;;;;;;;;;;;;;;;;;;;;;;;;;;;;;;;;;;;;;;;;;;;;;;;;;;;;;;;;;;;;;;;;;;;;;;;;;;;;;;;;;;;;;;;;;;;26DEC1947;9;1;3;2;1;1;;NRP;;;;1;0;0;1;0;1;BMW;1000;R100GS;TRAIL / SUPERMOTARD;2;1988;37;2;1;10000;7;;;;;;;;;;;;;;;;;;;;;;;;;;;;;;;;;;;;;;;;;;;;;10000;3;4;;;;;;;;NRP;NRP;NRP;NRP;1968;NRP;NRP;1966;NRP
1455;4085;;1;0;6;;;;;;0;5;;;;;;0;6;;;;;;0;2;;;;;;0;5;;;;;;0;4;;;;;;0;3;;;;;;0;4;;;;;;0;4;;;;;;0;3;;;;;;0;5;;;;;;0;3;;;;;;0;3;;;;;;0;1;;;;;;1;3;1993;1995;2012;;;ollainville;viry chatillon;rn10;;;glissade sur de l'huile répandu volontairement à un croisement.;glissade sur du gasoil dans un rond-point.;glissade sur du gasoil dans un rond-point.;;;0;0;0;0;25;1;73;15;2012;rn10;;;;;;;;;;;;;;;;;;;;;;;;;;;;;;;;;;;;;;;;;;;;;;;;;;;;;;;;;;;;;;;;;;;;;;;;;;;;;;;;;;;;;;;;;;;;;;;;;;;;;;;;;;;;;;;;;;;;;;;;;;;;;;;;;;;;;;;;;;;;;;;;;;;;;;;;;;;;;01APR1964;5;2;3;2;4;4;2;NRP;;;;2;0;0;2;0;2;HONDA;1000;CB-F ABS;ROADSTER;2;2012;28;3;1;8000;7;HONDA;600;CBR;Routière / GT;2;2012;29;3;1;8000;7;;;;;;;;;;;;;;;;;;;;;;;;;;;;;;;;;;16000;3;4;;;;;;;;NRP;NRP;NRP;NRP;1986;NRP;NRP;1983;NRP
1652;4088;;0;;;;;;;;;;;;;;;;;;;;;;;;;;;;;;;;;;;;;;;;;;;;;;;;;;;;;;;;;;;;;;;;;;;;;;;;;;;;;;;;;;;;;;;;;;;;;;;;;;;;;;;;;;;;;;;;;;;;;;;;;;;;;;;;;;;;;;;;;;;;;;;;;;;;;;;;;;;;;;;;;;;;;;;;;;;;;;;;;;;;;;;;;;;;;;;;;;;;;;;;;;;;;;;;;;;;;;;;;;;;;;;;;;;;;;;;;;;;;;;;;;;;;;;;;;;;;;;;;;;;;;;;;;;;;;;;;;;;;;;;;;31OCT1960;1;1;3;2;5;4;3;NRP;;;;2;2;0;2;0;2;SUZUKI;600;GSX-R;SPORTIVE;2;2009;37;2;1;4500;7;HONDA;125;CBR;Routière / GT;2;2005;37;3;1;1000;7;;;;;;;;;;;;;;;;;;;;;;;;;;;;;;;;;;5500;2;3;4;;;;;;;NRP;NRP;NRP;1977;1983;NRP;NRP;1979;NRP
1591;4089;;1;1;5;1999;;;;;0;3;;;;;;0;5;;;;;;0;3;;;;;;0;5;;;;;;0;5;;;;;;0;3;;;;;;0;4;;;;;;1;3;2010;;;;;0;5;;;;;;0;5;;;;;;0;4;;;;;;0;4;;;;;;0;4;;;;;;0;;;;;;;;;;;;;;;;;;;2;3;40;1;1;1;1999;;;;;;;;;;;;;;;;;;;;;;;;;;;;;;;;;;;;;;;;;;;;;;;;;;;;;;;;;;;;;;;;;;;;;;;;;;;;;;;;;;;;;;;;;;;;;;;;;;;;;;;;;;;;;;;;;;;;;;;;;;;;;;;;;;;;;;;;;;;;;;;;;;;;;;;;;;;;;;08MAY1956;7;1;3;2;2;2;1;NRP;;;;2;0;0;1;0;1;HONDA;1800;GOLD WING;Routière / GT;2;2009;37;3;1;6000;4;;;;;;;;;;;;;;;;;;;;;;;;;;;;;;;;;;;;;;;;;;;;;6000;2;3;4;;;;;;;NRP;NRP;NRP;1972;1975;NRP;NRP;1975;NRP
799;4092;;0;;;;;;;;;;;;;;;;;;;;;;;;;;;;;;;;;;;;;;;;;;;;;;;;;;;;;;;;;;;;;;;;;;;;;;;;;;;;;;;;;;;;;;;;;;;;;;;;;;;;;;;;;;;;;;;;;;;;;;;;;;;;;;;;;;;;;;;;;;;;;;;;;;;;;;;;;;;;;;;;;;;;;;;;;;;;;;;;;;;;;;;;;;;;;;;;;;;;;;;;;;;;;;;;;;;;;;;;;;;;;;;;;;;;;;;;;;;;;;;;;;;;;;;;;;;;;;;;;;;;;;;;;;;;;;;;;;;;;;;;;;08OCT1936;9;1;3;2;2;3;;NRP;;;;2;0;0;1;0;1;SUZUKI;125;MARAUDER (GZ);CUSTOM;2;1999;37;4;1;2000;7;;;;;;;;;;;;;;;;;;;;;;;;;;;;;;;;;;;;;;;;;;;;;2000;3;4;;;;;;;;NRP;NRP;NRP;NRP;1954;NRP;NRP;1954;NRP
1036;4094;;0;;;;;;;;;;;;;;;;;;;;;;;;;;;;;;;;;;;;;;;;;;;;;;;;;;;;;;;;;;;;;;;;;;;;;;;;;;;;;;;;;;;;;;;;;;;;;;;;;;;;;;;;;;;;;;;;;;;;;;;;;;;;;;;;;;;;;;;;;;;;;;;;;;;;;;;;;;;;;;;;;;;;;;;;;;;;;;;;;;;;;;;;;;;;;;;;;;;;;;;;;;;;;;;;;;;;;;;;;;;;;;;;;;;;;;;;;;;;;;;;;;;;;;;;;;;;;;;;;;;;;;;;;;;;;;;;;;;;;;;;;;06MAY1959;7;1;3;2;1;1;;NRP;;;;1;0;0;1;0;1;SUZUKI;650;BANDIT-S;ROADSTER;2;2004;37;2;1;4000;6;;;;;;;;;;;;;;;;;;;;;;;;;;;;;;;;;;;;;;;;;;;;;4000;2;3;4;;;;;;;NRP;NRP;NRP;1978;1978;NRP;NRP;2001;NRP
44;4095;328;1;0;3;;;;;;0;5;;;;;;0;4;;;;;;0;3;;;;;;0;6;;;;;;0;5;;;;;;0;2;;;;;;0;2;;;;;;0;2;;;;;;1;6;2009;;;;;0;2;;;;;;0;2;;;;;;1;4;2014;;;;;0;6;;;;;;1;1;2007;;;;;l'hay les roses;;;;;j'ai été percuté par l'arriere;;;;;0;0;0;0;9;1;46;10;2009;;2009;"Vous circuliez sur un axe constitué d’au moins "" 2 X 2 voies "" (en urbain, périphérique, autoroute, RN …). Un véhicule vous a coupé la route en changeant de voie pour se placer sur celle de droite.";3;;;;;;;Remontée de file a faible allure (-30km/h) car circulation a l'arret sur l'A86. Une jeune permis (1 semaine de permis voiture...) déboite sans clignotant sans controle ds les rétros pour passer de la voie de gauche a la voie de droite. manque de chance j'étais la;L'innatention, le manque de controle de la jeune conductrice;sauter sur les freins et klaxon... La conductrice s'est mise a pleurer et me répétant qu'elle était désolé qu'elle a pas fait attention...;NRP;0;;;NRP;2;1;2;;changement de file intempestif;1;un regard ds 1 rétro 1 clignotant et l'accident pourrait etre évité;1;6;8;;;;;1;;;;;2;;surprise en voyant la voiture changer de file;3;3;;;2;3;3;3;1;1;2;1;3;4;4;4;4;10;;;;;;;;;2;;;;;;;;;2;2;;2;1;1;1;0;100;0;0;0;1;AUT|.;;;;;4;1;;;;2;1;7;;;;;;;1;0;2;3;3;;0;30;1;2;3;4;;;;;;;4;4;4;3;4;4;BUELL;1200;XB12-SS LIGHTNING LONG;ROADSTER;2;1;1;1;1;1;1;2;1;1;1;14000;12;2;1;SUZUKI;650;SV-N;ROADSTER;null;4;4;06MAY1986;7;2;3;1;3;5;0;NRP;;;;3;0;0;1;0;1;YAMAHA;1000;R1 (YZF-R1);SPORTIVE;2;2011;31;2;1;8000;7;;;;;;;;;;;;;;;;;;;;;;;;;;;;;;;;;;;;;;;;;;;;;8000;3;4;;;;;;;;NRP;NRP;NRP;NRP;2006;NRP;NRP;2005;NRP