Ligne;Ligne Q qualif;Ligne approfondissement Accident;ACCIDENT;NBACC1;ACCFREQUENCE1;ANNEEACC1_1;ANNEEACC1_2;ANNEEACC1_3;ANNEEACC1_4;ANNEEACC1_5;NBACC2;ACCFREQUENCE2;ANNEEACC2_1;ANNEEACC2_2;ANNEEACC2_3;ANNEEACC2_4;ANNEEACC2_5;NBACC3;ACCFREQUENCE3;ANNEEACC3_1;ANNEEACC3_2;ANNEEACC3_3;ANNEEACC3_4;ANNEEACC3_5;NBACC4;ACCFREQUENCE4;ANNEEACC4_1;ANNEEACC4_2;ANNEEACC4_3;ANNEEACC4_4;ANNEEACC4_5;NBACC5;ACCFREQUENCE5;ANNEEACC5_1;ANNEEACC5_2;ANNEEACC5_3;ANNEEACC5_4;ANNEEACC5_5;NBACC6;ACCFREQUENCE6;ANNEEACC6_1;ANNEEACC6_2;ANNEEACC6_3;ANNEEACC6_4;ANNEEACC6_5;NBACC7;ACCFREQUENCE7;ANNEEACC7_1;ANNEEACC7_2;ANNEEACC7_3;ANNEEACC7_4;ANNEEACC7_5;NBACC8;ACCFREQUENCE8;ANNEEACC8_1;ANNEEACC8_2;ANNEEACC8_3;ANNEEACC8_4;ANNEEACC8_5;NBACC9;ACCFREQUENCE9;ANNEEACC9_1;ANNEEACC9_2;ANNEEACC9_3;ANNEEACC9_4;ANNEEACC9_5;NBACC10;ACCFREQUENCE10;ANNEEACC10_1;ANNEEACC10_2;ANNEEACC10_3;ANNEEACC10_4;ANNEEACC10_5;NBACC11;ACCFREQUENCE11;ANNEEACC11_1;ANNEEACC11_2;ANNEEACC11_3;ANNEEACC11_4;ANNEEACC11_5;NBACC12;ACCFREQUENCE12;ANNEEACC12_1;ANNEEACC12_2;ANNEEACC12_3;ANNEEACC12_4;ANNEEACC12_5;NBACC13;ACCFREQUENCE13;ANNEEACC13_1;ANNEEACC13_2;ANNEEACC13_3;ANNEEACC13_4;ANNEEACC13_5;NBACC14;ACCFREQUENCE14;ANNEEACC14_1;ANNEEACC14_2;ANNEEACC14_3;ANNEEACC14_4;ANNEEACC14_5;AUTRESACC;NBAUTRESACC;ANNEEAUTREACC1;ANNEEAUTREACC2;ANNEEAUTREACC3;ANNEEAUTREACC4;ANNEEAUTREACC5;LIEUAUTREACC1;LIEUAUTREACC2;LIEUAUTREACC3;LIEUAUTREACC4;LIEUAUTREACC5;DESCRIPTIONAUTRESACC1;DESCRIPTIONAUTRESACC2;DESCRIPTIONAUTRESACC3;DESCRIPTIONAUTRESACC4;DESCRIPTIONAUTRESACC5;NBAUTRESACCCIRCUIT;NBAUTRESTOUTTERRAIN;EXPCYCLO;EXP125;EXPSUP125;ACCORDNEXTQ;CHOIXACC;RGPMTACC;RECUPANNEE;RECUPLIEU;RECUPANNE;RGPMTAC;CHOIX1;CHOIX2;CHOIX3;CHOIX4;CHOIX5;CHOIX6;CHOIX7;DESCRIPTION;RUPTURE;FAITS;ABS_REACTION;AUTRE_REACTION;PRECISIONREACTIONOUI;RECUL;PRECISIONREACTIONNON;IMPACTCOMPORTEMENT;AUTREUSAGER;REACTIONAUTREUSAGER;CONNAISSANCEREACTIONUSAGER;DIFFICULTES;AGGRAVATION;DIFFICULTES2;EMOTIONS1;EMOTIONS2;EMOTIONS3;EMOTIONS4;EMOTIONS5;EMOTIONS6;AUTRESENTIMENT;CLASSEMENTEMOTIONS1;CLASSEMENTEMOTIONS;CLASSEMENTEMOTIONS5;CLASSEMENTEMOTIONS6;CLASSEMENTEMOTIONS7;CLASSEMENTEMOTIONS8;CLASSEMENTEMOTIONS9;EXPLICATIONRESSENTI;BIENEQUIPE;ALLURE;ALLUREVITEDETAIL;ALLURELENTEDETAIL;SITUATIONPRESSE;SITUATIONDISTRAIT;SITUATIONCONFIANT;SITUATIONCONTROLE;SITUATIONLUDIQUE;SITUATIONPERF;SITUATIONSTRESS;SITUATIONFATIGUE;HUMEURNEUTRE;HUMEURGAI;HUMEURMECONTENT;HUMEURTRISTE;HUMEURCOLERE;CONTRIBUTION1;CONTRIBUTION2;CONTRIBUTION3;CONTRIBUTION4;CONTRIBUTION5;CONTRIBUTION6;CONTRIBUTION7;CONTRIBUTION8;CONTRIBUTION9;ROLEINFRA;ELEMENTINFRA1;ELEMENTINFRA2;ELEMENTINFRA3;ELEMENTINFRA4;ELEMENTINFRA5;ELEMENTINFRA6;ELEMENTINFRA7;ELEMENTINFRA8;ELEMENTINFRA9;ALCOOL;TXALCOOL;STUP;SEMAINE;MOMENTJOURNEE;TEMPS;CAUSEACC1;CAUSEACC2;CAUSEACC3;CAUSEACC4;CAUSEACC5;FORMATIONCAUSE;FORMATION1;FORMATION2;FORMATION3;FORMATION4;FORMATION5;TRAFIC;CHAUSSEE1;CHAUSSEE2;CHAUSSEE3;CHAUSSEE4;TYPEACC;BLESSURE;TETE;COU;THORAX;MEMBRESSUP;COLONNE;BASSIN;MEMBRESINF;HOPITAL;PLUS24H;TRAJET;TYPEROUTE;MOTIF;SENSTRAJET;PASSAGER;VITESSE;DESCEQ1;DESCEQ2;DESCEQ3;DESCEQ4;DESCEQ5;DESCEQ6;DESCEQ7;DESCEQ8;DESCEQ9;DESCEQ10;VEHICULEETE;VEHICULEAUTOMNE;VEHICULEPRINTEMPS;VEHICULEHIVER;VEHICULESEMAINE;VEHICULEWE;VEHMARQUE;VEHCYLINDREE;VEHMODELE;VEHSEGMENT;VEHSIDE;EQ2RMABS;EQ2RMCBS;EQ2RMABSCBS;EQ2RMREGULATEUR;EQ2RMLIMITEUR;EQ2RMPHARESDIRECT;EQ2RMCOUPURE;EQ2RMANTIPATINAGE;EQ2RMANTIXHEELING;EQ2RMSTABILILTE;VEHKM;POINTS;DUREE;AUTRE2RM;VEHPRECMARQUE;VEHPRECCYLINDREE;VEHPRECMODELE;VEHPRECSEGMENT;VEHPRECSIDE;TEMPS2RMPREC;FREQVEHPREC;DATE_NAISS;CSP;SOCIETAIRE;SALARIE;SECTEUR2RM;NBPERSFOYER;SITFAM;NBENF;TRNBENF1;TRNBENF2;TRNBENF3;TRNBENF4;NBAUTOFOYER;NBCYCLOFOYER;NBSCOOTFOYER;NBMOTOFOYER;NBTRIKEFOYER;NB2RMCONDUIT;MARQUE1;CYLINDREE1;MODELE1;SEGMENT1;SIDE1;ANMISECIRCU1;ASS1;FREQ1;USAGE1;NBKM1;GARAGE1;MARQUE2;CYLINDREE2;MODELE2;SEGMENT2;SIDE2;ANMISECIRCU2;ASS2;FREQ2;USAGE2;NBKM2;GARAGE2;MARQUE3;CYLINDREE3;MODELE3;SEGMENT3;SIDE3;ANMISECIRCU3;ASS3;FREQ3;USAGE3;NBKM3;GARAGE3;MARQUE4;CYLINDREE4;MODELE4;SEGMENT4;SIDE4;ANMISECIRCU4;ASS4;FREQ4;USAGE4;NBKM4;GARAGE4;MARQUE5;CYLINDREE5;MODELE5;SEGMENT5;SIDE5;ANMISECIRCU5;ASS5;FREQ5;USAGE5;NBKM5;GARAGE5;NBKMTOT;PERMIS1;PERMIS2;PERMIS3;PERMIS4;PERMIS5;PERMIS6;PERMIS7;PERMIS8;PERMIS9;ANPERMIS1;ANPERMIS6;ANPERMIS7;ANPERMIS2;ANPERMIS3;ANPERMIS8;ANPERMIS9;ANPERMIS4;ANPERMIS5
2022;4113;;1;0;3;;;;;;0;4;;;;;;0;4;;;;;;0;2;;;;;;0;4;;;;;;0;3;;;;;;0;3;;;;;;0;2;;;;;;1;2;1982;;;;;0;3;;;;;;0;5;;;;;;0;2;;;;;;0;2;;;;;;0;3;;;;;;0;;;;;;;;;;;;;;;;;;;4;0;20;1;41;9;1982;;;;;;;;;;;;;;;;;;;;;;;;;;;;;;;;;;;;;;;;;;;;;;;;;;;;;;;;;;;;;;;;;;;;;;;;;;;;;;;;;;;;;;;;;;;;;;;;;;;;;;;;;;;;;;;;;;;;;;;;;;;;;;;;;;;;;;;;;;;;;;;;;;;;;;;;;;;;;;07FEB1952;7;2;3;2;4;4;2;NRP;;;;2;0;0;1;0;1;YAMAHA;750;FZ;Routière / GT;2;1987;10;2;1;6000;4;;;;;;;;;;;;;;;;;;;;;;;;;;;;;;;;;;;;;;;;;;;;;6000;3;4;;;;;;;;NRP;NRP;NRP;NRP;1972;NRP;NRP;1970;NRP
1670;4115;;1;2;2;2007;2011;;;;0;3;;;;;;0;4;;;;;;0;1;;;;;;0;3;;;;;;0;2;;;;;;0;3;;;;;;0;3;;;;;;1;3;2007;;;;;0;3;;;;;;0;1;;;;;;0;1;;;;;;0;3;;;;;;0;2;;;;;;1;1;2011;;;;;condrieu;;;;;La moto qui me suivait m'a rentré dedans sur un freinage brusque pour éviter la voiture que je précédais;;;;;0;0;3;1;10;0;;NRP;;;;;;;;;;;;;;;;;;;;;;;;;;;;;;;;;;;;;;;;;;;;;;;;;;;;;;;;;;;;;;;;;;;;;;;;;;;;;;;;;;;;;;;;;;;;;;;;;;;;;;;;;;;;;;;;;;;;;;;;;;;;;;;;;;;;;;;;;;;;;;;;;;;;;;;;;;;;;;;04JUL1952;9;2;3;2;2;3;;NRP;;;;2;0;0;1;0;1;HONDA;1300;PAN EUROPEAN C-ABS;Routière / GT;2;2007;28;2;1;6000;7;;;;;;;;;;;;;;;;;;;;;;;;;;;;;;;;;;;;;;;;;;;;;6000;4;3;;;;;;;;NRP;NRP;NRP;NRP;2006;NRP;NRP;1970;NRP
1604;4117;;0;;;;;;;;;;;;;;;;;;;;;;;;;;;;;;;;;;;;;;;;;;;;;;;;;;;;;;;;;;;;;;;;;;;;;;;;;;;;;;;;;;;;;;;;;;;;;;;;;;;;;;;;;;;;;;;;;;;;;;;;;;;;;;;;;;;;;;;;;;;;;;;;;;;;;;;;;;;;;;;;;;;;;;;;;;;;;;;;;;;;;;;;;;;;;;;;;;;;;;;;;;;;;;;;;;;;;;;;;;;;;;;;;;;;;;;;;;;;;;;;;;;;;;;;;;;;;;;;;;;;;;;;;;;;;;;;;;;;;;;;;;09SEP1951;9;1;3;2;2;3;;NRP;;;;1;0;0;2;0;2;HONDA;700;DEAUVILLE;Routière / GT;2;2006;37;1;1;15000;4;BMW;1200;R1200RT;Routière / GT;2;2012;37;2;1;15000;4;;;;;;;;;;;;;;;;;;;;;;;;;;;;;;;;;;30000;2;3;4;;;;;;;NRP;NRP;NRP;1969;1979;NRP;NRP;1969;NRP
626;4118;138;1;0;4;;;;;;0;6;;;;;;0;5;;;;;;0;3;;;;;;0;5;;;;;;0;4;;;;;;0;3;;;;;;0;5;;;;;;1;4;2011;;;;;0;4;;;;;;0;5;;;;;;0;4;;;;;;0;4;;;;;;0;3;;;;;;0;;;;;;;;;;;;;;;;;;;2;0;12;1;41;9;2011;;2011;Vous avez fait une sortie de route, une perte de contrôle ou une glissade sans rien percuter.;1;;;;;;;Blocage de la roue avant lors du freinage. Moto non équipée de l'ABS. Chute sur voie rapide. Vitesse de la chute environ 90km. Glissade sans percuter d'obstacle.;Blocage instantané. Peut-être un élément glissant sur la route. Impossible de rétablir l'équilibre de la moto.;Je n'ai rien pu faire pour éviter la chute. Les voitures se sont arrêté derrière moi et une personne est venu voir si j'étais blessé.;NRP;0;;;Je pense que seul l'ABS aurait pu me faire éviter la chute.;2;0;;;;;;6;;;;;;;;;;;;1;;Une fois la glissade entamée. Seul l'équipement que je portais m'a permis de limiter les blessures. En ce qui me concerne, je ne pouvais rien faire de particulier pour éviter la glissade.;4;3;;;1;3;3;3;2;1;1;2;3;3;4;4;4;4;7;;;;;;;;1;1;AUT|Produit glissant sur la route;;;;;;;2;2;;2;1;3;1;50;0;0;50;0;2;;;;;;3;1;6;AUT|froide;;2;1;7;;;;;;;1;0;1;3;1;1;0;90;1;2;3;4;9;;;;;;4;4;4;4;4;4;KAWASAKI;1200;ZZR;Routière / GT;2;1;1;1;1;1;1;1;1;1;1;90000;12;4;1;DUCATI;800;SS IE;Routière / GT;2;4;3;05DEC1980;7;2;3;2;2;3;;NRP;;;;2;0;0;1;0;1;SUZUKI;1800;INTRUDER M1800R (VZ-R);CUSTOM;2;2011;10;1;2;20000;4;;;;;;;;;;;;;;;;;;;;;;;;;;;;;;;;;;;;;;;;;;;;;20000;3;4;;;;;;;;NRP;NRP;NRP;NRP;2002;NRP;NRP;1999;NRP
188;4120;;0;;;;;;;;;;;;;;;;;;;;;;;;;;;;;;;;;;;;;;;;;;;;;;;;;;;;;;;;;;;;;;;;;;;;;;;;;;;;;;;;;;;;;;;;;;;;;;;;;;;;;;;;;;;;;;;;;;;;;;;;;;;;;;;;;;;;;;;;;;;;;;;;;;;;;;;;;;;;;;;;;;;;;;;;;;;;;;;;;;;;;;;;;;;;;;;;;;;;;;;;;;;;;;;;;;;;;;;;;;;;;;;;;;;;;;;;;;;;;;;;;;;;;;;;;;;;;;;;;;;;;;;;;;;;;;;;;;;;;;;;;;13OCT1949;4;2;3;2;2;3;;NRP;;;;2;1;0;1;0;1;TRIUMPH;1050;SPEED TRIPLE;ROADSTER;2;2007;29;2;1;9000;7;;;;;;;;;;;;;;;;;;;;;;;;;;;;;;;;;;;;;;;;;;;;;9000;2;3;4;;;;;;;NRP;NRP;NRP;1967;1979;NRP;NRP;1967;NRP
1204;4122;;1;1;4;1980;;;;;0;5;;;;;;0;5;;;;;;0;2;;;;;;1;5;1977;;;;;0;4;;;;;;0;4;;;;;;1;5;1978;;;;;1;5;2014;;;;;0;2;;;;;;0;6;;;;;;0;3;;;;;;0;3;;;;;;0;3;;;;;;0;;;;;;;;;;;;;;;;;;;2;3;8;1;1;1;1980;;;;;;;;;;;;;;;;;;;;;;;;;;;;;;;;;;;;;;;;;;;;;;;;;;;;;;;;;;;;;;;;;;;;;;;;;;;;;;;;;;;;;;;;;;;;;;;;;;;;;;;;;;;;;;;;;;;;;;;;;;;;;;;;;;;;;;;;;;;;;;;;;;;;;;;;;;;;;;07DEC1960;5;2;3;2;3;4;1;NRP;;;;2;0;0;1;0;1;KAWASAKI;1000;Z 1000 IE SX ABS;Routière / GT;2;2011;2;2;1;18000;4;;;;;;;;;;;;;;;;;;;;;;;;;;;;;;;;;;;;;;;;;;;;;18000;2;3;4;;;;;;;NRP;NRP;NRP;1977;2007;NRP;NRP;1979;NRP
2095;4123;;1;1;5;2008;;;;;1;4;2007;;;;;1;5;2013;;;;;0;3;;;;;;1;4;2008;;;;;0;4;;;;;;0;5;;;;;;0;4;;;;;;0;5;;;;;;0;4;;;;;;0;6;;;;;;0;3;;;;;;0;5;;;;;;0;3;;;;;;0;;;;;;;;;;;;;;;;;;;3;3;7;1;21;5;2008;;;;;;;;;;;;;;;;;;;;;;;;;;;;;;;;;;;;;;;;;;;;;;;;;;;;;;;;;;;;;;;;;;;;;;;;;;;;;;;;;;;;;;;;;;;;;;;;;;;;;;;;;;;;;;;;;;;;;;;;;;;;;;;;;;;;;;;;;;;;;;;;;;;;;;;;;;;;;;22OCT1977;7;2;3;2;1;1;;NRP;;;;1;0;0;1;0;1;SUZUKI;600;BANDIT-S;ROADSTER;2;2002;28;2;2;8000;7;;;;;;;;;;;;;;;;;;;;;;;;;;;;;;;;;;;;;;;;;;;;;8000;4;3;;;;;;;;NRP;NRP;NRP;NRP;2008;NRP;NRP;1997;NRP
887;4125;;0;;;;;;;;;;;;;;;;;;;;;;;;;;;;;;;;;;;;;;;;;;;;;;;;;;;;;;;;;;;;;;;;;;;;;;;;;;;;;;;;;;;;;;;;;;;;;;;;;;;;;;;;;;;;;;;;;;;;;;;;;;;;;;;;;;;;;;;;;;;;;;;;;;;;;;;;;;;;;;;;;;;;;;;;;;;;;;;;;;;;;;;;;;;;;;;;;;;;;;;;;;;;;;;;;;;;;;;;;;;;;;;;;;;;;;;;;;;;;;;;;;;;;;;;;;;;;;;;;;;;;;;;;;;;;;;;;;;;;;;;;;28OCT1964;5;1;3;2;4;4;2;NRP;;;;2;0;0;1;0;1;YAMAHA;1700;ROADSTAR WARRIOR;CUSTOM;2;2004;37;3;1;3000;7;;;;;;;;;;;;;;;;;;;;;;;;;;;;;;;;;;;;;;;;;;;;;3000;4;3;;;;;;;;NRP;NRP;NRP;NRP;1992;NRP;NRP;1983;NRP
1809;4126;;0;;;;;;;;;;;;;;;;;;;;;;;;;;;;;;;;;;;;;;;;;;;;;;;;;;;;;;;;;;;;;;;;;;;;;;;;;;;;;;;;;;;;;;;;;;;;;;;;;;;;;;;;;;;;;;;;;;;;;;;;;;;;;;;;;;;;;;;;;;;;;;;;;;;;;;;;;;;;;;;;;;;;;;;;;;;;;;;;;;;;;;;;;;;;;;;;;;;;;;;;;;;;;;;;;;;;;;;;;;;;;;;;;;;;;;;;;;;;;;;;;;;;;;;;;;;;;;;;;;;;;;;;;;;;;;;;;;;;;;;;;;29JAN1954;2;2;3;2;2;3;;NRP;;;;2;2;0;2;0;2;BMW;1600;K1600GT PACK 1;Routière / GT;2;2011;24;2;1;10000;7;SUZUKI;1300;GSX-R  HAYABUSA;Routière / GT;2;2010;24;2;1;3000;7;;;;;;;;;;;;;;;;;;;;;;;;;;;;;;;;;;13000;3;4;;;;;;;;NRP;NRP;NRP;NRP;2001;NRP;NRP;1972;NRP
1097;4127;161;1;1;4;1979;;;;;0;5;;;;;;0;5;;;;;;0;3;;;;;;0;3;;;;;;0;3;;;;;;0;4;;;;;;0;3;;;;;;0;2;;;;;;0;6;;;;;;0;4;;;;;;0;3;;;;;;0;2;;;;;;0;3;;;;;;1;3;2007;2012;2014;;;chambery;route napoléon;ajaccio;;;sur le chemin de retour à mon domicile apres le travail vers 21h00 en passant devant la foire de savoie à 30 km/h je me prend en travers du buste un cable electrique qui pendait en attendant que l'electricien traverse la rue pour le tendre depuis l'autre coté de la rue. une moto fracassée,un pilote au urgence mais pour rien.;banale glissade à 30 km/h dans un virage pourri par un liquide gras;chute à 10 km/h sur une route en travaux couverte d'une pelicule de sable;;;0;0;8;4;12;1;73;15;2014;ajaccio;2014;Autre(s) type(s) d'accident(s).;3;;;;;;;en remontanr vers le nord à la sortie d'ajaccio le secteur était en travaux et la route recouverte de sable sec et fin avec vue sur la mer: une vraie plage. je gaffe bien les engins de chantier divers qui tournent et manoeuvrent sans se soucier de la circulation.pas ou peu de signalisation.  j'arrive à une patte d'oie correctectement signalée mais une camionette s'est garée devant les panneaux d'orientation. là je relache mon attention pour trouver ma route et je chute sur le coté gauche sans avoir eu le temps de rien du tout. grosse douleur à l'epaule et à la main ( je roule toujours ganté et entierement equipé sauf ce jour là où il faisait vraiment trop chaud) la chute s'st produite devant une voiture pleine de gendarmes tres préssés qui m'ont aidé à remonter la becane tres gentiment tout en me faisant comprendre qu'ils ont mieux à faire une fois le constat fait de l'absence de trauma grave.la trouille de rater le bateau du lendemain me fait sublimer la douleur et je termine le sejour en conduisantr d'une main ou presque. sur le retour en depassant Sisteron les gendarmes me décollent trois points + 90 € pour un ecces de vitesse  bilan : la becane = rien , le bonhomme = trois mois de reeducation et autres fantaisies medicales et 5 points restant sur le permis. pour les gendarmes je l'ai pensé tres tres fort mais je l'ai pas dit , ils avaient l'air pret à me mettre une rallonge vu qu'ils ont inspecté la becanne sous toutes les coutures.  bon la corse c'est jouly et il y a de beaux virages;le sable sur la route qui rendait meme difficile la marche à pied;prit par surprise je n'ai pas eu le temps d'agir;2;1;rester vigilant malgre le bordel ambiant;le sentiment de devoir aller vite pour arriver avant la nuit;;2;0;;;;;;2;3;;;;;;;1;2;;;;;question ????! ben euh , je ne m'y attendait pas;3;3;;;3;2;3;4;1;1;3;1;3;4;4;4;4;3;6;;;;;;;;1;3;4;5;6;;;;;2;2;;2;1;1;1;10;0;0;90;0;2;;;;;;2;1;4;7;;2;1;2;4;;;;;;0;;3;1;3;;0;15;1;3;4;7;8;9;;;;;4;4;4;4;4;4;BMW;850;R850RT;Routière / GT;2;0;1;1;1;1;1;1;1;1;1;134000;5;4;1;BMW;1000;K100RT;Routière / GT;2;3;4;11JAN1959;6;2;3;2;2;3;;NRP;;;;2;1;0;1;0;1;BMW;850;R850RT;Routière / GT;2;2000;31;1;2;22000;7;;;;;;;;;;;;;;;;;;;;;;;;;;;;;;;;;;;;;;;;;;;;;22000;4;3;;;;;;;;NRP;NRP;NRP;NRP;2008;NRP;NRP;1986;NRP
1095;4128;;1;0;2;;;;;;0;2;;;;;;0;3;;;;;;0;2;;;;;;0;1;;;;;;0;3;;;;;;0;2;;;;;;0;2;;;;;;1;3;2006;;;;;0;3;;;;;;1;2;2012;;;;;0;1;;;;;;0;1;;;;;;0;1;;;;;;0;;;;;;;;;;;;;;;;;;;0;2;25;1;51;11;2012;;;;;;;;;;;;;;;;;;;;;;;;;;;;;;;;;;;;;;;;;;;;;;;;;;;;;;;;;;;;;;;;;;;;;;;;;;;;;;;;;;;;;;;;;;;;;;;;;;;;;;;;;;;;;;;;;;;;;;;;;;;;;;;;;;;;;;;;;;;;;;;;;;;;;;;;;;;;;;04MAY1965;5;1;3;2;4;4;2;NRP;;;;2;0;0;1;0;1;TRIUMPH;955;TIGER;TRAIL / SUPERMOTARD;2;2005;37;3;1;4000;7;;;;;;;;;;;;;;;;;;;;;;;;;;;;;;;;;;;;;;;;;;;;;4000;3;4;;;;;;;;NRP;NRP;NRP;NRP;1986;NRP;NRP;1983;NRP
1362;4130;;1;0;5;;;;;;0;4;;;;;;0;4;;;;;;0;2;;;;;;0;5;;;;;;0;4;;;;;;0;2;;;;;;0;5;;;;;;0;4;;;;;;0;5;;;;;;0;5;;;;;;0;2;;;;;;0;2;;;;;;0;3;;;;;;1;1;2008;;;;;moisenay;;;;;J'étais dans un rond point et une voiture venant de droite  roulant a vive allure m'a percuté;;;;;0;0;0;0;11;1;71;15;2008;moisenay;;;;;;;;;;;;;;;;;;;;;;;;;;;;;;;;;;;;;;;;;;;;;;;;;;;;;;;;;;;;;;;;;;;;;;;;;;;;;;;;;;;;;;;;;;;;;;;;;;;;;;;;;;;;;;;;;;;;;;;;;;;;;;;;;;;;;;;;;;;;;;;;;;;;;;;;;;;;;11MAR1964;7;2;3;2;3;4;1;NRP;;;;2;0;0;2;0;2;TRIUMPH;675;STREET TRIPLE;ROADSTER;2;2008;10;2;1;12000;7;TRIUMPH;1050;TIGER;ROADSTER;2;2012;10;2;1;8000;7;;;;;;;;;;;;;;;;;;;;;;;;;;;;;;;;;;20000;3;4;;;;;;;;NRP;NRP;NRP;NRP;2004;NRP;NRP;1982;NRP
1811;4131;;1;0;6;;;;;;0;5;;;;;;0;6;;;;;;0;1;;;;;;0;6;;;;;;0;5;;;;;;0;3;;;;;;0;3;;;;;;1;5;2013;;;;;0;6;;;;;;0;4;;;;;;0;2;;;;;;0;4;;;;;;0;4;;;;;;0;;;;;;;;;;;;;;;;;;;2;0;5;1;41;9;2013;;;;;;;;;;;;;;;;;;;;;;;;;;;;;;;;;;;;;;;;;;;;;;;;;;;;;;;;;;;;;;;;;;;;;;;;;;;;;;;;;;;;;;;;;;;;;;;;;;;;;;;;;;;;;;;;;;;;;;;;;;;;;;;;;;;;;;;;;;;;;;;;;;;;;;;;;;;;;;08JUN1971;5;2;3;2;4;4;2;NRP;;;;2;0;0;2;0;2;KAWASAKI;650;ER-6  F;Routière / GT;2;2010;33;2;2;4000;7;SUZUKI;600;GSR;ROADSTER;2;2010;33;4;1;7000;7;;;;;;;;;;;;;;;;;;;;;;;;;;;;;;;;;;11000;3;4;;;;;;;;NRP;NRP;NRP;NRP;2010;NRP;NRP;1989;NRP
1116;4132;;1;0;5;;;;;;0;5;;;;;;0;5;;;;;;0;3;;;;;;1;6;2011;;;;;0;6;;;;;;1;4;2004;;;;;0;4;;;;;;0;4;;;;;;0;6;;;;;;0;6;;;;;;0;2;;;;;;0;2;;;;;;0;6;;;;;;1;1;2005;;;;;Asnière;;;;;Remontée de file dans une rue a double sens avec séparateur ligne continue. Au moment de dépasser un bus, un véhicule, sortant d'une sortie de parking, a coupé la route au bus pour tourner à gauche. Ne l'ayant pas vu arrivé, pas le temps de freiner, j'ai percuter le véhicule.;;;;;0;0;11;0;11;1;71;15;2005;Asnière;;;;;;;;;;;;;;;;;;;;;;;;;;;;;;;;;;;;;;;;;;;;;;;;;;;;;;;;;;;;;;;;;;;;;;;;;;;;;;;;;;;;;;;;;;;;;;;;;;;;;;;;;;;;;;;;;;;;;;;;;;;;;;;;;;;;;;;;;;;;;;;;;;;;;;;;;;;;;07JAN1981;5;2;3;2;2;3;;NRP;;;;1;2;0;2;0;2;KAWASAKI;1400;GTR;Routière / GT;2;2008;10;1;2;18000;4;KAWASAKI;650;ER-6  N  ABS;ROADSTER;2;2007;16;4;1;2000;4;;;;;;;;;;;;;;;;;;;;;;;;;;;;;;;;;;20000;3;4;;;;;;;;NRP;NRP;NRP;NRP;2003;NRP;NRP;1999;NRP
99;4133;247;1;0;6;;;;;;0;6;;;;;;0;6;;;;;;5;6;2005;2006;2007;2009;2014;2;6;2005;2006;;;;0;5;;;;;;0;1;;;;;;0;3;;;;;;0;4;;;;;;0;6;;;;;;0;6;;;;;;0;2;;;;;;0;2;;;;;;0;3;;;;;;1;3;2007;2009;2014;;;tarnos;bayonne;biarotte;;;percuté par l'arrière à un feu rouge par véhicule qui ne l'a pas respecté;percuté par l arrière à un feu rouge par véhicule qui ne s'est pas arrété;percuté par l arrière à un stop par camionnette dont conducteur téléphonait;;;0;0;49;2;41;1;22;5;2006;;2006;Vous circuliez sur un axe prioritaire. Un véhicule venant d’un axe non prioritaire vous a coupé la route.;6;;;;;;;Dans un virage serré, en sortie d'une ferme, une voiture a fait un demi tour sans regarder dans le miroir qui visualisait les 2 bouts de route aveugles la venue ou non d'un autre véhicule.;je roulais à 60 km/h, pas vite mais penché pour prendre le virage serré, avec ma femme derrière, la voiture a été surprise, a marqué un temps d'hésitation mais est passé quand même rendant le choc inévitable.  Si la voiture avait accéléré, je passais derrière elle, si la voiture s'était arrétée, je passais devant elle, seule sa mauvaise estimation visuelle de la situation, sa non attention à sa conduite (elle avait oublié quelque chose et retournait rapidement le chercher, seule chose qu'elle avait en tête. Si j'avais été en voiture, c'est elle qui aurait eu des blessures, pas moi.;1 On se relève, 2. on relève son passager. 3 on estime briévement les blessures. 4. on sécurise les lieux le reste, ce sont les constats, le dépannage, le toubib et le contre coup nerveux du choc à digérer.;AUT|tout va très vite. aucune réponse ci dessus;0;;;la réaction de l'automobiliste à sa bévue a été la mauvaise, penché dans un virage serré à faible vitesse avec un passager, les maneuvres sont limitées;2;1;2;;se concentrer sur sa conduite au lieu d'un problème personnel;1;voir plus haut;6;;;;;;;;;;;;1;;une situation sur laquelle on n'a plus la main;4;3;;;1;1;4;4;4;1;1;1;1;1;4;4;4;10;;;;;;;;;1;AUT|un S avec une cour de ferme permettant de faire 1/2 tour;;;;;;;;2;2;;2;2;1;1;10;70;0;20;0;2;;;;;;1;1;;;;2;1;3;6;;;;;;1;0;1;2;3;;1;70;1;10;2;3;4;7;;;;;4;4;4;4;4;4;YAMAHA;1000;FZ1 FAZER;ROADSTER;2;0;1;1;1;1;1;1;1;1;1;15000;12;3;1;SUZUKI;1200;BANDIT-S;ROADSTER;2;4;4;07SEP1957;5;1;3;2;2;3;;NRP;;;;2;0;0;1;0;1;BMW;1200;R1200R;ROADSTER;2;2011;37;2;1;8400;7;;;;;;;;;;;;;;;;;;;;;;;;;;;;;;;;;;;;;;;;;;;;;8400;4;3;2;;;;;;;NRP;NRP;NRP;1978;1979;NRP;NRP;1980;NRP
1857;4135;;1;0;5;;;;;;0;5;;;;;;0;5;;;;;;0;3;;;;;;0;5;;;;;;0;5;;;;;;0;4;;;;;;0;5;;;;;;0;3;;;;;;0;3;;;;;;1;6;2011;;;;;0;3;;;;;;0;3;;;;;;0;6;;;;;;1;1;2010;;;;;Vincennes 94;;;;;J'étais en remontée de file en ville et au moment de doubler une camionette, un cycliste à débouché de sa droite sans que je puisse le voir car caché par la camionette.J'ai du freiner brutalement et la moto est tombée, pas moi.;;;;;0;0;0;4;10;1;51;11;2011;;;;;;;;;;;;;;;;;;;;;;;;;;;;;;;;;;;;;;;;;;;;;;;;;;;;;;;;;;;;;;;;;;;;;;;;;;;;;;;;;;;;;;;;;;;;;;;;;;;;;;;;;;;;;;;;;;;;;;;;;;;;;;;;;;;;;;;;;;;;;;;;;;;;;;;;;;;;;;27AUG1962;6;2;3;2;2;2;1;NRP;;;;2;0;0;2;0;2;TRIUMPH;675;STREET TRIPLE;ROADSTER;2;2008;29;2;1;2000;4;KAWASAKI;650;ER-6  N;ROADSTER;2;2007;29;2;1;2000;4;;;;;;;;;;;;;;;;;;;;;;;;;;;;;;;;;;4000;2;3;4;;;;;;;NRP;NRP;NRP;1979;2006;NRP;NRP;1982;NRP