Ligne;Ligne Q qualif;Ligne approfondissement Accident;ACCIDENT;NBACC1;ACCFREQUENCE1;ANNEEACC1_1;ANNEEACC1_2;ANNEEACC1_3;ANNEEACC1_4;ANNEEACC1_5;NBACC2;ACCFREQUENCE2;ANNEEACC2_1;ANNEEACC2_2;ANNEEACC2_3;ANNEEACC2_4;ANNEEACC2_5;NBACC3;ACCFREQUENCE3;ANNEEACC3_1;ANNEEACC3_2;ANNEEACC3_3;ANNEEACC3_4;ANNEEACC3_5;NBACC4;ACCFREQUENCE4;ANNEEACC4_1;ANNEEACC4_2;ANNEEACC4_3;ANNEEACC4_4;ANNEEACC4_5;NBACC5;ACCFREQUENCE5;ANNEEACC5_1;ANNEEACC5_2;ANNEEACC5_3;ANNEEACC5_4;ANNEEACC5_5;NBACC6;ACCFREQUENCE6;ANNEEACC6_1;ANNEEACC6_2;ANNEEACC6_3;ANNEEACC6_4;ANNEEACC6_5;NBACC7;ACCFREQUENCE7;ANNEEACC7_1;ANNEEACC7_2;ANNEEACC7_3;ANNEEACC7_4;ANNEEACC7_5;NBACC8;ACCFREQUENCE8;ANNEEACC8_1;ANNEEACC8_2;ANNEEACC8_3;ANNEEACC8_4;ANNEEACC8_5;NBACC9;ACCFREQUENCE9;ANNEEACC9_1;ANNEEACC9_2;ANNEEACC9_3;ANNEEACC9_4;ANNEEACC9_5;NBACC10;ACCFREQUENCE10;ANNEEACC10_1;ANNEEACC10_2;ANNEEACC10_3;ANNEEACC10_4;ANNEEACC10_5;NBACC11;ACCFREQUENCE11;ANNEEACC11_1;ANNEEACC11_2;ANNEEACC11_3;ANNEEACC11_4;ANNEEACC11_5;NBACC12;ACCFREQUENCE12;ANNEEACC12_1;ANNEEACC12_2;ANNEEACC12_3;ANNEEACC12_4;ANNEEACC12_5;NBACC13;ACCFREQUENCE13;ANNEEACC13_1;ANNEEACC13_2;ANNEEACC13_3;ANNEEACC13_4;ANNEEACC13_5;NBACC14;ACCFREQUENCE14;ANNEEACC14_1;ANNEEACC14_2;ANNEEACC14_3;ANNEEACC14_4;ANNEEACC14_5;AUTRESACC;NBAUTRESACC;ANNEEAUTREACC1;ANNEEAUTREACC2;ANNEEAUTREACC3;ANNEEAUTREACC4;ANNEEAUTREACC5;LIEUAUTREACC1;LIEUAUTREACC2;LIEUAUTREACC3;LIEUAUTREACC4;LIEUAUTREACC5;DESCRIPTIONAUTRESACC1;DESCRIPTIONAUTRESACC2;DESCRIPTIONAUTRESACC3;DESCRIPTIONAUTRESACC4;DESCRIPTIONAUTRESACC5;NBAUTRESACCCIRCUIT;NBAUTRESTOUTTERRAIN;EXPCYCLO;EXP125;EXPSUP125;ACCORDNEXTQ;CHOIXACC;RGPMTACC;RECUPANNEE;RECUPLIEU;RECUPANNE;RGPMTAC;CHOIX1;CHOIX2;CHOIX3;CHOIX4;CHOIX5;CHOIX6;CHOIX7;DESCRIPTION;RUPTURE;FAITS;ABS_REACTION;AUTRE_REACTION;PRECISIONREACTIONOUI;RECUL;PRECISIONREACTIONNON;IMPACTCOMPORTEMENT;AUTREUSAGER;REACTIONAUTREUSAGER;CONNAISSANCEREACTIONUSAGER;DIFFICULTES;AGGRAVATION;DIFFICULTES2;EMOTIONS1;EMOTIONS2;EMOTIONS3;EMOTIONS4;EMOTIONS5;EMOTIONS6;AUTRESENTIMENT;CLASSEMENTEMOTIONS1;CLASSEMENTEMOTIONS;CLASSEMENTEMOTIONS5;CLASSEMENTEMOTIONS6;CLASSEMENTEMOTIONS7;CLASSEMENTEMOTIONS8;CLASSEMENTEMOTIONS9;EXPLICATIONRESSENTI;BIENEQUIPE;ALLURE;ALLUREVITEDETAIL;ALLURELENTEDETAIL;SITUATIONPRESSE;SITUATIONDISTRAIT;SITUATIONCONFIANT;SITUATIONCONTROLE;SITUATIONLUDIQUE;SITUATIONPERF;SITUATIONSTRESS;SITUATIONFATIGUE;HUMEURNEUTRE;HUMEURGAI;HUMEURMECONTENT;HUMEURTRISTE;HUMEURCOLERE;CONTRIBUTION1;CONTRIBUTION2;CONTRIBUTION3;CONTRIBUTION4;CONTRIBUTION5;CONTRIBUTION6;CONTRIBUTION7;CONTRIBUTION8;CONTRIBUTION9;ROLEINFRA;ELEMENTINFRA1;ELEMENTINFRA2;ELEMENTINFRA3;ELEMENTINFRA4;ELEMENTINFRA5;ELEMENTINFRA6;ELEMENTINFRA7;ELEMENTINFRA8;ELEMENTINFRA9;ALCOOL;TXALCOOL;STUP;SEMAINE;MOMENTJOURNEE;TEMPS;CAUSEACC1;CAUSEACC2;CAUSEACC3;CAUSEACC4;CAUSEACC5;FORMATIONCAUSE;FORMATION1;FORMATION2;FORMATION3;FORMATION4;FORMATION5;TRAFIC;CHAUSSEE1;CHAUSSEE2;CHAUSSEE3;CHAUSSEE4;TYPEACC;BLESSURE;TETE;COU;THORAX;MEMBRESSUP;COLONNE;BASSIN;MEMBRESINF;HOPITAL;PLUS24H;TRAJET;TYPEROUTE;MOTIF;SENSTRAJET;PASSAGER;VITESSE;DESCEQ1;DESCEQ2;DESCEQ3;DESCEQ4;DESCEQ5;DESCEQ6;DESCEQ7;DESCEQ8;DESCEQ9;DESCEQ10;VEHICULEETE;VEHICULEAUTOMNE;VEHICULEPRINTEMPS;VEHICULEHIVER;VEHICULESEMAINE;VEHICULEWE;VEHMARQUE;VEHCYLINDREE;VEHMODELE;VEHSEGMENT;VEHSIDE;EQ2RMABS;EQ2RMCBS;EQ2RMABSCBS;EQ2RMREGULATEUR;EQ2RMLIMITEUR;EQ2RMPHARESDIRECT;EQ2RMCOUPURE;EQ2RMANTIPATINAGE;EQ2RMANTIXHEELING;EQ2RMSTABILILTE;VEHKM;POINTS;DUREE;AUTRE2RM;VEHPRECMARQUE;VEHPRECCYLINDREE;VEHPRECMODELE;VEHPRECSEGMENT;VEHPRECSIDE;TEMPS2RMPREC;FREQVEHPREC;DATE_NAISS;CSP;SOCIETAIRE;SALARIE;SECTEUR2RM;NBPERSFOYER;SITFAM;NBENF;TRNBENF1;TRNBENF2;TRNBENF3;TRNBENF4;NBAUTOFOYER;NBCYCLOFOYER;NBSCOOTFOYER;NBMOTOFOYER;NBTRIKEFOYER;NB2RMCONDUIT;MARQUE1;CYLINDREE1;MODELE1;SEGMENT1;SIDE1;ANMISECIRCU1;ASS1;FREQ1;USAGE1;NBKM1;GARAGE1;MARQUE2;CYLINDREE2;MODELE2;SEGMENT2;SIDE2;ANMISECIRCU2;ASS2;FREQ2;USAGE2;NBKM2;GARAGE2;MARQUE3;CYLINDREE3;MODELE3;SEGMENT3;SIDE3;ANMISECIRCU3;ASS3;FREQ3;USAGE3;NBKM3;GARAGE3;MARQUE4;CYLINDREE4;MODELE4;SEGMENT4;SIDE4;ANMISECIRCU4;ASS4;FREQ4;USAGE4;NBKM4;GARAGE4;MARQUE5;CYLINDREE5;MODELE5;SEGMENT5;SIDE5;ANMISECIRCU5;ASS5;FREQ5;USAGE5;NBKM5;GARAGE5;NBKMTOT;PERMIS1;PERMIS2;PERMIS3;PERMIS4;PERMIS5;PERMIS6;PERMIS7;PERMIS8;PERMIS9;ANPERMIS1;ANPERMIS6;ANPERMIS7;ANPERMIS2;ANPERMIS3;ANPERMIS8;ANPERMIS9;ANPERMIS4;ANPERMIS5
1548;4137;;1;0;3;;;;;;0;4;;;;;;0;6;;;;;;0;1;;;;;;0;5;;;;;;0;1;;;;;;0;3;;;;;;0;5;;;;;;1;4;2004;;;;;0;6;;;;;;0;4;;;;;;0;2;;;;;;0;3;;;;;;0;3;;;;;;1;1;2012;;;;;courtenay;;;;;un chevreuil qui a traversé au moment ou j'arrivais;;;;;0;0;2;0;12;1;41;9;2004;;;;;;;;;;;;;;;;;;;;;;;;;;;;;;;;;;;;;;;;;;;;;;;;;;;;;;;;;;;;;;;;;;;;;;;;;;;;;;;;;;;;;;;;;;;;;;;;;;;;;;;;;;;;;;;;;;;;;;;;;;;;;;;;;;;;;;;;;;;;;;;;;;;;;;;;;;;;;;16MAR1976;7;1;3;2;1;1;;NRP;;;;1;0;0;2;0;2;HONDA;750;VFR-F;Routière / GT;2;1997;37;3;1;10000;7;SUZUKI;650;SV-S;Routière / GT;2;2001;37;3;1;1000;7;;;;;;;;;;;;;;;;;;;;;;;;;;;;;;;;;;11000;3;4;;;;;;;;NRP;NRP;NRP;NRP;2003;NRP;NRP;1996;NRP
597;4138;;0;;;;;;;;;;;;;;;;;;;;;;;;;;;;;;;;;;;;;;;;;;;;;;;;;;;;;;;;;;;;;;;;;;;;;;;;;;;;;;;;;;;;;;;;;;;;;;;;;;;;;;;;;;;;;;;;;;;;;;;;;;;;;;;;;;;;;;;;;;;;;;;;;;;;;;;;;;;;;;;;;;;;;;;;;;;;;;;;;;;;;;;;;;;;;;;;;;;;;;;;;;;;;;;;;;;;;;;;;;;;;;;;;;;;;;;;;;;;;;;;;;;;;;;;;;;;;;;;;;;;;;;;;;;;;;;;;;;;;;;;;;09DEC1983;7;1;3;2;2;3;;NRP;;;;1;0;0;2;0;2;TRIUMPH;675;STREET TRIPLE;ROADSTER;2;2008;37;2;1;7000;7;APRILIA;750;SHIVER;ROADSTER;2;2011;37;2;1;7000;7;;;;;;;;;;;;;;;;;;;;;;;;;;;;;;;;;;14000;3;4;;;;;;;;NRP;NRP;NRP;NRP;2005;NRP;NRP;2002;NRP
2041;4139;;1;0;4;;;;;;0;3;;;;;;0;3;;;;;;0;3;;;;;;0;3;;;;;;0;3;;;;;;0;3;;;;;;0;3;;;;;;0;2;;;;;;0;3;;;;;;0;3;;;;;;0;3;;;;;;0;2;;;;;;0;3;;;;;;1;1;2002;;;;;Luxembourg vill;;;;;arrété à un feu rouge (le jour, temps sec), j'ai été percuté par l'arrière;;;;;0;0;5;12;15;1;71;15;2002;Luxembourg vill;;;;;;;;;;;;;;;;;;;;;;;;;;;;;;;;;;;;;;;;;;;;;;;;;;;;;;;;;;;;;;;;;;;;;;;;;;;;;;;;;;;;;;;;;;;;;;;;;;;;;;;;;;;;;;;;;;;;;;;;;;;;;;;;;;;;;;;;;;;;;;;;;;;;;;;;;;;;;23APR1952;6;2;3;2;2;2;1;NRP;;;;1;0;0;1;0;1;BMW;1200;R1200GS ADVENTURE ABS;TRAIL / SUPERMOTARD;2;2012;31;2;1;22000;6;;;;;;;;;;;;;;;;;;;;;;;;;;;;;;;;;;;;;;;;;;;;;22000;2;3;4;;;;;;;NRP;NRP;NRP;1973;2002;NRP;NRP;1973;NRP
1739;4140;;0;;;;;;;;;;;;;;;;;;;;;;;;;;;;;;;;;;;;;;;;;;;;;;;;;;;;;;;;;;;;;;;;;;;;;;;;;;;;;;;;;;;;;;;;;;;;;;;;;;;;;;;;;;;;;;;;;;;;;;;;;;;;;;;;;;;;;;;;;;;;;;;;;;;;;;;;;;;;;;;;;;;;;;;;;;;;;;;;;;;;;;;;;;;;;;;;;;;;;;;;;;;;;;;;;;;;;;;;;;;;;;;;;;;;;;;;;;;;;;;;;;;;;;;;;;;;;;;;;;;;;;;;;;;;;;;;;;;;;;;;;;16NOV1957;4;1;3;2;1;1;;NRP;;;;1;0;0;1;0;1;SUZUKI;750;GSX-F;Routière / GT;2;2006;37;2;1;8000;7;;;;;;;;;;;;;;;;;;;;;;;;;;;;;;;;;;;;;;;;;;;;;8000;3;4;;;;;;;;NRP;NRP;NRP;NRP;2006;NRP;NRP;1977;NRP
932;4141;;1;1;4;1980;;;;;0;4;;;;;;0;5;;;;;;0;1;;;;;;1;5;1982;;;;;0;5;;;;;;0;2;;;;;;0;2;;;;;;3;5;1979;1986;2009;;;0;1;;;;;;0;5;;;;;;0;2;;;;;;0;4;;;;;;0;4;;;;;;1;1;1978;;;;;Seine et Marne;;;;;De nuit sous la pluie, j'ai percuté un haricot nouvellement installé au milieu de la chaussée, sans éclairage et sans signalisation.;;;;;0;0;0;2;36;1;21;5;1982;;;;;;;;;;;;;;;;;;;;;;;;;;;;;;;;;;;;;;;;;;;;;;;;;;;;;;;;;;;;;;;;;;;;;;;;;;;;;;;;;;;;;;;;;;;;;;;;;;;;;;;;;;;;;;;;;;;;;;;;;;;;;;;;;;;;;;;;;;;;;;;;;;;;;;;;;;;;;;01AUG1961;11;1;3;2;2;3;;NRP;;;;2;0;0;2;0;2;BMW;1000;R100RT;Routière / GT;2;1979;37;2;1;10000;7;HARLEY-DAVIDSON;1584;ELECTRA GLIDE STANDARD ABS;Routière / GT;2;2008;18;3;1;10000;7;;;;;;;;;;;;;;;;;;;;;;;;;;;;;;;;;;20000;3;4;;;;;;;;NRP;NRP;NRP;NRP;1979;NRP;NRP;1981;NRP
230;4142;334;1;0;5;;;;;;0;3;;;;;;0;3;;;;;;0;2;;;;;;0;6;;;;;;0;1;;;;;;0;4;;;;;;0;4;;;;;;1;3;2009;;;;;0;3;;;;;;0;5;;;;;;0;3;;;;;;0;2;;;;;;0;2;;;;;;0;;;;;;;;;;;;;;;;;;;2;1;6;1;41;9;2009;;2009;Vous avez fait une sortie de route, une perte de contrôle ou une glissade sans rien percuter.;1;2;;;;;;J'ai perdu l'avant de la moto à 23h le dimanche 9 aout 2009 dans un rond point ou une voiture venait juste de laisser un flaque d'huile pour cause de carter d'huile perforé par une bielle;Glissade sur une plaque d'huile;Je prenais le rond point à environ 30km/h lorsque l'avant décroche et raccroche vivement, ne pouvant rien faire je laisse tout partir en essayant de retenir ma femme qui est derrière.La glissage est interminable et le frottement de la ferraille sur le bitume provoque des étincelles et des bruits de tôles dans la nuit sombre. Tout s'arrête d'un seul coup, je me relève les genoux en feu ouf!! je bouge. Je cherche aussitôt ma femme ouf!! elle me répond et elle bouge mais abasourdie. J'essaye alors de relever la moto de 260kgs pour éviter le suraccident mais je patauge dans une marre d'huile et je ne peux pas. Viens alors une aide extérieur et nous dégageons la moto. Cette aide n'est autre que le chauffeur de la voiture perforée qui n'a pu faire plus de mètre. puis tout s'enchaine: pompiers qui nous prennent en charge, gendarmes qui me font souffler dans le ballon pour commencer, dépanneuse qui embarque la bécane et nous voila aux urgences de Saumur pour en ressortir vers 3h du matin les genoux en vrac mais vivant. Je récupère la moto fin Octobre et le chauffeur de la voiture à financé toutes les réparations soit 1900€. Depuis ma femme ne m'accompagne plus.;2;0;;;Une plaque d'huile ne se voit pas la nuit;2;0;;;;;;2;3;6;;;;;;1;3;;;2;;Ma conduite était cool et j'étais surpris de perdre l'avant comme ça;3;3;;;1;1;4;4;4;1;1;1;1;4;4;4;4;5;;;;;;;;;1;2;3;7;;;;;;2;2;;2;2;2;1;0;90;0;10;0;2;;;;;;1;1;;;;2;1;7;;;;;;;1;0;2;2;3;;1;30;1;2;3;4;;;;;;;4;4;4;4;4;4;YAMAHA;900;XJS DIVERSION;Routière / GT;2;1;1;1;1;1;1;1;1;1;1;60000;12;1;1;PIONEER;125;MOTODUST;TRAIL / SUPERMOTARD;2;3;4;07FEB1959;7;2;3;2;2;3;;NRP;;;;1;0;0;1;0;1;YAMAHA;900;XJS DIVERSION;Routière / GT;2;1998;29;1;2;10000;7;;;;;;;;;;;;;;;;;;;;;;;;;;;;;;;;;;;;;;;;;;;;;10000;3;4;;;;;;;;NRP;NRP;NRP;NRP;2009;NRP;NRP;1978;NRP
743;4143;;0;;;;;;;;;;;;;;;;;;;;;;;;;;;;;;;;;;;;;;;;;;;;;;;;;;;;;;;;;;;;;;;;;;;;;;;;;;;;;;;;;;;;;;;;;;;;;;;;;;;;;;;;;;;;;;;;;;;;;;;;;;;;;;;;;;;;;;;;;;;;;;;;;;;;;;;;;;;;;;;;;;;;;;;;;;;;;;;;;;;;;;;;;;;;;;;;;;;;;;;;;;;;;;;;;;;;;;;;;;;;;;;;;;;;;;;;;;;;;;;;;;;;;;;;;;;;;;;;;;;;;;;;;;;;;;;;;;;;;;;;;;20OCT1971;5;2;3;2;4;4;2;NRP;;;;2;0;0;1;0;1;YAMAHA;850;TDM;ROADSTER;2;2000;28;3;1;3000;4;;;;;;;;;;;;;;;;;;;;;;;;;;;;;;;;;;;;;;;;;;;;;3000;3;4;;;;;;;;NRP;NRP;NRP;NRP;1994;NRP;NRP;1989;NRP
635;4145;259;1;0;1;;;;;;0;2;;;;;;0;2;;;;;;0;2;;;;;;1;2;1960;;;;;0;2;;;;;;0;2;;;;;;1;1;1967;;;;;0;1;;;;;;0;2;;;;;;0;2;;;;;;0;2;;;;;;0;2;;;;;;0;1;;;;;;0;;;;;;;;;;;;;;;;;;;60;53;53;1;21;5;1960;;1960;Vous circuliez sur un axe prioritaire. Un véhicule venant d’un axe non prioritaire vous a coupé la route.;5;;;;;;;"Refus de priorité, je ne conduisais pas et nous sommes passée sur la voiture fautive; nous somme tombés sans trop de mal";désormais j'applique le  principe PMC: Prudence Méfiance Courtoisie c'est toujours le motard qui a mal en cas d'accident, même quand il est dans son droit....ne jamais perdre cela de vue;NRP;AUT|et parce que je ne conduisais pas;1;NRP;NRP;;2;1;1;1;NSP;NSP;NSP;1;5;;;;;;2;;;;1;;;Ca ne s'explique pas, ça se constate;3;3;;;2;1;3;3;1;1;1;3;5;5;5;4;4;5;;;;;;;;;2;;;;;;;;;2;2;;2;1;1;1;0;100;0;0;0;2;;;;;;2;1;;;;1;;;;;;;;;;;2;1;3;;0;40;1;2;4;;;;;;;;3;3;3;3;3;3;PUCH;175;BASIQUE;ROADSTER;2;1;1;1;1;1;1;1;1;1;1;NSP;NSP;2;1;MOTOBECANE;125;STANDARD;ROADSTER;2;2;1;26OCT1943;9;1;3;2;2;3;;NRP;;;;1;0;0;1;0;1;BMW;850;R850RT;Routière / GT;2;2001;37;2;1;8000;AUT|cour;;;;;;;;;;;;;;;;;;;;;;;;;;;;;;;;;;;;;;;;;;;;;8000;3;4;;;;;;;;NRP;NRP;NRP;NRP;1963;NRP;NRP;1962;NRP
1616;4150;;1;1;5;NSP;;;;;0;5;;;;;;0;4;;;;;;0;3;;;;;;0;5;;;;;;0;4;;;;;;0;4;;;;;;0;4;;;;;;0;4;;;;;;0;4;;;;;;1;5;1979;;;;;0;4;;;;;;0;5;;;;;;0;4;;;;;;0;;;;;;;;;;;;;;;;;;;3;0;40;1;51;11;1979;;;;;;;;;;;;;;;;;;;;;;;;;;;;;;;;;;;;;;;;;;;;;;;;;;;;;;;;;;;;;;;;;;;;;;;;;;;;;;;;;;;;;;;;;;;;;;;;;;;;;;;;;;;;;;;;;;;;;;;;;;;;;;;;;;;;;;;;;;;;;;;;;;;;;;;;;;;;;;25DEC1956;5;1;3;2;2;2;1;NRP;;;;0;0;0;1;0;1;MOTO GUZZI;1100;CALIFORNIA EV P.I;CUSTOM;2;2003;37;2;1;8000;7;;;;;;;;;;;;;;;;;;;;;;;;;;;;;;;;;;;;;;;;;;;;;8000;3;4;;;;;;;;NRP;NRP;NRP;NRP;1975;NRP;NRP;1975;NRP
917;4151;;0;;;;;;;;;;;;;;;;;;;;;;;;;;;;;;;;;;;;;;;;;;;;;;;;;;;;;;;;;;;;;;;;;;;;;;;;;;;;;;;;;;;;;;;;;;;;;;;;;;;;;;;;;;;;;;;;;;;;;;;;;;;;;;;;;;;;;;;;;;;;;;;;;;;;;;;;;;;;;;;;;;;;;;;;;;;;;;;;;;;;;;;;;;;;;;;;;;;;;;;;;;;;;;;;;;;;;;;;;;;;;;;;;;;;;;;;;;;;;;;;;;;;;;;;;;;;;;;;;;;;;;;;;;;;;;;;;;;;;;;;;;24JAN1991;10;2;3;1;4;5;0;NRP;;;;2;0;0;3;0;2;SUZUKI;650;SV-N;ROADSTER;2;2003;16;3;1;5000;7;SUZUKI;1300;"GSX-R ""HAYABUSA""";Routière / GT;2;2005;16;4;1;2000;7;;;;;;;;;;;;;;;;;;;;;;;;;;;;;;;;;;7000;1;2;3;4;;;;;;2005;NRP;NRP;2010;2010;NRP;NRP;2009;NRP
1741;4152;;0;;;;;;;;;;;;;;;;;;;;;;;;;;;;;;;;;;;;;;;;;;;;;;;;;;;;;;;;;;;;;;;;;;;;;;;;;;;;;;;;;;;;;;;;;;;;;;;;;;;;;;;;;;;;;;;;;;;;;;;;;;;;;;;;;;;;;;;;;;;;;;;;;;;;;;;;;;;;;;;;;;;;;;;;;;;;;;;;;;;;;;;;;;;;;;;;;;;;;;;;;;;;;;;;;;;;;;;;;;;;;;;;;;;;;;;;;;;;;;;;;;;;;;;;;;;;;;;;;;;;;;;;;;;;;;;;;;;;;;;;;;06JUN1965;2;2;3;2;2;2;1;NRP;;;;2;2;0;3;0;3;TRIUMPH;1050;SPRINT ST;Routière / GT;2;2006;26;2;1;8000;7;HONDA;125;CRM;TRAIL / SUPERMOTARD;2;1999;26;4;1;500;7;HONDA;125;CRM;TRAIL / SUPERMOTARD;2;1998;41;4;1;0;7;;;;;;;;;;;;;;;;;;;;;;;8500;2;3;4;;;;;;;NRP;NRP;NRP;1981;2010;NRP;NRP;1983;NRP
796;4153;471;1;1;4;1996;;;;;0;2;;;;;;0;4;;;;;;0;6;;;;;;0;5;;;;;;0;4;;;;;;0;4;;;;;;0;5;;;;;;1;4;1997;;;;;1;6;2005;;;;;1;5;2007;;;;;0;2;;;;;;0;3;;;;;;0;5;;;;;;0;;;;;;;;;;;;;;;;;;;0;0;20;1;51;11;2007;;2007;"Vous circuliez sur un axe constitué d’au moins "" 2 X 2 voies "" (en urbain, périph, autoroute, RN …). Un véhicule vous a coupé la route en changeant de voie pour se placer sur celle de gauche.";6;;;;;;;je circulais sur la voie de gauche. le vehicule qui était à ma hauteur sur la voie de droite à brutalement changé de file, me jetant à terre.;le conducteur n'a pas, de son propre aveu, regardé dans son retro ni surveillé son angle mort avant de changer de file;j'ai tenté un manœuvre d'évitement, mais son changement de file était trop brutale, et nos vitesses trop similaires pour me dégager. le conducteur de la voiture n'a reagit qu'après le contact en regagnant sa file, et en s'arretant.;NRP;1;ne pas rester à hauteur du vehicule en situation vulnérable, me signaler;manque d'expérience;;2;1;2;;il se croyait seul manque d'attention;1;sa responsabilité a été engagée à 100%;2;3;6;;;;;;1;3;;;2;;surpris de me retrouver par terre;3;3;;;1;2;3;3;1;1;1;1;1;3;4;4;4;5;;;;;;;;;2;;;;;;;;;2;2;;2;1;1;1;5;95;0;0;0;2;;;;;;2;1;;;;1;;;;;;;;;;;3;4;3;;0;40;1;10;2;5;;;;;;;4;4;4;4;4;4;YAMAHA;600;XJ-S DIVERSION;ROADSTER;2;1;1;1;1;1;1;1;1;1;1;20000;12;3;0;;;;;;;;27SEP1971;4;2;3;2;5;4;3;NRP;;;;1;0;0;1;0;1;SUZUKI;1200;BANDIT-S;ROADSTER;2;2001;10;2;3;6000;7;;;;;;;;;;;;;;;;;;;;;;;;;;;;;;;;;;;;;;;;;;;;;6000;3;4;;;;;;;;NRP;NRP;NRP;NRP;1995;NRP;NRP;1989;NRP
1136;4154;248;1;0;4;;;;;;0;4;;;;;;0;4;;;;;;0;2;;;;;;0;4;;;;;;0;2;;;;;;0;2;;;;;;0;3;;;;;;0;2;;;;;;0;5;;;;;;0;4;;;;;;0;2;;;;;;0;4;;;;;;0;3;;;;;;1;2;2010;2014;;;;TOULOUSE;CASTANET TOLOSA;;;;"J'ai été percuté à l'arrière par une autre moto, j'ai freiné pour m'arrêter à un feu ""orange sanguin""";J'ai été percuté à l'arrière par une voiture alors que je me suis arrêté pour marquer un stop;;;;0;0;2;4;34;1;72;15;2014;CASTANET TOLOSA;2014;Autre(s) type(s) d'accident(s).;5;;;;;;;Sur un croissement en T et marqué par un stop, j'ai marqué l'arrêt sur ce stop et une voiture m'a percutée par l'arrière.;"Sur ce croissement, les véhicules ont tendance à vérifier s'ils doivent s'arrêter réellement ou le franchir sans s'arrêter. Aucun véhicule ne venant par la gauche, la voiture qui m'a percuté a accélérée pour ""bruler"" le stop.";"J'ai ralenti ma moto à l'approche du stop et j'ai marqué l'arrêt ""absolu"" en actionnant les freins et en posant les pieds au sol. La position de ma moto sur le stop me permettant de vérifier si d'autres usager pouvaient arriver à gauche et à droite. Lors du choc, je suis tombé sur le côté droit et la conductrice de la voiture est venue me demander si j'étais blessé. D'autres automobilistes m'ont posés la question. J'ai vérifié que je n'avais aucunes douleurs et me suis relevé après quelques secondes.";3;0;;;NRP;2;1;2;;aucune puisque à cet endroit le marquage du stop est absolu;2;Ma moto était au sol et le véhicule qui m'à percuté étaient à l'arrêt;7;;;;;;;;;;;;;;;4;4;;;1;1;4;4;4;1;1;1;1;1;4;4;4;5;8;;;;;;;;2;;;;;;;;;2;2;;2;1;2;1;0;100;0;0;0;2;;;;;;1;1;;;;1;;;;;;;;;;;1;2;1;1;0;0;1;10;2;3;4;7;;;;;4;4;4;4;4;4;BMW;1200;R1200RT;Routière / GT;2;0;2;0;0;1;1;0;0;1;0;25000;12;1;1;BMW;1200;R1200RT;Routière / GT;2;4;4;12SEP1955;7;1;3;2;2;3;;NRP;;;;2;1;0;1;0;2;BMW;1200;R1200RT PACK;Routière / GT;2;2009;37;1;2;20000;7;PEUGEOT;50;103;ROADSTER;2;1989;16;4;1;200;7;;;;;;;;;;;;;;;;;;;;;;;;;;;;;;;;;;20200;2;4;;;;;;;;NRP;NRP;NRP;1980;NRP;NRP;NRP;1974;NRP
685;4155;30;1;1;4;1987;;;;;0;3;;;;;;0;3;;;;;;0;3;;;;;;0;3;;;;;;0;2;;;;;;0;3;;;;;;0;4;;;;;;0;4;;;;;;0;3;;;;;;0;3;;;;;;0;2;;;;;;0;3;;;;;;0;3;;;;;;0;;;;;;;;;;;;;;;;;;;4;0;30;1;1;1;1987;;1987;Vous circuliez sur un axe prioritaire. Un autre véhicule arrivant sur le même axe en sens opposé vous a coupé la route en tournant à gauche.;1;;;;;;;Alors que je circulais en ville une voiture m'a coupé la route en tournant à gauche. J'ai fait un  vol et me suis cassé le poignet à l'atterrissage. Le jeune conducteur ne m'avait pas vu.résultat: une moto et une voiture à la casse et 1 mois d'arrêt de travail.;manque d'expérience du jeune conducteur de la voiture ( 3 semaines de conduite);je me suis mis en boule pour atterrir sans avoir eu le temps de freiner ni s'esquisser la moindre manoeuvre d'évitement.;NRP;0;;;si...;3;1;NSP;;surprise ou inattention;NSP;NRP;2;3;6;7;;;;;1;3;;;2;;j'avais vu la voiture venir en face sans imaginer qu'elle allait changer de direction et me couper la route;3;3;;;2;1;4;4;3;1;1;3;1;1;4;4;4;5;;;;;;;;;2;;;;;;;;;2;2;;2;1;1;1;0;100;0;0;0;NSP;;;;;;2;1;;;;2;1;4;;;;;;;1;0;1;1;1;2;0;45;1;10;2;3;5;;;;;;3;3;3;3;NRP;NRP;HONDA;500;CX500C;CUSTOM;2;1;1;1;1;1;2;1;1;1;1;40000;12;4;1;HONDA;500;CX;ROADSTER;2;4;2;10AUG1948;9;2;3;2;2;3;;NRP;;;;2;0;0;1;0;1;BMW;1100;R1100GS;TRAIL / SUPERMOTARD;2;1994;31;3;1;2000;7;;;;;;;;;;;;;;;;;;;;;;;;;;;;;;;;;;;;;;;;;;;;;2000;4;2;;;;;;;;NRP;NRP;NRP;1987;NRP;NRP;NRP;1966;NRP