Ligne;Ligne Q qualif;Ligne approfondissement Accident;ACCIDENT;NBACC1;ACCFREQUENCE1;ANNEEACC1_1;ANNEEACC1_2;ANNEEACC1_3;ANNEEACC1_4;ANNEEACC1_5;NBACC2;ACCFREQUENCE2;ANNEEACC2_1;ANNEEACC2_2;ANNEEACC2_3;ANNEEACC2_4;ANNEEACC2_5;NBACC3;ACCFREQUENCE3;ANNEEACC3_1;ANNEEACC3_2;ANNEEACC3_3;ANNEEACC3_4;ANNEEACC3_5;NBACC4;ACCFREQUENCE4;ANNEEACC4_1;ANNEEACC4_2;ANNEEACC4_3;ANNEEACC4_4;ANNEEACC4_5;NBACC5;ACCFREQUENCE5;ANNEEACC5_1;ANNEEACC5_2;ANNEEACC5_3;ANNEEACC5_4;ANNEEACC5_5;NBACC6;ACCFREQUENCE6;ANNEEACC6_1;ANNEEACC6_2;ANNEEACC6_3;ANNEEACC6_4;ANNEEACC6_5;NBACC7;ACCFREQUENCE7;ANNEEACC7_1;ANNEEACC7_2;ANNEEACC7_3;ANNEEACC7_4;ANNEEACC7_5;NBACC8;ACCFREQUENCE8;ANNEEACC8_1;ANNEEACC8_2;ANNEEACC8_3;ANNEEACC8_4;ANNEEACC8_5;NBACC9;ACCFREQUENCE9;ANNEEACC9_1;ANNEEACC9_2;ANNEEACC9_3;ANNEEACC9_4;ANNEEACC9_5;NBACC10;ACCFREQUENCE10;ANNEEACC10_1;ANNEEACC10_2;ANNEEACC10_3;ANNEEACC10_4;ANNEEACC10_5;NBACC11;ACCFREQUENCE11;ANNEEACC11_1;ANNEEACC11_2;ANNEEACC11_3;ANNEEACC11_4;ANNEEACC11_5;NBACC12;ACCFREQUENCE12;ANNEEACC12_1;ANNEEACC12_2;ANNEEACC12_3;ANNEEACC12_4;ANNEEACC12_5;NBACC13;ACCFREQUENCE13;ANNEEACC13_1;ANNEEACC13_2;ANNEEACC13_3;ANNEEACC13_4;ANNEEACC13_5;NBACC14;ACCFREQUENCE14;ANNEEACC14_1;ANNEEACC14_2;ANNEEACC14_3;ANNEEACC14_4;ANNEEACC14_5;AUTRESACC;NBAUTRESACC;ANNEEAUTREACC1;ANNEEAUTREACC2;ANNEEAUTREACC3;ANNEEAUTREACC4;ANNEEAUTREACC5;LIEUAUTREACC1;LIEUAUTREACC2;LIEUAUTREACC3;LIEUAUTREACC4;LIEUAUTREACC5;DESCRIPTIONAUTRESACC1;DESCRIPTIONAUTRESACC2;DESCRIPTIONAUTRESACC3;DESCRIPTIONAUTRESACC4;DESCRIPTIONAUTRESACC5;NBAUTRESACCCIRCUIT;NBAUTRESTOUTTERRAIN;EXPCYCLO;EXP125;EXPSUP125;ACCORDNEXTQ;CHOIXACC;RGPMTACC;RECUPANNEE;RECUPLIEU;RECUPANNE;RGPMTAC;CHOIX1;CHOIX2;CHOIX3;CHOIX4;CHOIX5;CHOIX6;CHOIX7;DESCRIPTION;RUPTURE;FAITS;ABS_REACTION;AUTRE_REACTION;PRECISIONREACTIONOUI;RECUL;PRECISIONREACTIONNON;IMPACTCOMPORTEMENT;AUTREUSAGER;REACTIONAUTREUSAGER;CONNAISSANCEREACTIONUSAGER;DIFFICULTES;AGGRAVATION;DIFFICULTES2;EMOTIONS1;EMOTIONS2;EMOTIONS3;EMOTIONS4;EMOTIONS5;EMOTIONS6;AUTRESENTIMENT;CLASSEMENTEMOTIONS1;CLASSEMENTEMOTIONS;CLASSEMENTEMOTIONS5;CLASSEMENTEMOTIONS6;CLASSEMENTEMOTIONS7;CLASSEMENTEMOTIONS8;CLASSEMENTEMOTIONS9;EXPLICATIONRESSENTI;BIENEQUIPE;ALLURE;ALLUREVITEDETAIL;ALLURELENTEDETAIL;SITUATIONPRESSE;SITUATIONDISTRAIT;SITUATIONCONFIANT;SITUATIONCONTROLE;SITUATIONLUDIQUE;SITUATIONPERF;SITUATIONSTRESS;SITUATIONFATIGUE;HUMEURNEUTRE;HUMEURGAI;HUMEURMECONTENT;HUMEURTRISTE;HUMEURCOLERE;CONTRIBUTION1;CONTRIBUTION2;CONTRIBUTION3;CONTRIBUTION4;CONTRIBUTION5;CONTRIBUTION6;CONTRIBUTION7;CONTRIBUTION8;CONTRIBUTION9;ROLEINFRA;ELEMENTINFRA1;ELEMENTINFRA2;ELEMENTINFRA3;ELEMENTINFRA4;ELEMENTINFRA5;ELEMENTINFRA6;ELEMENTINFRA7;ELEMENTINFRA8;ELEMENTINFRA9;ALCOOL;TXALCOOL;STUP;SEMAINE;MOMENTJOURNEE;TEMPS;CAUSEACC1;CAUSEACC2;CAUSEACC3;CAUSEACC4;CAUSEACC5;FORMATIONCAUSE;FORMATION1;FORMATION2;FORMATION3;FORMATION4;FORMATION5;TRAFIC;CHAUSSEE1;CHAUSSEE2;CHAUSSEE3;CHAUSSEE4;TYPEACC;BLESSURE;TETE;COU;THORAX;MEMBRESSUP;COLONNE;BASSIN;MEMBRESINF;HOPITAL;PLUS24H;TRAJET;TYPEROUTE;MOTIF;SENSTRAJET;PASSAGER;VITESSE;DESCEQ1;DESCEQ2;DESCEQ3;DESCEQ4;DESCEQ5;DESCEQ6;DESCEQ7;DESCEQ8;DESCEQ9;DESCEQ10;VEHICULEETE;VEHICULEAUTOMNE;VEHICULEPRINTEMPS;VEHICULEHIVER;VEHICULESEMAINE;VEHICULEWE;VEHMARQUE;VEHCYLINDREE;VEHMODELE;VEHSEGMENT;VEHSIDE;EQ2RMABS;EQ2RMCBS;EQ2RMABSCBS;EQ2RMREGULATEUR;EQ2RMLIMITEUR;EQ2RMPHARESDIRECT;EQ2RMCOUPURE;EQ2RMANTIPATINAGE;EQ2RMANTIXHEELING;EQ2RMSTABILILTE;VEHKM;POINTS;DUREE;AUTRE2RM;VEHPRECMARQUE;VEHPRECCYLINDREE;VEHPRECMODELE;VEHPRECSEGMENT;VEHPRECSIDE;TEMPS2RMPREC;FREQVEHPREC;DATE_NAISS;CSP;SOCIETAIRE;SALARIE;SECTEUR2RM;NBPERSFOYER;SITFAM;NBENF;TRNBENF1;TRNBENF2;TRNBENF3;TRNBENF4;NBAUTOFOYER;NBCYCLOFOYER;NBSCOOTFOYER;NBMOTOFOYER;NBTRIKEFOYER;NB2RMCONDUIT;MARQUE1;CYLINDREE1;MODELE1;SEGMENT1;SIDE1;ANMISECIRCU1;ASS1;FREQ1;USAGE1;NBKM1;GARAGE1;MARQUE2;CYLINDREE2;MODELE2;SEGMENT2;SIDE2;ANMISECIRCU2;ASS2;FREQ2;USAGE2;NBKM2;GARAGE2;MARQUE3;CYLINDREE3;MODELE3;SEGMENT3;SIDE3;ANMISECIRCU3;ASS3;FREQ3;USAGE3;NBKM3;GARAGE3;MARQUE4;CYLINDREE4;MODELE4;SEGMENT4;SIDE4;ANMISECIRCU4;ASS4;FREQ4;USAGE4;NBKM4;GARAGE4;MARQUE5;CYLINDREE5;MODELE5;SEGMENT5;SIDE5;ANMISECIRCU5;ASS5;FREQ5;USAGE5;NBKM5;GARAGE5;NBKMTOT;PERMIS1;PERMIS2;PERMIS3;PERMIS4;PERMIS5;PERMIS6;PERMIS7;PERMIS8;PERMIS9;ANPERMIS1;ANPERMIS6;ANPERMIS7;ANPERMIS2;ANPERMIS3;ANPERMIS8;ANPERMIS9;ANPERMIS4;ANPERMIS5
680;4157;207;1;0;4;;;;;;0;3;;;;;;0;4;;;;;;0;4;;;;;;0;4;;;;;;0;4;;;;;;0;3;;;;;;0;4;;;;;;0;3;;;;;;0;3;;;;;;0;4;;;;;;0;3;;;;;;0;4;;;;;;0;3;;;;;;1;1;2001;;;;;Evreux;;;;;Je remontais une file de voiture à l'arrêt au feu rouge. Conducteur d'une voiture dans la file a ouvert sa porte.;;;;;0;0;0;0;19;1;71;15;2001;Evreux;2001;Autre(s) type(s) d'accident(s).;1;;;;;;;Une définition parfaite de l'accident. Journée ensoleillée, petit déplacement en ville, pas pressé, cool. Je remontais une file de voiture stoppée par un feu, un conducteur a ouvert sa porte en circulation pour aller demander son chemin à un piéton. J'ai percuté l'angle de sa porte, et je suis tombé devant une ambulance de pompier...surement une commande passée à l'univers. Thyroïde écrasée, pas de casse physique, pas d'arrêt de travail. Pour une course de 15 mn, ... 3h aux urgences, une belle journée qui se termine  Voilà l'accident dans toute sa splendeur.;1 Si j'avais cool jusqu'au bout, j'aurais du rester dans la file, attendre mon tour. Mais remonter la file n'était pas dangereux à ce moment. Un choix qui parait évident après coup...si on savait tout à l'avance... 2 Le conducteur a ouvert sa porte un peu tard, au moment où je passais à sa hauteur. Ca été le moment difficile, même avec ma vitesse élevée de 20km/h, j'ai hésité à passer un coup de fil à mon assurance pour savoir si j'allais être bien défendu :)..je n'ai pas eu le temps 3 J'ai eu le temps que de dire mer..;Conduite des plus apaisante. Un mauvais choix. La surprise d'une porte qui vous stoppe net. A peine un mètre de délai, moins d'une seconde. Choc, envolé, et atterrissage en douceur, conducteur de la voiture est venu me voir pour s'excuser, les pompiers sur les lieux en moins d'une minute...juste le sentiment d'être cascadeur pour un film;2;1;N'étant pas pressé, j'attendais dans la file de voiture. Je mettais mon avantage de 2 roues dans ma poche avec mon mouchoir dessus. J'acceptais de perdre 5 minutes.  Le vrai message que je veux faire passer aux motards, c'est qu'en moto, avec une conduite cool et raisonnée, t'es gagnant par rapport aux modes de transports, alors pourquoi en faire plus?;1 l'habitude : ça tue énormément. 2 l'endroit ne semblait pas propice à l'ouverture de porte piégée. 3 une moto permet de tirer avantage des bouchons dans la circulation.;;2;1;2;;Oui, il avait une difficulté à regarder dans son rétroviseur avant d'ouvrir sa porte;NSP;L'accident, c'est la mauvaise action effectuée au mauvais moment et au mauvais endroit. Pour le conducteur de la voiture. Mauvaise action : ouvre ta porte sans vérification Mauvais moment : quand une moto passe Mauvais endroit : en circulation. Pou moi Mauvaise action : remonté une file de voiture à l'arrêt Mauvais endroit : trop prés de sa voiture Mauvais moment : quand il a décidé d'ouvrir sa porte.;2;6;;;;;;;1;;;;2;;Surpris d'un conducteur ouvre sa porte à cet endroit. Encore plus surpris en connaissant son motif;2;3;;;1;3;3;3;1;1;1;2;3;4;4;4;4;5;;;;;;;;;2;;;;;;;;;2;2;;2;1;1;1;20;80;0;0;0;2;;;;;;4;1;;;;2;1;2;;;;;;;1;0;2;1;3;;0;20;1;2;5;;;;;;;;3;3;3;2;2;3;HONDA;750;CB-SEVEN FIFTY;ROADSTER;2;1;1;1;1;1;1;1;1;1;1;40000;12;4;0;;;;;;;;29NOV1974;5;1;3;1;1;1;;NRP;;;;1;1;0;1;0;1;TRIUMPH;955;TIGER;TRAIL / SUPERMOTARD;2;2001;37;2;2;3000;7;;;;;;;;;;;;;;;;;;;;;;;;;;;;;;;;;;;;;;;;;;;;;3000;3;4;;;;;;;;NRP;NRP;NRP;NRP;1993;NRP;NRP;1995;NRP
1847;4158;;1;0;5;;;;;;0;5;;;;;;0;6;;;;;;0;2;;;;;;0;4;;;;;;0;5;;;;;;0;2;;;;;;0;2;;;;;;0;1;;;;;;1;4;2011;;;;;0;5;;;;;;0;1;;;;;;0;4;;;;;;0;2;;;;;;0;;;;;;;;;;;;;;;;;;;12;1;35;1;46;10;2011;;;;;;;;;;;;;;;;;;;;;;;;;;;;;;;;;;;;;;;;;;;;;;;;;;;;;;;;;;;;;;;;;;;;;;;;;;;;;;;;;;;;;;;;;;;;;;;;;;;;;;;;;;;;;;;;;;;;;;;;;;;;;;;;;;;;;;;;;;;;;;;;;;;;;;;;;;;;;;27DEC1954;5;1;3;2;2;3;;NRP;;;;1;0;0;2;0;2;HONDA;1300;PAN EUROPEAN ABS;Routière / GT;2;2011;37;3;1;10000;4;HONDA;700;NC700X (52CV);ROADSTER;2;2012;37;1;2;15000;4;;;;;;;;;;;;;;;;;;;;;;;;;;;;;;;;;;25000;2;3;4;;;;;;;NRP;NRP;NRP;1973;1981;NRP;NRP;1973;NRP
1390;4159;;1;0;5;;;;;;0;2;;;;;;0;5;;;;;;0;2;;;;;;0;5;;;;;;0;3;;;;;;0;4;;;;;;2;6;1997;2005;;;;1;6;1997;;;;;0;3;;;;;;0;5;;;;;;0;5;;;;;;0;5;;;;;;0;3;;;;;;0;;;;;;;;;;;;;;;;;;;4;3;10;1;36;8;1997;;;;;;;;;;;;;;;;;;;;;;;;;;;;;;;;;;;;;;;;;;;;;;;;;;;;;;;;;;;;;;;;;;;;;;;;;;;;;;;;;;;;;;;;;;;;;;;;;;;;;;;;;;;;;;;;;;;;;;;;;;;;;;;;;;;;;;;;;;;;;;;;;;;;;;;;;;;;;;21OCT1971;8;1;3;2;4;4;2;NRP;;;;1;1;0;1;0;1;YAMAHA;900;XJS DIVERSION;Routière / GT;2;2000;37;1;2;6000;7;;;;;;;;;;;;;;;;;;;;;;;;;;;;;;;;;;;;;;;;;;;;;6000;4;3;;;;;;;;NRP;NRP;NRP;NRP;2005;NRP;NRP;1990;NRP
430;4161;163;1;0;3;;;;;;0;5;;;;;;1;5;2001;;;;;0;3;;;;;;0;4;;;;;;0;3;;;;;;0;3;;;;;;1;3;1996;;;;;0;3;;;;;;0;4;;;;;;0;4;;;;;;0;2;;;;;;0;3;;;;;;0;3;;;;;;1;1;NSP;;;;;cannes;;;;;arrêté à un céder de passage de rond point, le vhs qui me suivait n'a pas freiné et m'a percuté par l'arrière;;;;;0;0;0;0;20;1;11;3;2001;;2001;Vous remontiez une file de véhicules (à l’arrêt ou au ralenti) par la gauche. Un véhicule de cette file vous a coupé la route en tournant à gauche.;6;;;;;;;"accident de trajet (retour domicile), vers 18h, trajet complet de 29 km, circulation chargée, environ 50-55 km/h, route humide. sur une route à 2x3 voies séparée par un terre-plein central, je circulais sur la file de gauche, suivi par un autre 2RM. sur la file centrale circulait une grosse berline.  arrivé à proximité d'une intersection, la berline a coupé ma voie à ma hauteur pour prendre la voie permettant de tourner à gauche et prendre la rue perpendiculaire à la notre.  elle m'a percuté sur le coté droit, j'ai mis un coup de gaz avec un évitement à gauche et je suis monté sur le terre-plein central;  avec le choc, et la hauteur du terre-plein, je me suis retrouvé assit sur le réservoir.  le motard me suivant a bloqué la roue AR mais n'a pas pu évité la berline car trop avancé dans notre voie, a couché sa moto qui a fini sa glissade dans l'arrière de la berline.  ma moto : 2 jantes HS, pneu à plat, fourche tordue, ... moi : déplacement vertèbres, coup du lapin, entorse du pouce";la berline se retrouvant sur ma voie, à ma hauteur afin de tourner à gauche;la voiture étant sur moi, le freinage était inutile j'étais en 3ème, ai mis un coup de gaz, évitement à gauche pour contourner la berline. je me suis levé sur les cale-pieds afin de franchir le terre-plein central. sur le choc, je me suis retrouvé assis sur le réservoir. j'ai débrayé, me suis rassit sur la selle, suis redescendu sur la voie et stoppé mon 2RM.  le motard me suivant a couché sa moto qui a fini sa course dans l'arrière de la berline  la berline était engagée entièrement sur notre voie avec un angle d'environ 45° a stoppé sa voiture quand je l'ai contourné par l'avant;NRP;0;;;le conducteur de la berline a décidé de tourner à gauche alors que nous étions cote à cote;2;1;2;;la berline était trop engagée, ne m'a pas vu et a freiné trop tard. le motard n'a pas pu effectuer la même manoeuvre que moi. sa seule option était le freinage;2;décision de tourner au dernier moment sans observation de la situation (présence d'usager sur sa gauche, route humide);2;9;;;;;un espoir de maitrise;;1;;;;;2;aucun signe aurait pu faire sentir que le conducteur de la berline allait tourner à gauche.;4;3;;;1;1;3;3;1;1;1;1;2;1;4;4;4;10;;;;;;;;;1;4;;;;;;;;2;2;;2;1;3;2;5;80;0;10;5;2;;;;;;3;2;;;;2;1;2;4;;;;;;0;;1;1;1;2;0;50;1;2;3;4;7;9;;;;;4;4;4;4;4;4;SUZUKI;600;BANDIT;ROADSTER;2;1;1;1;1;1;1;1;1;1;1;33000;12;3;1;SUZUKI;500;GS-E CARENEE;ROADSTER;2;4;4;14JAN1971;7;1;3;2;5;4;3;NRP;;;;2;0;0;1;0;1;SUZUKI;600;BANDIT-N;ROADSTER;2;1998;37;2;2;8000;7;;;;;;;;;;;;;;;;;;;;;;;;;;;;;;;;;;;;;;;;;;;;;8000;2;3;4;;;;;;;NRP;NRP;NRP;1995;1995;NRP;NRP;1990;NRP
2201;4162;;1;0;6;;;;;;0;5;;;;;;3;4;2008;2012;2014;;;0;4;;;;;;1;5;2008;;;;;0;5;;;;;;1;4;2008;;;;;0;4;;;;;;0;5;;;;;;0;6;;;;;;0;5;;;;;;0;3;;;;;;0;4;;;;;;2;6;2014;2014;;;;1;1;2008;;;;;LYON;;;;;Sans dégâts, j'ai été percuté à l'arrière de ma moto alors que j'étais dans une file de véhicules arrêtés à un feu rouge. Le conducteur du VUL qui m'a poussé ne faisait pas attention.;;;;;0;0;0;1;12;1;21;5;2008;;;;;;;;;;;;;;;;;;;;;;;;;;;;;;;;;;;;;;;;;;;;;;;;;;;;;;;;;;;;;;;;;;;;;;;;;;;;;;;;;;;;;;;;;;;;;;;;;;;;;;;;;;;;;;;;;;;;;;;;;;;;;;;;;;;;;;;;;;;;;;;;;;;;;;;;;;;;;;02JUN1972;5;2;3;2;5;4;3;NRP;;;;1;0;1;0;0;1;APRILIA;500;ATLANTIC SPRINT;SCOOTER;2;2008;28;1;2;6000;1;;;;;;;;;;;;;;;;;;;;;;;;;;;;;;;;;;;;;;;;;;;;;6000;3;4;;;;;;;;NRP;NRP;NRP;NRP;2004;NRP;NRP;1992;NRP
797;4165;;1;0;5;;;;;;0;4;;;;;;0;4;;;;;;0;1;;;;;;1;6;2008;;;;;0;4;;;;;;0;2;;;;;;0;5;;;;;;0;4;;;;;;0;3;;;;;;0;5;;;;;;0;1;;;;;;0;4;;;;;;0;2;;;;;;1;1;NSP;;;;;paris;;;;;collision avec un véhicule prioritaire ayant grillé la priorité sans girophare ni sirène;;;;;0;0;4;2;20;1;71;15;;paris;;;;;;;;;;;;;;;;;;;;;;;;;;;;;;;;;;;;;;;;;;;;;;;;;;;;;;;;;;;;;;;;;;;;;;;;;;;;;;;;;;;;;;;;;;;;;;;;;;;;;;;;;;;;;;;;;;;;;;;;;;;;;;;;;;;;;;;;;;;;;;;;;;;;;;;;;;;;;26OCT1968;5;1;3;2;1;1;;NRP;;;;1;1;0;1;0;1;DUCATI;900;SS SPORT;Routière / GT;2;1994;37;3;1;1000;7;;;;;;;;;;;;;;;;;;;;;;;;;;;;;;;;;;;;;;;;;;;;;1000;3;4;;;;;;;;NRP;NRP;NRP;NRP;1992;NRP;NRP;1987;NRP
2167;4166;;0;;;;;;;;;;;;;;;;;;;;;;;;;;;;;;;;;;;;;;;;;;;;;;;;;;;;;;;;;;;;;;;;;;;;;;;;;;;;;;;;;;;;;;;;;;;;;;;;;;;;;;;;;;;;;;;;;;;;;;;;;;;;;;;;;;;;;;;;;;;;;;;;;;;;;;;;;;;;;;;;;;;;;;;;;;;;;;;;;;;;;;;;;;;;;;;;;;;;;;;;;;;;;;;;;;;;;;;;;;;;;;;;;;;;;;;;;;;;;;;;;;;;;;;;;;;;;;;;;;;;;;;;;;;;;;;;;;;;;;;;;;07OCT1979;5;2;3;2;4;4;2;NRP;;;;2;0;0;1;0;1;YAMAHA;600;FZ6-S FAZER;ROADSTER;2;2006;22;2;2;7000;4;;;;;;;;;;;;;;;;;;;;;;;;;;;;;;;;;;;;;;;;;;;;;7000;4;3;;;;;;;;NRP;NRP;NRP;NRP;2011;NRP;NRP;1998;NRP
45;4170;;0;;;;;;;;;;;;;;;;;;;;;;;;;;;;;;;;;;;;;;;;;;;;;;;;;;;;;;;;;;;;;;;;;;;;;;;;;;;;;;;;;;;;;;;;;;;;;;;;;;;;;;;;;;;;;;;;;;;;;;;;;;;;;;;;;;;;;;;;;;;;;;;;;;;;;;;;;;;;;;;;;;;;;;;;;;;;;;;;;;;;;;;;;;;;;;;;;;;;;;;;;;;;;;;;;;;;;;;;;;;;;;;;;;;;;;;;;;;;;;;;;;;;;;;;;;;;;;;;;;;;;;;;;;;;;;;;;;;;;;;;;;10DEC1989;7;2;3;2;2;3;;NRP;;;;0;0;0;1;0;1;KAWASAKI;250;NINJA 250R  ZX2-R;Routière / GT;2;2010;31;2;1;12000;6;;;;;;;;;;;;;;;;;;;;;;;;;;;;;;;;;;;;;;;;;;;;;12000;4;3;;;;;;;;NRP;NRP;NRP;NRP;2009;NRP;NRP;2008;NRP
1704;4172;;1;0;5;;;;;;0;4;;;;;;0;5;;;;;;0;2;;;;;;1;5;2006;;;;;0;4;;;;;;0;2;;;;;;1;5;1973;;;;;0;5;;;;;;0;5;;;;;;0;5;;;;;;0;4;;;;;;0;3;;;;;;0;4;;;;;;0;;;;;;;;;;;;;;;;;;;2;1;42;1;21;5;2006;;;;;;;;;;;;;;;;;;;;;;;;;;;;;;;;;;;;;;;;;;;;;;;;;;;;;;;;;;;;;;;;;;;;;;;;;;;;;;;;;;;;;;;;;;;;;;;;;;;;;;;;;;;;;;;;;;;;;;;;;;;;;;;;;;;;;;;;;;;;;;;;;;;;;;;;;;;;;;17JUN1953;9;2;3;2;2;3;;NRP;;;;2;0;0;1;0;1;HONDA;1200;VFR-F;Routière / GT;2;2011;25;1;1;12000;7;;;;;;;;;;;;;;;;;;;;;;;;;;;;;;;;;;;;;;;;;;;;;12000;3;4;;;;;;;;NRP;NRP;NRP;NRP;1971;NRP;NRP;1976;NRP
1413;4173;;1;0;2;;;;;;0;4;;;;;;0;6;;;;;;0;2;;;;;;0;4;;;;;;0;4;;;;;;0;2;;;;;;0;4;;;;;;1;5;2008;;;;;0;4;;;;;;0;5;;;;;;0;3;;;;;;0;4;;;;;;0;3;;;;;;1;2;2009;2009;;;;Le mans;Le mans;;;;En ville.Suivi d'un véhicule, celui-ci freine brusquement suite au refus de priorité d'un autre véhicule. Je monte sur les freins, Perte de l'avant, chute sans contact avec la voiture.;Je m'arrête à un feu rouge en ville, la voiture derrière pile et me percute par l'arrière. Le conducteur regardait ailleurs qd le feu est passé au rouge;;;;0;0;6;0;9;1;72;15;2009;Le mans;;;;;;;;;;;;;;;;;;;;;;;;;;;;;;;;;;;;;;;;;;;;;;;;;;;;;;;;;;;;;;;;;;;;;;;;;;;;;;;;;;;;;;;;;;;;;;;;;;;;;;;;;;;;;;;;;;;;;;;;;;;;;;;;;;;;;;;;;;;;;;;;;;;;;;;;;;;;;29MAY1979;5;1;3;2;2;3;;NRP;;;;1;1;0;1;0;1;BMW;1200;R1200R;ROADSTER;2;2012;37;2;2;3000;6;;;;;;;;;;;;;;;;;;;;;;;;;;;;;;;;;;;;;;;;;;;;;3000;3;4;;;;;;;;NRP;NRP;NRP;NRP;2006;NRP;NRP;2004;NRP
2021;4175;;0;;;;;;;;;;;;;;;;;;;;;;;;;;;;;;;;;;;;;;;;;;;;;;;;;;;;;;;;;;;;;;;;;;;;;;;;;;;;;;;;;;;;;;;;;;;;;;;;;;;;;;;;;;;;;;;;;;;;;;;;;;;;;;;;;;;;;;;;;;;;;;;;;;;;;;;;;;;;;;;;;;;;;;;;;;;;;;;;;;;;;;;;;;;;;;;;;;;;;;;;;;;;;;;;;;;;;;;;;;;;;;;;;;;;;;;;;;;;;;;;;;;;;;;;;;;;;;;;;;;;;;;;;;;;;;;;;;;;;;;;;;21APR1963;7;1;3;2;4;4;2;NRP;;;;2;1;0;5;0;6;BMW;1150;R1150R ROCKSTER ABS IS;ROADSTER;2;2004;29;2;1;8000;7;MOTO GUZZI;1000;V10 CENTAURO;ROADSTER;2;2000;37;3;1;3000;7;BMW;650;F650CS SCARVER;ROADSTER;2;2002;29;4;1;500;7;DUCATI;620;MONSTER IE DARK;ROADSTER;2;2003;37;4;1;500;7;HONDA;250;XL-S;TRAIL / SUPERMOTARD;2;1981;29;4;1;100;7;12100;2;3;4;;;;;;;NRP;NRP;NRP;1980;1983;NRP;NRP;1987;NRP
349;4176;;0;;;;;;;;;;;;;;;;;;;;;;;;;;;;;;;;;;;;;;;;;;;;;;;;;;;;;;;;;;;;;;;;;;;;;;;;;;;;;;;;;;;;;;;;;;;;;;;;;;;;;;;;;;;;;;;;;;;;;;;;;;;;;;;;;;;;;;;;;;;;;;;;;;;;;;;;;;;;;;;;;;;;;;;;;;;;;;;;;;;;;;;;;;;;;;;;;;;;;;;;;;;;;;;;;;;;;;;;;;;;;;;;;;;;;;;;;;;;;;;;;;;;;;;;;;;;;;;;;;;;;;;;;;;;;;;;;;;;;;;;;;11JUL1956;7;1;3;2;2;3;;NRP;;;;2;0;0;1;0;1;HONDA;1300;VTX-S;CUSTOM;2;2005;37;3;1;5000;7;;;;;;;;;;;;;;;;;;;;;;;;;;;;;;;;;;;;;;;;;;;;;5000;3;4;;;;;;;;NRP;NRP;NRP;NRP;1977;NRP;NRP;1996;NRP
963;4177;;0;;;;;;;;;;;;;;;;;;;;;;;;;;;;;;;;;;;;;;;;;;;;;;;;;;;;;;;;;;;;;;;;;;;;;;;;;;;;;;;;;;;;;;;;;;;;;;;;;;;;;;;;;;;;;;;;;;;;;;;;;;;;;;;;;;;;;;;;;;;;;;;;;;;;;;;;;;;;;;;;;;;;;;;;;;;;;;;;;;;;;;;;;;;;;;;;;;;;;;;;;;;;;;;;;;;;;;;;;;;;;;;;;;;;;;;;;;;;;;;;;;;;;;;;;;;;;;;;;;;;;;;;;;;;;;;;;;;;;;;;;;03SEP1979;4;1;3;2;4;4;2;NRP;;;;2;0;0;3;0;2;TRIUMPH;800;TIGER;ROADSTER;2;2011;37;2;1;5000;7;TRIUMPH;675;STREET TRIPLE R;ROADSTER;2;2010;37;3;1;500;7;;;;;;;;;;;;;;;;;;;;;;;;;;;;;;;;;;5500;3;4;;;;;;;;NRP;NRP;NRP;NRP;2001;NRP;NRP;1998;NRP
1152;4178;;1;0;5;;;;;;1;5;2012;;;;;1;5;2003;;;;;0;3;;;;;;0;4;;;;;;0;2;;;;;;0;4;;;;;;1;5;2001;;;;;0;4;;;;;;0;4;;;;;;0;3;;;;;;0;3;;;;;;0;5;;;;;;0;2;;;;;;1;1;2009;;;;;Montpellier;;;;;Je démarre a un feu (vert), un véhicule venant de la droite grille le feux rouge à haute vitesse;;;;;5;0;2;24;19;1;36;8;2001;;;;;;;;;;;;;;;;;;;;;;;;;;;;;;;;;;;;;;;;;;;;;;;;;;;;;;;;;;;;;;;;;;;;;;;;;;;;;;;;;;;;;;;;;;;;;;;;;;;;;;;;;;;;;;;;;;;;;;;;;;;;;;;;;;;;;;;;;;;;;;;;;;;;;;;;;;;;;;29APR1970;2;1;3;2;2;3;;NRP;;;;1;0;1;2;0;3;HONDA;125;PS-I SPORTY TOP BOX;SCOOTER;2;2007;37;1;3;7000;7;SUZUKI;650;GLADIUS;ROADSTER;2;2010;37;3;1;5000;7;HONDA;1000;VTR  FIRESTORM;SPORTIVE;2;2001;37;3;1;8000;7;;;;;;;;;;;;;;;;;;;;;;;20000;2;3;4;;;;;;;NRP;NRP;NRP;1992;1995;NRP;NRP;1992;NRP
1411;4179;;1;0;4;;;;;;0;6;;;;;;1;5;1983;;;;;1;5;1987;;;;;0;5;;;;;;1;5;1983;;;;;0;4;;;;;;0;4;;;;;;1;5;1984;;;;;0;4;;;;;;1;6;1984;;;;;0;2;;;;;;0;4;;;;;;1;4;1984;;;;;0;;;;;;;;;;;;;;;;;;;2;2;36;1;11;3;1983;;;;;;;;;;;;;;;;;;;;;;;;;;;;;;;;;;;;;;;;;;;;;;;;;;;;;;;;;;;;;;;;;;;;;;;;;;;;;;;;;;;;;;;;;;;;;;;;;;;;;;;;;;;;;;;;;;;;;;;;;;;;;;;;;;;;;;;;;;;;;;;;;;;;;;;;;;;;;;29APR1961;5;1;3;2;2;3;;NRP;;;;3;0;0;9;1;10;SUZUKI;1000;TL-S;SPORTIVE;2;1998;37;2;1;3000;7;YAMAHA;1200;FJ ABS;Routière / GT;2;1991;37;2;2;6000;7;YAMAHA;250;TDR;Routière / GT;2;1989;41;4;1;0;7;GAS GAS;300;EC ENDUCROSS;TOUT TERRAIN (TRIAL, ENDURO, CROSS);2;2011;37;3;1;4000;7;HUSABERG;650;FS-E SUPERMOTARD;TRAIL / SUPERMOTARD;2;2008;37;3;1;2000;7;15000;2;3;4;;;;;;;NRP;NRP;NRP;1977;1979;NRP;NRP;1980;NRP