Ligne;Ligne Q qualif;Ligne approfondissement Accident;ACCIDENT;NBACC1;ACCFREQUENCE1;ANNEEACC1_1;ANNEEACC1_2;ANNEEACC1_3;ANNEEACC1_4;ANNEEACC1_5;NBACC2;ACCFREQUENCE2;ANNEEACC2_1;ANNEEACC2_2;ANNEEACC2_3;ANNEEACC2_4;ANNEEACC2_5;NBACC3;ACCFREQUENCE3;ANNEEACC3_1;ANNEEACC3_2;ANNEEACC3_3;ANNEEACC3_4;ANNEEACC3_5;NBACC4;ACCFREQUENCE4;ANNEEACC4_1;ANNEEACC4_2;ANNEEACC4_3;ANNEEACC4_4;ANNEEACC4_5;NBACC5;ACCFREQUENCE5;ANNEEACC5_1;ANNEEACC5_2;ANNEEACC5_3;ANNEEACC5_4;ANNEEACC5_5;NBACC6;ACCFREQUENCE6;ANNEEACC6_1;ANNEEACC6_2;ANNEEACC6_3;ANNEEACC6_4;ANNEEACC6_5;NBACC7;ACCFREQUENCE7;ANNEEACC7_1;ANNEEACC7_2;ANNEEACC7_3;ANNEEACC7_4;ANNEEACC7_5;NBACC8;ACCFREQUENCE8;ANNEEACC8_1;ANNEEACC8_2;ANNEEACC8_3;ANNEEACC8_4;ANNEEACC8_5;NBACC9;ACCFREQUENCE9;ANNEEACC9_1;ANNEEACC9_2;ANNEEACC9_3;ANNEEACC9_4;ANNEEACC9_5;NBACC10;ACCFREQUENCE10;ANNEEACC10_1;ANNEEACC10_2;ANNEEACC10_3;ANNEEACC10_4;ANNEEACC10_5;NBACC11;ACCFREQUENCE11;ANNEEACC11_1;ANNEEACC11_2;ANNEEACC11_3;ANNEEACC11_4;ANNEEACC11_5;NBACC12;ACCFREQUENCE12;ANNEEACC12_1;ANNEEACC12_2;ANNEEACC12_3;ANNEEACC12_4;ANNEEACC12_5;NBACC13;ACCFREQUENCE13;ANNEEACC13_1;ANNEEACC13_2;ANNEEACC13_3;ANNEEACC13_4;ANNEEACC13_5;NBACC14;ACCFREQUENCE14;ANNEEACC14_1;ANNEEACC14_2;ANNEEACC14_3;ANNEEACC14_4;ANNEEACC14_5;AUTRESACC;NBAUTRESACC;ANNEEAUTREACC1;ANNEEAUTREACC2;ANNEEAUTREACC3;ANNEEAUTREACC4;ANNEEAUTREACC5;LIEUAUTREACC1;LIEUAUTREACC2;LIEUAUTREACC3;LIEUAUTREACC4;LIEUAUTREACC5;DESCRIPTIONAUTRESACC1;DESCRIPTIONAUTRESACC2;DESCRIPTIONAUTRESACC3;DESCRIPTIONAUTRESACC4;DESCRIPTIONAUTRESACC5;NBAUTRESACCCIRCUIT;NBAUTRESTOUTTERRAIN;EXPCYCLO;EXP125;EXPSUP125;ACCORDNEXTQ;CHOIXACC;RGPMTACC;RECUPANNEE;RECUPLIEU;RECUPANNE;RGPMTAC;CHOIX1;CHOIX2;CHOIX3;CHOIX4;CHOIX5;CHOIX6;CHOIX7;DESCRIPTION;RUPTURE;FAITS;ABS_REACTION;AUTRE_REACTION;PRECISIONREACTIONOUI;RECUL;PRECISIONREACTIONNON;IMPACTCOMPORTEMENT;AUTREUSAGER;REACTIONAUTREUSAGER;CONNAISSANCEREACTIONUSAGER;DIFFICULTES;AGGRAVATION;DIFFICULTES2;EMOTIONS1;EMOTIONS2;EMOTIONS3;EMOTIONS4;EMOTIONS5;EMOTIONS6;AUTRESENTIMENT;CLASSEMENTEMOTIONS1;CLASSEMENTEMOTIONS;CLASSEMENTEMOTIONS5;CLASSEMENTEMOTIONS6;CLASSEMENTEMOTIONS7;CLASSEMENTEMOTIONS8;CLASSEMENTEMOTIONS9;EXPLICATIONRESSENTI;BIENEQUIPE;ALLURE;ALLUREVITEDETAIL;ALLURELENTEDETAIL;SITUATIONPRESSE;SITUATIONDISTRAIT;SITUATIONCONFIANT;SITUATIONCONTROLE;SITUATIONLUDIQUE;SITUATIONPERF;SITUATIONSTRESS;SITUATIONFATIGUE;HUMEURNEUTRE;HUMEURGAI;HUMEURMECONTENT;HUMEURTRISTE;HUMEURCOLERE;CONTRIBUTION1;CONTRIBUTION2;CONTRIBUTION3;CONTRIBUTION4;CONTRIBUTION5;CONTRIBUTION6;CONTRIBUTION7;CONTRIBUTION8;CONTRIBUTION9;ROLEINFRA;ELEMENTINFRA1;ELEMENTINFRA2;ELEMENTINFRA3;ELEMENTINFRA4;ELEMENTINFRA5;ELEMENTINFRA6;ELEMENTINFRA7;ELEMENTINFRA8;ELEMENTINFRA9;ALCOOL;TXALCOOL;STUP;SEMAINE;MOMENTJOURNEE;TEMPS;CAUSEACC1;CAUSEACC2;CAUSEACC3;CAUSEACC4;CAUSEACC5;FORMATIONCAUSE;FORMATION1;FORMATION2;FORMATION3;FORMATION4;FORMATION5;TRAFIC;CHAUSSEE1;CHAUSSEE2;CHAUSSEE3;CHAUSSEE4;TYPEACC;BLESSURE;TETE;COU;THORAX;MEMBRESSUP;COLONNE;BASSIN;MEMBRESINF;HOPITAL;PLUS24H;TRAJET;TYPEROUTE;MOTIF;SENSTRAJET;PASSAGER;VITESSE;DESCEQ1;DESCEQ2;DESCEQ3;DESCEQ4;DESCEQ5;DESCEQ6;DESCEQ7;DESCEQ8;DESCEQ9;DESCEQ10;VEHICULEETE;VEHICULEAUTOMNE;VEHICULEPRINTEMPS;VEHICULEHIVER;VEHICULESEMAINE;VEHICULEWE;VEHMARQUE;VEHCYLINDREE;VEHMODELE;VEHSEGMENT;VEHSIDE;EQ2RMABS;EQ2RMCBS;EQ2RMABSCBS;EQ2RMREGULATEUR;EQ2RMLIMITEUR;EQ2RMPHARESDIRECT;EQ2RMCOUPURE;EQ2RMANTIPATINAGE;EQ2RMANTIXHEELING;EQ2RMSTABILILTE;VEHKM;POINTS;DUREE;AUTRE2RM;VEHPRECMARQUE;VEHPRECCYLINDREE;VEHPRECMODELE;VEHPRECSEGMENT;VEHPRECSIDE;TEMPS2RMPREC;FREQVEHPREC;DATE_NAISS;CSP;SOCIETAIRE;SALARIE;SECTEUR2RM;NBPERSFOYER;SITFAM;NBENF;TRNBENF1;TRNBENF2;TRNBENF3;TRNBENF4;NBAUTOFOYER;NBCYCLOFOYER;NBSCOOTFOYER;NBMOTOFOYER;NBTRIKEFOYER;NB2RMCONDUIT;MARQUE1;CYLINDREE1;MODELE1;SEGMENT1;SIDE1;ANMISECIRCU1;ASS1;FREQ1;USAGE1;NBKM1;GARAGE1;MARQUE2;CYLINDREE2;MODELE2;SEGMENT2;SIDE2;ANMISECIRCU2;ASS2;FREQ2;USAGE2;NBKM2;GARAGE2;MARQUE3;CYLINDREE3;MODELE3;SEGMENT3;SIDE3;ANMISECIRCU3;ASS3;FREQ3;USAGE3;NBKM3;GARAGE3;MARQUE4;CYLINDREE4;MODELE4;SEGMENT4;SIDE4;ANMISECIRCU4;ASS4;FREQ4;USAGE4;NBKM4;GARAGE4;MARQUE5;CYLINDREE5;MODELE5;SEGMENT5;SIDE5;ANMISECIRCU5;ASS5;FREQ5;USAGE5;NBKM5;GARAGE5;NBKMTOT;PERMIS1;PERMIS2;PERMIS3;PERMIS4;PERMIS5;PERMIS6;PERMIS7;PERMIS8;PERMIS9;ANPERMIS1;ANPERMIS6;ANPERMIS7;ANPERMIS2;ANPERMIS3;ANPERMIS8;ANPERMIS9;ANPERMIS4;ANPERMIS5
1717;4180;;1;0;6;;;;;;1;5;1987;;;;;0;5;;;;;;0;5;;;;;;0;2;;;;;;0;4;;;;;;0;3;;;;;;0;2;;;;;;1;5;1985;;;;;0;3;;;;;;0;3;;;;;;0;2;;;;;;0;5;;;;;;0;3;;;;;;1;1;1991;;;;;En dehors de  v;;;;;De nuit sans phare un conducteur alcolisé a franchi la ligne blanche et m'a percuter.;;;;;0;0;4;0;30;1;71;15;1991;En dehors de  v;;;;;;;;;;;;;;;;;;;;;;;;;;;;;;;;;;;;;;;;;;;;;;;;;;;;;;;;;;;;;;;;;;;;;;;;;;;;;;;;;;;;;;;;;;;;;;;;;;;;;;;;;;;;;;;;;;;;;;;;;;;;;;;;;;;;;;;;;;;;;;;;;;;;;;;;;;;;;22AUG1966;6;2;3;2;4;4;2;NRP;;;;1;0;0;1;0;1;HONDA;1300;PAN EUROPEAN;Routière / GT;2;2002;16;1;2;10000;7;;;;;;;;;;;;;;;;;;;;;;;;;;;;;;;;;;;;;;;;;;;;;10000;3;4;;;;;;;;NRP;NRP;NRP;NRP;1985;NRP;NRP;2004;NRP
901;4181;;1;0;2;;;;;;0;2;;;;;;0;3;;;;;;0;4;;;;;;1;2;1988;;;;;1;2;2009;;;;;0;2;;;;;;2;2;NSP;NSP;;;;2;2;1983;1985;;;;0;3;;;;;;0;2;;;;;;0;2;;;;;;3;2;NSP;NSP;NSP;;;0;3;;;;;;1;1;1996;;;;;Nantes;;;;;Un camion qui c'est arrêté sur la chaussé qui a mis ses feux de détresse et a reculé pour se garer moi j'était a l'arrière et j'ai pas eu le temps de me dégager et du coup il ma accroché;;;;;0;0;5;0;33;1;71;15;1996;Nantes;;;;;;;;;;;;;;;;;;;;;;;;;;;;;;;;;;;;;;;;;;;;;;;;;;;;;;;;;;;;;;;;;;;;;;;;;;;;;;;;;;;;;;;;;;;;;;;;;;;;;;;;;;;;;;;;;;;;;;;;;;;;;;;;;;;;;;;;;;;;;;;;;;;;;;;;;;;;;28OCT1963;7;1;3;2;2;3;;NRP;;;;2;0;0;1;0;1;TRIUMPH;1700;THUNDERBIRD;CUSTOM;2;2011;37;1;2;10000;7;;;;;;;;;;;;;;;;;;;;;;;;;;;;;;;;;;;;;;;;;;;;;10000;2;3;4;;;;;;;NRP;NRP;NRP;1982;1982;NRP;NRP;1982;NRP
114;4182;157;1;0;5;;;;;;1;5;1983;;;;;0;6;;;;;;0;3;;;;;;1;6;1983;;;;;0;4;;;;;;0;5;;;;;;0;5;;;;;;5;6;2014;2014;1985;1984;1983;0;4;;;;;;0;5;;;;;;0;3;;;;;;1;5;2012;;;;;0;2;;;;;;0;;;;;;;;;;;;;;;;;;;0;0;30;1;6;2;1983;;1983;Vous circuliez derrière un véhicule. Ce véhicule a ralenti. Vous avez entrepris de dépasser ce véhicule par la gauche et celui-ci vous a coupé la route en tournant à gauche (ou en effectuant un ½ tour;4;;;;;;;"C étais un jour d'été de retour de vacances à deux motos , retour tranquille ,grande ligne droite pas trop de circulation, temps clair ,sans avoir bu d'alcool(D'ailleurs il faisait très chaud,on pensais à s'arrêter au prochain bistrot pour ce désaltérer)  ,vitesse de croisière 90 , 100 km/h ,moto chargée avec passager et sac de voyage,(après réflexion genre d'endroit ou on aurais pus ce tirer la bourre mais la ce n'étais pas le cas).J' ouvrais la route , je rattrape une voiture dans un lieu dit juste avant un croisement,je met mon clignotant pour la doubler surtout qu'elle freine et commence à se déporter sur la droite et la d'un seul coup elle braque à fond à gauche,j'essaie de l'éviter par la gauche mais elle continue sa manoeuvre alors j' essaie par la droite mais ça ne passe pas et je la percute au niveau de l""aile arrière gauche ,mon passager et moi même passons par au dessus la voiture .Mon passager ce relève assez vite et heureusement avec rien sauf quelques contusions,moi par contre je reste allonger j'ai mal un peu partout mais surtout à mon index droit qui à été à moitié sectionner ,après attroupement mes amis autour de moi pour me rassurer,des gens amène un parasol pour me protéger du soleil qui tape fort.Ensuite les pompier arrivent et m'emmènent dans l'ambulance ,par contre surprise ils m'enlèvent mon casque ,à l'hopital radio de la tête,,rien de grave juste le doigt à recoudre.Bilan moto foutue et épave ,le conducteur de la voiture avait bu,retour de vacances en ambulance,tout ça à un endroit et à un moment ou j'aurais jamais penser avoir un accident alors qu'il m'est arrivé de prendre des risques et ou je n'aurais pas été surpris qu'il m'arrive quelques chose comme quoi il faut être en permanence vigilant surtout en deux roues.";la manoeuvre incomprise et sans avertissement pas eu de clignotants pour avertir du changement de direction .;tentative d'évitement par la gauche, l'autre usager ne me voit pas continue sa manoeuvre ,tentative par la droite avec gros freinage ,puis choc dans la voiture.;NRP;0;;;NRP;1;1;2;;il ne m'a simplement pas vu;1;"il n'a pas regardé dans ses rétroviseurs et n'a pas mis ses clignotants;";1;2;5;6;;;;1;;;;2;3;;peur du choc quand j'ai vu qu'il étais inévitable;3;3;;;2;2;4;4;2;1;1;2;1;4;4;4;4;5;;;;;;;;;2;;;;;;;;;2;2;;2;2;1;1;10;90;0;0;0;2;;;;;;2;1;;;;2;1;4;;;;;;;1;0;3;2;3;;1;100;1;2;3;4;;;;;;;4;4;4;4;4;4;HONDA;750;CB-KZ;ROADSTER;2;1;1;1;1;1;1;1;1;1;1;35000;12;4;0;;;;;;;;06SEP1963;7;1;3;2;3;4;1;NRP;;;;1;0;0;1;0;1;DUCATI;796;MONSTER;ROADSTER;2;2012;37;1;2;10000;7;;;;;;;;;;;;;;;;;;;;;;;;;;;;;;;;;;;;;;;;;;;;;10000;3;4;;;;;;;;NRP;NRP;NRP;NRP;1981;NRP;NRP;1982;NRP
1930;4183;;1;0;6;;;;;;0;5;;;;;;0;5;;;;;;0;5;;;;;;3;6;1999;2001;2009;;;0;5;;;;;;0;5;;;;;;0;6;;;;;;0;4;;;;;;1;6;2001;;;;;0;5;;;;;;0;5;;;;;;0;3;;;;;;0;6;;;;;;1;2;1999;2006;;;;paris;rouen;;;;je me suis arreté pour laissé passer un vl venant à moi droite, j'ai été percuté par derrière.;je roulais à vitesse normale en ville, un motard qui arrivait derrière moi a perdu le controle de sa machine, ets tombé, a glissé et est venu me percuté par derrière.;;;;0;0;3;0;24;1;72;15;2006;rouen;;;;;;;;;;;;;;;;;;;;;;;;;;;;;;;;;;;;;;;;;;;;;;;;;;;;;;;;;;;;;;;;;;;;;;;;;;;;;;;;;;;;;;;;;;;;;;;;;;;;;;;;;;;;;;;;;;;;;;;;;;;;;;;;;;;;;;;;;;;;;;;;;;;;;;;;;;;;;01JAN1969;5;1;3;2;4;4;2;NRP;;;;3;3;0;3;0;3;HARLEY-DAVIDSON;1200;SPORTSTER R ROADSTER;ROADSTER;2;2005;37;2;1;5000;7;HONDA;600;TRANSALP;TRAIL / SUPERMOTARD;2;1998;37;1;2;5000;7;HONDA;1100;VT SHADOW;CUSTOM;2;1998;37;3;1;3000;7;;;;;;;;;;;;;;;;;;;;;;;13000;3;4;;;;;;;;NRP;NRP;NRP;NRP;1991;NRP;NRP;1987;NRP
1431;4184;;1;0;4;;;;;;0;5;;;;;;0;4;;;;;;0;5;;;;;;0;3;;;;;;0;5;;;;;;0;3;;;;;;0;4;;;;;;0;4;;;;;;0;5;;;;;;0;3;;;;;;0;3;;;;;;1;5;2014;;;;;0;5;;;;;;0;;;;;;;;;;;;;;;;;;;0;4;3;1;61;13;2014;;;;;;;;;;;;;;;;;;;;;;;;;;;;;;;;;;;;;;;;;;;;;;;;;;;;;;;;;;;;;;;;;;;;;;;;;;;;;;;;;;;;;;;;;;;;;;;;;;;;;;;;;;;;;;;;;;;;;;;;;;;;;;;;;;;;;;;;;;;;;;;;;;;;;;;;;;;;;;24JUN1966;5;2;3;2;5;4;3;NRP;;;;1;0;0;2;0;2;DUCATI;1100;MONSTER;ROADSTER;2;2012;33;1;2;12000;7;KAWASAKI;650;ER-6  N;ROADSTER;2;2012;33;1;2;10000;7;;;;;;;;;;;;;;;;;;;;;;;;;;;;;;;;;;22000;3;4;;;;;;;;NRP;NRP;NRP;NRP;2012;NRP;NRP;1989;NRP
1767;4185;;1;1;6;2006;;;;;0;5;;;;;;0;6;;;;;;0;2;;;;;;0;6;;;;;;0;2;;;;;;0;4;;;;;;0;4;;;;;;1;4;1980;;;;;0;4;;;;;;0;5;;;;;;0;2;;;;;;0;4;;;;;;0;4;;;;;;0;;;;;;;;;;;;;;;;;;;4;0;26;1;1;1;2006;;;;;;;;;;;;;;;;;;;;;;;;;;;;;;;;;;;;;;;;;;;;;;;;;;;;;;;;;;;;;;;;;;;;;;;;;;;;;;;;;;;;;;;;;;;;;;;;;;;;;;;;;;;;;;;;;;;;;;;;;;;;;;;;;;;;;;;;;;;;;;;;;;;;;;;;;;;;;;24MAY1956;4;2;3;2;3;4;1;NRP;;;;2;0;0;2;0;2;BMW;1200;K1200GT;Routière / GT;2;2007;16;1;1;15000;7;KAWASAKI;500;KLE;TRAIL / SUPERMOTARD;2;1994;37;3;1;2500;7;;;;;;;;;;;;;;;;;;;;;;;;;;;;;;;;;;17500;3;4;;;;;;;;NRP;NRP;NRP;NRP;1974;NRP;NRP;1974;NRP
1501;4188;;0;;;;;;;;;;;;;;;;;;;;;;;;;;;;;;;;;;;;;;;;;;;;;;;;;;;;;;;;;;;;;;;;;;;;;;;;;;;;;;;;;;;;;;;;;;;;;;;;;;;;;;;;;;;;;;;;;;;;;;;;;;;;;;;;;;;;;;;;;;;;;;;;;;;;;;;;;;;;;;;;;;;;;;;;;;;;;;;;;;;;;;;;;;;;;;;;;;;;;;;;;;;;;;;;;;;;;;;;;;;;;;;;;;;;;;;;;;;;;;;;;;;;;;;;;;;;;;;;;;;;;;;;;;;;;;;;;;;;;;;;;;26APR1958;8;2;3;2;2;3;;NRP;;;;2;0;0;1;0;1;YAMAHA;850;TDM;ROADSTER;2;1998;28;1;2;2500;7;;;;;;;;;;;;;;;;;;;;;;;;;;;;;;;;;;;;;;;;;;;;;2500;3;4;;;;;;;;NRP;NRP;NRP;NRP;2006;NRP;NRP;1979;NRP
1694;4190;;1;0;4;;;;;;0;5;;;;;;0;4;;;;;;0;3;;;;;;0;4;;;;;;0;4;;;;;;0;2;;;;;;0;3;;;;;;1;3;1992;;;;;0;2;;;;;;0;3;;;;;;0;2;;;;;;1;4;1982;;;;;0;3;;;;;;0;;;;;;;;;;;;;;;;;;;5;2;32;1;61;13;1982;;;;;;;;;;;;;;;;;;;;;;;;;;;;;;;;;;;;;;;;;;;;;;;;;;;;;;;;;;;;;;;;;;;;;;;;;;;;;;;;;;;;;;;;;;;;;;;;;;;;;;;;;;;;;;;;;;;;;;;;;;;;;;;;;;;;;;;;;;;;;;;;;;;;;;;;;;;;;;16APR1962;8;2;3;2;3;4;1;NRP;;;;2;0;0;1;0;1;KAWASAKI;1000;TOMCAT (ZX10);Routière / GT;2;1988;10;2;1;4000;7;;;;;;;;;;;;;;;;;;;;;;;;;;;;;;;;;;;;;;;;;;;;;4000;4;9;;;;;;;;NRP;NRP;NRP;NRP;NRP;NRP;1980;1980;NRP
595;4192;;0;;;;;;;;;;;;;;;;;;;;;;;;;;;;;;;;;;;;;;;;;;;;;;;;;;;;;;;;;;;;;;;;;;;;;;;;;;;;;;;;;;;;;;;;;;;;;;;;;;;;;;;;;;;;;;;;;;;;;;;;;;;;;;;;;;;;;;;;;;;;;;;;;;;;;;;;;;;;;;;;;;;;;;;;;;;;;;;;;;;;;;;;;;;;;;;;;;;;;;;;;;;;;;;;;;;;;;;;;;;;;;;;;;;;;;;;;;;;;;;;;;;;;;;;;;;;;;;;;;;;;;;;;;;;;;;;;;;;;;;;;;31JAN1969;7;2;3;2;3;4;1;NRP;;;;2;0;1;0;0;1;HONDA;400;SW-T;SCOOTER;2;2012;4;1;2;12000;7;;;;;;;;;;;;;;;;;;;;;;;;;;;;;;;;;;;;;;;;;;;;;12000;3;4;;;;;;;;NRP;NRP;NRP;NRP;2011;NRP;NRP;1991;NRP
1576;4193;;1;0;3;;;;;;0;4;;;;;;0;4;;;;;;0;3;;;;;;0;3;;;;;;0;3;;;;;;0;3;;;;;;0;4;;;;;;1;4;2014;;;;;0;3;;;;;;0;4;;;;;;0;4;;;;;;1;4;1984;;;;;0;4;;;;;;1;2;1987;2011;;;;lyon;tassin;;;;par inattention j'ai percuté l'arrière gauche d'un véhicule qui s'est arrêté brutalement à un feu orange ...;je me suis couché sur route enneigée, parce que bêtement j'ai accéléré sur la route à un endroit où habituellement j'accélère ...;;;;0;0;0;0;47;1;41;9;2014;;;;;;;;;;;;;;;;;;;;;;;;;;;;;;;;;;;;;;;;;;;;;;;;;;;;;;;;;;;;;;;;;;;;;;;;;;;;;;;;;;;;;;;;;;;;;;;;;;;;;;;;;;;;;;;;;;;;;;;;;;;;;;;;;;;;;;;;;;;;;;;;;;;;;;;;;;;;;;16JUN1950;9;1;3;2;2;3;;NRP;;;;1;1;0;1;0;1;BMW;1100;R1100RT;Routière / GT;2;2000;37;1;1;20000;7;;;;;;;;;;;;;;;;;;;;;;;;;;;;;;;;;;;;;;;;;;;;;20000;3;4;;;;;;;;NRP;NRP;NRP;NRP;1969;NRP;NRP;1969;NRP
1004;4194;330;1;0;5;;;;;;0;5;;;;;;0;5;;;;;;0;4;;;;;;0;5;;;;;;0;5;;;;;;0;5;;;;;;0;5;;;;;;1;6;2003;;;;;0;3;;;;;;0;5;;;;;;0;2;;;;;;0;4;;;;;;0;4;;;;;;0;;;;;;;;;;;;;;;;;;;0;5;17;1;41;9;2003;;2003;Vous avez fait une sortie de route, une perte de contrôle ou une glissade sans rien percuter.;1;;;;;;;Cet accident a eu lieu un matin sur le trajet domicile travail. Un itinéraire emprunté quotidiennement. En partant de chez moi, la tête était sans doute déjà au travail et pas à la conduite. La route est connue et donc ce déroule de manière automatique. J'ai vu les panneaux annonçant le gravillonnage fraichement fait, 'javais d'ailleurs roulé dessus la veille au soir, mais je n'ai pas adapter ma conduite. La roue avant est partie, je me suis couché sur la droite et glissé durant une cinquantaine de mètres sans rien toucher.;L'esprit au travail et le changement d'environnement.;Le décrochage a été si soudain qu'il me semble pas avoir eu de réaction.;2;1;ralentir a la vision du panneau gravillons.;Trajet quotidien, pensées ailleurs.;;2;0;;;;;;3;6;;;;;;;;1;;;2;;Je n'ai pas compris immédiatement ce qui s'était passé, ce n'est qu'après que j'ai vu les gravillons.;3;1;2;;2;4;3;3;2;1;3;2;2;2;4;4;4;1;4;5;;;;;;;1;4;7;;;;;;;2;2;;2;1;1;1;80;0;0;20;0;2;;;;;;1;4;;;;2;1;4;;;;;;;1;0;1;2;1;1;0;80;1;10;2;3;4;;;;;;4;4;4;4;4;4;SUZUKI;1400;GSX;ROADSTER;2;1;1;1;1;1;1;1;1;1;1;15000;12;3;1;SUZUKI;600;BANDIT;ROADSTER;2;4;3;04AUG1968;5;1;3;2;4;4;2;NRP;;;;2;0;0;1;0;1;SUZUKI;1400;GSX;ROADSTER;2;2002;37;2;1;5000;7;;;;;;;;;;;;;;;;;;;;;;;;;;;;;;;;;;;;;;;;;;;;;5000;2;3;4;;;;;;;NRP;NRP;NRP;1985;1997;NRP;NRP;1987;NRP
417;4196;;0;;;;;;;;;;;;;;;;;;;;;;;;;;;;;;;;;;;;;;;;;;;;;;;;;;;;;;;;;;;;;;;;;;;;;;;;;;;;;;;;;;;;;;;;;;;;;;;;;;;;;;;;;;;;;;;;;;;;;;;;;;;;;;;;;;;;;;;;;;;;;;;;;;;;;;;;;;;;;;;;;;;;;;;;;;;;;;;;;;;;;;;;;;;;;;;;;;;;;;;;;;;;;;;;;;;;;;;;;;;;;;;;;;;;;;;;;;;;;;;;;;;;;;;;;;;;;;;;;;;;;;;;;;;;;;;;;;;;;;;;;;01JUL1969;7;2;3;2;3;2;2;NRP;;;;1;0;0;1;0;1;YAMAHA;125;SR;CUSTOM;2;1990;10;2;1;2000;5;;;;;;;;;;;;;;;;;;;;;;;;;;;;;;;;;;;;;;;;;;;;;2000;4;5;;;;;;;;NRP;NRP;NRP;NRP;NRP;NRP;NRP;1999;2012
315;4198;;1;0;5;;;;;;1;4;1980;;;;;0;4;;;;;;0;4;;;;;;0;5;;;;;;1;6;1990;;;;;0;4;;;;;;0;6;;;;;;5;6;1980;1983;1995;2000;NSP;0;4;;;;;;0;4;;;;;;0;2;;;;;;1;6;1983;;;;;1;4;1993;;;;;1;2;1998;NSP;;;;toulon;evreux;;;;le véhicule a démarré au feu rouge alors que moi je passais au feu vert/orange, et étant tout seul sur la 3 voie,  je pense que le conducteur n'a pas vu que j'arrivais et il a voulu démarré plus tot voyant que le feu se mettait à l'orange sur ma voie.;je n'ai pas vu la voiture qui arrivait sur ma gauche alors que je redémarrais d'un stop.;;;;0;0;2;2;33;1;71;15;1998;toulon;;;;;;;;;;;;;;;;;;;;;;;;;;;;;;;;;;;;;;;;;;;;;;;;;;;;;;;;;;;;;;;;;;;;;;;;;;;;;;;;;;;;;;;;;;;;;;;;;;;;;;;;;;;;;;;;;;;;;;;;;;;;;;;;;;;;;;;;;;;;;;;;;;;;;;;;;;;;;31JUL1963;7;2;3;2;3;4;1;NRP;;;;2;0;0;1;0;1;SUZUKI;1100;GSX-R;SPORTIVE;2;1996;29;2;2;10000;7;;;;;;;;;;;;;;;;;;;;;;;;;;;;;;;;;;;;;;;;;;;;;10000;3;4;;;;;;;;NRP;NRP;NRP;NRP;1981;NRP;NRP;1981;NRP
1337;4200;;1;0;4;;;;;;1;5;2004;;;;;0;4;;;;;;0;4;;;;;;0;3;;;;;;0;4;;;;;;0;3;;;;;;0;5;;;;;;3;5;1975;1977;1978;;;0;4;;;;;;0;4;;;;;;0;4;;;;;;0;4;;;;;;1;3;1976;;;;;1;2;1997;1998;;;;PARIS;PARIS;;;;arreté dans une rue car une voiture faisait un creneau devant moi. UNe autre voiture m'a percuté à l'arriére me projetant au sol. Pas de corporel;Idem dans un embouteillage, la voiture derriere moi me percute;;;;0;0;2;5;35;1;6;2;2004;;;;;;;;;;;;;;;;;;;;;;;;;;;;;;;;;;;;;;;;;;;;;;;;;;;;;;;;;;;;;;;;;;;;;;;;;;;;;;;;;;;;;;;;;;;;;;;;;;;;;;;;;;;;;;;;;;;;;;;;;;;;;;;;;;;;;;;;;;;;;;;;;;;;;;;;;;;;;;10MAR1961;3;1;3;2;5;4;3;NRP;;;;2;0;0;2;0;2;MOTO GUZZI;1200;GRISO 8V;ROADSTER;2;2011;37;3;1;6000;6;APRILIA;660;PEGASO IE STRADA;ROADSTER;2;2005;37;2;1;3000;6;;;;;;;;;;;;;;;;;;;;;;;;;;;;;;;;;;9000;3;4;;;;;;;;NRP;NRP;NRP;NRP;1979;NRP;NRP;1979;NRP
1227;4202;453;1;0;3;;;;;;0;5;;;;;;0;2;;;;;;0;2;;;;;;0;3;;;;;;0;3;;;;;;0;3;;;;;;0;4;;;;;;3;4;2009;2010;2014;;;0;2;;;;;;2;6;2010;2011;;;;1;1;2010;;;;;0;2;;;;;;0;3;;;;;;0;;;;;;;;;;;;;;;;;;;0;2;3;1;52;11;2011;;2011;"Vous circuliez sur un axe constitué d’au moins "" 2 X 2 voies "" (en urbain, périph, autoroute, RN …). Un véhicule vous a coupé la route en changeant de voie pour se placer sur celle de gauche.";3;6;;;;;;En centre-ville, sur un axe a 3 voies (deux dans mon sens, une dans le sens opposé, séparées par une ligne blanche), en approchant d'un feu rouge, je ralentissait sur frein moteur sur la voie de gauche, en suivant une voiture. Peu avant le feu la voiture devant moi ralenti et se déporte vers la voie de droite. Je la double en ralentissant vers le feu.  Au moment ou je passe à la hauteur du conducteur il donne un coup de volant à gauche, l'avant de la voiture fauche la roue arrière de la moto et je chute sur le coté.  J'ai cru qu'il passait sur la voie de droite alors qu'en fait il se déportait sur la droite pour braquer complètement a gauche, traverser la ligne blanche et la rue, et prendre une entrée de parking sur le coté gauche de la rue.  Je n'ai pas vu de clignotant et l'entrée de parking est en forme de sortie de voie expresse, prévue pour n'être emprumtée que depuis le sens opposé de la rue.;L'entrée du parking étant a contre sens pour notre sens de circulation, et vu la configuration du lieu (devant la FAC de droit a Rennes, rue Jean Guéhenno) je n'ai pas anticipé que la voiture puisse entreprendre ce genre de manoeuvre.;En passant a hauteur du conducteur, j'ai vu l'avant de la voiture ralentir et remonter vers moi. Je pense avoir tenté de me déporter mais n'en suis pas sur. J'étais au sol avant d'avoir compris ce qui se passait.;AUT|évènements trop rapides;0;;;pas le temps;2;1;2;;Ne pensant pas se faire doubler, je pense qu'il n'a pas regardé ou ne m'a pas vu avant de tourner.;NSP;NSP;1;2;6;;;;;3;1;;;;2;;Je n'ai pas anticipé que le conducteur de la voiture puisse envisager cette manoeuvre.;3;3;;;2;1;4;4;2;1;1;1;4;3;4;4;4;5;;;;;;;;;2;;;;;;;;;2;2;;2;1;1;1;10;90;0;0;0;2;;;;;;2;1;;;;1;;;;;;;;;;;1;1;1;2;0;40;1;2;3;5;;;;;;;4;4;4;4;4;4;HONDA;125;"CLR ""CITYFLY""";ROADSTER;2;1;1;1;1;1;1;1;1;1;1;14000;9;3;0;;;;;;;;11OCT1976;5;2;3;2;2;3;;NRP;;;;2;0;0;1;0;1;KAWASAKI;650;ER-6  N;ROADSTER;2;2012;33;1;2;10000;7;;;;;;;;;;;;;;;;;;;;;;;;;;;;;;;;;;;;;;;;;;;;;10000;3;4;;;;;;;;NRP;NRP;NRP;NRP;2011;NRP;NRP;1995;NRP