Ligne;Ligne Q qualif;Ligne approfondissement Accident;ACCIDENT;NBACC1;ACCFREQUENCE1;ANNEEACC1_1;ANNEEACC1_2;ANNEEACC1_3;ANNEEACC1_4;ANNEEACC1_5;NBACC2;ACCFREQUENCE2;ANNEEACC2_1;ANNEEACC2_2;ANNEEACC2_3;ANNEEACC2_4;ANNEEACC2_5;NBACC3;ACCFREQUENCE3;ANNEEACC3_1;ANNEEACC3_2;ANNEEACC3_3;ANNEEACC3_4;ANNEEACC3_5;NBACC4;ACCFREQUENCE4;ANNEEACC4_1;ANNEEACC4_2;ANNEEACC4_3;ANNEEACC4_4;ANNEEACC4_5;NBACC5;ACCFREQUENCE5;ANNEEACC5_1;ANNEEACC5_2;ANNEEACC5_3;ANNEEACC5_4;ANNEEACC5_5;NBACC6;ACCFREQUENCE6;ANNEEACC6_1;ANNEEACC6_2;ANNEEACC6_3;ANNEEACC6_4;ANNEEACC6_5;NBACC7;ACCFREQUENCE7;ANNEEACC7_1;ANNEEACC7_2;ANNEEACC7_3;ANNEEACC7_4;ANNEEACC7_5;NBACC8;ACCFREQUENCE8;ANNEEACC8_1;ANNEEACC8_2;ANNEEACC8_3;ANNEEACC8_4;ANNEEACC8_5;NBACC9;ACCFREQUENCE9;ANNEEACC9_1;ANNEEACC9_2;ANNEEACC9_3;ANNEEACC9_4;ANNEEACC9_5;NBACC10;ACCFREQUENCE10;ANNEEACC10_1;ANNEEACC10_2;ANNEEACC10_3;ANNEEACC10_4;ANNEEACC10_5;NBACC11;ACCFREQUENCE11;ANNEEACC11_1;ANNEEACC11_2;ANNEEACC11_3;ANNEEACC11_4;ANNEEACC11_5;NBACC12;ACCFREQUENCE12;ANNEEACC12_1;ANNEEACC12_2;ANNEEACC12_3;ANNEEACC12_4;ANNEEACC12_5;NBACC13;ACCFREQUENCE13;ANNEEACC13_1;ANNEEACC13_2;ANNEEACC13_3;ANNEEACC13_4;ANNEEACC13_5;NBACC14;ACCFREQUENCE14;ANNEEACC14_1;ANNEEACC14_2;ANNEEACC14_3;ANNEEACC14_4;ANNEEACC14_5;AUTRESACC;NBAUTRESACC;ANNEEAUTREACC1;ANNEEAUTREACC2;ANNEEAUTREACC3;ANNEEAUTREACC4;ANNEEAUTREACC5;LIEUAUTREACC1;LIEUAUTREACC2;LIEUAUTREACC3;LIEUAUTREACC4;LIEUAUTREACC5;DESCRIPTIONAUTRESACC1;DESCRIPTIONAUTRESACC2;DESCRIPTIONAUTRESACC3;DESCRIPTIONAUTRESACC4;DESCRIPTIONAUTRESACC5;NBAUTRESACCCIRCUIT;NBAUTRESTOUTTERRAIN;EXPCYCLO;EXP125;EXPSUP125;ACCORDNEXTQ;CHOIXACC;RGPMTACC;RECUPANNEE;RECUPLIEU;RECUPANNE;RGPMTAC;CHOIX1;CHOIX2;CHOIX3;CHOIX4;CHOIX5;CHOIX6;CHOIX7;DESCRIPTION;RUPTURE;FAITS;ABS_REACTION;AUTRE_REACTION;PRECISIONREACTIONOUI;RECUL;PRECISIONREACTIONNON;IMPACTCOMPORTEMENT;AUTREUSAGER;REACTIONAUTREUSAGER;CONNAISSANCEREACTIONUSAGER;DIFFICULTES;AGGRAVATION;DIFFICULTES2;EMOTIONS1;EMOTIONS2;EMOTIONS3;EMOTIONS4;EMOTIONS5;EMOTIONS6;AUTRESENTIMENT;CLASSEMENTEMOTIONS1;CLASSEMENTEMOTIONS;CLASSEMENTEMOTIONS5;CLASSEMENTEMOTIONS6;CLASSEMENTEMOTIONS7;CLASSEMENTEMOTIONS8;CLASSEMENTEMOTIONS9;EXPLICATIONRESSENTI;BIENEQUIPE;ALLURE;ALLUREVITEDETAIL;ALLURELENTEDETAIL;SITUATIONPRESSE;SITUATIONDISTRAIT;SITUATIONCONFIANT;SITUATIONCONTROLE;SITUATIONLUDIQUE;SITUATIONPERF;SITUATIONSTRESS;SITUATIONFATIGUE;HUMEURNEUTRE;HUMEURGAI;HUMEURMECONTENT;HUMEURTRISTE;HUMEURCOLERE;CONTRIBUTION1;CONTRIBUTION2;CONTRIBUTION3;CONTRIBUTION4;CONTRIBUTION5;CONTRIBUTION6;CONTRIBUTION7;CONTRIBUTION8;CONTRIBUTION9;ROLEINFRA;ELEMENTINFRA1;ELEMENTINFRA2;ELEMENTINFRA3;ELEMENTINFRA4;ELEMENTINFRA5;ELEMENTINFRA6;ELEMENTINFRA7;ELEMENTINFRA8;ELEMENTINFRA9;ALCOOL;TXALCOOL;STUP;SEMAINE;MOMENTJOURNEE;TEMPS;CAUSEACC1;CAUSEACC2;CAUSEACC3;CAUSEACC4;CAUSEACC5;FORMATIONCAUSE;FORMATION1;FORMATION2;FORMATION3;FORMATION4;FORMATION5;TRAFIC;CHAUSSEE1;CHAUSSEE2;CHAUSSEE3;CHAUSSEE4;TYPEACC;BLESSURE;TETE;COU;THORAX;MEMBRESSUP;COLONNE;BASSIN;MEMBRESINF;HOPITAL;PLUS24H;TRAJET;TYPEROUTE;MOTIF;SENSTRAJET;PASSAGER;VITESSE;DESCEQ1;DESCEQ2;DESCEQ3;DESCEQ4;DESCEQ5;DESCEQ6;DESCEQ7;DESCEQ8;DESCEQ9;DESCEQ10;VEHICULEETE;VEHICULEAUTOMNE;VEHICULEPRINTEMPS;VEHICULEHIVER;VEHICULESEMAINE;VEHICULEWE;VEHMARQUE;VEHCYLINDREE;VEHMODELE;VEHSEGMENT;VEHSIDE;EQ2RMABS;EQ2RMCBS;EQ2RMABSCBS;EQ2RMREGULATEUR;EQ2RMLIMITEUR;EQ2RMPHARESDIRECT;EQ2RMCOUPURE;EQ2RMANTIPATINAGE;EQ2RMANTIXHEELING;EQ2RMSTABILILTE;VEHKM;POINTS;DUREE;AUTRE2RM;VEHPRECMARQUE;VEHPRECCYLINDREE;VEHPRECMODELE;VEHPRECSEGMENT;VEHPRECSIDE;TEMPS2RMPREC;FREQVEHPREC;DATE_NAISS;CSP;SOCIETAIRE;SALARIE;SECTEUR2RM;NBPERSFOYER;SITFAM;NBENF;TRNBENF1;TRNBENF2;TRNBENF3;TRNBENF4;NBAUTOFOYER;NBCYCLOFOYER;NBSCOOTFOYER;NBMOTOFOYER;NBTRIKEFOYER;NB2RMCONDUIT;MARQUE1;CYLINDREE1;MODELE1;SEGMENT1;SIDE1;ANMISECIRCU1;ASS1;FREQ1;USAGE1;NBKM1;GARAGE1;MARQUE2;CYLINDREE2;MODELE2;SEGMENT2;SIDE2;ANMISECIRCU2;ASS2;FREQ2;USAGE2;NBKM2;GARAGE2;MARQUE3;CYLINDREE3;MODELE3;SEGMENT3;SIDE3;ANMISECIRCU3;ASS3;FREQ3;USAGE3;NBKM3;GARAGE3;MARQUE4;CYLINDREE4;MODELE4;SEGMENT4;SIDE4;ANMISECIRCU4;ASS4;FREQ4;USAGE4;NBKM4;GARAGE4;MARQUE5;CYLINDREE5;MODELE5;SEGMENT5;SIDE5;ANMISECIRCU5;ASS5;FREQ5;USAGE5;NBKM5;GARAGE5;NBKMTOT;PERMIS1;PERMIS2;PERMIS3;PERMIS4;PERMIS5;PERMIS6;PERMIS7;PERMIS8;PERMIS9;ANPERMIS1;ANPERMIS6;ANPERMIS7;ANPERMIS2;ANPERMIS3;ANPERMIS8;ANPERMIS9;ANPERMIS4;ANPERMIS5
836;4205;;1;0;3;;;;;;0;3;;;;;;0;3;;;;;;0;4;;;;;;0;3;;;;;;0;3;;;;;;0;3;;;;;;0;3;;;;;;2;4;2011;2014;;;;0;3;;;;;;0;3;;;;;;0;3;;;;;;0;3;;;;;;0;4;;;;;;0;;;;;;;;;;;;;;;;;;;0;3;14;0;;NRP;;;;;;;;;;;;;;;;;;;;;;;;;;;;;;;;;;;;;;;;;;;;;;;;;;;;;;;;;;;;;;;;;;;;;;;;;;;;;;;;;;;;;;;;;;;;;;;;;;;;;;;;;;;;;;;;;;;;;;;;;;;;;;;;;;;;;;;;;;;;;;;;;;;;;;;;;;;;;;;18DEC1960;7;1;3;2;2;3;;NRP;;;;3;0;0;1;0;1;YAMAHA;900;XJS DIVERSION GT;Routière / GT;2;2000;37;2;2;10000;7;;;;;;;;;;;;;;;;;;;;;;;;;;;;;;;;;;;;;;;;;;;;;10000;2;3;4;;;;;;;NRP;NRP;NRP;1998;1979;NRP;NRP;1979;NRP
668;4207;;1;0;5;;;;;;0;6;;;;;;0;5;;;;;;0;3;;;;;;0;4;;;;;;0;2;;;;;;0;4;;;;;;0;5;;;;;;1;4;2013;;;;;0;4;;;;;;0;5;;;;;;0;4;;;;;;0;4;;;;;;0;6;;;;;;1;3;2009;2014;2011;;;Corte (2B);Merlebach (57);Puttelange (57);;;Conductrice d'une voiture freine fortement jusqu'à immobilisation sur une départementale légèrement gravillonnée en virage, sans raison apparente. Distance de sécurité et arrêt sur gravier en moto OK, mais perte d'équilibre et chute latérale à l'arrêt en posant le pied par terre. La conductrice redémarre et s'en va. Aucun dégât notable sur la moto (les valises latérales souples + top-block ont protégé).;Un conducteur de V.L. roulant cigarette à la main, ne voulant pas me dépasser, et sans respecter les distances de sécurité (5 à 10 m) sur voie rapide à 110 km/h puis dans la bretelle de sortie nous percute par l'arrière lors de notre arrêt au cédez le passage du giratoire sur lequel débouchait la bretelle. Choc anticipé et amorti par tentative de redémarrage, pare-choc contre pneu, aucun dégât.;Sortie avec plusieurs 125cm3. Une conductrice de V.L. nous dépasse, moi et la voiture me précédant, en agglomération à une intersection en courbe à droite sans visibilité. Arrivée à ma hauteur et un véhicule arrivant en sens inverse, elle braque à droite pour se remettre sur notre voie en me percutant et prend la fuite. Dégâts importants sur la moto (bloc compteur, phare, échappement, ...). Constat réalisé en présence de la gendarmerie patrouillant à cet endroit là par hasard. Torts imputés à la conductrice à 100%. Réparations prises en charge par l'assurance. Choc anticipé, donc freinage et esquive tentés malgré tout, et aucun dommage corporel.;;;0;0;4;3;8;1;73;15;2011;Puttelange (57);;;;;;;;;;;;;;;;;;;;;;;;;;;;;;;;;;;;;;;;;;;;;;;;;;;;;;;;;;;;;;;;;;;;;;;;;;;;;;;;;;;;;;;;;;;;;;;;;;;;;;;;;;;;;;;;;;;;;;;;;;;;;;;;;;;;;;;;;;;;;;;;;;;;;;;;;;;;;20JUL1984;5;2;3;2;2;3;;NRP;;;;1;0;0;3;0;3;YAMAHA;1200;XJR;ROADSTER;2;1999;28;2;2;10000;7;DUCATI;944;ST2 (SPORT-TOURING2);Routière / GT;2;2002;28;2;2;10000;7;DAELIM;125;ROADWIN;ROADSTER;2;2006;28;4;1;2000;7;;;;;;;;;;;;;;;;;;;;;;;22000;1;3;4;;;;;;;1998;NRP;NRP;NRP;2006;NRP;NRP;2002;NRP
1917;4208;;1;0;4;;;;;;0;4;;;;;;0;6;;;;;;0;2;;;;;;1;5;1975;;;;;0;4;;;;;;0;4;;;;;;0;4;;;;;;0;5;;;;;;0;5;;;;;;0;6;;;;;;0;2;;;;;;2;4;1998;2001;;;;1;2;1972;;;;;1;1;2008;;;;;24;;;;;dépassement en large courbe, véhicule visible dans l'axe, sauf un oublié dans mon décompte.;;;;;0;1;4;3;35;1;71;15;2008;24;;;;;;;;;;;;;;;;;;;;;;;;;;;;;;;;;;;;;;;;;;;;;;;;;;;;;;;;;;;;;;;;;;;;;;;;;;;;;;;;;;;;;;;;;;;;;;;;;;;;;;;;;;;;;;;;;;;;;;;;;;;;;;;;;;;;;;;;;;;;;;;;;;;;;;;;;;;;;05SEP1952;5;1;3;2;2;3;;NRP;;;;3;0;0;1;0;1;YAMAHA;1300;FJR (SANS VALISE);Routière / GT;2;2002;37;4;1;5500;7;;;;;;;;;;;;;;;;;;;;;;;;;;;;;;;;;;;;;;;;;;;;;5500;4;3;;;;;;;;NRP;NRP;NRP;NRP;1981;NRP;NRP;1970;NRP
1393;4209;;1;0;3;;;;;;0;4;;;;;;0;5;;;;;;0;4;;;;;;0;3;;;;;;0;3;;;;;;0;4;;;;;;0;3;;;;;;1;3;2007;;;;;0;5;;;;;;0;4;;;;;;0;2;;;;;;0;4;;;;;;0;3;;;;;;0;;;;;;;;;;;;;;;;;;;23;3;20;1;41;9;2007;;;;;;;;;;;;;;;;;;;;;;;;;;;;;;;;;;;;;;;;;;;;;;;;;;;;;;;;;;;;;;;;;;;;;;;;;;;;;;;;;;;;;;;;;;;;;;;;;;;;;;;;;;;;;;;;;;;;;;;;;;;;;;;;;;;;;;;;;;;;;;;;;;;;;;;;;;;;;;27OCT1965;7;2;3;2;2;3;;NRP;;;;2;0;0;1;0;1;HONDA;1800;GOLD WING LUXE (AIRBAG);Routière / GT;2;2007;29;1;2;17000;7;;;;;;;;;;;;;;;;;;;;;;;;;;;;;;;;;;;;;;;;;;;;;17000;3;4;;;;;;;;NRP;NRP;NRP;NRP;1993;NRP;NRP;1984;NRP
675;4210;;0;;;;;;;;;;;;;;;;;;;;;;;;;;;;;;;;;;;;;;;;;;;;;;;;;;;;;;;;;;;;;;;;;;;;;;;;;;;;;;;;;;;;;;;;;;;;;;;;;;;;;;;;;;;;;;;;;;;;;;;;;;;;;;;;;;;;;;;;;;;;;;;;;;;;;;;;;;;;;;;;;;;;;;;;;;;;;;;;;;;;;;;;;;;;;;;;;;;;;;;;;;;;;;;;;;;;;;;;;;;;;;;;;;;;;;;;;;;;;;;;;;;;;;;;;;;;;;;;;;;;;;;;;;;;;;;;;;;;;;;;;;14DEC1956;5;2;3;2;4;4;2;NRP;;;;1;0;0;1;0;1;BMW;1300;K1300GT;Routière / GT;2;2009;40;2;2;25000;4;;;;;;;;;;;;;;;;;;;;;;;;;;;;;;;;;;;;;;;;;;;;;25000;2;3;4;;;;;;;NRP;NRP;NRP;1975;2009;NRP;NRP;1975;NRP
1960;4211;;0;;;;;;;;;;;;;;;;;;;;;;;;;;;;;;;;;;;;;;;;;;;;;;;;;;;;;;;;;;;;;;;;;;;;;;;;;;;;;;;;;;;;;;;;;;;;;;;;;;;;;;;;;;;;;;;;;;;;;;;;;;;;;;;;;;;;;;;;;;;;;;;;;;;;;;;;;;;;;;;;;;;;;;;;;;;;;;;;;;;;;;;;;;;;;;;;;;;;;;;;;;;;;;;;;;;;;;;;;;;;;;;;;;;;;;;;;;;;;;;;;;;;;;;;;;;;;;;;;;;;;;;;;;;;;;;;;;;;;;;;;;10OCT1956;5;1;3;2;3;4;1;NRP;;;;2;0;0;1;0;1;SUZUKI;650;BANDIT-S;ROADSTER;2;2007;37;1;1;10000;7;;;;;;;;;;;;;;;;;;;;;;;;;;;;;;;;;;;;;;;;;;;;;10000;2;3;4;;;;;;;NRP;NRP;NRP;1975;1976;NRP;NRP;1975;NRP
1821;4212;;1;0;5;;;;;;0;5;;;;;;0;5;;;;;;0;4;;;;;;0;6;;;;;;0;3;;;;;;0;2;;;;;;1;2;2004;;;;;0;2;;;;;;0;5;;;;;;0;4;;;;;;0;5;;;;;;1;4;2004;;;;;0;4;;;;;;0;;;;;;;;;;;;;;;;;;;1;2;9;1;61;13;2004;;;;;;;;;;;;;;;;;;;;;;;;;;;;;;;;;;;;;;;;;;;;;;;;;;;;;;;;;;;;;;;;;;;;;;;;;;;;;;;;;;;;;;;;;;;;;;;;;;;;;;;;;;;;;;;;;;;;;;;;;;;;;;;;;;;;;;;;;;;;;;;;;;;;;;;;;;;;;;11APR1988;7;1;3;2;2;3;;NRP;;;;1;0;0;1;0;1;HONDA;500;CB;ROADSTER;2;1998;37;2;1;12000;7;;;;;;;;;;;;;;;;;;;;;;;;;;;;;;;;;;;;;;;;;;;;;12000;1;2;3;4;;;;;;2002;NRP;NRP;2004;2006;NRP;NRP;2006;NRP
2063;4213;;0;;;;;;;;;;;;;;;;;;;;;;;;;;;;;;;;;;;;;;;;;;;;;;;;;;;;;;;;;;;;;;;;;;;;;;;;;;;;;;;;;;;;;;;;;;;;;;;;;;;;;;;;;;;;;;;;;;;;;;;;;;;;;;;;;;;;;;;;;;;;;;;;;;;;;;;;;;;;;;;;;;;;;;;;;;;;;;;;;;;;;;;;;;;;;;;;;;;;;;;;;;;;;;;;;;;;;;;;;;;;;;;;;;;;;;;;;;;;;;;;;;;;;;;;;;;;;;;;;;;;;;;;;;;;;;;;;;;;;;;;;;28FEB1958;7;2;1;2;2;3;;NRP;;;;2;1;0;3;0;2;HONDA;1300;PAN EUROPEAN ABS PACK;Routière / GT;2;2012;37;1;2;18000;7;YAMAHA;125;TY;TOUT TERRAIN (TRIAL, ENDURO, CROSS);2;1983;10;4;1;100;7;;;;;;;;;;;;;;;;;;;;;;;;;;;;;;;;;;18100;2;3;4;;;;;;;NRP;NRP;NRP;1974;2010;NRP;NRP;1976;NRP
338;4214;;1;0;4;;;;;;0;3;;;;;;0;6;;;;;;0;5;;;;;;0;4;;;;;;0;3;;;;;;1;4;2004;;;;;0;5;;;;;;1;4;2004;;;;;0;5;;;;;;0;5;;;;;;0;3;;;;;;0;4;;;;;;0;5;;;;;;0;;;;;;;;;;;;;;;;;;;0;4;13;1;41;9;2004;;;;;;;;;;;;;;;;;;;;;;;;;;;;;;;;;;;;;;;;;;;;;;;;;;;;;;;;;;;;;;;;;;;;;;;;;;;;;;;;;;;;;;;;;;;;;;;;;;;;;;;;;;;;;;;;;;;;;;;;;;;;;;;;;;;;;;;;;;;;;;;;;;;;;;;;;;;;;;06MAR1974;8;1;3;2;2;5;0;NRP;;;;3;1;0;1;0;1;HONDA;1200;VFR-F;Routière / GT;2;2010;37;2;1;4000;7;;;;;;;;;;;;;;;;;;;;;;;;;;;;;;;;;;;;;;;;;;;;;4000;3;4;;;;;;;;NRP;NRP;NRP;NRP;1999;NRP;NRP;1992;NRP
2044;4215;;1;0;2;;;;;;0;4;;;;;;0;4;;;;;;0;4;;;;;;0;2;;;;;;0;3;;;;;;0;5;;;;;;0;4;;;;;;1;4;1980;;;;;0;3;;;;;;0;3;;;;;;0;2;;;;;;0;3;;;;;;0;2;;;;;;1;2;1980;1985;;;;Clermont l'Héra;Frontignan;;;;perte de contrôle dans un virage;refus de priorité dans un rond point;;;;0;0;27;7;20;1;41;9;1980;;;;;;;;;;;;;;;;;;;;;;;;;;;;;;;;;;;;;;;;;;;;;;;;;;;;;;;;;;;;;;;;;;;;;;;;;;;;;;;;;;;;;;;;;;;;;;;;;;;;;;;;;;;;;;;;;;;;;;;;;;;;;;;;;;;;;;;;;;;;;;;;;;;;;;;;;;;;;;26MAR1960;5;2;3;2;3;4;1;NRP;;;;2;2;0;1;0;3;SOLEX (IMPEX);50;SOLEX AVNT 96 VOIR VELOSOLEX;ROADSTER;2;1962;31;4;1;100;7;SOLEX (IMPEX);50;SOLEX AVNT 96 VOIR VELOSOLEX;ROADSTER;2;1964;31;4;1;100;7;HONDA;1800;GOLD WING;Routière / GT;2;2009;31;1;2;12000;7;;;;;;;;;;;;;;;;;;;;;;;12200;2;3;4;;;;;;;NRP;NRP;NRP;1976;1986;NRP;NRP;1978;NRP
1565;4217;;1;0;5;;;;;;0;5;;;;;;0;5;;;;;;0;6;;;;;;1;3;1987;;;;;0;5;;;;;;0;3;;;;;;0;2;;;;;;1;2;1985;;;;;0;5;;;;;;1;6;2006;;;;;0;3;;;;;;1;5;1969;;;;;1;4;1972;;;;;0;;;;;;;;;;;;;;;;;;;2;3;43;1;51;11;2006;;;;;;;;;;;;;;;;;;;;;;;;;;;;;;;;;;;;;;;;;;;;;;;;;;;;;;;;;;;;;;;;;;;;;;;;;;;;;;;;;;;;;;;;;;;;;;;;;;;;;;;;;;;;;;;;;;;;;;;;;;;;;;;;;;;;;;;;;;;;;;;;;;;;;;;;;;;;;;11JUL1955;5;1;3;2;2;3;;NRP;;;;2;0;0;1;0;1;BMW;1200;K1200GT;Routière / GT;2;2007;37;1;2;10000;4;;;;;;;;;;;;;;;;;;;;;;;;;;;;;;;;;;;;;;;;;;;;;10000;2;3;4;;;;;;;NRP;NRP;NRP;1972;1974;NRP;NRP;1974;NRP
868;4219;81;1;0;4;;;;;;0;5;;;;;;0;4;;;;;;0;4;;;;;;1;4;1994;;;;;0;5;;;;;;0;2;;;;;;0;2;;;;;;0;2;;;;;;0;3;;;;;;0;3;;;;;;0;1;;;;;;0;1;;;;;;0;1;;;;;;1;2;1994;1996;;;;Tours;Vendome;;;;Je circulais sur un rond point et un automobiliste n'a pas respecté son cédez le passage et m'a donc coupé la route.;Je circulais sur une nationale et un automobiliste très optimiste a doublé une voiture + un camion en côte alors que j'arrivais en sens contraire j'ai dû me sortir dans le champ sur m'a droite pour éviter le choc.;;;;0;0;0;0;23;1;72;15;1996;Vendome;1996;Autre(s) type(s) d'accident(s).;4;;;;;;;"Bonjour,  Voici le déroulement :  - lieu: nationale  - conditions: de nuit avec petite pluie fine ( en octobre ) avec image à travers l'écran du casque "" déformée "" à cause de la pluie et des phares en sens inverse - vitesse: 90-100 km/h  Après une courbe j'ai entamé une descente et j'ai distingué venant en sens contraire une voiture qui doublait un camion 38 tonnes. Mon premier réflexe a été de freiner et de me rapproché du bord droit de ma voie en espérant que la voiture aurait le temps de finir sa manoeuvre. Je suis finalement sorti de la route ( sinon je finissais sur le capot de la voiture ), la roue avant de la moto s'est planté dans la terre du champs à droite et j'ai fait Superman sur 30 mètres avec la moto derrière moi qui faisait comme une ""boule de feu"" (à cause du phare) en tournant sur elle même au dire des témoins.  Conclusion: pompiers puis hôpital et rien de cassé, surtout des déchirures musculaires ( dû au réflexe violent de contraction du corps et des frottements dans le champs ) avec des séances de kiné pendant un an ( avec quand même la cervicale c2 plus jamais à sa place d'origine.  Le plus dure a été de faire reconnaître aux assurances la faute du conducteur en face qui s'était lancé dans une manoeuvre de doublement d'une voiture + un 38 tonnes en côte sans élan mais il se pensé surdoué avec sa Super 5 Gt turbo de l'époque. Ne s'étant pas arrêté il avait pris la peine de faire constaté 15 kilomètres plus loin dans une Gendarmerie qu'il ne m'avait pas touché !";Je n'ai pas perçu et envisagé immédiatement la situation exacte dans laquelle je me retrouvé. Car j'ai été surpris de constaté deux paires de phares en face à la place d'une seule normalement, l'idée d'être finalement sur une 3 ou 4 voies m'avait même traversé l'esprit. J'ai peut-être perdu du temps.;Ma principale action a été de me décaler vers la droite de ma voie pour essayer ou espérer passer à trois ( situation déjà vécue auparavant ). Mais avec les conditions de visibilité et d'éblouissement des phares je ne pouvais pas viser correctement.  Le conducteur en face était lancé dans sa manoeuvre et est resté en ligne ( enfin je crois ).;NRP;1;Avec plus d'expérience j'aurais identifié plus rapidement la situation de danger et j'aurais tenté un freinage plus puissant ( avec le risque de chute à cause de la pluie ).;La surprise et le temps de réaction pour envisager et comprendre la situation dans laquelle je me trouvais ( un mur de 2 véhicules en sens contraire ).;;2;1;2;;Une fois entamé sa manoeuvre il n'avait pas d'autres choix que de la terminer au plus vite ( le petit optimiste ).;NSP;NRP;2;3;;;;;;;1;2;;;;;J'ai été surpris par la rapidité du déroulement de l'action.;3;3;;;2;2;3;3;1;1;1;1;4;3;4;4;4;6;;;;;;;;;1;2;;;;;;;;2;2;;2;1;2;2;10;80;0;10;0;2;;;;;;3;2;;;;2;1;2;3;;;;;;1;0;1;2;3;;0;95;1;10;2;3;5;;;;;;4;4;4;4;4;4;BMW;750;K75S;ROADSTER;2;1;1;1;1;1;1;1;1;1;1;33000;12;3;1;HONDA;650;NTV (REVERE);ROADSTER;2;2;4;08OCT1973;7;1;3;2;4;4;2;NRP;;;;2;0;0;1;0;1;BMW;1200;R1200GS ABS  PACK;TRAIL / SUPERMOTARD;2;2012;37;1;2;5000;7;;;;;;;;;;;;;;;;;;;;;;;;;;;;;;;;;;;;;;;;;;;;;5000;4;3;;;;;;;;NRP;NRP;NRP;NRP;1992;NRP;NRP;1993;NRP
58;4221;;1;0;5;;;;;;0;5;;;;;;0;5;;;;;;0;2;;;;;;1;6;2010;;;;;0;4;;;;;;0;3;;;;;;0;2;;;;;;1;4;2011;;;;;0;3;;;;;;0;5;;;;;;0;5;;;;;;0;4;;;;;;0;5;;;;;;0;;;;;;;;;;;;;;;;;;;10;10;9;1;21;5;2010;;;;;;;;;;;;;;;;;;;;;;;;;;;;;;;;;;;;;;;;;;;;;;;;;;;;;;;;;;;;;;;;;;;;;;;;;;;;;;;;;;;;;;;;;;;;;;;;;;;;;;;;;;;;;;;;;;;;;;;;;;;;;;;;;;;;;;;;;;;;;;;;;;;;;;;;;;;;;;29APR1961;7;1;3;2;5;4;3;NRP;;;;3;0;0;1;0;1;HONDA;1000;VARADERO;TRAIL / SUPERMOTARD;2;2004;37;1;2;30000;AUT|grange;;;;;;;;;;;;;;;;;;;;;;;;;;;;;;;;;;;;;;;;;;;;;30000;2;3;4;;;;;;;NRP;NRP;NRP;1979;2006;NRP;NRP;1979;NRP
321;4222;;0;;;;;;;;;;;;;;;;;;;;;;;;;;;;;;;;;;;;;;;;;;;;;;;;;;;;;;;;;;;;;;;;;;;;;;;;;;;;;;;;;;;;;;;;;;;;;;;;;;;;;;;;;;;;;;;;;;;;;;;;;;;;;;;;;;;;;;;;;;;;;;;;;;;;;;;;;;;;;;;;;;;;;;;;;;;;;;;;;;;;;;;;;;;;;;;;;;;;;;;;;;;;;;;;;;;;;;;;;;;;;;;;;;;;;;;;;;;;;;;;;;;;;;;;;;;;;;;;;;;;;;;;;;;;;;;;;;;;;;;;;;22JUL1966;8;1;3;2;5;4;3;NRP;;;;2;0;0;1;0;1;YAMAHA;1300;FJR ABS;Routière / GT;2;2009;37;2;1;15000;7;;;;;;;;;;;;;;;;;;;;;;;;;;;;;;;;;;;;;;;;;;;;;15000;2;3;4;;;;;;;NRP;NRP;NRP;1985;1996;NRP;NRP;1985;NRP
1987;4224;;1;0;4;;;;;;0;6;;;;;;0;5;;;;;;0;5;;;;;;0;5;;;;;;0;4;;;;;;0;4;;;;;;1;4;1977;;;;;1;4;1975;;;;;0;5;;;;;;0;6;;;;;;0;4;;;;;;1;4;1974;;;;;0;5;;;;;;0;;;;;;;;;;;;;;;;;;;2;2;42;1;36;8;1977;;;;;;;;;;;;;;;;;;;;;;;;;;;;;;;;;;;;;;;;;;;;;;;;;;;;;;;;;;;;;;;;;;;;;;;;;;;;;;;;;;;;;;;;;;;;;;;;;;;;;;;;;;;;;;;;;;;;;;;;;;;;;;;;;;;;;;;;;;;;;;;;;;;;;;;;;;;;;;09MAR1957;7;1;3;2;3;4;1;NRP;;;;2;0;0;2;0;2;MOTO GUZZI;1200;SPORT;ROADSTER;2;2007;37;2;1;10000;5;DERBI;125;SENDA SM;TRAIL / SUPERMOTARD;2;2007;37;3;1;3000;5;;;;;;;;;;;;;;;;;;;;;;;;;;;;;;;;;;13000;2;3;4;;;;;;;NRP;NRP;NRP;1973;1976;NRP;NRP;1976;NRP