Ligne;Ligne Q qualif;Ligne approfondissement Accident;ACCIDENT;NBACC1;ACCFREQUENCE1;ANNEEACC1_1;ANNEEACC1_2;ANNEEACC1_3;ANNEEACC1_4;ANNEEACC1_5;NBACC2;ACCFREQUENCE2;ANNEEACC2_1;ANNEEACC2_2;ANNEEACC2_3;ANNEEACC2_4;ANNEEACC2_5;NBACC3;ACCFREQUENCE3;ANNEEACC3_1;ANNEEACC3_2;ANNEEACC3_3;ANNEEACC3_4;ANNEEACC3_5;NBACC4;ACCFREQUENCE4;ANNEEACC4_1;ANNEEACC4_2;ANNEEACC4_3;ANNEEACC4_4;ANNEEACC4_5;NBACC5;ACCFREQUENCE5;ANNEEACC5_1;ANNEEACC5_2;ANNEEACC5_3;ANNEEACC5_4;ANNEEACC5_5;NBACC6;ACCFREQUENCE6;ANNEEACC6_1;ANNEEACC6_2;ANNEEACC6_3;ANNEEACC6_4;ANNEEACC6_5;NBACC7;ACCFREQUENCE7;ANNEEACC7_1;ANNEEACC7_2;ANNEEACC7_3;ANNEEACC7_4;ANNEEACC7_5;NBACC8;ACCFREQUENCE8;ANNEEACC8_1;ANNEEACC8_2;ANNEEACC8_3;ANNEEACC8_4;ANNEEACC8_5;NBACC9;ACCFREQUENCE9;ANNEEACC9_1;ANNEEACC9_2;ANNEEACC9_3;ANNEEACC9_4;ANNEEACC9_5;NBACC10;ACCFREQUENCE10;ANNEEACC10_1;ANNEEACC10_2;ANNEEACC10_3;ANNEEACC10_4;ANNEEACC10_5;NBACC11;ACCFREQUENCE11;ANNEEACC11_1;ANNEEACC11_2;ANNEEACC11_3;ANNEEACC11_4;ANNEEACC11_5;NBACC12;ACCFREQUENCE12;ANNEEACC12_1;ANNEEACC12_2;ANNEEACC12_3;ANNEEACC12_4;ANNEEACC12_5;NBACC13;ACCFREQUENCE13;ANNEEACC13_1;ANNEEACC13_2;ANNEEACC13_3;ANNEEACC13_4;ANNEEACC13_5;NBACC14;ACCFREQUENCE14;ANNEEACC14_1;ANNEEACC14_2;ANNEEACC14_3;ANNEEACC14_4;ANNEEACC14_5;AUTRESACC;NBAUTRESACC;ANNEEAUTREACC1;ANNEEAUTREACC2;ANNEEAUTREACC3;ANNEEAUTREACC4;ANNEEAUTREACC5;LIEUAUTREACC1;LIEUAUTREACC2;LIEUAUTREACC3;LIEUAUTREACC4;LIEUAUTREACC5;DESCRIPTIONAUTRESACC1;DESCRIPTIONAUTRESACC2;DESCRIPTIONAUTRESACC3;DESCRIPTIONAUTRESACC4;DESCRIPTIONAUTRESACC5;NBAUTRESACCCIRCUIT;NBAUTRESTOUTTERRAIN;EXPCYCLO;EXP125;EXPSUP125;ACCORDNEXTQ;CHOIXACC;RGPMTACC;RECUPANNEE;RECUPLIEU;RECUPANNE;RGPMTAC;CHOIX1;CHOIX2;CHOIX3;CHOIX4;CHOIX5;CHOIX6;CHOIX7;DESCRIPTION;RUPTURE;FAITS;ABS_REACTION;AUTRE_REACTION;PRECISIONREACTIONOUI;RECUL;PRECISIONREACTIONNON;IMPACTCOMPORTEMENT;AUTREUSAGER;REACTIONAUTREUSAGER;CONNAISSANCEREACTIONUSAGER;DIFFICULTES;AGGRAVATION;DIFFICULTES2;EMOTIONS1;EMOTIONS2;EMOTIONS3;EMOTIONS4;EMOTIONS5;EMOTIONS6;AUTRESENTIMENT;CLASSEMENTEMOTIONS1;CLASSEMENTEMOTIONS;CLASSEMENTEMOTIONS5;CLASSEMENTEMOTIONS6;CLASSEMENTEMOTIONS7;CLASSEMENTEMOTIONS8;CLASSEMENTEMOTIONS9;EXPLICATIONRESSENTI;BIENEQUIPE;ALLURE;ALLUREVITEDETAIL;ALLURELENTEDETAIL;SITUATIONPRESSE;SITUATIONDISTRAIT;SITUATIONCONFIANT;SITUATIONCONTROLE;SITUATIONLUDIQUE;SITUATIONPERF;SITUATIONSTRESS;SITUATIONFATIGUE;HUMEURNEUTRE;HUMEURGAI;HUMEURMECONTENT;HUMEURTRISTE;HUMEURCOLERE;CONTRIBUTION1;CONTRIBUTION2;CONTRIBUTION3;CONTRIBUTION4;CONTRIBUTION5;CONTRIBUTION6;CONTRIBUTION7;CONTRIBUTION8;CONTRIBUTION9;ROLEINFRA;ELEMENTINFRA1;ELEMENTINFRA2;ELEMENTINFRA3;ELEMENTINFRA4;ELEMENTINFRA5;ELEMENTINFRA6;ELEMENTINFRA7;ELEMENTINFRA8;ELEMENTINFRA9;ALCOOL;TXALCOOL;STUP;SEMAINE;MOMENTJOURNEE;TEMPS;CAUSEACC1;CAUSEACC2;CAUSEACC3;CAUSEACC4;CAUSEACC5;FORMATIONCAUSE;FORMATION1;FORMATION2;FORMATION3;FORMATION4;FORMATION5;TRAFIC;CHAUSSEE1;CHAUSSEE2;CHAUSSEE3;CHAUSSEE4;TYPEACC;BLESSURE;TETE;COU;THORAX;MEMBRESSUP;COLONNE;BASSIN;MEMBRESINF;HOPITAL;PLUS24H;TRAJET;TYPEROUTE;MOTIF;SENSTRAJET;PASSAGER;VITESSE;DESCEQ1;DESCEQ2;DESCEQ3;DESCEQ4;DESCEQ5;DESCEQ6;DESCEQ7;DESCEQ8;DESCEQ9;DESCEQ10;VEHICULEETE;VEHICULEAUTOMNE;VEHICULEPRINTEMPS;VEHICULEHIVER;VEHICULESEMAINE;VEHICULEWE;VEHMARQUE;VEHCYLINDREE;VEHMODELE;VEHSEGMENT;VEHSIDE;EQ2RMABS;EQ2RMCBS;EQ2RMABSCBS;EQ2RMREGULATEUR;EQ2RMLIMITEUR;EQ2RMPHARESDIRECT;EQ2RMCOUPURE;EQ2RMANTIPATINAGE;EQ2RMANTIXHEELING;EQ2RMSTABILILTE;VEHKM;POINTS;DUREE;AUTRE2RM;VEHPRECMARQUE;VEHPRECCYLINDREE;VEHPRECMODELE;VEHPRECSEGMENT;VEHPRECSIDE;TEMPS2RMPREC;FREQVEHPREC;DATE_NAISS;CSP;SOCIETAIRE;SALARIE;SECTEUR2RM;NBPERSFOYER;SITFAM;NBENF;TRNBENF1;TRNBENF2;TRNBENF3;TRNBENF4;NBAUTOFOYER;NBCYCLOFOYER;NBSCOOTFOYER;NBMOTOFOYER;NBTRIKEFOYER;NB2RMCONDUIT;MARQUE1;CYLINDREE1;MODELE1;SEGMENT1;SIDE1;ANMISECIRCU1;ASS1;FREQ1;USAGE1;NBKM1;GARAGE1;MARQUE2;CYLINDREE2;MODELE2;SEGMENT2;SIDE2;ANMISECIRCU2;ASS2;FREQ2;USAGE2;NBKM2;GARAGE2;MARQUE3;CYLINDREE3;MODELE3;SEGMENT3;SIDE3;ANMISECIRCU3;ASS3;FREQ3;USAGE3;NBKM3;GARAGE3;MARQUE4;CYLINDREE4;MODELE4;SEGMENT4;SIDE4;ANMISECIRCU4;ASS4;FREQ4;USAGE4;NBKM4;GARAGE4;MARQUE5;CYLINDREE5;MODELE5;SEGMENT5;SIDE5;ANMISECIRCU5;ASS5;FREQ5;USAGE5;NBKM5;GARAGE5;NBKMTOT;PERMIS1;PERMIS2;PERMIS3;PERMIS4;PERMIS5;PERMIS6;PERMIS7;PERMIS8;PERMIS9;ANPERMIS1;ANPERMIS6;ANPERMIS7;ANPERMIS2;ANPERMIS3;ANPERMIS8;ANPERMIS9;ANPERMIS4;ANPERMIS5
452;4263;;1;0;4;;;;;;0;5;;;;;;0;5;;;;;;1;2;1998;;;;;0;4;;;;;;0;4;;;;;;0;3;;;;;;3;5;1999;2004;2013;;;0;4;;;;;;0;2;;;;;;0;5;;;;;;0;3;;;;;;1;2;NSP;;;;;0;2;;;;;;0;;;;;;;;;;;;;;;;;;;7;0;17;1;38;8;2013;;;;;;;;;;;;;;;;;;;;;;;;;;;;;;;;;;;;;;;;;;;;;;;;;;;;;;;;;;;;;;;;;;;;;;;;;;;;;;;;;;;;;;;;;;;;;;;;;;;;;;;;;;;;;;;;;;;;;;;;;;;;;;;;;;;;;;;;;;;;;;;;;;;;;;;;;;;;;;12MAY1972;5;1;3;2;2;3;;NRP;;;;2;0;0;1;0;1;BMW;1200;R1200RT;Routière / GT;2;2013;37;1;2;20000;4;;;;;;;;;;;;;;;;;;;;;;;;;;;;;;;;;;;;;;;;;;;;;20000;3;4;;;;;;;;NRP;NRP;NRP;NRP;1997;NRP;NRP;1990;NRP
594;4264;255;1;1;5;1980;;;;;0;4;;;;;;0;5;;;;;;0;2;;;;;;1;3;1985;;;;;0;4;;;;;;0;4;;;;;;0;5;;;;;;5;6;1980;1999;2001;2005;2012;0;5;;;;;;1;4;2005;;;;;0;1;;;;;;2;4;1980;1981;;;;0;3;;;;;;0;;;;;;;;;;;;;;;;;;;2;6;29;1;1;1;1980;;1980;Vous circuliez sur un axe prioritaire. Un autre véhicule arrivant sur le même axe en sens opposé vous a coupé la route en tournant à gauche.;2;;;;;;;C'était à un feu, vert donc,j'ai percuté la voiture dans la potière arrière. Le plus choquant est que l'on m'a recherché des responsabilités alors que je n'y était pour rien.Comme d'habitude vitesse excessive....Heureusement qu'il y avait des témoins. Ma mère a engeulé les policiers présent à l'hopital qui rassuraient la personne bléssé à l'arrière de l'auto (bris de verre dans le visage)mais ne faissaient cas de moi sur la civière.....;Il n'y avait aucune échappatoire possible, juste freiner le plus possible;L'autre véhicule n'a rien fait, il a dit ne pas m'avoir vu. La seule commande que j'ai pu faire c'était de freiner, aucun évitement possible car trop tard.;NRP;0;;;NRP;2;1;2;;NRP;1;Ne m'a pas vu, si il m'avait vu il ne m'aurait pas coupé la route....;1;6;;;;;;1;;;;;2;;J'ai compris qu'il n'y avait pas d'issu et que la colision serait inévitable;3;3;;;2;1;3;4;3;1;1;1;5;5;5;5;5;5;;;;;;;;;2;;;;;;;;;2;2;;2;1;1;2;0;100;0;0;0;NSP;;;;;;3;2;;;;2;1;1;4;;;;;;1;1;1;1;1;2;0;50;1;10;2;3;5;;;;;;4;4;4;4;4;4;YAMAHA;125;RDX (MTL);ROADSTER;2;1;1;1;1;1;1;1;1;1;1;7500;NSP;3;0;;;;;;;;27JUN1963;7;2;3;2;2;3;;NRP;;;;2;0;0;1;0;1;KTM;990;SM-T ABS;TRAIL / SUPERMOTARD;2;2011;29;2;1;20000;7;;;;;;;;;;;;;;;;;;;;;;;;;;;;;;;;;;;;;;;;;;;;;20000;2;3;4;;;;;;;NRP;NRP;NRP;1979;1986;NRP;NRP;1981;NRP
1663;4265;;0;;;;;;;;;;;;;;;;;;;;;;;;;;;;;;;;;;;;;;;;;;;;;;;;;;;;;;;;;;;;;;;;;;;;;;;;;;;;;;;;;;;;;;;;;;;;;;;;;;;;;;;;;;;;;;;;;;;;;;;;;;;;;;;;;;;;;;;;;;;;;;;;;;;;;;;;;;;;;;;;;;;;;;;;;;;;;;;;;;;;;;;;;;;;;;;;;;;;;;;;;;;;;;;;;;;;;;;;;;;;;;;;;;;;;;;;;;;;;;;;;;;;;;;;;;;;;;;;;;;;;;;;;;;;;;;;;;;;;;;;;;07NOV1951;9;1;3;2;2;3;;NRP;;;;2;0;0;2;0;2;HARLEY-DAVIDSON;1690;ELECTRA GLIDE ULTRA LIMITED;Routière / GT;2;2010;37;2;1;5000;7;HARLEY-DAVIDSON;1340;SOFTAIL FATBOY;CUSTOM;2;1989;37;2;1;2500;7;;;;;;;;;;;;;;;;;;;;;;;;;;;;;;;;;;7500;2;3;4;;;;;;;NRP;NRP;NRP;1974;1976;NRP;NRP;1974;NRP
1427;4266;;1;0;3;;;;;;0;4;;;;;;0;3;;;;;;0;3;;;;;;0;5;;;;;;0;3;;;;;;2;2;2006;2007;;;;0;6;;;;;;0;4;;;;;;0;3;;;;;;0;3;;;;;;0;4;;;;;;0;3;;;;;;0;3;;;;;;1;2;2005;2007;;;;Paris;PAris;;;;j'ai été pris en sandwich à l'entrée du périphérique parisien, porte maillot, entre une voiture et une camionnette.;en sortie de périphérique parisien, porte maillot, j'ai été poussé par l'arrière gauche par une voiture alors que je venais de la doubler et de me rabattre 5 mètres devant elle.;;;;0;0;11;1;10;1;72;15;2007;PAris;;;;;;;;;;;;;;;;;;;;;;;;;;;;;;;;;;;;;;;;;;;;;;;;;;;;;;;;;;;;;;;;;;;;;;;;;;;;;;;;;;;;;;;;;;;;;;;;;;;;;;;;;;;;;;;;;;;;;;;;;;;;;;;;;;;;;;;;;;;;;;;;;;;;;;;;;;;;;22JUL1983;7;1;3;2;3;5;0;NRP;;;;1;0;0;1;0;1;SUZUKI;650;SV-S;Routière / GT;2;1999;37;4;1;5000;6;;;;;;;;;;;;;;;;;;;;;;;;;;;;;;;;;;;;;;;;;;;;;5000;3;4;;;;;;;;NRP;NRP;NRP;NRP;2005;NRP;NRP;2001;NRP
141;4267;216;1;0;3;;;;;;1;5;1989;;;;;1;4;2008;;;;;0;1;;;;;;0;4;;;;;;0;3;;;;;;0;2;;;;;;0;3;;;;;;1;4;2004;;;;;0;3;;;;;;0;4;;;;;;0;2;;;;;;0;2;;;;;;0;3;;;;;;1;1;2001;;;;;Fey;;;;;Sortie de bretelle d'autoroute : glissade de la roue arrière sur les gravillons en arrivant à un stop.;;;;;1;0;0;0;36;1;6;2;1989;;1989;Vous circuliez derrière un véhicule. Ce véhicule a ralenti. Vous avez entrepris de dépasser ce véhicule par la gauche et celui-ci vous a coupé la route en tournant à gauche (ou en effectuant un ½ tour;3;;;;;;;"Une remontée de file de voitures à l'arrêt (bouchon) le long d'une ligne blanche (voie assez large pour que je reste du bon côté de la route) : bloquée par une voiture tentant de tourner à gauche (oui, ligne continue là aussi) qui provoquait le bouchon.  Lorsque cette voiture a fini par tourner, j'ai redémarré en même temps que la voiture à ma droite. Sauf que celle-ci a brutalement tourné à gauche aussi en coupant la ligne continue et donc en me percutant.  1) À tous ceux qui râlent contre les nuisances sonores des 2 roues : j'avais ce jour-là une moto de 1992 avec un pot d'échappement de la même année, autant dire que je fais un peu de bruit, la conductrice ne m'a pas entendue... ou n'a pas voulu m'entendre ! 2) C'est mon troisième accident (sur 3) en 36 ans de permis moto à imputer à un ""tourne à gauche"" : il faudrait rappeler aux automobilistes que tourner la tête à gauche avant de changer de direction, ça n'est pas seulement pour le permis.  3) À tous ceux qui râlent contre la vitesse : c'est mon 3e accident (sur 3) à moins de 40 km/h. 4) Sur le constat, l'automobiliste a délibérément faussé le schéma explicatif (carrefour inexistant, pas de ligne continue, ma moto sur la voie opposée), je ne m'en suis rendue compte que le lendemain. Je mets ça sur le compte de la chute et du choc reçu à la tête. Ma conclusion : toujours faire appel aux autorités en cas de chute ou, au moins, ne jamais signer le constat !";Cause de l'accident : sur une 2 voies séparées par une ligne continue, la voiture a tourné à gauche (accessoirement sans clignotant).   En bonus, schéma explicatif volontairement erroné pour me mettre les torts exclusifs et, sous le choc, je n'y ai pas fait attention.;L'accident s'est produit quand je redémarrais en même temps que la voiture à droite. Elle m'a percuté sur le côté, je n'ai donc pas pu réagir d'une manière ou d'une autre.   Au moment de l'accident, il y avait un bouchon d'une quinzaine de voitures. Quand je me suis relevée, il n'y avait plus personne... donc pas de témoins.   Après l'accident, j'ai plus fait attention à l'état de ma moto - et si je pouvais repartir avec - qu'au constat rempli par l'automobiliste dont le schéma a été volontairement faussé.;3;0;;;Je n'ai pas pu anticiper l'accident, la voiture m'a percutée sur le côté.;2;1;2;;L'autre n'a pas regardé ni dans son rétro ni par-dessus son épaule gauche avant de couper la ligne blanche pour tourner à gauche.;1;Un simple contrôle visuel aurait évité l'accident.;7;;;;;;;;;;;;;;;4;3;;;1;1;3;3;1;1;1;2;2;3;4;4;4;10;;;;;;;;;2;;;;;;;;;2;2;;2;1;1;1;20;80;0;0;0;1;3;;;;;4;1;;;;2;1;2;;;;;;;1;0;2;2;1;2;0;10;1;10;2;3;4;;;;;;3;3;3;1;2;2;SUZUKI;750;GSX-F;Routière / GT;2;1;1;1;1;1;1;1;1;1;1;98000;12;4;1;YAMAHA;600;XJ-S DIVERSION;ROADSTER;2;4;3;22SEP1959;2;1;3;2;3;2;2;NRP;;;;2;0;0;2;0;2;SUZUKI;650;SV-S;Routière / GT;2;2004;37;3;1;7000;7;SUZUKI;750;GSX-F;Routière / GT;2;1992;10;4;1;3000;7;;;;;;;;;;;;;;;;;;;;;;;;;;;;;;;;;;10000;3;4;;;;;;;;NRP;NRP;NRP;NRP;1978;NRP;NRP;1978;NRP
34;4269;294;1;0;4;;;;;;0;4;;;;;;0;5;;;;;;0;2;;;;;;0;4;;;;;;1;3;2008;;;;;0;4;;;;;;1;4;1990;;;;;2;3;1990;1991;;;;0;5;;;;;;0;5;;;;;;0;3;;;;;;0;4;;;;;;0;5;;;;;;0;;;;;;;;;;;;;;;;;;;3;1;25;1;42;9;1991;;1991;Vous avez fait une sortie de route, une perte de contrôle ou une glissade sans rien percuter.;3;;;;;;;Arrivée trop rapide sur un virage aveugle.  Freinage trop appuyé. Blocage roue avant. Relachement frein, reprise adhérence. Highside. Genou écorché, blouson bien abîmé.... Gants HS. Pas mal de dégats sur la moto.;Manque d'attention... Trop de confiancce en soi.;Mauvais réflexe.;2;1;Freinage plus équilibré... Je pense que je n'aurai pas perdu la roue avant.;"Mauvais réflèxe, peur de ne pas ""le faire""...";;2;0;;;;;;2;6;;;;;;;1;;;;2;;Je ne m'attendais pas au blocage.;3;1;2;;1;4;3;3;3;1;1;NSP;5;1;4;4;4;1;4;5;7;8;;;;;2;;;;;;;;;2;2;;2;1;1;1;100;0;0;0;0;1;1;4;;;;1;1;;;;1;;;;;;;;;;;3;2;3;;0;70;1;10;2;3;5;;;;;;4;4;4;4;4;4;YAMAHA;900;XJ;ROADSTER;2;1;1;1;1;1;1;1;1;1;1;40000;NSP;3;1;YAMAHA;650;XJ;ROADSTER;2;4;4;22SEP1960;5;1;3;2;4;4;2;NRP;;;;2;0;0;1;0;1;VICTORY;1730;VISION TOUR;Routière / GT;2;2013;37;1;2;25000;7;;;;;;;;;;;;;;;;;;;;;;;;;;;;;;;;;;;;;;;;;;;;;25000;4;3;;;;;;;;NRP;NRP;NRP;NRP;1978;NRP;NRP;1978;NRP
544;4271;;1;0;4;;;;;;0;4;;;;;;0;5;;;;;;0;2;;;;;;0;4;;;;;;0;4;;;;;;0;2;;;;;;0;5;;;;;;0;2;;;;;;0;6;;;;;;0;6;;;;;;0;2;;;;;;0;3;;;;;;0;1;;;;;;1;1;2006;;;;;ATHIS MONS;;;;;arreté a un STOP , un véhicule m'a percuté par l'arrière et m'a projeté en avant ( heureusement pas de véhicules arrivant );;;;;2;0;3;6;12;0;;NRP;;;;;;;;;;;;;;;;;;;;;;;;;;;;;;;;;;;;;;;;;;;;;;;;;;;;;;;;;;;;;;;;;;;;;;;;;;;;;;;;;;;;;;;;;;;;;;;;;;;;;;;;;;;;;;;;;;;;;;;;;;;;;;;;;;;;;;;;;;;;;;;;;;;;;;;;;;;;;;;06NOV1956;7;2;3;2;2;3;;NRP;;;;2;0;0;3;0;3;TRIUMPH;1050;SPEED TRIPLE;ROADSTER;2;2011;25;2;2;3000;7;HONDA;125;CB-JX;ROADSTER;2;1978;41;4;1;500;7;YAMAHA;125;YZF-R SERIES GREY;Routière / GT;2;2013;41;4;1;500;7;;;;;;;;;;;;;;;;;;;;;;;4000;2;3;4;;;;;;;NRP;NRP;NRP;1974;1980;NRP;NRP;1977;NRP
1804;4272;;0;;;;;;;;;;;;;;;;;;;;;;;;;;;;;;;;;;;;;;;;;;;;;;;;;;;;;;;;;;;;;;;;;;;;;;;;;;;;;;;;;;;;;;;;;;;;;;;;;;;;;;;;;;;;;;;;;;;;;;;;;;;;;;;;;;;;;;;;;;;;;;;;;;;;;;;;;;;;;;;;;;;;;;;;;;;;;;;;;;;;;;;;;;;;;;;;;;;;;;;;;;;;;;;;;;;;;;;;;;;;;;;;;;;;;;;;;;;;;;;;;;;;;;;;;;;;;;;;;;;;;;;;;;;;;;;;;;;;;;;;;;15SEP1961;7;2;3;2;2;3;;NRP;;;;1;0;0;1;0;1;TRIUMPH;1050;SPRINT GT;Routière / GT;2;2010;29;1;2;30000;7;;;;;;;;;;;;;;;;;;;;;;;;;;;;;;;;;;;;;;;;;;;;;30000;4;3;2;;;;;;;NRP;NRP;NRP;1979;2006;NRP;NRP;1979;NRP
1885;4273;;0;;;;;;;;;;;;;;;;;;;;;;;;;;;;;;;;;;;;;;;;;;;;;;;;;;;;;;;;;;;;;;;;;;;;;;;;;;;;;;;;;;;;;;;;;;;;;;;;;;;;;;;;;;;;;;;;;;;;;;;;;;;;;;;;;;;;;;;;;;;;;;;;;;;;;;;;;;;;;;;;;;;;;;;;;;;;;;;;;;;;;;;;;;;;;;;;;;;;;;;;;;;;;;;;;;;;;;;;;;;;;;;;;;;;;;;;;;;;;;;;;;;;;;;;;;;;;;;;;;;;;;;;;;;;;;;;;;;;;;;;;;02MAR1953;9;2;3;2;2;5;0;NRP;;;;2;0;0;1;0;1;YAMAHA;900;XJS DIVERSION;Routière / GT;2;1994;41;2;1;20000;7;;;;;;;;;;;;;;;;;;;;;;;;;;;;;;;;;;;;;;;;;;;;;20000;4;3;2;;;;;;;NRP;NRP;NRP;2003;2003;NRP;NRP;1975;NRP
817;4274;;0;;;;;;;;;;;;;;;;;;;;;;;;;;;;;;;;;;;;;;;;;;;;;;;;;;;;;;;;;;;;;;;;;;;;;;;;;;;;;;;;;;;;;;;;;;;;;;;;;;;;;;;;;;;;;;;;;;;;;;;;;;;;;;;;;;;;;;;;;;;;;;;;;;;;;;;;;;;;;;;;;;;;;;;;;;;;;;;;;;;;;;;;;;;;;;;;;;;;;;;;;;;;;;;;;;;;;;;;;;;;;;;;;;;;;;;;;;;;;;;;;;;;;;;;;;;;;;;;;;;;;;;;;;;;;;;;;;;;;;;;;;17OCT1953;11;1;3;2;2;3;;NRP;;;;3;1;0;3;0;3;TRIUMPH;1050;TIGER;ROADSTER;2;2009;10;3;1;8000;7;GAS GAS;250;TXT;TOUT TERRAIN (TRIAL, ENDURO, CROSS);2;2002;37;4;1;500;7;KOEHLER-ESCOFFIER;200;BASIQUE;ROADSTER;2;1953;29;4;1;500;7;;;;;;;;;;;;;;;;;;;;;;;9000;3;4;;;;;;;;NRP;NRP;NRP;NRP;1970;NRP;NRP;1971;NRP
506;4276;77;1;0;4;;;;;;0;4;;;;;;1;4;2006;;;;;0;4;;;;;;1;4;1982;;;;;0;4;;;;;;0;3;;;;;;0;5;;;;;;1;4;2008;;;;;0;5;;;;;;0;5;;;;;;0;2;;;;;;0;4;;;;;;1;3;1985;;;;;0;;;;;;;;;;;;;;;;;;;2;2;32;1;11;3;2006;;2006;Vous remontiez une file de véhicules (à l’arrêt ou au ralenti) par la gauche. Un véhicule de cette file vous a coupé la route en tournant à gauche.;4;6;AUT|J'ai réussi à ne pas tomber, le conducteur m'a agressé verbalement et forcé à rédiger le constat à son avantage. Hélas, mon assurance n'a pas réussi à comprendre le déroulement de cet accident. J'ai eu les torts et surtout je suis resté marqué par cette agression.;;;;;"Je remontais tranquillement, par la gauche, la file de voiture qui étaient en train de s'arrêter au feu suivant. Quand soudain le véhicule que je doublais à déboité franchement alors que j'était à sa hauteur. Il n'y a pas de rue à gauche et c'est un ligne continu qui sépare les chaussées. Heureusement je ne suis pas tombé et je ne suis pas entrée en collision avec un véhicule arrivant en sens inverse. j'ai stationné ma moto sur le trottoir de droite (mon sens de circulation) et je suis allé ramasser ma valise qui était tombée. Là, le gars de la 106 qui m'a percuté, m'a hurlé dessus insulté, me montrant les dégâts de sa voiture, tout le latéral était détruit, à peine croyable. Il n'a pas voulu entendre qu'il avait entrepris une manoeuvre, (demi-tour?) alors que je reconnaissais remonter la file de voiture. Il m'hurlait tellement dessus,disant qu'il devait aller voir son frère en prison comment allait-il faire etc...  Je n'était pas encore remis du choc alors j'ai fini par accepter sa demande: cocher la case ""roulait en contre sens ou à franchi la ligne blanche, je ne sais plus"". J'ai eu beau lui expliquer que si j'était en contre sens, pour qu'on s'accroche, il fallait qu'il y soit aussi.Impossible Je voulais que ça cesse, j'ai signé le constat. Le soir au retour, j'ai fait une main courante au poste de police que j'ai joints au constat accompagné d'un courrier pour tenter d'aider ma mutuelle à mettre les responsabilités sur cette personne. J'ai fait un détour pendant plusieurs mois avant de repasser par ce chemin.";A cette époque je travaillais à porte des lilas et j'habite Pontault Combault. Je conduis depuis longtemps, par tous les temps et toute l'année. J'évite au maximum l'autoroute et le périf et change souvent de chemin en fonction de la circulation. Très attentif aux signes que nous donnent les automobilistes inconsciemment, mais pas invulnérable évidement, là j'était vraiment à sa hauteur donc visible par ce dernier.....je n'ai rien vu venir. Un gros choc, sans savoir d'où cela venait. Réussir à ne pas tomber, me garer, récupérer ma valise et le phare qui avait sauté, enfin comprendre que la personne qui me criait dessus était le propriétaire de la 106 qui m'était rentré dedans et qui était garée un peu plus haut.;Je suis désolé, cet accident n'est pas un bon exemple car comme je l'ai décrit avant je n'ai pas eu le temps de faire quoique ce soit, je roule et d'un seul coup c'est le choc..;3;0;;;Le gars à déboité alors que j'étais à sa hauteur. La seul chose à faire pour l'éviter, c'était de rester dans la queue avec les voitures.;2;1;2;;Si on enlève sa mauvaise fois, puisqu'il n'a pas voulu reconnaître sa manoeuvre, un demi tour je pense. Peut être aurait-il pu ne pas regarder dans son rétroviseur ou avoir des difficultés à me voir.;1;Pour moi il a provoqué l'accident!;7;;;;;;;;;;;;;;;4;3;;;1;1;3;3;1;1;1;1;1;2;4;4;4;10;;;;;;;;;2;;;;;;;;;2;2;;2;1;3;1;10;90;0;0;0;2;;;;;;3;1;;;;1;;;;;;;;;;;1;1;1;1;0;30;1;10;2;3;4;7;;;;;4;4;4;4;4;2;BMW;750;K75;ROADSTER;2;1;1;1;1;1;1;1;1;1;1;150000;12;4;1;BMW;1000;R100RT;Routière / GT;2;4;4;29JAN1964;5;1;3;2;4;4;2;NRP;;;;3;1;0;1;0;2;BMW;850;R850R ABS;ROADSTER;2;2004;37;1;2;15000;7;MOTOCONFORT;50;AU89;ROADSTER;2;1960;40;4;1;20;7;;;;;;;;;;;;;;;;;;;;;;;;;;;;;;;;;;15020;2;4;9;;;;;;;NRP;NRP;NRP;1980;NRP;NRP;1982;1983;NRP