Ligne;Ligne Q qualif;Ligne approfondissement Accident;ACCIDENT;NBACC1;ACCFREQUENCE1;ANNEEACC1_1;ANNEEACC1_2;ANNEEACC1_3;ANNEEACC1_4;ANNEEACC1_5;NBACC2;ACCFREQUENCE2;ANNEEACC2_1;ANNEEACC2_2;ANNEEACC2_3;ANNEEACC2_4;ANNEEACC2_5;NBACC3;ACCFREQUENCE3;ANNEEACC3_1;ANNEEACC3_2;ANNEEACC3_3;ANNEEACC3_4;ANNEEACC3_5;NBACC4;ACCFREQUENCE4;ANNEEACC4_1;ANNEEACC4_2;ANNEEACC4_3;ANNEEACC4_4;ANNEEACC4_5;NBACC5;ACCFREQUENCE5;ANNEEACC5_1;ANNEEACC5_2;ANNEEACC5_3;ANNEEACC5_4;ANNEEACC5_5;NBACC6;ACCFREQUENCE6;ANNEEACC6_1;ANNEEACC6_2;ANNEEACC6_3;ANNEEACC6_4;ANNEEACC6_5;NBACC7;ACCFREQUENCE7;ANNEEACC7_1;ANNEEACC7_2;ANNEEACC7_3;ANNEEACC7_4;ANNEEACC7_5;NBACC8;ACCFREQUENCE8;ANNEEACC8_1;ANNEEACC8_2;ANNEEACC8_3;ANNEEACC8_4;ANNEEACC8_5;NBACC9;ACCFREQUENCE9;ANNEEACC9_1;ANNEEACC9_2;ANNEEACC9_3;ANNEEACC9_4;ANNEEACC9_5;NBACC10;ACCFREQUENCE10;ANNEEACC10_1;ANNEEACC10_2;ANNEEACC10_3;ANNEEACC10_4;ANNEEACC10_5;NBACC11;ACCFREQUENCE11;ANNEEACC11_1;ANNEEACC11_2;ANNEEACC11_3;ANNEEACC11_4;ANNEEACC11_5;NBACC12;ACCFREQUENCE12;ANNEEACC12_1;ANNEEACC12_2;ANNEEACC12_3;ANNEEACC12_4;ANNEEACC12_5;NBACC13;ACCFREQUENCE13;ANNEEACC13_1;ANNEEACC13_2;ANNEEACC13_3;ANNEEACC13_4;ANNEEACC13_5;NBACC14;ACCFREQUENCE14;ANNEEACC14_1;ANNEEACC14_2;ANNEEACC14_3;ANNEEACC14_4;ANNEEACC14_5;AUTRESACC;NBAUTRESACC;ANNEEAUTREACC1;ANNEEAUTREACC2;ANNEEAUTREACC3;ANNEEAUTREACC4;ANNEEAUTREACC5;LIEUAUTREACC1;LIEUAUTREACC2;LIEUAUTREACC3;LIEUAUTREACC4;LIEUAUTREACC5;DESCRIPTIONAUTRESACC1;DESCRIPTIONAUTRESACC2;DESCRIPTIONAUTRESACC3;DESCRIPTIONAUTRESACC4;DESCRIPTIONAUTRESACC5;NBAUTRESACCCIRCUIT;NBAUTRESTOUTTERRAIN;EXPCYCLO;EXP125;EXPSUP125;ACCORDNEXTQ;CHOIXACC;RGPMTACC;RECUPANNEE;RECUPLIEU;RECUPANNE;RGPMTAC;CHOIX1;CHOIX2;CHOIX3;CHOIX4;CHOIX5;CHOIX6;CHOIX7;DESCRIPTION;RUPTURE;FAITS;ABS_REACTION;AUTRE_REACTION;PRECISIONREACTIONOUI;RECUL;PRECISIONREACTIONNON;IMPACTCOMPORTEMENT;AUTREUSAGER;REACTIONAUTREUSAGER;CONNAISSANCEREACTIONUSAGER;DIFFICULTES;AGGRAVATION;DIFFICULTES2;EMOTIONS1;EMOTIONS2;EMOTIONS3;EMOTIONS4;EMOTIONS5;EMOTIONS6;AUTRESENTIMENT;CLASSEMENTEMOTIONS1;CLASSEMENTEMOTIONS;CLASSEMENTEMOTIONS5;CLASSEMENTEMOTIONS6;CLASSEMENTEMOTIONS7;CLASSEMENTEMOTIONS8;CLASSEMENTEMOTIONS9;EXPLICATIONRESSENTI;BIENEQUIPE;ALLURE;ALLUREVITEDETAIL;ALLURELENTEDETAIL;SITUATIONPRESSE;SITUATIONDISTRAIT;SITUATIONCONFIANT;SITUATIONCONTROLE;SITUATIONLUDIQUE;SITUATIONPERF;SITUATIONSTRESS;SITUATIONFATIGUE;HUMEURNEUTRE;HUMEURGAI;HUMEURMECONTENT;HUMEURTRISTE;HUMEURCOLERE;CONTRIBUTION1;CONTRIBUTION2;CONTRIBUTION3;CONTRIBUTION4;CONTRIBUTION5;CONTRIBUTION6;CONTRIBUTION7;CONTRIBUTION8;CONTRIBUTION9;ROLEINFRA;ELEMENTINFRA1;ELEMENTINFRA2;ELEMENTINFRA3;ELEMENTINFRA4;ELEMENTINFRA5;ELEMENTINFRA6;ELEMENTINFRA7;ELEMENTINFRA8;ELEMENTINFRA9;ALCOOL;TXALCOOL;STUP;SEMAINE;MOMENTJOURNEE;TEMPS;CAUSEACC1;CAUSEACC2;CAUSEACC3;CAUSEACC4;CAUSEACC5;FORMATIONCAUSE;FORMATION1;FORMATION2;FORMATION3;FORMATION4;FORMATION5;TRAFIC;CHAUSSEE1;CHAUSSEE2;CHAUSSEE3;CHAUSSEE4;TYPEACC;BLESSURE;TETE;COU;THORAX;MEMBRESSUP;COLONNE;BASSIN;MEMBRESINF;HOPITAL;PLUS24H;TRAJET;TYPEROUTE;MOTIF;SENSTRAJET;PASSAGER;VITESSE;DESCEQ1;DESCEQ2;DESCEQ3;DESCEQ4;DESCEQ5;DESCEQ6;DESCEQ7;DESCEQ8;DESCEQ9;DESCEQ10;VEHICULEETE;VEHICULEAUTOMNE;VEHICULEPRINTEMPS;VEHICULEHIVER;VEHICULESEMAINE;VEHICULEWE;VEHMARQUE;VEHCYLINDREE;VEHMODELE;VEHSEGMENT;VEHSIDE;EQ2RMABS;EQ2RMCBS;EQ2RMABSCBS;EQ2RMREGULATEUR;EQ2RMLIMITEUR;EQ2RMPHARESDIRECT;EQ2RMCOUPURE;EQ2RMANTIPATINAGE;EQ2RMANTIXHEELING;EQ2RMSTABILILTE;VEHKM;POINTS;DUREE;AUTRE2RM;VEHPRECMARQUE;VEHPRECCYLINDREE;VEHPRECMODELE;VEHPRECSEGMENT;VEHPRECSIDE;TEMPS2RMPREC;FREQVEHPREC;DATE_NAISS;CSP;SOCIETAIRE;SALARIE;SECTEUR2RM;NBPERSFOYER;SITFAM;NBENF;TRNBENF1;TRNBENF2;TRNBENF3;TRNBENF4;NBAUTOFOYER;NBCYCLOFOYER;NBSCOOTFOYER;NBMOTOFOYER;NBTRIKEFOYER;NB2RMCONDUIT;MARQUE1;CYLINDREE1;MODELE1;SEGMENT1;SIDE1;ANMISECIRCU1;ASS1;FREQ1;USAGE1;NBKM1;GARAGE1;MARQUE2;CYLINDREE2;MODELE2;SEGMENT2;SIDE2;ANMISECIRCU2;ASS2;FREQ2;USAGE2;NBKM2;GARAGE2;MARQUE3;CYLINDREE3;MODELE3;SEGMENT3;SIDE3;ANMISECIRCU3;ASS3;FREQ3;USAGE3;NBKM3;GARAGE3;MARQUE4;CYLINDREE4;MODELE4;SEGMENT4;SIDE4;ANMISECIRCU4;ASS4;FREQ4;USAGE4;NBKM4;GARAGE4;MARQUE5;CYLINDREE5;MODELE5;SEGMENT5;SIDE5;ANMISECIRCU5;ASS5;FREQ5;USAGE5;NBKM5;GARAGE5;NBKMTOT;PERMIS1;PERMIS2;PERMIS3;PERMIS4;PERMIS5;PERMIS6;PERMIS7;PERMIS8;PERMIS9;ANPERMIS1;ANPERMIS6;ANPERMIS7;ANPERMIS2;ANPERMIS3;ANPERMIS8;ANPERMIS9;ANPERMIS4;ANPERMIS5
830;4341;52;1;0;5;;;;;;0;3;;;;;;0;4;;;;;;0;1;;;;;;1;6;1994;;;;;0;2;;;;;;0;4;;;;;;0;4;;;;;;0;4;;;;;;0;5;;;;;;0;1;;;;;;0;2;;;;;;0;2;;;;;;0;6;;;;;;0;;;;;;;;;;;;;;;;;;;7;2;23;1;21;5;1994;;1994;Vous circuliez sur un axe prioritaire. Un véhicule venant d’un axe non prioritaire vous a coupé la route.;1;;;;;;;un automobiliste n'a pas respecté son feu rouge. Malgré un freinage d'urgence je me suis arrêté dans sa portière. N'étant pas en règle, l'automobiliste ne voulait pas remplir le constat amiable. J'ai du faire intervenir la police.;le voyant débouler devant moi alors que mon feu était vert, il n'y avait pas assez de distance pour s'arrêter.;"quand j'ai arriver l'auto, j'ai bloqué les 2 roues et attendu que ""ça se passe"".";NRP;0;;;d'un côté il y avait un terre plein central et de l'autre l'avant du véhicule.;2;0;;;;;;1;;;;;;;1;;;;;;;j'ai eu peur de l'impact et des éventuelles conséquences qu'il y aurait pu avoir (traumatisme, blessures graves etc.);4;3;;;1;1;4;4;1;1;1;1;3;3;4;4;4;10;;;;;;;;;2;;;;;;;;;2;2;;2;2;1;1;0;100;0;0;0;2;;;;;;1;1;;;;1;;;;;;;;;;;1;1;3;;0;30;1;10;2;3;4;;;;;;4;4;4;3;4;4;HONDA;500;CB;ROADSTER;2;1;1;1;1;1;1;1;1;1;1;8000;12;2;1;YAMAHA;750;XTZ SUPER TENERE;TRAIL / SUPERMOTARD;2;4;4;25AUG1967;7;2;3;2;4;4;2;NRP;;;;3;0;0;1;0;1;YAMAHA;750;SUPER TENERE (XTZ);TRAIL / SUPERMOTARD;2;1996;31;2;1;6000;7;;;;;;;;;;;;;;;;;;;;;;;;;;;;;;;;;;;;;;;;;;;;;6000;2;3;4;;;;;;;NRP;NRP;NRP;1987;1989;NRP;NRP;1987;NRP
1842;4342;;0;;;;;;;;;;;;;;;;;;;;;;;;;;;;;;;;;;;;;;;;;;;;;;;;;;;;;;;;;;;;;;;;;;;;;;;;;;;;;;;;;;;;;;;;;;;;;;;;;;;;;;;;;;;;;;;;;;;;;;;;;;;;;;;;;;;;;;;;;;;;;;;;;;;;;;;;;;;;;;;;;;;;;;;;;;;;;;;;;;;;;;;;;;;;;;;;;;;;;;;;;;;;;;;;;;;;;;;;;;;;;;;;;;;;;;;;;;;;;;;;;;;;;;;;;;;;;;;;;;;;;;;;;;;;;;;;;;;;;;;;;;19OCT1967;7;2;3;2;4;4;2;NRP;;;;2;0;0;1;0;1;TRIUMPH;1050;SPRINT GT;Routière / GT;2;2011;9;2;1;16000;4;;;;;;;;;;;;;;;;;;;;;;;;;;;;;;;;;;;;;;;;;;;;;16000;3;4;;;;;;;;NRP;NRP;NRP;NRP;2009;NRP;NRP;1985;NRP
1687;4343;;1;0;4;;;;;;1;4;1998;;;;;1;4;1991;;;;;0;2;;;;;;1;4;1982;;;;;0;3;;;;;;0;4;;;;;;1;4;1984;;;;;0;5;;;;;;0;5;;;;;;0;5;;;;;;0;3;;;;;;0;4;;;;;;1;3;1990;;;;;0;;;;;;;;;;;;;;;;;;;2;3;32;1;6;2;1998;;;;;;;;;;;;;;;;;;;;;;;;;;;;;;;;;;;;;;;;;;;;;;;;;;;;;;;;;;;;;;;;;;;;;;;;;;;;;;;;;;;;;;;;;;;;;;;;;;;;;;;;;;;;;;;;;;;;;;;;;;;;;;;;;;;;;;;;;;;;;;;;;;;;;;;;;;;;;;01JAN1960;7;1;3;2;2;3;;NRP;;;;1;0;0;4;0;2;BMW;1200;HP2 SPORT;SPORTIVE;2;2010;37;3;1;8000;7;SUZUKI;650;SV-S;Routière / GT;2;2000;37;4;1;5000;7;;;;;;;;;;;;;;;;;;;;;;;;;;;;;;;;;;13000;2;3;4;;;;;;;NRP;NRP;NRP;1976;1979;NRP;NRP;1979;NRP
118;4344;;1;1;4;2004;;;;;0;5;;;;;;0;3;;;;;;0;4;;;;;;0;4;;;;;;0;2;;;;;;0;2;;;;;;0;4;;;;;;0;2;;;;;;0;3;;;;;;0;4;;;;;;0;4;;;;;;0;4;;;;;;0;5;;;;;;0;;;;;;;;;;;;;;;;;;;3;1;14;1;1;1;2004;;;;;;;;;;;;;;;;;;;;;;;;;;;;;;;;;;;;;;;;;;;;;;;;;;;;;;;;;;;;;;;;;;;;;;;;;;;;;;;;;;;;;;;;;;;;;;;;;;;;;;;;;;;;;;;;;;;;;;;;;;;;;;;;;;;;;;;;;;;;;;;;;;;;;;;;;;;;;;25JUL1963;5;2;3;2;1;1;;NRP;;;;1;0;0;1;0;1;BMW;1200;R1200R ABS;ROADSTER;2;2008;9;3;1;6000;7;;;;;;;;;;;;;;;;;;;;;;;;;;;;;;;;;;;;;;;;;;;;;6000;4;3;;;;;;;;NRP;NRP;NRP;NRP;2001;NRP;NRP;1981;NRP
883;4345;324;1;0;3;;;;;;0;4;;;;;;0;1;;;;;;0;2;;;;;;1;4;1982;;;;;0;1;;;;;;0;3;;;;;;0;4;;;;;;1;4;1982;;;;;0;2;;;;;;0;2;;;;;;0;1;;;;;;0;3;;;;;;0;2;;;;;;0;;;;;;;;;;;;;;;;;;;0;3;8;1;21;5;1982;;1982;Vous circuliez sur un axe prioritaire. Un véhicule venant d’un axe non prioritaire vous a coupé la route.;1;;;;;;;le véhicule ne m'a pas vu et a franchi la ligne du stop. rien a ajouter.;nuit, entrée d'usines.;j'ai juste pensé à sauter de la moto pour que l'auto ne me roule pas dessus.;NRP;0;;;je ne voie pas ce que j'aurai pu faire d'autre. j'étais à 4/5 m, j'ai vu bouger l'auto du coin de l'œil.;3;0;;;;;;2;3;6;;;;;;1;2;;;3;;pourquoi cet auto démarre, je ne suis pas passé!;4;3;;;1;1;4;4;1;1;1;1;1;2;4;4;4;10;;;;;;;;;2;;;;;;;;;2;2;;2;1;3;1;0;100;0;0;0;2;;;;;;1;1;;;;1;;;;;;;;;;;1;2;1;1;0;50;1;10;2;3;5;;;;;;4;4;4;4;4;4;SUZUKI;125;TS;TRAIL / SUPERMOTARD;2;1;1;1;1;1;1;2;1;1;1;50000;12;4;1;SUZUKI;125;GT;ROADSTER;2;3;4;14AUG1958;7;2;3;2;3;4;1;NRP;;;;3;0;0;1;0;1;SUZUKI;650;V-STROM ABS;TRAIL / SUPERMOTARD;2;2009;28;2;1;8400;7;;;;;;;;;;;;;;;;;;;;;;;;;;;;;;;;;;;;;;;;;;;;;8400;3;4;;;;;;;;NRP;NRP;NRP;NRP;1979;NRP;NRP;1977;NRP
287;4347;;0;;;;;;;;;;;;;;;;;;;;;;;;;;;;;;;;;;;;;;;;;;;;;;;;;;;;;;;;;;;;;;;;;;;;;;;;;;;;;;;;;;;;;;;;;;;;;;;;;;;;;;;;;;;;;;;;;;;;;;;;;;;;;;;;;;;;;;;;;;;;;;;;;;;;;;;;;;;;;;;;;;;;;;;;;;;;;;;;;;;;;;;;;;;;;;;;;;;;;;;;;;;;;;;;;;;;;;;;;;;;;;;;;;;;;;;;;;;;;;;;;;;;;;;;;;;;;;;;;;;;;;;;;;;;;;;;;;;;;;;;;;03MAY1969;7;1;3;2;3;4;1;NRP;;;;2;1;1;0;0;2;YAMAHA;125;MAJESTY;SCOOTER;2;2010;37;1;2;15000;7;QINGQI;50;SCOOTER QT-6;SCOOTER;2;2007;37;1;2;10000;7;;;;;;;;;;;;;;;;;;;;;;;;;;;;;;;;;;25000;4;;;;;;;;;NRP;NRP;NRP;NRP;NRP;NRP;NRP;1990;NRP
449;4348;;0;;;;;;;;;;;;;;;;;;;;;;;;;;;;;;;;;;;;;;;;;;;;;;;;;;;;;;;;;;;;;;;;;;;;;;;;;;;;;;;;;;;;;;;;;;;;;;;;;;;;;;;;;;;;;;;;;;;;;;;;;;;;;;;;;;;;;;;;;;;;;;;;;;;;;;;;;;;;;;;;;;;;;;;;;;;;;;;;;;;;;;;;;;;;;;;;;;;;;;;;;;;;;;;;;;;;;;;;;;;;;;;;;;;;;;;;;;;;;;;;;;;;;;;;;;;;;;;;;;;;;;;;;;;;;;;;;;;;;;;;;;08MAY1966;3;2;3;2;3;4;1;NRP;;;;3;0;0;1;0;1;BMW;1300;K1300GT;Routière / GT;2;2009;28;2;1;13000;7;;;;;;;;;;;;;;;;;;;;;;;;;;;;;;;;;;;;;;;;;;;;;13000;3;4;;;;;;;;NRP;NRP;NRP;NRP;1986;NRP;NRP;1984;NRP
1246;4349;;0;;;;;;;;;;;;;;;;;;;;;;;;;;;;;;;;;;;;;;;;;;;;;;;;;;;;;;;;;;;;;;;;;;;;;;;;;;;;;;;;;;;;;;;;;;;;;;;;;;;;;;;;;;;;;;;;;;;;;;;;;;;;;;;;;;;;;;;;;;;;;;;;;;;;;;;;;;;;;;;;;;;;;;;;;;;;;;;;;;;;;;;;;;;;;;;;;;;;;;;;;;;;;;;;;;;;;;;;;;;;;;;;;;;;;;;;;;;;;;;;;;;;;;;;;;;;;;;;;;;;;;;;;;;;;;;;;;;;;;;;;;27SEP1957;5;2;3;2;4;4;2;NRP;;;;2;0;0;1;0;1;HONDA;1000;CB-F;ROADSTER;2;2011;29;2;1;6000;7;;;;;;;;;;;;;;;;;;;;;;;;;;;;;;;;;;;;;;;;;;;;;6000;3;4;;;;;;;;NRP;NRP;NRP;NRP;1981;NRP;NRP;2009;NRP
382;4353;300;1;0;5;;;;;;1;5;2014;;;;;0;5;;;;;;0;5;;;;;;1;6;2014;;;;;0;4;;;;;;0;4;;;;;;0;5;;;;;;1;4;1985;;;;;0;3;;;;;;0;5;;;;;;0;2;;;;;;0;5;;;;;;0;4;;;;;;0;;;;;;;;;;;;;;;;;;;4;0;33;1;6;2;2014;;2014;Vous circuliez derrière un véhicule. Ce véhicule a ralenti. Vous avez entrepris de dépasser ce véhicule par la gauche et celui-ci vous a coupé la route en tournant à gauche (ou en effectuant un ½ tour;1;5;;;;;;Je pense que le conducteur ne m'a pas vu, pourtant nous le suivions depuis un bon moment, ma plus grande peur fut pour ma compagne, qui a déjà été opéré du dos et donc un énorme risque de handicap;et bien un seul éviter le pire et aller taper dans la voiture;le véhicule s'est déporté à gauche totalement, a marqué un temps d'arrêt, je me suis engagé pour le dépasser par la droite en restant dans ma voie, j'ai vu la roue avant droite se braquer et il me reste l'image de la main sur le levier de vitesse en train de passer la première. A partir de la j'ai évité le véhicule et stoppé, mais vu la déclivité de la route, il m'a été impossible de retenir ma moto. D'ou la chute à l'arrêt.;NRP;0;;;il semblait logique que le conducteur stationne son véhicule et ne fasse pas une telle manoeuvre;3;1;2;;NSP;1;il en est la cause, et aujourd'hui c'est moi qui me retrouve avec mon assurance à la hausse;1;;;;;;;1;;;;;;;la peur du choc.....et en corse;4;3;;;1;4;4;4;4;1;1;1;4;1;4;4;4;10;;;;;;;;;2;;;;;;;;;2;2;;2;2;1;1;0;100;0;0;0;NSP;;;;;;1;1;7;;;2;1;4;;;;;;;0;;3;1;3;;1;20;1;2;3;4;9;;;;;;4;4;4;4;2;4;BMW;1300;K1300S PACK S;Routière / GT;2;0;0;0;1;1;1;0;0;1;1;13000;12;3;1;HONDA;800;VFR-F V-TEC ABS;Routière / GT;2;4;4;27AUG1961;5;2;3;2;2;2;1;NRP;;;;1;0;0;2;0;2;HONDA;800;VFR-F V-TEC ABS;Routière / GT;2;2010;10;2;1;15000;7;YAMAHA;250;TY;TOUT TERRAIN (TRIAL, ENDURO, CROSS);2;1989;10;3;1;1000;7;;;;;;;;;;;;;;;;;;;;;;;;;;;;;;;;;;16000;2;3;4;8;9;;;;;NRP;NRP;NRP;1979;1980;1980;1980;1980;NRP
281;4354;383;1;0;4;;;;;;0;5;;;;;;0;4;;;;;;0;2;;;;;;1;5;1989;;;;;0;4;;;;;;1;2;1985;;;;;0;5;;;;;;0;4;;;;;;0;5;;;;;;0;5;;;;;;0;2;;;;;;0;4;;;;;;0;4;;;;;;1;3;1985;1989;2004;;;Marseille;Aix en provence;Martigues;;;Un véhicule a coupé un virage sans visibilité, arrivé en face, j'ai freiné, ai perdu le contrôle de la moto et ai percuté la voiture qui roulait à contre sens sur ma voie.;Un véhicule a grillé un feu. Me voyant arriver, il s'est arrêté au milieu de la route. Je l'ai percuté.;En m'arrêtant au feu, derrière une file de voitures, je me suis fait percuter par l'arrière par le véhicule qui me suivait.;;;0;0;5;0;18;1;72;15;1989;Aix en provence;1989;Autre(s) type(s) d'accident(s).;AUT|Stupide.;;;;;;;"J'essayais une moto, prêtée par un concessionnaire. Pour sortir de la ville, j'emprunte une artère bouchée. Je remonte la file de voiture à l'arrêt, note que le feu passe au vert alors que j'étais à une vingtaine de mètres du feu et décide de mettre un coup de gaz pour doubler le bus qui attendait de démarrer.  L'accélération a été suffisante pour me permettre de doubler tous les véhicules et je passe le feu en premier: j'estime ma vitesse à 60; 70 km/h.  Un véhicule de transport de malade (Sans gyrophare ni sirène) grille le feu et se présente de manière perpendiculaire à ma route. Il me restait moins de 10m à parcourir... J'étais alors au niveau du feu. Le conducteur m'a vu et a stoppé plutôt que de tenter de dégager le passage. J'ai couché la moto, voulant éviter l'impact frontal. J'ai glissé au sol avec la moto jusqu'au choc. Ce dernier a été assez violent pour décoller le haut de la portière du pavillon de plus de 30 cm alors que la moto a heurté les bas de caisse.  Je me suis relevé instantanément, sonné et choqué.  Le chauffeur m'a recueilli et m'a accompagné à l'hôpital après que nous ayons contacté le concessionnaire:c( J'ai eu une fracture de l'auriculaire gauche,une entorse du pouce de la même main, une entorse du genou droit, une belle plaie à ce même genou (un trou de deux cm de diamètre) qui a masqué un tendon rompu à 85% et de nombreuses contusions.  L'ambulancier a été reconnu responsable à 100%. toutefois, avec le recul, j'estime avoir commis plusieurs erreurs.  La première a été de doubler au niveau d'une intersection. La seconde aura été de rouler un peu trop vite.  Et enfin, mon freinage aurait pu être beaucoup plus propre.";Premier élément: la vitesse un peu trop élevée. Deuxième élément: on ne double pas sur une intersection! La difficulté rencontrée réside dans un freinage mal maîtrisé, je crois que j'aurais pu m'arrêter en restant sur mes roues.;Lorsque j'ai été confronté à la situation, à savoir l'arrivée intempestive d'un véhicule qui stoppe sur ma trajectoire, j'ai voulu coucher la moto. J'ai donc bloqué le frein arrière mais n'ai pas eu le temps de me dégager de la moto lorsqu'elle a chuté.  Je n'ai pas assez insisté sur l'avant.;NRP;1;Une vitesse mieux maîtrisée et surtout ne pas doubler à un carrefour. La vitesse plus faible aurait permis un freinage court et suffisant.  Ne pas doubler aurait simplement évité l'accident.;Manque d'expérience, méconnaissance de la moto et insouciance de l'âge. (J'avais 25 ans à l'époque.);;2;1;2;;Me voyant, il a stoppé son véhicule en plein sur ma trajectoire au lieu d'accélérer et de s'enlever du milieu.;1;Il aurait pu éviter l'accident en ne grillant pas le feu et en tentant de sortir de l'axe de ma route.;8;;;;;;;;;;;;;;;2;1;2;;1;2;1;2;NSP;3;1;1;5;3;4;4;4;1;7;9;;;;;;;1;AUT|visibilité.;;;;;;;;2;2;;2;2;1;1;30;70;0;0;0;1;4;AUT|Manque de réflexion sur les situations accidentogènes.;;;;AUT|Redémarrage au feu vert.;1;;;;2;1;4;7;;;;;;1;0;3;1;3;;0;65;1;10;2;3;4;;;;;;1;1;1;1;1;1;YAMAHA;750;XJ;ROADSTER;2;1;1;1;1;1;0;1;1;1;1;NSP;12;4;1;HONDA;250;XL-S;TRAIL / SUPERMOTARD;2;3;2;23JUL1964;5;1;3;2;4;4;2;NRP;;;;3;0;0;1;0;1;BMW;1150;R1150RT;Routière / GT;2;2003;37;2;2;10000;7;;;;;;;;;;;;;;;;;;;;;;;;;;;;;;;;;;;;;;;;;;;;;10000;3;4;;;;;;;;NRP;NRP;NRP;NRP;1985;NRP;NRP;1983;NRP
35;4356;Pré test 3;1;0;5;;;;;;0;3;;;;;;0;3;;;;;;0;3;;;;;;0;4;;;;;;0;3;;;;;;1;4;2013;;;;;0;3;;;;;;0;2;;;;;;0;3;;;;;;0;4;;;;;;0;3;;;;;;0;1;;;;;;0;1;;;;;;1;1;NSP;;;;;arras;;;;;arreté au stop, une voiture m'a percuté par l'arrière.;;;;;0;0;0;0;12;1;71;15;;arras;-1;Autre(s) type(s) d'accident(s).;3;;;;;;;en attente à une priorité. le véhicule qui me suivait a pensé que je partais, alors qu'une voiture prioritaire arrivait. choc par l'arrière, moto couché et des contusions.;l'inattention de l'automobiliste qui me suivait.;la moto s'en va, je tombe au sol, me relève. voit l'automobiliste qui m'a percuté me demander si ça va. dans la crainte de la voir partir une fois rassuré je ne lui ai pas répondu et ait exigé à plusieurs reprises qu'elle stationne sur le côté. face à son hésitation à remplir le constat j'ai prétexté une blessure pour la menacer d'appeler la police.;3;0;;;le choc venait de l'arrière.;1;1;;inexpérience au volant (jeune permis) et surestimation des réactions d'un motard.;faire plus attention...;0;2;6;;;;;;;1;;;;2;;4;4;;;1;1;4;4;1;1;1;1;1;1;4;4;4;1;;;;;;;;;2;2;;2;AUT|pas de réaction spécifique à avoir... question hors de propos;2;2;;;;;;;;;1;1;1;0;100;0;0;0;;4;1;;;;1;;;;;;;;;;;2;2;3;;0;0;1;10;2;3;4;7;;;;;4;4;4;4;4;4;BMW;1200;R1200GS;7570;TRAIL / SUPERMOTARD;BMW, 1200 R1200GS;1;2;0;1;1;1;0;1;1;80000;12;4;1;BMW;1200;R1200GS;7570;TRAIL / SUPERMOTARD;BMW, 1200 R1200GS;1;2;4;;;;05MAY1968;5;1;3;2;5;4;3;NRP;;;;2;0;0;1;0;1;BMW;1200;R1200GS;TRAIL / SUPERMOTARD;2;2009;37;1;2;20000;7;;;;;;;;;;;;;;;;;;;;;;;;;;;;;;;;;;;;;;;;;;;;;20000;2;3;4;;;;;;;NRP;NRP;NRP;2003;2003;NRP;NRP;1986;NRP
143;4357;436;1;1;6;2011;;;;;0;5;;;;;;1;3;2013;;;;;0;4;;;;;;2;6;2011;2013;;;;0;6;;;;;;0;2;;;;;;0;3;;;;;;1;4;2012;;;;;0;5;;;;;;1;2;2012;;;;;0;1;;;;;;0;2;;;;;;0;2;;;;;;1;1;2009;;;;;Coignières;;;;;Chute du a du gasoil sur la route;;;;;1;0;0;0;11;1;21;5;2011;;2011;Vous circuliez sur un axe prioritaire. Un véhicule venant d’un axe non prioritaire vous a coupé la route.;AUT|C'était le plus grave, j'en ai eu un autre entretemps;;;;;;;Cet AVP etait très simple, un automobiliste qui ne regarde pas avant de s'engager, grille le Stop et me coupe la route. Trop peu de distance pour freiner et tellement surpris qu'un evitement etait impossible. J'ai percuté son aile et je suis passer par dessus la voiture. Une cote félée ! Quelle chance ! Par contre comme trop souvent, la boite a roue repart et la moto est bonne pour la poubelle !!! On peux etre raciste des automobiles ???;L'ABS m'aurai surement sauvé ! Ne voulant pas perdre l'avant, j'ai freiné fort mais cela n'a pas suffit. Difficultées, et bien, pas de degagement et tellement soudain que je n'ai pu eviter la collision.;Debrayer a fonc, freinage fort de l'avant mais peut etre pas suffisant, roue arriere bloquée. L'automobiliste a freiner net quand il m'a vu arriver.;NRP;1;Avec l'experience supplementaire dont j'ai aujourd'hui, j'aurai anticipé cette reaction et j'aurai deja couper les gaz et commencer a freiner doucement.;Manque d'experience sur l'anticipation du danger, et pas d'ABS.;;2;0;;;;;;1;2;3;6;9;;De la colère !;;1;;;;3;2;Surprise car je ne m'attendait surement pas a ce qu'il passe ! deja sans marquer l'arret, sans regarder autour de lui.;4;3;;;1;1;3;3;3;1;1;2;2;3;4;4;4;10;;;;;;;;;2;;;;;;;;;2;2;;2;1;1;1;0;100;0;0;0;2;;;;;;2;1;;;;2;1;3;;;;;;;1;0;1;1;1;1;0;60;1;2;3;4;7;9;;;;;4;4;4;2;4;4;SUZUKI;750;GSX-F;Routière / GT;2;1;1;1;1;1;1;1;1;1;1;40000;11;2;1;SUZUKI;750;GSX-F;Routière / GT;2;3;4;30JUL1982;6;2;3;2;3;4;1;NRP;;;;2;0;0;3;0;3;SUZUKI;1300;GSX-R  HAYABUSA;Routière / GT;2;2006;29;2;1;5000;7;BMW;750;R75/7;ROADSTER;2;1976;40;4;1;1500;7;SUZUKI;600;GSX-R;SPORTIVE;2;1997;41;4;1;500;7;;;;;;;;;;;;;;;;;;;;;;;7000;3;4;;;;;;;;NRP;NRP;NRP;NRP;2004;NRP;NRP;2001;NRP