Ligne;Ligne Q qualif;Ligne approfondissement Accident;ACCIDENT;NBACC1;ACCFREQUENCE1;ANNEEACC1_1;ANNEEACC1_2;ANNEEACC1_3;ANNEEACC1_4;ANNEEACC1_5;NBACC2;ACCFREQUENCE2;ANNEEACC2_1;ANNEEACC2_2;ANNEEACC2_3;ANNEEACC2_4;ANNEEACC2_5;NBACC3;ACCFREQUENCE3;ANNEEACC3_1;ANNEEACC3_2;ANNEEACC3_3;ANNEEACC3_4;ANNEEACC3_5;NBACC4;ACCFREQUENCE4;ANNEEACC4_1;ANNEEACC4_2;ANNEEACC4_3;ANNEEACC4_4;ANNEEACC4_5;NBACC5;ACCFREQUENCE5;ANNEEACC5_1;ANNEEACC5_2;ANNEEACC5_3;ANNEEACC5_4;ANNEEACC5_5;NBACC6;ACCFREQUENCE6;ANNEEACC6_1;ANNEEACC6_2;ANNEEACC6_3;ANNEEACC6_4;ANNEEACC6_5;NBACC7;ACCFREQUENCE7;ANNEEACC7_1;ANNEEACC7_2;ANNEEACC7_3;ANNEEACC7_4;ANNEEACC7_5;NBACC8;ACCFREQUENCE8;ANNEEACC8_1;ANNEEACC8_2;ANNEEACC8_3;ANNEEACC8_4;ANNEEACC8_5;NBACC9;ACCFREQUENCE9;ANNEEACC9_1;ANNEEACC9_2;ANNEEACC9_3;ANNEEACC9_4;ANNEEACC9_5;NBACC10;ACCFREQUENCE10;ANNEEACC10_1;ANNEEACC10_2;ANNEEACC10_3;ANNEEACC10_4;ANNEEACC10_5;NBACC11;ACCFREQUENCE11;ANNEEACC11_1;ANNEEACC11_2;ANNEEACC11_3;ANNEEACC11_4;ANNEEACC11_5;NBACC12;ACCFREQUENCE12;ANNEEACC12_1;ANNEEACC12_2;ANNEEACC12_3;ANNEEACC12_4;ANNEEACC12_5;NBACC13;ACCFREQUENCE13;ANNEEACC13_1;ANNEEACC13_2;ANNEEACC13_3;ANNEEACC13_4;ANNEEACC13_5;NBACC14;ACCFREQUENCE14;ANNEEACC14_1;ANNEEACC14_2;ANNEEACC14_3;ANNEEACC14_4;ANNEEACC14_5;AUTRESACC;NBAUTRESACC;ANNEEAUTREACC1;ANNEEAUTREACC2;ANNEEAUTREACC3;ANNEEAUTREACC4;ANNEEAUTREACC5;LIEUAUTREACC1;LIEUAUTREACC2;LIEUAUTREACC3;LIEUAUTREACC4;LIEUAUTREACC5;DESCRIPTIONAUTRESACC1;DESCRIPTIONAUTRESACC2;DESCRIPTIONAUTRESACC3;DESCRIPTIONAUTRESACC4;DESCRIPTIONAUTRESACC5;NBAUTRESACCCIRCUIT;NBAUTRESTOUTTERRAIN;EXPCYCLO;EXP125;EXPSUP125;ACCORDNEXTQ;CHOIXACC;RGPMTACC;RECUPANNEE;RECUPLIEU;RECUPANNE;RGPMTAC;CHOIX1;CHOIX2;CHOIX3;CHOIX4;CHOIX5;CHOIX6;CHOIX7;DESCRIPTION;RUPTURE;FAITS;ABS_REACTION;AUTRE_REACTION;PRECISIONREACTIONOUI;RECUL;PRECISIONREACTIONNON;IMPACTCOMPORTEMENT;AUTREUSAGER;REACTIONAUTREUSAGER;CONNAISSANCEREACTIONUSAGER;DIFFICULTES;AGGRAVATION;DIFFICULTES2;EMOTIONS1;EMOTIONS2;EMOTIONS3;EMOTIONS4;EMOTIONS5;EMOTIONS6;AUTRESENTIMENT;CLASSEMENTEMOTIONS1;CLASSEMENTEMOTIONS;CLASSEMENTEMOTIONS5;CLASSEMENTEMOTIONS6;CLASSEMENTEMOTIONS7;CLASSEMENTEMOTIONS8;CLASSEMENTEMOTIONS9;EXPLICATIONRESSENTI;BIENEQUIPE;ALLURE;ALLUREVITEDETAIL;ALLURELENTEDETAIL;SITUATIONPRESSE;SITUATIONDISTRAIT;SITUATIONCONFIANT;SITUATIONCONTROLE;SITUATIONLUDIQUE;SITUATIONPERF;SITUATIONSTRESS;SITUATIONFATIGUE;HUMEURNEUTRE;HUMEURGAI;HUMEURMECONTENT;HUMEURTRISTE;HUMEURCOLERE;CONTRIBUTION1;CONTRIBUTION2;CONTRIBUTION3;CONTRIBUTION4;CONTRIBUTION5;CONTRIBUTION6;CONTRIBUTION7;CONTRIBUTION8;CONTRIBUTION9;ROLEINFRA;ELEMENTINFRA1;ELEMENTINFRA2;ELEMENTINFRA3;ELEMENTINFRA4;ELEMENTINFRA5;ELEMENTINFRA6;ELEMENTINFRA7;ELEMENTINFRA8;ELEMENTINFRA9;ALCOOL;TXALCOOL;STUP;SEMAINE;MOMENTJOURNEE;TEMPS;CAUSEACC1;CAUSEACC2;CAUSEACC3;CAUSEACC4;CAUSEACC5;FORMATIONCAUSE;FORMATION1;FORMATION2;FORMATION3;FORMATION4;FORMATION5;TRAFIC;CHAUSSEE1;CHAUSSEE2;CHAUSSEE3;CHAUSSEE4;TYPEACC;BLESSURE;TETE;COU;THORAX;MEMBRESSUP;COLONNE;BASSIN;MEMBRESINF;HOPITAL;PLUS24H;TRAJET;TYPEROUTE;MOTIF;SENSTRAJET;PASSAGER;VITESSE;DESCEQ1;DESCEQ2;DESCEQ3;DESCEQ4;DESCEQ5;DESCEQ6;DESCEQ7;DESCEQ8;DESCEQ9;DESCEQ10;VEHICULEETE;VEHICULEAUTOMNE;VEHICULEPRINTEMPS;VEHICULEHIVER;VEHICULESEMAINE;VEHICULEWE;VEHMARQUE;VEHCYLINDREE;VEHMODELE;VEHSEGMENT;VEHSIDE;EQ2RMABS;EQ2RMCBS;EQ2RMABSCBS;EQ2RMREGULATEUR;EQ2RMLIMITEUR;EQ2RMPHARESDIRECT;EQ2RMCOUPURE;EQ2RMANTIPATINAGE;EQ2RMANTIXHEELING;EQ2RMSTABILILTE;VEHKM;POINTS;DUREE;AUTRE2RM;VEHPRECMARQUE;VEHPRECCYLINDREE;VEHPRECMODELE;VEHPRECSEGMENT;VEHPRECSIDE;TEMPS2RMPREC;FREQVEHPREC;DATE_NAISS;CSP;SOCIETAIRE;SALARIE;SECTEUR2RM;NBPERSFOYER;SITFAM;NBENF;TRNBENF1;TRNBENF2;TRNBENF3;TRNBENF4;NBAUTOFOYER;NBCYCLOFOYER;NBSCOOTFOYER;NBMOTOFOYER;NBTRIKEFOYER;NB2RMCONDUIT;MARQUE1;CYLINDREE1;MODELE1;SEGMENT1;SIDE1;ANMISECIRCU1;ASS1;FREQ1;USAGE1;NBKM1;GARAGE1;MARQUE2;CYLINDREE2;MODELE2;SEGMENT2;SIDE2;ANMISECIRCU2;ASS2;FREQ2;USAGE2;NBKM2;GARAGE2;MARQUE3;CYLINDREE3;MODELE3;SEGMENT3;SIDE3;ANMISECIRCU3;ASS3;FREQ3;USAGE3;NBKM3;GARAGE3;MARQUE4;CYLINDREE4;MODELE4;SEGMENT4;SIDE4;ANMISECIRCU4;ASS4;FREQ4;USAGE4;NBKM4;GARAGE4;MARQUE5;CYLINDREE5;MODELE5;SEGMENT5;SIDE5;ANMISECIRCU5;ASS5;FREQ5;USAGE5;NBKM5;GARAGE5;NBKMTOT;PERMIS1;PERMIS2;PERMIS3;PERMIS4;PERMIS5;PERMIS6;PERMIS7;PERMIS8;PERMIS9;ANPERMIS1;ANPERMIS6;ANPERMIS7;ANPERMIS2;ANPERMIS3;ANPERMIS8;ANPERMIS9;ANPERMIS4;ANPERMIS5
354;4358;;1;0;5;;;;;;0;5;;;;;;1;5;2005;;;;;0;5;;;;;;0;5;;;;;;0;4;;;;;;0;5;;;;;;1;5;2006;;;;;1;5;1991;;;;;0;4;;;;;;0;5;;;;;;0;3;;;;;;0;5;;;;;;0;4;;;;;;0;;;;;;;;;;;;;;;;;;;40;10;26;1;36;8;2006;;;;;;;;;;;;;;;;;;;;;;;;;;;;;;;;;;;;;;;;;;;;;;;;;;;;;;;;;;;;;;;;;;;;;;;;;;;;;;;;;;;;;;;;;;;;;;;;;;;;;;;;;;;;;;;;;;;;;;;;;;;;;;;;;;;;;;;;;;;;;;;;;;;;;;;;;;;;;;20JUN1965;6;2;3;2;5;4;3;NRP;;;;3;2;1;2;0;5;DUCATI;1100;HYPERMOTARD;TRAIL / SUPERMOTARD;2;2007;29;2;2;7000;7;PUCH;250;BASIQUE;ROADSTER;2;1951;29;4;1;200;7;YAMAHA;100;NEO'S;SCOOTER;2;2001;29;3;2;1500;7;DERBI;50;ATLANTIS;SCOOTER;2;2005;29;2;1;4000;7;PEUGEOT;50;TKR;SCOOTER;2;2008;29;2;1;2000;7;14700;3;4;;;;;;;;NRP;NRP;NRP;NRP;1984;NRP;NRP;1984;NRP
876;4365;;0;;;;;;;;;;;;;;;;;;;;;;;;;;;;;;;;;;;;;;;;;;;;;;;;;;;;;;;;;;;;;;;;;;;;;;;;;;;;;;;;;;;;;;;;;;;;;;;;;;;;;;;;;;;;;;;;;;;;;;;;;;;;;;;;;;;;;;;;;;;;;;;;;;;;;;;;;;;;;;;;;;;;;;;;;;;;;;;;;;;;;;;;;;;;;;;;;;;;;;;;;;;;;;;;;;;;;;;;;;;;;;;;;;;;;;;;;;;;;;;;;;;;;;;;;;;;;;;;;;;;;;;;;;;;;;;;;;;;;;;;;;10MAY1974;8;2;3;2;2;3;;NRP;;;;2;1;0;3;0;4;SUZUKI;1300;GSX-R  HAYABUSA;Routière / GT;2;2006;10;3;1;10000;7;SUZUKI;500;GS-F CARENEE;ROADSTER;2;2004;10;3;1;4000;7;KAWASAKI;650;TENGAI;TRAIL / SUPERMOTARD;2;1990;10;4;1;1000;7;MOTOCONFORT;50;40;ROADSTER;2;1971;40;3;2;800;7;;;;;;;;;;;;15800;3;4;;;;;;;;NRP;NRP;NRP;NRP;1994;NRP;NRP;1992;NRP
1698;4367;;1;0;3;;;;;;0;6;;;;;;0;6;;;;;;0;3;;;;;;0;4;;;;;;0;5;;;;;;0;3;;;;;;0;4;;;;;;0;3;;;;;;0;5;;;;;;0;5;;;;;;0;2;;;;;;0;4;;;;;;0;3;;;;;;1;1;2002;;;;;cestas;;;;;"a l'arrêt derrière un véhicule utilitaire, celui ci s'est mis à reculer pour contourner un obstacle et venir se garer. Il m'a été impossible de reculer, le véhicule à ""escaladé"" ma roue avant, coinçant la moto. je n'ai pu que descendre de la moto, puis la voir se renverser.";;;;;0;0;0;0;20;1;71;15;2002;cestas;;;;;;;;;;;;;;;;;;;;;;;;;;;;;;;;;;;;;;;;;;;;;;;;;;;;;;;;;;;;;;;;;;;;;;;;;;;;;;;;;;;;;;;;;;;;;;;;;;;;;;;;;;;;;;;;;;;;;;;;;;;;;;;;;;;;;;;;;;;;;;;;;;;;;;;;;;;;;14OCT1962;4;1;3;2;4;4;2;NRP;;;;2;1;0;1;0;1;BMW;1200;R1200GS;TRAIL / SUPERMOTARD;2;2008;37;2;2;7000;7;;;;;;;;;;;;;;;;;;;;;;;;;;;;;;;;;;;;;;;;;;;;;7000;3;4;;;;;;;;NRP;NRP;NRP;NRP;1996;NRP;NRP;1981;NRP
396;4368;433;1;0;6;;;;;;0;4;;;;;;0;5;;;;;;0;4;;;;;;0;5;;;;;;0;2;;;;;;0;4;;;;;;0;6;;;;;;0;4;;;;;;0;1;;;;;;0;5;;;;;;0;2;;;;;;0;4;;;;;;0;5;;;;;;1;1;2012;;;;;Pau (64000);;;;;"Arreté à  l'entrée d'un rond-point en attendant mon tour pour m'y engager, j'ai été percuté par l'arriere par une voiture qui n'a pas jugé bon de freiner. ""je vous avais vu mais comme les motards demarrent toujours vite, je n'ai pas freiné !"" m'a dit la conductrice (elle même scootiste à ses heures...)";;;;;0;0;5;5;1;1;71;15;2012;Pau (64000);2012;Autre(s) type(s) d'accident(s).;1;2;3;4;5;6;AUT|le + con aussi !;"samedi aprem'. beau temps.  route seche.  zone indus-commeciale. bcp de monde. arreté à un rond-point, j'attends de pouvoir m'engager. choc à l'arriere, ma plaque d'immatriculation me double et ma tete part en arriere. je perds l'équilibre et tombe comme de la confiture de sa tartine. je me releve et regarde ma becane.  une femme d'une quarantaine d'années sort de la voiture derriere et trop pres de moi et me dit: ""ça va? je vous avais vu mais comme les motos demarrent toujours tres vite, je n'ai pas freiné !"" j'ai eu du mal à ne pas devenir impoli, et lui ai prié de se concentrer sur sa conduite au lieu d'imaginer les reactions des autres.  ""c'est mon premier accident avec une moto. j'y fais tres attention parce que je roule en scooter la semaine!""a-t-elle cru bon de rajouter. j'ai garé ma brele à l'ombre et me suis roulé une clope avant de faire le constat...";"heu.... la connerie d'une conductrice?  j'ai bon, là?   ou alors ""erreur d'inattention d'une caisseuse !""";"assis au point mort sur ma becane, je me suis retrouvé à essayer de pas tomber suite au choc que je n'ai absolument pas vu, entendu ou sentir venir. puis je suis tombé comme une bouse !  reaction ""sympa"" du tiers qui s'est excusé betement et qui a compris qu'il valait mieux me foutre la paix 5mn avant de discuter...  du coup, apres, le constat s'est deroulé ""à l'amiable"".";3;0;;;rien vu venir...;2;1;2;;mauvaise interpretation de mon attitude au guidon prise pour une decision de demarrer;1;si elle avait freinée, c'te conne, elle m'aurait pas rentré dedans. CQFD!;7;;;;;;;;;;;;;;;3;4;;;1;1;4;4;2;1;1;1;3;4;4;4;4;10;;;;;;;;;2;;;;;;;;;2;2;;2;2;1;1;0;100;0;0;0;2;;;;;;3;1;;;;1;;;;;;;;;;;2;AUT|zone commerciale;3;;0;0;1;2;3;4;7;9;;;;;4;4;4;4;4;4;DAELIM;125;ROADSPORT R;Routière / GT;2;1;1;1;1;1;1;1;1;1;1;15000;12;3;1;HONDA;125;CB-S3;ROADSTER;2;4;3;22MAY1966;2;1;3;2;2;3;;NRP;;;;2;0;0;2;0;2;DAELIM;125;ROADSPORT R;Routière / GT;2;2011;37;2;1;10000;7;HONDA;125;CB-S3;ROADSTER;2;1976;37;3;1;3000;7;;;;;;;;;;;;;;;;;;;;;;;;;;;;;;;;;;13000;4;;;;;;;;;NRP;NRP;NRP;NRP;NRP;NRP;NRP;1985;NRP
914;4369;452;1;1;6;1986;;;;;0;6;;;;;;0;6;;;;;;0;3;;;;;;1;6;1986;;;;;0;5;;;;;;0;2;;;;;;0;3;;;;;;1;3;1996;;;;;0;2;;;;;;0;4;;;;;;0;3;;;;;;1;4;1980;;;;;0;5;;;;;;0;;;;;;;;;;;;;;;;;;;4;3;37;1;1;1;1986;;1986;Vous circuliez sur un axe prioritaire. Un autre véhicule arrivant sur le même axe en sens opposé vous a coupé la route en tournant à gauche.;4;6;;;;;;"Accident assez banal il est 21h, il fait nuit, le feu est vert, je vais tout droit. La voie d'en face n'est affectée qu'au couloir de bus. A cet endroit les bus vont toujours (?) tout droit. Il n'y a donc pour moi et mon petit cerveau aucune raison de me faire couper la route.  Mais une voiture circule dans ce couloir de bus ; je la perçois au dernier moment alors qu'elle entame un tourne à gauche en me coupant la route.  Dans un premier temps je fais un écart pensant lui laisser le temps de s'arrêter. Mais elle ne s'arrête pas et percute l'avant de la moto avec l'avant de son pare choc. Je passe par dessus la moto et je tombe à 10cm d'un parapet métallique protégeant les piétons à cet endroit. L'automobiliste affirme que j'ai grillé le rouge et qu'au moment de l'accident il ne venait pas du couloir de bus mais de l'axe dans lequel il s'engageait. Axe perpendiculaire au mien donc ayant possiblement le vert si moi j'ai le rouge. On appelle les secours et à l'arrivée des policiers je suis dans l'ambulance et c'est un témoin rentrant chez lui au moment de l'accident qui viendra soutenir ma version auprès des policiers. Sans ce témoin je finissais avec un 50 50. Entorse de la cheville et du poignet rien de bien grave si ce n'est des rhumatismes plus fréquents 30 ans après.";"1 ) Traversée d'un carrefour en pensant que tout ce passera selon la règle. Cela entraine un manque d'attention à ce qui pourrait se passer même si cela parfait imprévisible. 2 ) Penser que ""ça va le faire"" avec un évitement en comptant sur la réaction de l'autre. Comme l'autre ne me filme toujours pas le pronostic s'avère erroné.";Je tente un évitement qui ne suffit pas. Je ne sais plus si j'ai freiné en même temps peut être un peu de l'arrière. Certainement pas de l'avant c'est pas dans mes automatismes d'éviter en freinant de l'avant de plus cela aurait fait chuter la moto avant le choc. L'autre conducteur ne modifie rien une réaction de sa part aurait pu me permettre de passer devant. On arrive au choc.;NRP;1;"Une fois la situation engagée rien. Mais c'est en amont qu'il était possible de détecter sa présence et la probabilité qu'il en reste pas sur ce couloir de bus se sachant certainement en infraction. Il y avait de fortes chance qu'il toune à ce moment pour s'échapper du couloir.  Donc une approche plus ""aux aguets"" aurait pu éviter le choc.";30 ans d'expérience en moins !!!!!! De nombreuses lectures sur les réactions humaines et leur influence dans les accidents , sur la particularité des accidents motos. Presse, FFMC, sites spécialisés....;;2;1;2;;Certainement pressé de quitter sa situation en infraction dans un couloir de bus. Pas perçu ou pas identifié le 2RM en face de lui.;1;c'est même la cause de l'accident.;2;6;9;;;;Un lâché prise;;1;;;;2;3;Le comportement de l'autre ne rentrait pas dans mon shèma de prédiction.;2;3;;;2;2;4;4;1;1;1;2;1;3;4;4;4;4;5;;;;;;;;1;4;;;;;;;;2;2;;2;1;3;2;15;85;0;0;0;1;3;;;;;2;2;;;;2;1;4;7;;;;;;1;0;1;1;3;;0;50;1;10;3;4;7;;;;;;4;4;4;3;3;4;SUZUKI;1100;GSX1100ESD;Routière / GT;2;1;1;1;1;1;1;1;1;1;1;40000;0;4;1;YAMAHA;600;XTZ TENERE;TRAIL / SUPERMOTARD;2;4;3;21APR1959;4;1;3;1;4;4;2;NRP;;;;2;1;1;5;0;5;BMW;1200;R1200RT;Routière / GT;2;2012;40;1;3;15000;AUT|La nuit au garage le jour dans la rue;YAMAHA;1200;FJ;Routière / GT;1;1986;40;4;1;1500;7;YAMAHA;660;MT03;ROADSTER;2;2011;37;2;2;2000;7;YAMAHA;500;XT;TRAIL / SUPERMOTARD;2;1989;37;4;1;1000;7;DUCATI;1000;MONSTER S2R;ROADSTER;2;2008;40;3;1;2500;7;22000;2;3;4;7;8;9;;;;NRP;NRP;1977;1977;1979;1979;1979;1977;NRP
436;4370;174;1;0;2;;;;;;0;2;;;;;;0;2;;;;;;0;3;;;;;;0;2;;;;;;0;2;;;;;;0;2;;;;;;1;3;1985;;;;;2;2;1983;1988;;;;0;2;;;;;;0;2;;;;;;0;2;;;;;;0;2;;;;;;0;1;;;;;;1;1;1988;;;;;Miramas;;;;;"Remontant 1 bouchon,1 voiture a ouvert sa portière,j'ai perdu l'avant pour l'éviter et me suis retrouvé vivant""ouf"" sous 1 semi-remorque.";;;;;0;0;3;0;31;1;71;15;1988;Miramas;1988;Autre(s) type(s) d'accident(s).;3;5;6;;;;;"Eté 1988,l'autoroute Salons-Nimes n'existait pas et toute la circulation se passait par la nationale.Je remontais 1 bouchon avant St Martin de Crau à maximum 30km/h.Je devais me rabattre car un 38 tonnes arrivait en face.C'est à ce moment là qu'1 portière c'est ouverte et en voulant l'éviter,j'ai perdu l'avant.Dans la chute,j'ai tapé la tète la 1ère et donc perte de connaissance.Quand je suis revenu à moi,mon corps était engagé de moitié sous le camion et ma tète à 20cm du pneu avant gauche.Personne ne m'avait touché me croyant sans doute mort,le routier avait tenté l'impossible pour éviter le carnage et l'avait réussi.Je n'ai jamais su qui avait ouvert la porte,avait il regardé dans le rétro ou pas? Etais-je déjà dans son angle mort? Mais j'ai toujours en mémoire""la joie nerveuse""du routier quand il a réalisé que j'étais  en vie.Hormis la perte de connaissance,je n'ai eu aucunes contusions ni blessures(merci la faible vitesse)et 3h plus tard,je repartais sur ma moto pour rentrer chez moi dans l'Hérault à 200km du lieu de l'accident.Je n'ai jamais regardais les poids lourds de travers,j'étais routier international à cette époque là mais je suis d'1 extrème prudence quand je me retrouve dans 1 situation pareille ou quand je fais de l'inter-file.";Ouverture de portière conducteur;Je me souviens de l'ouverture de la porte à mème pas 10m devant moi,ma tentative d'évitement et l'urgence de me rabattre puis perte de connaissance.;NRP;0;;;J'étais trop près de la porte,je risquais de percuter le conducteur et le poids lourd arrivais en face.;2;1;1;AUT|A réussi à stopper son camion;L'angoisse de provoquer la mort de quelqu'1;2;Grace à la maitrise de son véhicule,je suis toujours en vie;1;6;;;;;;2;;;;;1;;Non maitrise de la moto par effet de surprise à faible vitesse;4;3;;;1;1;4;4;1;1;1;1;1;1;4;4;4;7;;;;;;;;;2;;;;;;;;;2;2;;2;1;1;1;25;75;0;0;0;2;;;;;;4;1;;;;1;;;;;;;;;;;2;2;1;2;0;30;1;10;2;3;5;;;;;;4;4;4;4;4;4;BMW;1000;R100RT;Routière / GT;2;1;1;1;1;1;1;1;1;1;1;15000;12;2;1;KAWASAKI;900;Z900;ROADSTER;2;4;4;16AUG1965;1;1;3;2;1;1;;NRP;;;;1;0;0;1;0;1;BMW;1000;R100RT;Routière / GT;2;1988;37;2;1;7000;7;;;;;;;;;;;;;;;;;;;;;;;;;;;;;;;;;;;;;;;;;;;;;7000;4;3;;;;;;;;NRP;NRP;NRP;NRP;1983;NRP;NRP;1983;NRP
1570;4371;;0;;;;;;;;;;;;;;;;;;;;;;;;;;;;;;;;;;;;;;;;;;;;;;;;;;;;;;;;;;;;;;;;;;;;;;;;;;;;;;;;;;;;;;;;;;;;;;;;;;;;;;;;;;;;;;;;;;;;;;;;;;;;;;;;;;;;;;;;;;;;;;;;;;;;;;;;;;;;;;;;;;;;;;;;;;;;;;;;;;;;;;;;;;;;;;;;;;;;;;;;;;;;;;;;;;;;;;;;;;;;;;;;;;;;;;;;;;;;;;;;;;;;;;;;;;;;;;;;;;;;;;;;;;;;;;;;;;;;;;;;;;07JAN1992;7;2;3;2;1;1;;NRP;;;;1;0;0;1;0;1;DUCATI;600;MONSTER;ROADSTER;2;2000;28;3;1;8000;4;;;;;;;;;;;;;;;;;;;;;;;;;;;;;;;;;;;;;;;;;;;;;8000;1;3;4;;;;;;;2006;NRP;NRP;NRP;2011;NRP;NRP;2010;NRP
1886;4372;;1;0;2;;;;;;0;5;;;;;;0;5;;;;;;0;2;;;;;;1;5;1984;;;;;0;3;;;;;;0;3;;;;;;0;3;;;;;;2;6;1979;1984;;;;0;3;;;;;;0;4;;;;;;0;4;;;;;;0;2;;;;;;1;2;1982;;;;;1;1;2009;;;;;Beaucaire (30);;;;;Sur une route un peu surélevée par rapport aux vignes, une voiture arrivait en face en doublant une file de véhicules ne nous a pas vu (feu de croisement allumé et vitesse modérée), choc face à face inévitable. Ma passagère et moi projetés à 15 mètres avec chacun un morceau de jambe en moins.;;;;;3;0;7;2;36;1;71;15;2009;Beaucaire (30);;;;;;;;;;;;;;;;;;;;;;;;;;;;;;;;;;;;;;;;;;;;;;;;;;;;;;;;;;;;;;;;;;;;;;;;;;;;;;;;;;;;;;;;;;;;;;;;;;;;;;;;;;;;;;;;;;;;;;;;;;;;;;;;;;;;;;;;;;;;;;;;;;;;;;;;;;;;;29NOV1959;9;2;3;2;2;3;;NRP;;;;1;0;0;1;0;1;BMW;1150;R1150R;ROADSTER;1;2004;29;3;1;10000;7;;;;;;;;;;;;;;;;;;;;;;;;;;;;;;;;;;;;;;;;;;;;;10000;3;4;;;;;;;;NRP;NRP;NRP;NRP;1977;NRP;NRP;1978;NRP
1989;4375;;1;0;4;;;;;;0;5;;;;;;1;6;1978;;;;;0;3;;;;;;1;5;2013;;;;;0;6;;;;;;0;2;;;;;;0;3;;;;;;2;4;1986;2003;;;;0;2;;;;;;0;5;;;;;;0;2;;;;;;0;4;;;;;;0;4;;;;;;1;1;2010;;;;;Rognes;;;;;De nuit sur route de campagne, un sanglier est sorti au galop d'une vigne sur ma droite à quelques mètres devant moi, je roulais aux environs de 100km/h, pas eu le temps de prendre les freins, il a heurté ma roue avant, ma moto s'est couchée j'ai glissé sur plusieurs mètres, équipé tout cuir je me suis juste tordu le petit doigt, j'ai rien touché. Lui par contre était bien sonné.Tellement content de rien avoir, je n'ai même pas pensé à le déclarer à la Mut' bien qu'assuré ts risques et avec témoin svp !!! Je suis content j'ai rien eu !;;;;;0;0;3;4;31;1;11;3;1978;;;;;;;;;;;;;;;;;;;;;;;;;;;;;;;;;;;;;;;;;;;;;;;;;;;;;;;;;;;;;;;;;;;;;;;;;;;;;;;;;;;;;;;;;;;;;;;;;;;;;;;;;;;;;;;;;;;;;;;;;;;;;;;;;;;;;;;;;;;;;;;;;;;;;;;;;;;;;;23MAR1960;5;1;3;2;4;4;2;NRP;;;;2;0;0;2;0;2;BMW;1150;R1150GS;TRAIL / SUPERMOTARD;2;2003;37;3;2;2000;7;MOTO GUZZI;1200;SPORT;ROADSTER;2;2010;37;2;2;10000;7;;;;;;;;;;;;;;;;;;;;;;;;;;;;;;;;;;12000;4;3;2;;;;;;;NRP;NRP;NRP;1977;1984;NRP;NRP;1979;NRP