Ligne;Ligne Q qualif;Ligne approfondissement Accident;ACCIDENT;NBACC1;ACCFREQUENCE1;ANNEEACC1_1;ANNEEACC1_2;ANNEEACC1_3;ANNEEACC1_4;ANNEEACC1_5;NBACC2;ACCFREQUENCE2;ANNEEACC2_1;ANNEEACC2_2;ANNEEACC2_3;ANNEEACC2_4;ANNEEACC2_5;NBACC3;ACCFREQUENCE3;ANNEEACC3_1;ANNEEACC3_2;ANNEEACC3_3;ANNEEACC3_4;ANNEEACC3_5;NBACC4;ACCFREQUENCE4;ANNEEACC4_1;ANNEEACC4_2;ANNEEACC4_3;ANNEEACC4_4;ANNEEACC4_5;NBACC5;ACCFREQUENCE5;ANNEEACC5_1;ANNEEACC5_2;ANNEEACC5_3;ANNEEACC5_4;ANNEEACC5_5;NBACC6;ACCFREQUENCE6;ANNEEACC6_1;ANNEEACC6_2;ANNEEACC6_3;ANNEEACC6_4;ANNEEACC6_5;NBACC7;ACCFREQUENCE7;ANNEEACC7_1;ANNEEACC7_2;ANNEEACC7_3;ANNEEACC7_4;ANNEEACC7_5;NBACC8;ACCFREQUENCE8;ANNEEACC8_1;ANNEEACC8_2;ANNEEACC8_3;ANNEEACC8_4;ANNEEACC8_5;NBACC9;ACCFREQUENCE9;ANNEEACC9_1;ANNEEACC9_2;ANNEEACC9_3;ANNEEACC9_4;ANNEEACC9_5;NBACC10;ACCFREQUENCE10;ANNEEACC10_1;ANNEEACC10_2;ANNEEACC10_3;ANNEEACC10_4;ANNEEACC10_5;NBACC11;ACCFREQUENCE11;ANNEEACC11_1;ANNEEACC11_2;ANNEEACC11_3;ANNEEACC11_4;ANNEEACC11_5;NBACC12;ACCFREQUENCE12;ANNEEACC12_1;ANNEEACC12_2;ANNEEACC12_3;ANNEEACC12_4;ANNEEACC12_5;NBACC13;ACCFREQUENCE13;ANNEEACC13_1;ANNEEACC13_2;ANNEEACC13_3;ANNEEACC13_4;ANNEEACC13_5;NBACC14;ACCFREQUENCE14;ANNEEACC14_1;ANNEEACC14_2;ANNEEACC14_3;ANNEEACC14_4;ANNEEACC14_5;AUTRESACC;NBAUTRESACC;ANNEEAUTREACC1;ANNEEAUTREACC2;ANNEEAUTREACC3;ANNEEAUTREACC4;ANNEEAUTREACC5;LIEUAUTREACC1;LIEUAUTREACC2;LIEUAUTREACC3;LIEUAUTREACC4;LIEUAUTREACC5;DESCRIPTIONAUTRESACC1;DESCRIPTIONAUTRESACC2;DESCRIPTIONAUTRESACC3;DESCRIPTIONAUTRESACC4;DESCRIPTIONAUTRESACC5;NBAUTRESACCCIRCUIT;NBAUTRESTOUTTERRAIN;EXPCYCLO;EXP125;EXPSUP125;ACCORDNEXTQ;CHOIXACC;RGPMTACC;RECUPANNEE;RECUPLIEU;RECUPANNE;RGPMTAC;CHOIX1;CHOIX2;CHOIX3;CHOIX4;CHOIX5;CHOIX6;CHOIX7;DESCRIPTION;RUPTURE;FAITS;ABS_REACTION;AUTRE_REACTION;PRECISIONREACTIONOUI;RECUL;PRECISIONREACTIONNON;IMPACTCOMPORTEMENT;AUTREUSAGER;REACTIONAUTREUSAGER;CONNAISSANCEREACTIONUSAGER;DIFFICULTES;AGGRAVATION;DIFFICULTES2;EMOTIONS1;EMOTIONS2;EMOTIONS3;EMOTIONS4;EMOTIONS5;EMOTIONS6;AUTRESENTIMENT;CLASSEMENTEMOTIONS1;CLASSEMENTEMOTIONS;CLASSEMENTEMOTIONS5;CLASSEMENTEMOTIONS6;CLASSEMENTEMOTIONS7;CLASSEMENTEMOTIONS8;CLASSEMENTEMOTIONS9;EXPLICATIONRESSENTI;BIENEQUIPE;ALLURE;ALLUREVITEDETAIL;ALLURELENTEDETAIL;SITUATIONPRESSE;SITUATIONDISTRAIT;SITUATIONCONFIANT;SITUATIONCONTROLE;SITUATIONLUDIQUE;SITUATIONPERF;SITUATIONSTRESS;SITUATIONFATIGUE;HUMEURNEUTRE;HUMEURGAI;HUMEURMECONTENT;HUMEURTRISTE;HUMEURCOLERE;CONTRIBUTION1;CONTRIBUTION2;CONTRIBUTION3;CONTRIBUTION4;CONTRIBUTION5;CONTRIBUTION6;CONTRIBUTION7;CONTRIBUTION8;CONTRIBUTION9;ROLEINFRA;ELEMENTINFRA1;ELEMENTINFRA2;ELEMENTINFRA3;ELEMENTINFRA4;ELEMENTINFRA5;ELEMENTINFRA6;ELEMENTINFRA7;ELEMENTINFRA8;ELEMENTINFRA9;ALCOOL;TXALCOOL;STUP;SEMAINE;MOMENTJOURNEE;TEMPS;CAUSEACC1;CAUSEACC2;CAUSEACC3;CAUSEACC4;CAUSEACC5;FORMATIONCAUSE;FORMATION1;FORMATION2;FORMATION3;FORMATION4;FORMATION5;TRAFIC;CHAUSSEE1;CHAUSSEE2;CHAUSSEE3;CHAUSSEE4;TYPEACC;BLESSURE;TETE;COU;THORAX;MEMBRESSUP;COLONNE;BASSIN;MEMBRESINF;HOPITAL;PLUS24H;TRAJET;TYPEROUTE;MOTIF;SENSTRAJET;PASSAGER;VITESSE;DESCEQ1;DESCEQ2;DESCEQ3;DESCEQ4;DESCEQ5;DESCEQ6;DESCEQ7;DESCEQ8;DESCEQ9;DESCEQ10;VEHICULEETE;VEHICULEAUTOMNE;VEHICULEPRINTEMPS;VEHICULEHIVER;VEHICULESEMAINE;VEHICULEWE;VEHMARQUE;VEHCYLINDREE;VEHMODELE;VEHSEGMENT;VEHSIDE;EQ2RMABS;EQ2RMCBS;EQ2RMABSCBS;EQ2RMREGULATEUR;EQ2RMLIMITEUR;EQ2RMPHARESDIRECT;EQ2RMCOUPURE;EQ2RMANTIPATINAGE;EQ2RMANTIXHEELING;EQ2RMSTABILILTE;VEHKM;POINTS;DUREE;AUTRE2RM;VEHPRECMARQUE;VEHPRECCYLINDREE;VEHPRECMODELE;VEHPRECSEGMENT;VEHPRECSIDE;TEMPS2RMPREC;FREQVEHPREC;DATE_NAISS;CSP;SOCIETAIRE;SALARIE;SECTEUR2RM;NBPERSFOYER;SITFAM;NBENF;TRNBENF1;TRNBENF2;TRNBENF3;TRNBENF4;NBAUTOFOYER;NBCYCLOFOYER;NBSCOOTFOYER;NBMOTOFOYER;NBTRIKEFOYER;NB2RMCONDUIT;MARQUE1;CYLINDREE1;MODELE1;SEGMENT1;SIDE1;ANMISECIRCU1;ASS1;FREQ1;USAGE1;NBKM1;GARAGE1;MARQUE2;CYLINDREE2;MODELE2;SEGMENT2;SIDE2;ANMISECIRCU2;ASS2;FREQ2;USAGE2;NBKM2;GARAGE2;MARQUE3;CYLINDREE3;MODELE3;SEGMENT3;SIDE3;ANMISECIRCU3;ASS3;FREQ3;USAGE3;NBKM3;GARAGE3;MARQUE4;CYLINDREE4;MODELE4;SEGMENT4;SIDE4;ANMISECIRCU4;ASS4;FREQ4;USAGE4;NBKM4;GARAGE4;MARQUE5;CYLINDREE5;MODELE5;SEGMENT5;SIDE5;ANMISECIRCU5;ASS5;FREQ5;USAGE5;NBKM5;GARAGE5;NBKMTOT;PERMIS1;PERMIS2;PERMIS3;PERMIS4;PERMIS5;PERMIS6;PERMIS7;PERMIS8;PERMIS9;ANPERMIS1;ANPERMIS6;ANPERMIS7;ANPERMIS2;ANPERMIS3;ANPERMIS8;ANPERMIS9;ANPERMIS4;ANPERMIS5
1605;4395;;1;0;3;;;;;;1;5;1995;;;;;0;3;;;;;;0;2;;;;;;0;3;;;;;;0;3;;;;;;0;1;;;;;;0;2;;;;;;0;3;;;;;;0;2;;;;;;0;2;;;;;;0;2;;;;;;0;3;;;;;;0;3;;;;;;0;;;;;;;;;;;;;;;;;;;15;2;17;1;6;2;1995;;;;;;;;;;;;;;;;;;;;;;;;;;;;;;;;;;;;;;;;;;;;;;;;;;;;;;;;;;;;;;;;;;;;;;;;;;;;;;;;;;;;;;;;;;;;;;;;;;;;;;;;;;;;;;;;;;;;;;;;;;;;;;;;;;;;;;;;;;;;;;;;;;;;;;;;;;;;;;09SEP1958;5;1;3;2;3;4;1;NRP;;;;3;0;0;1;0;1;YAMAHA;1300;FJR ABS  AS;Routière / GT;2;2008;37;1;2;10000;7;;;;;;;;;;;;;;;;;;;;;;;;;;;;;;;;;;;;;;;;;;;;;10000;2;3;4;;;;;;;NRP;NRP;NRP;2001;1976;NRP;NRP;1976;NRP
1159;4396;376;1;0;2;;;;;;0;5;;;;;;0;5;;;;;;0;5;;;;;;0;2;;;;;;0;5;;;;;;1;2;1980;;;;;0;3;;;;;;0;3;;;;;;0;3;;;;;;0;3;;;;;;0;2;;;;;;0;1;;;;;;0;3;;;;;;0;;;;;;;;;;;;;;;;;;;0;0;32;1;31;7;1980;;1980;Vous avez fait une sortie de route, une perte de contrôle ou une glissade puis avez percuté un véhicule arrivant en sens inverse.;2;;;;;;;etant jeune conducteur je me suis fait surprendre ,et j'ai bloqué les roue sur le verglas ,donc je suis tombe, depuis je roule toujours en hiver, mais mon experience fait qu'a l'approche d'un arret je coupe les gaz plutôt a fin de moin solliciter les freins.;la moto est partie en derappage et je n'ai pas peu la controler;quand j'ai vu que je ne pouvais plus rien faire j'ai tout lacher ,les autres je n'ai pas vu leur reaction;2;0;;;une moto qui par en glissade sur du verglas je pense que tres peu de personne sont capable de la controler;2;1;NSP;;NSP;2;NSP;3;6;;;;;;;;2;;;1;;etant jeune on se sent toujours intouchable et la je n'ai rien peu faire;3;1;1;;1;1;4;3;NSP;1;1;1;3;3;4;4;4;1;;;;;;;;;2;;;;;;;;;2;2;;2;2;2;3;80;0;0;0;20;NSP;;;;;;1;3;;;;1;;;;;;;;;;;2;1;3;;1;60;1;2;3;5;9;;;;;;4;4;4;4;4;4;DUCATI;1000;ST4-S;Routière / GT;2;1;1;1;1;1;1;1;1;1;1;70000;NSP;2;1;HONDA;350;CB350;ROADSTER;2;2;4;26JUL1961;8;1;3;2;3;2;2;NRP;;;;1;1;0;2;0;3;APRILIA;1000;RS-V MILLE R;SPORTIVE;2;2003;37;1;1;10000;7;MOTO GUZZI;850;T3 CALIFORNIA;Routière / GT;1;1982;37;3;1;5000;7;APRILIA;50;RS HARADA REPLICA;SPORTIVE;2;2000;37;1;2;10000;7;;;;;;;;;;;;;;;;;;;;;;;25000;3;4;;;;;;;;NRP;NRP;NRP;NRP;1980;NRP;NRP;1979;NRP
48;4397;;0;;;;;;;;;;;;;;;;;;;;;;;;;;;;;;;;;;;;;;;;;;;;;;;;;;;;;;;;;;;;;;;;;;;;;;;;;;;;;;;;;;;;;;;;;;;;;;;;;;;;;;;;;;;;;;;;;;;;;;;;;;;;;;;;;;;;;;;;;;;;;;;;;;;;;;;;;;;;;;;;;;;;;;;;;;;;;;;;;;;;;;;;;;;;;;;;;;;;;;;;;;;;;;;;;;;;;;;;;;;;;;;;;;;;;;;;;;;;;;;;;;;;;;;;;;;;;;;;;;;;;;;;;;;;;;;;;;;;;;;;;;17JUN1985;5;1;3;2;2;3;;NRP;;;;2;0;0;2;0;2;KAWASAKI;750;Z750E;ROADSTER;2;2010;37;3;1;5000;7;KAWASAKI;650;ER-6  N;ROADSTER;2;2004;29;3;1;3000;7;;;;;;;;;;;;;;;;;;;;;;;;;;;;;;;;;;8000;3;4;;;;;;;;NRP;NRP;NRP;NRP;2010;NRP;NRP;2004;NRP
1758;4398;;1;0;5;;;;;;1;5;1988;;;;;0;3;;;;;;0;1;;;;;;0;4;;;;;;0;2;;;;;;0;1;;;;;;0;3;;;;;;0;5;;;;;;0;1;;;;;;1;4;NSP;;;;;0;2;;;;;;0;4;;;;;;0;2;;;;;;1;1;NSP;;;;;Metz;;;;;un scooter a traversé ssur un passage piéton et je l'ai percuté.;;;;;0;0;0;0;31;1;71;15;;Metz;;;;;;;;;;;;;;;;;;;;;;;;;;;;;;;;;;;;;;;;;;;;;;;;;;;;;;;;;;;;;;;;;;;;;;;;;;;;;;;;;;;;;;;;;;;;;;;;;;;;;;;;;;;;;;;;;;;;;;;;;;;;;;;;;;;;;;;;;;;;;;;;;;;;;;;;;;;;;04MAR1965;6;1;3;2;1;1;;NRP;;;;1;1;0;1;0;1;MOTO GUZZI;1200;STELVIO 4V;TRAIL / SUPERMOTARD;2;2009;37;2;2;15000;1;;;;;;;;;;;;;;;;;;;;;;;;;;;;;;;;;;;;;;;;;;;;;15000;4;3;;;;;;;;NRP;NRP;NRP;NRP;1987;NRP;NRP;1984;NRP
228;4400;;0;;;;;;;;;;;;;;;;;;;;;;;;;;;;;;;;;;;;;;;;;;;;;;;;;;;;;;;;;;;;;;;;;;;;;;;;;;;;;;;;;;;;;;;;;;;;;;;;;;;;;;;;;;;;;;;;;;;;;;;;;;;;;;;;;;;;;;;;;;;;;;;;;;;;;;;;;;;;;;;;;;;;;;;;;;;;;;;;;;;;;;;;;;;;;;;;;;;;;;;;;;;;;;;;;;;;;;;;;;;;;;;;;;;;;;;;;;;;;;;;;;;;;;;;;;;;;;;;;;;;;;;;;;;;;;;;;;;;;;;;;;13SEP1958;6;1;3;2;2;3;;NRP;;;;1;0;1;2;0;3;YAMAHA;125;X-MAX;SCOOTER;2;2007;37;1;2;3000;4;HONDA;125;SL;TRAIL / SUPERMOTARD;2;1974;37;4;1;1000;4;KAWASAKI;800;W800 SE;ROADSTER;2;2011;37;4;1;1000;4;;;;;;;;;;;;;;;;;;;;;;;5000;3;4;;;;;;;;NRP;NRP;NRP;NRP;1978;NRP;NRP;1976;NRP
1585;4401;;1;0;4;;;;;;0;5;;;;;;0;4;;;;;;0;4;;;;;;0;4;;;;;;0;3;;;;;;0;3;;;;;;1;6;2014;;;;;0;5;;;;;;0;4;;;;;;0;4;;;;;;0;4;;;;;;0;5;;;;;;0;3;;;;;;1;3;2006;NSP;2014;;;rennes;reguny;la gacilly;;;freinage d'urgence,bras relaché,bloqué l'avant, chute seul;roule sur neige,arrière passé devant;glissade sur gravillons en sortie de rd point non signalé,choc contre un mur,à basse vitesse;;;0;0;0;1;8;1;73;15;2014;la gacilly;;;;;;;;;;;;;;;;;;;;;;;;;;;;;;;;;;;;;;;;;;;;;;;;;;;;;;;;;;;;;;;;;;;;;;;;;;;;;;;;;;;;;;;;;;;;;;;;;;;;;;;;;;;;;;;;;;;;;;;;;;;;;;;;;;;;;;;;;;;;;;;;;;;;;;;;;;;;;17FEB1977;7;2;3;2;5;4;3;NRP;;;;2;0;0;1;0;1;HONDA;1100;PAN EUROPEAN;Routière / GT;2;1998;16;3;2;12000;4;;;;;;;;;;;;;;;;;;;;;;;;;;;;;;;;;;;;;;;;;;;;;12000;3;4;;;;;;;;NRP;NRP;NRP;NRP;2007;NRP;NRP;1996;NRP
1137;4402;;0;;;;;;;;;;;;;;;;;;;;;;;;;;;;;;;;;;;;;;;;;;;;;;;;;;;;;;;;;;;;;;;;;;;;;;;;;;;;;;;;;;;;;;;;;;;;;;;;;;;;;;;;;;;;;;;;;;;;;;;;;;;;;;;;;;;;;;;;;;;;;;;;;;;;;;;;;;;;;;;;;;;;;;;;;;;;;;;;;;;;;;;;;;;;;;;;;;;;;;;;;;;;;;;;;;;;;;;;;;;;;;;;;;;;;;;;;;;;;;;;;;;;;;;;;;;;;;;;;;;;;;;;;;;;;;;;;;;;;;;;;;13OCT1956;7;1;3;2;2;3;;NRP;;;;2;0;0;1;0;1;BMW;1300;K1300GT PACK 3;Routière / GT;2;2009;37;3;1;8000;7;;;;;;;;;;;;;;;;;;;;;;;;;;;;;;;;;;;;;;;;;;;;;8000;3;4;;;;;;;;NRP;NRP;NRP;NRP;1997;NRP;NRP;1975;NRP
1942;4403;;1;1;4;2012;;;;;0;3;;;;;;0;4;;;;;;0;5;;;;;;0;6;;;;;;0;3;;;;;;0;4;;;;;;0;3;;;;;;0;5;;;;;;0;5;;;;;;0;3;;;;;;0;4;;;;;;0;3;;;;;;0;4;;;;;;1;2;2012;2011;;;;caen;demouville;;;;une voiture circulant sur le meme axe en sens opposer m'a couper la route;glissade sur un rond point du a une plaque de gazoil;;;;0;0;5;4;4;1;72;15;2011;demouville;;;;;;;;;;;;;;;;;;;;;;;;;;;;;;;;;;;;;;;;;;;;;;;;;;;;;;;;;;;;;;;;;;;;;;;;;;;;;;;;;;;;;;;;;;;;;;;;;;;;;;;;;;;;;;;;;;;;;;;;;;;;;;;;;;;;;;;;;;;;;;;;;;;;;;;;;;;;;18APR1974;7;2;3;2;2;3;;NRP;;;;1;0;0;1;0;1;SUZUKI;650;V-STROM;TRAIL / SUPERMOTARD;2;2011;2;1;2;10000;7;;;;;;;;;;;;;;;;;;;;;;;;;;;;;;;;;;;;;;;;;;;;;10000;3;4;;;;;;;;NRP;NRP;NRP;NRP;2011;NRP;NRP;1994;NRP
87;4404;180;1;0;4;;;;;;0;4;;;;;;0;6;;;;;;0;5;;;;;;1;5;2002;;;;;0;5;;;;;;0;3;;;;;;1;4;1998;;;;;1;3;1996;;;;;0;5;;;;;;0;3;;;;;;0;4;;;;;;1;4;2004;;;;;0;6;;;;;;0;;;;;;;;;;;;;;;;;;;3;3;24;1;21;5;2002;;2002;Vous circuliez sur un axe prioritaire. Un véhicule venant d’un axe non prioritaire vous a coupé la route.;6;;;;;;;Je n'ai pas était blesser lors de cet accident ma moto a était presque complétement détruite, 7000€ de dégâts, ce que j'estime important dans cet accident c'est que la conductrice de la voiture ne m'as pas vu alors que j'étais sur un rond point de jour avec une moto rouge (ST 2) feux allumés, et qu'elle m'as percuter avec force sur le côté droit de ma machine et qu'elle a reconnu ne pas avoir fait attention, je précise c'était une conductrice avec encore son papier rose de l'époque.;Je dirais soit le fait que cette conductrice n'avait pas d'expérience et qu'elle a manqué d'attention, et que la configuration de ce rond point l'on obliger a mon avis a trop ce concentrer sur ce qui arriver de sa droite et pas de ce qui se trouver sur le rond point.;Une fois percuter je me suis retrouver sur le capot de la voiture, premier reflexe m'accroche a ce capot pour ne pas être éjecter, puis j'ai insister pour qu'elle s'arrête car elle était en légère panique pour pas dire déboussoler.  Ensuite je suis descendu de son capot, je me suis assit et j'ai perçu que le contact n'était pas couper donc je suis allez le coupé et ensuite deux jeunes qui travailler au garage du rond point sont venu m'aider a déplacer la moto.  Pour ce qui est de la voiture nous avons demander a la jeune femme de la garer sur le parking le plus proche où était déjà ma moto, et 'lavons aider a descendre car sa porte conducteur était bloquer suite au choc... Lorsque qu'elle est descendu elle était vraiment très secouer .  Dés que j'ai pût j'ai prévenu mon épouse pour qu'elle vienne me récupérer et le responsable du bureau local de la mutuelle qui est un ami et qui c'est charger de prévenir l'assistance pour la récupération de ma moto.;NRP;0;;;car j'étais devant le céder le passage quand la voiture a redémarrer et m'as percuter...;2;1;NSP;;NSP;NSP;NSP;2;;;;;;;;1;;;;;;NRP;4;3;;;1;1;3;4;3;1;1;1;3;4;4;4;4;10;;;;;;;;;1;2;;;;;;;;2;2;;2;1;1;1;0;80;0;20;0;NSP;;;;;;2;1;;;;1;;;;;;;;;;;2;1;3;;0;35;1;2;3;4;7;9;;;;;4;4;4;4;4;4;DUCATI;944;ST2 (SPORT-TOURING2);Routière / GT;2;1;1;1;1;1;1;1;1;1;1;32000;12;4;0;;;;;;;;28APR1964;5;1;3;2;3;2;2;NRP;;;;3;0;0;2;0;3;DUCATI;1000;MULTISTRADA S DS;ROADSTER;2;2003;37;1;2;9500;7;DUCATI;250;250 MARK3 D;Routière / GT;2;1972;37;4;1;1500;7;RIEJU;50;MRT;TRAIL / SUPERMOTARD;2;2010;33;2;2;2500;7;;;;;;;;;;;;;;;;;;;;;;;13500;3;4;;;;;;;;NRP;NRP;NRP;NRP;1991;NRP;NRP;1983;NRP
377;4406;;1;0;5;;;;;;0;6;;;;;;0;5;;;;;;0;2;;;;;;1;6;2006;;;;;0;5;;;;;;0;4;;;;;;0;3;;;;;;3;3;2003;2005;2008;;;0;3;;;;;;0;6;;;;;;0;2;;;;;;1;4;2013;;;;;0;5;;;;;;0;;;;;;;;;;;;;;;;;;;3;0;13;1;21;5;2006;;;;;;;;;;;;;;;;;;;;;;;;;;;;;;;;;;;;;;;;;;;;;;;;;;;;;;;;;;;;;;;;;;;;;;;;;;;;;;;;;;;;;;;;;;;;;;;;;;;;;;;;;;;;;;;;;;;;;;;;;;;;;;;;;;;;;;;;;;;;;;;;;;;;;;;;;;;;;;10JUN1967;7;2;3;2;2;3;;NRP;;;;1;0;0;2;0;1;BMW;1200;R1200R;ROADSTER;2;2012;10;1;2;17000;7;;;;;;;;;;;;;;;;;;;;;;;;;;;;;;;;;;;;;;;;;;;;;17000;3;4;;;;;;;;NRP;NRP;NRP;NRP;1988;NRP;NRP;1986;NRP
2171;4410;;0;;;;;;;;;;;;;;;;;;;;;;;;;;;;;;;;;;;;;;;;;;;;;;;;;;;;;;;;;;;;;;;;;;;;;;;;;;;;;;;;;;;;;;;;;;;;;;;;;;;;;;;;;;;;;;;;;;;;;;;;;;;;;;;;;;;;;;;;;;;;;;;;;;;;;;;;;;;;;;;;;;;;;;;;;;;;;;;;;;;;;;;;;;;;;;;;;;;;;;;;;;;;;;;;;;;;;;;;;;;;;;;;;;;;;;;;;;;;;;;;;;;;;;;;;;;;;;;;;;;;;;;;;;;;;;;;;;;;;;;;;;10APR1977;7;2;3;2;4;4;2;NRP;;;;2;0;0;2;0;2;HONDA;600;CB-F  S  ABS;ROADSTER;2;2007;28;1;2;5000;6;BMW;1300;K1300S;Routière / GT;2;2012;28;2;1;3000;6;;;;;;;;;;;;;;;;;;;;;;;;;;;;;;;;;;8000;3;4;;;;;;;;NRP;NRP;NRP;NRP;2005;NRP;NRP;1995;NRP
193;4411;291;1;0;4;;;;;;0;6;;;;;;0;5;;;;;;0;3;;;;;;0;6;;;;;;0;5;;;;;;0;2;;;;;;1;2;1983;;;;;1;3;NSP;;;;;0;6;;;;;;0;6;;;;;;0;4;;;;;;0;4;;;;;;1;6;1992;;;;;0;;;;;;;;;;;;;;;;;;;0;0;34;1;66;14;1992;;1992;Alors que vous étiez en train de rouler, un piéton a traversé devant vous.;2;4;6;;;;;"demarrant d un feux vert j ai traversé à vitesse modérée un croisement sur saint cloud  sur le trottoir de droite dans la direction ou je me rendais un piéton marche en me tournant le dos  arrivé à sa hauteur il tourne sur la gauche et traverse sur les clous sans regarder arrivant à vitesse modérée (+ - 50 km/h) je fais une manoeuvre d'évitement mais mon pot d'échappement la heurte et je lui casse une jambe  dans un premier temps des témoins attestent de ma version et la victime reconnait ne pas avoir regardé ( car je suis passé la voir à l'hopital   le soir même pour m'excuser ) les policiers me confirment qu'ils ont 2 témoignages allant dans le même sens que moi    problème : devant les tribunaux la version de la victime change (elle regardait et je n ai pas ralenti) un témoignage (un automobiliste arrivant en sens inverse et ayant tout vu de la scène ) a disparu et l'avocat de mon assureur( maaf)  n'a même pas consulté mon dossier ni contacté certains témoins alors que je lui ai fourni les coordonnées  après recherche la victime est l'épouse d'un politique   bilan une amende ; 3 mois de retrait et 6 mois de prison avec sursit et un avocat qui me déclare qu'il ne sert à rien de me défendre";un règlement que donne toujours raison aux pietons et rend leur conduite laxiste;1) freinage d'urgence  2) tentative d'évitement en jetant la moto sur la gauche   1) la victime ne regardant pas elle ne m'a détectée que lorsque j'étais sur elle;NRP;0;;;je roulais doucement et surveillais les voitures sur le croisement  l'action de traverser etait imprévisible;2;1;2;;NSP;1;le code de la route ne recommande t il pas aux pietons de regarder avant de traverser;1;2;6;;;;;2;3;;;;1;;constatant que j allais la heurter je ne pouvais rien faire d'autre;2;3;;;2;3;3;3;2;1;2;1;1;4;4;4;4;1;;;;;;;;;2;;;;;;;;;2;2;;2;1;1;1;20;80;0;0;0;2;;;;;;2;1;;;;2;0;;;;;;;;;;1;1;1;1;0;50;1;10;2;5;;;;;;;4;4;4;4;4;4;KAWASAKI;500;Z500GPZ;ROADSTER;2;1;1;1;1;1;1;1;1;1;1;40000;12;4;1;KAWASAKI;900;GPZ-R NINJA;Routière / GT;2;4;4;26JUL1963;5;2;3;2;4;4;2;NRP;;;;3;1;0;1;0;2;YAMAHA;50;DT-R 'SM';TRAIL / SUPERMOTARD;2;2003;9;3;1;80000;7;BMW;1200;R1200RT;Routière / GT;2;2010;9;3;1;8000;7;;;;;;;;;;;;;;;;;;;;;;;;;;;;;;;;;;88000;3;4;;;;;;;;NRP;NRP;NRP;NRP;1982;NRP;NRP;1985;NRP
1649;4412;;1;0;5;;;;;;0;4;;;;;;0;4;;;;;;0;3;;;;;;0;5;;;;;;0;3;;;;;;0;3;;;;;;0;4;;;;;;2;5;1980;NSP;;;;0;4;;;;;;0;4;;;;;;0;5;;;;;;0;4;;;;;;0;2;;;;;;0;;;;;;;;;;;;;;;;;;;2;3;27;1;42;9;0;;;;;;;;;;;;;;;;;;;;;;;;;;;;;;;;;;;;;;;;;;;;;;;;;;;;;;;;;;;;;;;;;;;;;;;;;;;;;;;;;;;;;;;;;;;;;;;;;;;;;;;;;;;;;;;;;;;;;;;;;;;;;;;;;;;;;;;;;;;;;;;;;;;;;;;;;;;;;;18MAY1962;7;2;3;2;4;4;2;NRP;;;;2;0;0;2;0;2;BMW;1200;R1200GS ABS;TRAIL / SUPERMOTARD;2;2005;28;2;1;11000;7;KAWASAKI;650;ER-6  F  ABS;Routière / GT;2;2006;28;3;1;6000;7;;;;;;;;;;;;;;;;;;;;;;;;;;;;;;;;;;17000;2;3;4;;;;;;;NRP;NRP;NRP;1980;1988;NRP;NRP;1980;NRP
138;4414;;0;;;;;;;;;;;;;;;;;;;;;;;;;;;;;;;;;;;;;;;;;;;;;;;;;;;;;;;;;;;;;;;;;;;;;;;;;;;;;;;;;;;;;;;;;;;;;;;;;;;;;;;;;;;;;;;;;;;;;;;;;;;;;;;;;;;;;;;;;;;;;;;;;;;;;;;;;;;;;;;;;;;;;;;;;;;;;;;;;;;;;;;;;;;;;;;;;;;;;;;;;;;;;;;;;;;;;;;;;;;;;;;;;;;;;;;;;;;;;;;;;;;;;;;;;;;;;;;;;;;;;;;;;;;;;;;;;;;;;;;;;;05DEC1970;7;2;3;2;2;3;;NRP;;;;2;0;0;1;0;1;BMW;1200;R1200GS ABS;TRAIL / SUPERMOTARD;2;2004;10;1;2;20000;4;;;;;;;;;;;;;;;;;;;;;;;;;;;;;;;;;;;;;;;;;;;;;20000;3;;;;;;;;;NRP;NRP;NRP;NRP;1995;NRP;NRP;NRP;NRP
2186;4416;;1;0;6;;;;;;0;6;;;;;;0;5;;;;;;0;6;;;;;;0;5;;;;;;0;6;;;;;;0;3;;;;;;0;5;;;;;;1;5;2009;;;;;0;4;;;;;;0;4;;;;;;1;5;1982;;;;;0;4;;;;;;0;4;;;;;;0;;;;;;;;;;;;;;;;;;;1;2;9;1;56;12;1982;;;;;;;;;;;;;;;;;;;;;;;;;;;;;;;;;;;;;;;;;;;;;;;;;;;;;;;;;;;;;;;;;;;;;;;;;;;;;;;;;;;;;;;;;;;;;;;;;;;;;;;;;;;;;;;;;;;;;;;;;;;;;;;;;;;;;;;;;;;;;;;;;;;;;;;;;;;;;;29JAN1967;6;1;3;2;2;2;1;NRP;;;;1;0;0;1;0;1;YAMAHA;1300;FJR ABS;Routière / GT;2;2006;37;1;2;12000;7;;;;;;;;;;;;;;;;;;;;;;;;;;;;;;;;;;;;;;;;;;;;;12000;3;4;;;;;;;;NRP;NRP;NRP;NRP;2006;NRP;NRP;1987;NRP
2199;4418;;1;0;5;;;;;;0;6;;;;;;0;6;;;;;;0;5;;;;;;1;5;NSP;;;;;0;5;;;;;;0;4;;;;;;0;4;;;;;;1;5;NSP;;;;;0;4;;;;;;0;2;;;;;;0;2;;;;;;0;3;;;;;;0;1;;;;;;1;0;;;;;;;;;;;;;;;;0;0;2;1;21;1;41;9;0;;;;;;;;;;;;;;;;;;;;;;;;;;;;;;;;;;;;;;;;;;;;;;;;;;;;;;;;;;;;;;;;;;;;;;;;;;;;;;;;;;;;;;;;;;;;;;;;;;;;;;;;;;;;;;;;;;;;;;;;;;;;;;;;;;;;;;;;;;;;;;;;;;;;;;;;;;;;;;05APR1975;4;1;3;2;1;1;;NRP;;;;1;0;0;3;0;3;YAMAHA;500;SR;ROADSTER;2;1994;37;1;2;5000;4;BMW;650;F650 FUNDURO;TRAIL / SUPERMOTARD;2;1994;37;2;1;5000;4;TRIUMPH;955;SPEED TRIPLE;ROADSTER;2;1998;37;4;1;5000;4;;;;;;;;;;;;;;;;;;;;;;;15000;3;4;;;;;;;;NRP;NRP;NRP;NRP;1993;NRP;NRP;1995;NRP