Ligne;Ligne Q qualif;Ligne approfondissement Accident;ACCIDENT;NBACC1;ACCFREQUENCE1;ANNEEACC1_1;ANNEEACC1_2;ANNEEACC1_3;ANNEEACC1_4;ANNEEACC1_5;NBACC2;ACCFREQUENCE2;ANNEEACC2_1;ANNEEACC2_2;ANNEEACC2_3;ANNEEACC2_4;ANNEEACC2_5;NBACC3;ACCFREQUENCE3;ANNEEACC3_1;ANNEEACC3_2;ANNEEACC3_3;ANNEEACC3_4;ANNEEACC3_5;NBACC4;ACCFREQUENCE4;ANNEEACC4_1;ANNEEACC4_2;ANNEEACC4_3;ANNEEACC4_4;ANNEEACC4_5;NBACC5;ACCFREQUENCE5;ANNEEACC5_1;ANNEEACC5_2;ANNEEACC5_3;ANNEEACC5_4;ANNEEACC5_5;NBACC6;ACCFREQUENCE6;ANNEEACC6_1;ANNEEACC6_2;ANNEEACC6_3;ANNEEACC6_4;ANNEEACC6_5;NBACC7;ACCFREQUENCE7;ANNEEACC7_1;ANNEEACC7_2;ANNEEACC7_3;ANNEEACC7_4;ANNEEACC7_5;NBACC8;ACCFREQUENCE8;ANNEEACC8_1;ANNEEACC8_2;ANNEEACC8_3;ANNEEACC8_4;ANNEEACC8_5;NBACC9;ACCFREQUENCE9;ANNEEACC9_1;ANNEEACC9_2;ANNEEACC9_3;ANNEEACC9_4;ANNEEACC9_5;NBACC10;ACCFREQUENCE10;ANNEEACC10_1;ANNEEACC10_2;ANNEEACC10_3;ANNEEACC10_4;ANNEEACC10_5;NBACC11;ACCFREQUENCE11;ANNEEACC11_1;ANNEEACC11_2;ANNEEACC11_3;ANNEEACC11_4;ANNEEACC11_5;NBACC12;ACCFREQUENCE12;ANNEEACC12_1;ANNEEACC12_2;ANNEEACC12_3;ANNEEACC12_4;ANNEEACC12_5;NBACC13;ACCFREQUENCE13;ANNEEACC13_1;ANNEEACC13_2;ANNEEACC13_3;ANNEEACC13_4;ANNEEACC13_5;NBACC14;ACCFREQUENCE14;ANNEEACC14_1;ANNEEACC14_2;ANNEEACC14_3;ANNEEACC14_4;ANNEEACC14_5;AUTRESACC;NBAUTRESACC;ANNEEAUTREACC1;ANNEEAUTREACC2;ANNEEAUTREACC3;ANNEEAUTREACC4;ANNEEAUTREACC5;LIEUAUTREACC1;LIEUAUTREACC2;LIEUAUTREACC3;LIEUAUTREACC4;LIEUAUTREACC5;DESCRIPTIONAUTRESACC1;DESCRIPTIONAUTRESACC2;DESCRIPTIONAUTRESACC3;DESCRIPTIONAUTRESACC4;DESCRIPTIONAUTRESACC5;NBAUTRESACCCIRCUIT;NBAUTRESTOUTTERRAIN;EXPCYCLO;EXP125;EXPSUP125;ACCORDNEXTQ;CHOIXACC;RGPMTACC;RECUPANNEE;RECUPLIEU;RECUPANNE;RGPMTAC;CHOIX1;CHOIX2;CHOIX3;CHOIX4;CHOIX5;CHOIX6;CHOIX7;DESCRIPTION;RUPTURE;FAITS;ABS_REACTION;AUTRE_REACTION;PRECISIONREACTIONOUI;RECUL;PRECISIONREACTIONNON;IMPACTCOMPORTEMENT;AUTREUSAGER;REACTIONAUTREUSAGER;CONNAISSANCEREACTIONUSAGER;DIFFICULTES;AGGRAVATION;DIFFICULTES2;EMOTIONS1;EMOTIONS2;EMOTIONS3;EMOTIONS4;EMOTIONS5;EMOTIONS6;AUTRESENTIMENT;CLASSEMENTEMOTIONS1;CLASSEMENTEMOTIONS;CLASSEMENTEMOTIONS5;CLASSEMENTEMOTIONS6;CLASSEMENTEMOTIONS7;CLASSEMENTEMOTIONS8;CLASSEMENTEMOTIONS9;EXPLICATIONRESSENTI;BIENEQUIPE;ALLURE;ALLUREVITEDETAIL;ALLURELENTEDETAIL;SITUATIONPRESSE;SITUATIONDISTRAIT;SITUATIONCONFIANT;SITUATIONCONTROLE;SITUATIONLUDIQUE;SITUATIONPERF;SITUATIONSTRESS;SITUATIONFATIGUE;HUMEURNEUTRE;HUMEURGAI;HUMEURMECONTENT;HUMEURTRISTE;HUMEURCOLERE;CONTRIBUTION1;CONTRIBUTION2;CONTRIBUTION3;CONTRIBUTION4;CONTRIBUTION5;CONTRIBUTION6;CONTRIBUTION7;CONTRIBUTION8;CONTRIBUTION9;ROLEINFRA;ELEMENTINFRA1;ELEMENTINFRA2;ELEMENTINFRA3;ELEMENTINFRA4;ELEMENTINFRA5;ELEMENTINFRA6;ELEMENTINFRA7;ELEMENTINFRA8;ELEMENTINFRA9;ALCOOL;TXALCOOL;STUP;SEMAINE;MOMENTJOURNEE;TEMPS;CAUSEACC1;CAUSEACC2;CAUSEACC3;CAUSEACC4;CAUSEACC5;FORMATIONCAUSE;FORMATION1;FORMATION2;FORMATION3;FORMATION4;FORMATION5;TRAFIC;CHAUSSEE1;CHAUSSEE2;CHAUSSEE3;CHAUSSEE4;TYPEACC;BLESSURE;TETE;COU;THORAX;MEMBRESSUP;COLONNE;BASSIN;MEMBRESINF;HOPITAL;PLUS24H;TRAJET;TYPEROUTE;MOTIF;SENSTRAJET;PASSAGER;VITESSE;DESCEQ1;DESCEQ2;DESCEQ3;DESCEQ4;DESCEQ5;DESCEQ6;DESCEQ7;DESCEQ8;DESCEQ9;DESCEQ10;VEHICULEETE;VEHICULEAUTOMNE;VEHICULEPRINTEMPS;VEHICULEHIVER;VEHICULESEMAINE;VEHICULEWE;VEHMARQUE;VEHCYLINDREE;VEHMODELE;VEHSEGMENT;VEHSIDE;EQ2RMABS;EQ2RMCBS;EQ2RMABSCBS;EQ2RMREGULATEUR;EQ2RMLIMITEUR;EQ2RMPHARESDIRECT;EQ2RMCOUPURE;EQ2RMANTIPATINAGE;EQ2RMANTIXHEELING;EQ2RMSTABILILTE;VEHKM;POINTS;DUREE;AUTRE2RM;VEHPRECMARQUE;VEHPRECCYLINDREE;VEHPRECMODELE;VEHPRECSEGMENT;VEHPRECSIDE;TEMPS2RMPREC;FREQVEHPREC;DATE_NAISS;CSP;SOCIETAIRE;SALARIE;SECTEUR2RM;NBPERSFOYER;SITFAM;NBENF;TRNBENF1;TRNBENF2;TRNBENF3;TRNBENF4;NBAUTOFOYER;NBCYCLOFOYER;NBSCOOTFOYER;NBMOTOFOYER;NBTRIKEFOYER;NB2RMCONDUIT;MARQUE1;CYLINDREE1;MODELE1;SEGMENT1;SIDE1;ANMISECIRCU1;ASS1;FREQ1;USAGE1;NBKM1;GARAGE1;MARQUE2;CYLINDREE2;MODELE2;SEGMENT2;SIDE2;ANMISECIRCU2;ASS2;FREQ2;USAGE2;NBKM2;GARAGE2;MARQUE3;CYLINDREE3;MODELE3;SEGMENT3;SIDE3;ANMISECIRCU3;ASS3;FREQ3;USAGE3;NBKM3;GARAGE3;MARQUE4;CYLINDREE4;MODELE4;SEGMENT4;SIDE4;ANMISECIRCU4;ASS4;FREQ4;USAGE4;NBKM4;GARAGE4;MARQUE5;CYLINDREE5;MODELE5;SEGMENT5;SIDE5;ANMISECIRCU5;ASS5;FREQ5;USAGE5;NBKM5;GARAGE5;NBKMTOT;PERMIS1;PERMIS2;PERMIS3;PERMIS4;PERMIS5;PERMIS6;PERMIS7;PERMIS8;PERMIS9;ANPERMIS1;ANPERMIS6;ANPERMIS7;ANPERMIS2;ANPERMIS3;ANPERMIS8;ANPERMIS9;ANPERMIS4;ANPERMIS5
773;4569;280;1;0;5;;;;;;0;6;;;;;;0;3;;;;;;0;3;;;;;;0;5;;;;;;0;4;;;;;;0;2;;;;;;0;4;;;;;;0;3;;;;;;0;3;;;;;;0;4;;;;;;0;4;;;;;;0;2;;;;;;0;3;;;;;;1;2;NSP;NSP;;;;La barque;Marseille;;;;Percuté par l'arrière au péage d'autoroute;Accroché latéralement, étant à l'arrêt, par un véhicule changeant de file;;;;0;0;1;0;36;1;71;15;;La barque;-1;Autre(s) type(s) d'accident(s).;6;;;;;;;J'étais arrêté au péage quand j'ai entendu le bruit (interminable) du crissement des pneus d'un voiture qui freinait. Celle-ci a percuté la voiture arrêtée derrière moi qui, a son tour, ma percuté projetant ma moto sous la barrière de péage.;Le responsable de l'accident ne s'était pas rendu compte qu'il était si près du péage...;J'étais en train de régler le péage. J'ai entendu le freinage et j'ai compris la situation (je n'osais pas regarder dans mes rétros). Quand j'ai entendu que la voiture derrière moi était percutée j'ai décollé mes pieds du sol, basculé ma tête en avant et me suis contracté en attendant le choc (20 ans de rugby laissent des réactions...) Quand j'ai été percuté je me suis laissé porter vers lavant en essayant de me dégager ver un côté (gauche).;NRP;1;Je ne sais pas... Il y a toujours plus de solutions que de problèmes ! J'aurais pu avoir tendance a sauter de la moto ou a essayer d'avancer mais je ne sais pas si j'aurais eu le temps.;"Mon cerveau a ""découpé"" très vite la situation, je pense encore que c'était une bonne façon de réagir.";;3;1;NSP;;NSP;NSP;"Tout c'est passé derrière moi, je n'ai pas été ""témoin oculaire""";1;4;6;;;;;2;;;3;;1;;"J'ai compris la situation par l'ouie sans voir ce qui ce passait, c'est comme quand on vous crie ""attention"" sans que vous puissiez agir en conséquence par manque d'information.";3;4;;;1;1;3;3;3;1;1;1;1;1;4;4;4;10;;;;;;;;;2;;;;;;;;;2;2;;2;1;1;1;0;100;0;0;0;NSP;;;;;;2;1;;;;1;;;;;;;;;;;2;3;3;;0;0;1;10;2;3;4;7;;;;;4;4;4;4;4;4;SUZUKI;400;DR;TRAIL / SUPERMOTARD;2;1;1;1;1;1;1;1;1;1;1;40000;12;4;1;HONDA;400;CB-N;ROADSTER;2;3;4;05FEB1960;5;1;3;2;5;4;3;NRP;;;;1;0;0;1;0;1;HONDA;700;NC700S;ROADSTER;2;2012;37;1;2;10000;7;;;;;;;;;;;;;;;;;;;;;;;;;;;;;;;;;;;;;;;;;;;;;10000;3;4;;;;;;;;NRP;NRP;NRP;NRP;1978;NRP;NRP;1978;NRP
218;4571;;1;0;6;;;;;;0;4;;;;;;0;4;;;;;;0;4;;;;;;0;6;;;;;;0;4;;;;;;0;4;;;;;;0;5;;;;;;0;5;;;;;;0;4;;;;;;0;6;;;;;;0;2;;;;;;0;4;;;;;;0;5;;;;;;1;1;1980;;;;;Chalon/Saône;;;;;Véhicule sortant d'un stationnement, sans clignotant pour avertir de sa manœuvre et qui a coupé ma route.;;;;;0;0;2;2;35;1;71;15;1980;Chalon/Saône;;;;;;;;;;;;;;;;;;;;;;;;;;;;;;;;;;;;;;;;;;;;;;;;;;;;;;;;;;;;;;;;;;;;;;;;;;;;;;;;;;;;;;;;;;;;;;;;;;;;;;;;;;;;;;;;;;;;;;;;;;;;;;;;;;;;;;;;;;;;;;;;;;;;;;;;;;;;;21FEB1959;6;2;3;2;3;4;1;NRP;;;;1;0;0;1;0;1;KAWASAKI;650;VERSYS;ROADSTER;2;2010;29;2;2;5000;7;;;;;;;;;;;;;;;;;;;;;;;;;;;;;;;;;;;;;;;;;;;;;5000;3;4;;;;;;;;NRP;NRP;NRP;NRP;1979;NRP;NRP;1977;NRP
1450;4574;;1;0;3;;;;;;0;3;;;;;;0;3;;;;;;0;2;;;;;;0;4;;;;;;0;3;;;;;;0;5;;;;;;0;5;;;;;;0;5;;;;;;0;4;;;;;;0;3;;;;;;1;4;NSP;;;;;0;3;;;;;;0;3;;;;;;0;;;;;;;;;;;;;;;;;;;2;0;4;1;56;12;0;;;;;;;;;;;;;;;;;;;;;;;;;;;;;;;;;;;;;;;;;;;;;;;;;;;;;;;;;;;;;;;;;;;;;;;;;;;;;;;;;;;;;;;;;;;;;;;;;;;;;;;;;;;;;;;;;;;;;;;;;;;;;;;;;;;;;;;;;;;;;;;;;;;;;;;;;;;;;;12MAR1989;8;1;3;2;5;5;0;NRP;;;;2;0;0;2;0;1;HONDA;600;HORNET;ROADSTER;2;2005;37;2;1;3000;7;;;;;;;;;;;;;;;;;;;;;;;;;;;;;;;;;;;;;;;;;;;;;3000;4;3;;;;;;;;NRP;NRP;NRP;NRP;2010;NRP;NRP;2007;NRP
405;4578;;1;0;3;;;;;;0;3;;;;;;0;3;;;;;;1;3;NSP;;;;;1;4;NSP;;;;;0;3;;;;;;0;3;;;;;;1;4;NSP;;;;;3;3;NSP;NSP;NSP;;;0;3;;;;;;0;4;;;;;;0;2;;;;;;0;3;;;;;;0;2;;;;;;1;1;NSP;;;;;Gourdon;;;;;Percuté par l'arrière par un autre véhicule qui n'avait pas vue que je freinais;;;;;0;0;2;5;15;1;71;15;;Gourdon;;;;;;;;;;;;;;;;;;;;;;;;;;;;;;;;;;;;;;;;;;;;;;;;;;;;;;;;;;;;;;;;;;;;;;;;;;;;;;;;;;;;;;;;;;;;;;;;;;;;;;;;;;;;;;;;;;;;;;;;;;;;;;;;;;;;;;;;;;;;;;;;;;;;;;;;;;;;;28OCT1963;6;1;3;2;2;3;;NRP;;;;2;1;0;2;0;1;SUZUKI;1000;GSX-R IE;SPORTIVE;2;2007;37;2;1;20000;4;;;;;;;;;;;;;;;;;;;;;;;;;;;;;;;;;;;;;;;;;;;;;20000;2;3;4;;;;;;;NRP;NRP;NRP;1979;2000;NRP;NRP;1981;NRP
1580;4580;;1;0;5;;;;;;0;4;;;;;;0;2;;;;;;0;2;;;;;;0;2;;;;;;0;2;;;;;;0;3;;;;;;0;6;;;;;;0;6;;;;;;0;3;;;;;;0;4;;;;;;0;2;;;;;;0;2;;;;;;0;5;;;;;;1;1;1976;;;;;paris;;;;;Je voulais m'arreter à un feu qui passait au rouge, j'ai été percuté par l'arrière;;;;;0;0;0;2;35;1;71;15;1976;paris;;;;;;;;;;;;;;;;;;;;;;;;;;;;;;;;;;;;;;;;;;;;;;;;;;;;;;;;;;;;;;;;;;;;;;;;;;;;;;;;;;;;;;;;;;;;;;;;;;;;;;;;;;;;;;;;;;;;;;;;;;;;;;;;;;;;;;;;;;;;;;;;;;;;;;;;;;;;;16FEB1950;9;1;3;2;1;1;;NRP;;;;1;1;0;1;0;1;SUZUKI;1100;GS1100G;ROADSTER;2;1991;29;3;1;15000;7;;;;;;;;;;;;;;;;;;;;;;;;;;;;;;;;;;;;;;;;;;;;;15000;3;4;;;;;;;;NRP;NRP;NRP;NRP;1977;NRP;NRP;1971;NRP
240;4581;;0;;;;;;;;;;;;;;;;;;;;;;;;;;;;;;;;;;;;;;;;;;;;;;;;;;;;;;;;;;;;;;;;;;;;;;;;;;;;;;;;;;;;;;;;;;;;;;;;;;;;;;;;;;;;;;;;;;;;;;;;;;;;;;;;;;;;;;;;;;;;;;;;;;;;;;;;;;;;;;;;;;;;;;;;;;;;;;;;;;;;;;;;;;;;;;;;;;;;;;;;;;;;;;;;;;;;;;;;;;;;;;;;;;;;;;;;;;;;;;;;;;;;;;;;;;;;;;;;;;;;;;;;;;;;;;;;;;;;;;;;;;30NOV1978;7;2;3;2;1;1;;NRP;;;;1;0;0;2;0;2;KAWASAKI;1000;Z 1000 IE SX ABS;Routière / GT;2;2012;10;1;2;6500;6;HONDA;500;CB;ROADSTER;2;1996;41;4;1;1000;6;;;;;;;;;;;;;;;;;;;;;;;;;;;;;;;;;;7500;3;4;;;;;;;;NRP;NRP;NRP;NRP;1999;NRP;NRP;1999;NRP
381;4583;;1;0;2;;;;;;2;5;2009;2013;;;;0;5;;;;;;0;3;;;;;;1;3;1997;;;;;0;3;;;;;;4;5;1997;2009;2009;2013;;0;4;;;;;;0;4;;;;;;0;3;;;;;;0;3;;;;;;0;4;;;;;;0;4;;;;;;0;3;;;;;;1;1;2009;;;;;Saint cloud;;;;;En dépassement à basse vitesse, le véhicule doublé tourne brutalement à gauche pour prendre une place de parking;;;;;0;1;2;2;34;1;21;5;1997;;;;;;;;;;;;;;;;;;;;;;;;;;;;;;;;;;;;;;;;;;;;;;;;;;;;;;;;;;;;;;;;;;;;;;;;;;;;;;;;;;;;;;;;;;;;;;;;;;;;;;;;;;;;;;;;;;;;;;;;;;;;;;;;;;;;;;;;;;;;;;;;;;;;;;;;;;;;;;13OCT1962;5;1;3;1;4;4;2;NRP;;;;1;0;0;5;0;2;HONDA;600;CB-F  S  ABS;ROADSTER;2;2008;37;1;3;13000;7;DUCATI;600;MONSTER;ROADSTER;2;1997;28;3;1;3000;7;;;;;;;;;;;;;;;;;;;;;;;;;;;;;;;;;;16000;2;3;4;;;;;;;NRP;NRP;NRP;1978;1982;NRP;NRP;1980;NRP
846;4587;5;1;1;5;1980;;;;;0;5;;;;;;0;5;;;;;;0;3;;;;;;0;4;;;;;;1;4;1983;;;;;0;2;;;;;;0;3;;;;;;0;5;;;;;;0;4;;;;;;0;5;;;;;;0;2;;;;;;1;5;2010;;;;;0;2;;;;;;0;;;;;;;;;;;;;;;;;;;5;2;35;1;1;1;1980;;1980;Vous circuliez sur un axe prioritaire. Un autre véhicule arrivant sur le même axe en sens opposé vous a coupé la route en tournant à gauche.;4;;;;;;;Je venais d'acheter la moto la veille, une occasion, CB350Four. En banlieue parisienne, sur une nationale, un automobiliste venant d'en face m'a brutalement coupé la route en tournant sur sa gauche. Je n'ai pas eu le temps de réagir, j'ai tapé dans le tas. Trauma crânien avec perte de connaissance. Je ne me rappelle de rien. 7 fractures au total. 35 ans après, je me souviens encore du nom du gars Allega Etoundi Emmanuel, Camerounais. Non assuré...;Le fait que le gars me coupe la route, sans cligno, bien sûr.;Ma moto a été quasi pulvérisée. Moi aussi. Je ne me rappelle de rien, ma passagère a eu beaucoup de chance. Vol plané par dessus la voiture et atterrissage sur la chaussée sans aucune blessure ! C'est elle qui m'a tout raconté. Alors que j'étais à terre et totalement inconscient, la femme du gars m'a injurié et me criait dessus parce que j'avais abimé s voiture.;AUT|perte de connaissance, aucun souvenir;0;;;NRP;2;1;2;;NSP;NSP;NRP;7;;;;;;;;;;;;;;;3;3;;;2;2;4;4;1;1;2;2;3;4;4;4;4;10;;;;;;;;;2;;;;;;;;;2;2;;2;2;2;1;0;100;0;0;0;2;;;;;;1;1;;;;2;1;1;4;7;;;;;1;1;1;1;3;;1;60;1;10;2;5;;;;;;;1;1;1;1;1;1;HONDA;350;CB350F;ROADSTER;2;1;1;1;1;1;1;1;1;1;1;NSP;NSP;1;1;SUZUKI;125;GT;ROADSTER;2;3;3;22APR1958;5;1;3;2;2;2;1;NRP;;;;1;0;0;1;0;1;SUZUKI;650;BANDIT-S;ROADSTER;2;2010;37;3;1;4500;AUT|abri de jardin, non clos.;;;;;;;;;;;;;;;;;;;;;;;;;;;;;;;;;;;;;;;;;;;;;4500;4;3;;;;;;;;NRP;NRP;NRP;NRP;1980;NRP;NRP;1977;NRP
2176;4589;;1;1;5;2002;;;;;1;3;2005;;;;;0;3;;;;;;0;3;;;;;;1;5;2002;;;;;0;4;;;;;;0;3;;;;;;0;3;;;;;;1;3;2004;;;;;0;3;;;;;;0;3;;;;;;0;4;;;;;;0;3;;;;;;0;3;;;;;;0;;;;;;;;;;;;;;;;;;;0;0;13;0;;NRP;;;;;;;;;;;;;;;;;;;;;;;;;;;;;;;;;;;;;;;;;;;;;;;;;;;;;;;;;;;;;;;;;;;;;;;;;;;;;;;;;;;;;;;;;;;;;;;;;;;;;;;;;;;;;;;;;;;;;;;;;;;;;;;;;;;;;;;;;;;;;;;;;;;;;;;;;;;;;;;20JUL1976;7;1;3;2;4;4;2;NRP;;;;2;0;0;1;0;1;YAMAHA;900;XJS DIVERSION;Routière / GT;2;1997;37;3;2;1000;7;;;;;;;;;;;;;;;;;;;;;;;;;;;;;;;;;;;;;;;;;;;;;1000;3;4;;;;;;;;NRP;NRP;NRP;NRP;2002;NRP;NRP;1994;NRP
1779;4590;;1;0;3;;;;;;0;3;;;;;;0;4;;;;;;0;4;;;;;;0;5;;;;;;0;3;;;;;;0;4;;;;;;0;4;;;;;;1;3;NSP;;;;;0;5;;;;;;0;4;;;;;;0;2;;;;;;0;4;;;;;;0;4;;;;;;0;;;;;;;;;;;;;;;;;;;5;8;34;1;41;9;0;;;;;;;;;;;;;;;;;;;;;;;;;;;;;;;;;;;;;;;;;;;;;;;;;;;;;;;;;;;;;;;;;;;;;;;;;;;;;;;;;;;;;;;;;;;;;;;;;;;;;;;;;;;;;;;;;;;;;;;;;;;;;;;;;;;;;;;;;;;;;;;;;;;;;;;;;;;;;;21MAY1960;8;2;3;2;2;3;;NRP;;;;2;0;0;3;0;2;TRIUMPH;900;TRIDENT;ROADSTER;2;1995;24;4;1;2000;7;SUZUKI;125;GN125D;CUSTOM;2;1998;24;2;2;1000;7;;;;;;;;;;;;;;;;;;;;;;;;;;;;;;;;;;3000;3;4;;;;;;;;NRP;NRP;NRP;NRP;1981;NRP;NRP;1978;NRP
195;4592;48;1;0;3;;;;;;0;4;;;;;;0;4;;;;;;0;2;;;;;;1;5;2009;;;;;1;4;2010;;;;;0;3;;;;;;0;3;;;;;;1;4;2008;;;;;0;5;;;;;;0;3;;;;;;0;2;;;;;;0;4;;;;;;0;5;;;;;;0;;;;;;;;;;;;;;;;;;;3;2;7;1;26;6;2010;;2010;Vous remontiez une file de véhicules par la gauche. Un véhicule de la file a laissé passer un autre véhicule venant d’un autre axe non prioritaire. Ce dernier vous a coupé la route.;1;;;;;;;Lors d'une remontée de file jusqu'à un feu rouge par la gauche tout en étant à peu près dans ma voie, une voiture a laissé passer une autre voiture sortant d'un chemin privé. (Vendeur de voiture). Le soleil était assez bas (fin de journée) et éblouissait beaucoup le champ de vision, ce qui fait que je n'ai pas du tout vu et n'ai pas pu anticiper cette voiture. Je ne roulais pas vite à moins de 50 km/h.  J'ai vu le capot sortir et juste eu le temps de tenter un évitement, mais la voiture avançait et m'a percuté sur le côté. Cela a eu pour incidence de me projeter sur la voie opposée. Par chance, il n'y avait personne qui roulait dans le sens inverse. Je ne m'en serais peut être pas sorti si cela avait été le cas. Je pensais être en bonne forme après cette accident, cependant, au bout de 30 min, je ne pouvais plus lever mon bras et les contusions commençait à se faire sentir sur tout mon côté droit. Je tiens à dire que je roulais en blouson cuir + protection, gants en cuir, bottes moto en cuir, ce qui m'a surement protégé de brûlures et de plus grosses ecchimoses.;voir question précédente;J'ai tenté un évitement mais bien trop tard malheureusement, la voiture continuant d'avancer, le choc fut inévitable.;2;0;;;soleil dans les yeux, et cachée par une autre voiture, je n'ai pas pu voir la voiture avant qu'elle ne soit devant moi.;2;1;2;;sortant entre les voiture, il n'a pu également me voir.;2;Je n'aurais pas du remonter la file avec le handicap du soleil à cette vitesse (moins de 50 km/h environ), mais plus à 20/30 kmh comme les voitures étaient toutes arrêtées au feu.;1;6;;;;;;2;;;;;1;;?!;4;1;2;;1;1;3;4;1;1;1;2;1;4;4;4;4;1;5;;;;;;;;1;AUT|feu temporaire pour travaux, l'intersection n'était pas aménagée pour un feu + bouchon.;;;;;;;;2;2;;2;1;1;1;30;60;0;10;0;2;;;;;;4;1;;;;2;1;4;6;;;;;;1;0;1;2;1;2;0;45;1;10;2;3;4;;;;;;4;4;4;4;4;4;TRIUMPH;675;DAYTONA;SPORTIVE;2;1;1;1;1;1;1;1;1;1;1;1000;12;1;1;SUZUKI;600;BANDIT-S;ROADSTER;2;4;4;17MAY1982;5;2;3;2;3;4;1;NRP;;;;2;0;0;1;0;1;TRIUMPH;1050;SPEED TRIPLE;ROADSTER;2;2012;28;1;2;7000;7;;;;;;;;;;;;;;;;;;;;;;;;;;;;;;;;;;;;;;;;;;;;;7000;3;4;;;;;;;;NRP;NRP;NRP;NRP;2008;NRP;NRP;2000;NRP
509;4593;304;1;0;3;;;;;;0;4;;;;;;0;4;;;;;;0;4;;;;;;0;4;;;;;;0;4;;;;;;0;2;;;;;;0;4;;;;;;1;4;1995;;;;;0;3;;;;;;0;5;;;;;;0;2;;;;;;0;4;;;;;;0;4;;;;;;0;;;;;;;;;;;;;;;;;;;0;1;28;1;41;9;1995;;1995;Vous avez fait une sortie de route, une perte de contrôle ou une glissade sans rien percuter.;4;;;;;;;balade moto, les 2 premiers ont un accident en sortie de virage. les suivants s'arrètent. un délais après un 2eme groupe dont j'etais devant arrive, on découvrent l'accident apres le virage, je vais ou y a personne c'est à dire au fossé. j'arrive la moto debout moi toujours assis dessus. donc content sauf que comme j'ai freiné , le poignet droit à pris le choc et donc les 2 os cassé. hopital, opération, rapatriement IMA. 2 mois d'arrets.;Le fait que l'accident est lieu en sortie de virage sans visibilité est que personne n'est pensé à aller le signaler;quand j'ai découvert la situation. tout le monde etait sur la chaussé, j'ai freiné et pourqui , pourquoi le seul endroit ou il y avait personne c'etait le fossé, alors j'y suis allé;NRP;0;;;parce que j'ai pas réfléchi, ça c'est passé trop vite.;3;1;NSP;;NSP;2;ce sont eu qu'ils l'on eu;2;;;;;;;;1;;;;;;On s'attend pas obligatoirement à découvrir un accident à la sortie d'un virage.;4;3;;;1;1;3;4;4;1;1;1;3;4;4;4;4;10;;;;;;;;;1;2;;;;;;;;2;2;;2;2;1;1;10;80;0;10;0;2;;;;;;2;1;;;;2;1;4;;;;;;;1;1;3;2;3;;0;70;1;10;2;3;5;;;;;;4;4;4;4;4;4;YAMAHA;400;XJ;ROADSTER;2;1;1;1;1;1;1;1;1;1;1;NSP;12;4;1;HONDA;125;CB-TWIN;ROADSTER;2;3;4;12MAR1966;2;1;3;2;2;3;;NRP;;;;2;0;0;1;0;1;YAMAHA;1000;FZS FAZER;ROADSTER;2;1994;37;3;1;5000;7;;;;;;;;;;;;;;;;;;;;;;;;;;;;;;;;;;;;;;;;;;;;;5000;3;4;;;;;;;;NRP;NRP;NRP;NRP;1987;NRP;NRP;1989;NRP