Ligne;Ligne Q qualif;Ligne approfondissement Accident;ACCIDENT;NBACC1;ACCFREQUENCE1;ANNEEACC1_1;ANNEEACC1_2;ANNEEACC1_3;ANNEEACC1_4;ANNEEACC1_5;NBACC2;ACCFREQUENCE2;ANNEEACC2_1;ANNEEACC2_2;ANNEEACC2_3;ANNEEACC2_4;ANNEEACC2_5;NBACC3;ACCFREQUENCE3;ANNEEACC3_1;ANNEEACC3_2;ANNEEACC3_3;ANNEEACC3_4;ANNEEACC3_5;NBACC4;ACCFREQUENCE4;ANNEEACC4_1;ANNEEACC4_2;ANNEEACC4_3;ANNEEACC4_4;ANNEEACC4_5;NBACC5;ACCFREQUENCE5;ANNEEACC5_1;ANNEEACC5_2;ANNEEACC5_3;ANNEEACC5_4;ANNEEACC5_5;NBACC6;ACCFREQUENCE6;ANNEEACC6_1;ANNEEACC6_2;ANNEEACC6_3;ANNEEACC6_4;ANNEEACC6_5;NBACC7;ACCFREQUENCE7;ANNEEACC7_1;ANNEEACC7_2;ANNEEACC7_3;ANNEEACC7_4;ANNEEACC7_5;NBACC8;ACCFREQUENCE8;ANNEEACC8_1;ANNEEACC8_2;ANNEEACC8_3;ANNEEACC8_4;ANNEEACC8_5;NBACC9;ACCFREQUENCE9;ANNEEACC9_1;ANNEEACC9_2;ANNEEACC9_3;ANNEEACC9_4;ANNEEACC9_5;NBACC10;ACCFREQUENCE10;ANNEEACC10_1;ANNEEACC10_2;ANNEEACC10_3;ANNEEACC10_4;ANNEEACC10_5;NBACC11;ACCFREQUENCE11;ANNEEACC11_1;ANNEEACC11_2;ANNEEACC11_3;ANNEEACC11_4;ANNEEACC11_5;NBACC12;ACCFREQUENCE12;ANNEEACC12_1;ANNEEACC12_2;ANNEEACC12_3;ANNEEACC12_4;ANNEEACC12_5;NBACC13;ACCFREQUENCE13;ANNEEACC13_1;ANNEEACC13_2;ANNEEACC13_3;ANNEEACC13_4;ANNEEACC13_5;NBACC14;ACCFREQUENCE14;ANNEEACC14_1;ANNEEACC14_2;ANNEEACC14_3;ANNEEACC14_4;ANNEEACC14_5;AUTRESACC;NBAUTRESACC;ANNEEAUTREACC1;ANNEEAUTREACC2;ANNEEAUTREACC3;ANNEEAUTREACC4;ANNEEAUTREACC5;LIEUAUTREACC1;LIEUAUTREACC2;LIEUAUTREACC3;LIEUAUTREACC4;LIEUAUTREACC5;DESCRIPTIONAUTRESACC1;DESCRIPTIONAUTRESACC2;DESCRIPTIONAUTRESACC3;DESCRIPTIONAUTRESACC4;DESCRIPTIONAUTRESACC5;NBAUTRESACCCIRCUIT;NBAUTRESTOUTTERRAIN;EXPCYCLO;EXP125;EXPSUP125;ACCORDNEXTQ;CHOIXACC;RGPMTACC;RECUPANNEE;RECUPLIEU;RECUPANNE;RGPMTAC;CHOIX1;CHOIX2;CHOIX3;CHOIX4;CHOIX5;CHOIX6;CHOIX7;DESCRIPTION;RUPTURE;FAITS;ABS_REACTION;AUTRE_REACTION;PRECISIONREACTIONOUI;RECUL;PRECISIONREACTIONNON;IMPACTCOMPORTEMENT;AUTREUSAGER;REACTIONAUTREUSAGER;CONNAISSANCEREACTIONUSAGER;DIFFICULTES;AGGRAVATION;DIFFICULTES2;EMOTIONS1;EMOTIONS2;EMOTIONS3;EMOTIONS4;EMOTIONS5;EMOTIONS6;AUTRESENTIMENT;CLASSEMENTEMOTIONS1;CLASSEMENTEMOTIONS;CLASSEMENTEMOTIONS5;CLASSEMENTEMOTIONS6;CLASSEMENTEMOTIONS7;CLASSEMENTEMOTIONS8;CLASSEMENTEMOTIONS9;EXPLICATIONRESSENTI;BIENEQUIPE;ALLURE;ALLUREVITEDETAIL;ALLURELENTEDETAIL;SITUATIONPRESSE;SITUATIONDISTRAIT;SITUATIONCONFIANT;SITUATIONCONTROLE;SITUATIONLUDIQUE;SITUATIONPERF;SITUATIONSTRESS;SITUATIONFATIGUE;HUMEURNEUTRE;HUMEURGAI;HUMEURMECONTENT;HUMEURTRISTE;HUMEURCOLERE;CONTRIBUTION1;CONTRIBUTION2;CONTRIBUTION3;CONTRIBUTION4;CONTRIBUTION5;CONTRIBUTION6;CONTRIBUTION7;CONTRIBUTION8;CONTRIBUTION9;ROLEINFRA;ELEMENTINFRA1;ELEMENTINFRA2;ELEMENTINFRA3;ELEMENTINFRA4;ELEMENTINFRA5;ELEMENTINFRA6;ELEMENTINFRA7;ELEMENTINFRA8;ELEMENTINFRA9;ALCOOL;TXALCOOL;STUP;SEMAINE;MOMENTJOURNEE;TEMPS;CAUSEACC1;CAUSEACC2;CAUSEACC3;CAUSEACC4;CAUSEACC5;FORMATIONCAUSE;FORMATION1;FORMATION2;FORMATION3;FORMATION4;FORMATION5;TRAFIC;CHAUSSEE1;CHAUSSEE2;CHAUSSEE3;CHAUSSEE4;TYPEACC;BLESSURE;TETE;COU;THORAX;MEMBRESSUP;COLONNE;BASSIN;MEMBRESINF;HOPITAL;PLUS24H;TRAJET;TYPEROUTE;MOTIF;SENSTRAJET;PASSAGER;VITESSE;DESCEQ1;DESCEQ2;DESCEQ3;DESCEQ4;DESCEQ5;DESCEQ6;DESCEQ7;DESCEQ8;DESCEQ9;DESCEQ10;VEHICULEETE;VEHICULEAUTOMNE;VEHICULEPRINTEMPS;VEHICULEHIVER;VEHICULESEMAINE;VEHICULEWE;VEHMARQUE;VEHCYLINDREE;VEHMODELE;VEHSEGMENT;VEHSIDE;EQ2RMABS;EQ2RMCBS;EQ2RMABSCBS;EQ2RMREGULATEUR;EQ2RMLIMITEUR;EQ2RMPHARESDIRECT;EQ2RMCOUPURE;EQ2RMANTIPATINAGE;EQ2RMANTIXHEELING;EQ2RMSTABILILTE;VEHKM;POINTS;DUREE;AUTRE2RM;VEHPRECMARQUE;VEHPRECCYLINDREE;VEHPRECMODELE;VEHPRECSEGMENT;VEHPRECSIDE;TEMPS2RMPREC;FREQVEHPREC;DATE_NAISS;CSP;SOCIETAIRE;SALARIE;SECTEUR2RM;NBPERSFOYER;SITFAM;NBENF;TRNBENF1;TRNBENF2;TRNBENF3;TRNBENF4;NBAUTOFOYER;NBCYCLOFOYER;NBSCOOTFOYER;NBMOTOFOYER;NBTRIKEFOYER;NB2RMCONDUIT;MARQUE1;CYLINDREE1;MODELE1;SEGMENT1;SIDE1;ANMISECIRCU1;ASS1;FREQ1;USAGE1;NBKM1;GARAGE1;MARQUE2;CYLINDREE2;MODELE2;SEGMENT2;SIDE2;ANMISECIRCU2;ASS2;FREQ2;USAGE2;NBKM2;GARAGE2;MARQUE3;CYLINDREE3;MODELE3;SEGMENT3;SIDE3;ANMISECIRCU3;ASS3;FREQ3;USAGE3;NBKM3;GARAGE3;MARQUE4;CYLINDREE4;MODELE4;SEGMENT4;SIDE4;ANMISECIRCU4;ASS4;FREQ4;USAGE4;NBKM4;GARAGE4;MARQUE5;CYLINDREE5;MODELE5;SEGMENT5;SIDE5;ANMISECIRCU5;ASS5;FREQ5;USAGE5;NBKM5;GARAGE5;NBKMTOT;PERMIS1;PERMIS2;PERMIS3;PERMIS4;PERMIS5;PERMIS6;PERMIS7;PERMIS8;PERMIS9;ANPERMIS1;ANPERMIS6;ANPERMIS7;ANPERMIS2;ANPERMIS3;ANPERMIS8;ANPERMIS9;ANPERMIS4;ANPERMIS5
187;4615;190;1;0;6;;;;;;1;5;1996;;;;;0;6;;;;;;0;4;;;;;;0;5;;;;;;0;4;;;;;;0;4;;;;;;0;5;;;;;;0;4;;;;;;0;5;;;;;;0;5;;;;;;0;5;;;;;;0;4;;;;;;0;4;;;;;;0;;;;;;;;;;;;;;;;;;;0;0;18;1;6;2;1996;;1996;Vous circuliez derrière un véhicule. Ce véhicule a ralenti. Vous avez entrepris de dépasser ce véhicule par la gauche et celui-ci vous a coupé la route en tournant à gauche (ou en effectuant un ½ tour;4;;;;;;;Je suivais depuis plusieurs kilomètres une voiture qui roulait tranquillement, comme nous. C'était un dimanche en fin d'après midi et nous revenions de balade avec mon amie qui était passagère. La voiture s'est arrêtée sur la droite et a aussitôt braqué ses roues pour faire demi tour, sans clignotant, alors qu'il y avait un rond point quelques dizaines de mètres plus loin. Je n'ai pas eu le temps de m'arrêter et me suis par réflex déporté sur la gauche. J'ai percuté la voiture au niveau de la roue avant gauche et nous avons été projetés. Si le conducteur avait mis sont clignotant et attendu quelques instant avant de faire demi tour, je pense que j'aurais eu le temps de m'arrêter. Il aurait encore été plus judicieux de faire demi-tour dans le rond point. Comme le conducteur n'était pas assuré, je me demande s'il n'a pas vu les gendarmes dans le rond point et fait demi tour pour les éviter. En effet des gendarmes sont arrivés sur les lieux très rapidement après l'accident. Le conducteur de la voiture et sa passagère ont été entendus le soir même par les gendarmes et ont eu le sang froid (alors qu'ils avaient fait demi-tour sur une ligne blanche, sans clignotant, sans assurance et sans regarder derrière eux, et ainsi failli nous tuer tous les deux) de déclarer pour l'un que je n'avais pas mis mon phare (ce qui était faux) et l'autre, que je roulais trop vite !;Le demi tour brusque et non signalé de la voiture;J'ai tenté de freiner mais je ne sais même pas si j'ai eu le temps de le faire, ou sur quelques mètres ce qui n'a pas ralenti beaucoup la moto.;NRP;0;;;Trop peu de temps, j'ai donc agi par reflex.;2;1;2;;NSP;2;NRP;1;2;6;9;;;Je pensais mourir.;2;;;;;3;1;Je savais que je roulais environ à 80km/h, que je n'avais quasiment pas freiné, et que l'aile de la voiture était à 1 ou 2 mètres de ma roue avant.;2;3;;;1;1;3;3;2;1;1;1;4;3;4;4;4;10;;;;;;;;;1;4;;;;;;;;2;2;;2;2;1;1;5;95;0;0;0;2;;;;;;2;1;;;;2;1;1;2;4;7;;;;0;;2;2;3;;1;80;1;10;2;3;4;;;;;;4;3;3;2;3;4;HONDA;750;XLV-R;TRAIL / SUPERMOTARD;2;1;1;1;1;1;1;1;1;1;1;50000;12;1;0;;;;;;;;22MAR1967;5;1;3;2;2;2;1;NRP;;;;3;0;0;2;0;2;HONDA;600;TRANSALP;TRAIL / SUPERMOTARD;2;1997;37;3;1;5000;7;BMW;1150;R1150RT;Routière / GT;2;2002;37;2;2;6000;7;;;;;;;;;;;;;;;;;;;;;;;;;;;;;;;;;;11000;3;4;;;;;;;;NRP;NRP;NRP;NRP;1996;NRP;NRP;1985;NRP
1702;4617;;0;;;;;;;;;;;;;;;;;;;;;;;;;;;;;;;;;;;;;;;;;;;;;;;;;;;;;;;;;;;;;;;;;;;;;;;;;;;;;;;;;;;;;;;;;;;;;;;;;;;;;;;;;;;;;;;;;;;;;;;;;;;;;;;;;;;;;;;;;;;;;;;;;;;;;;;;;;;;;;;;;;;;;;;;;;;;;;;;;;;;;;;;;;;;;;;;;;;;;;;;;;;;;;;;;;;;;;;;;;;;;;;;;;;;;;;;;;;;;;;;;;;;;;;;;;;;;;;;;;;;;;;;;;;;;;;;;;;;;;;;;;11JUL1956;8;1;3;2;2;3;;NRP;;;;2;0;1;1;0;2;BMW;1000;R100RT;Routière / GT;2;1991;37;2;1;15000;7;HONDA;125;PCX;SCOOTER;2;2010;37;2;1;1000;7;;;;;;;;;;;;;;;;;;;;;;;;;;;;;;;;;;16000;2;3;4;;;;;;;NRP;NRP;NRP;1977;1982;NRP;NRP;1977;NRP
1866;4618;;1;1;4;NSP;;;;;1;4;NSP;;;;;1;4;NSP;;;;;0;2;;;;;;2;5;NSP;NSP;;;;0;4;;;;;;0;3;;;;;;0;4;;;;;;1;5;NSP;;;;;0;3;;;;;;1;4;1990;;;;;0;1;;;;;;1;2;1989;;;;;0;2;;;;;;0;;;;;;;;;;;;;;;;;;;45;3;42;1;21;5;0;;;;;;;;;;;;;;;;;;;;;;;;;;;;;;;;;;;;;;;;;;;;;;;;;;;;;;;;;;;;;;;;;;;;;;;;;;;;;;;;;;;;;;;;;;;;;;;;;;;;;;;;;;;;;;;;;;;;;;;;;;;;;;;;;;;;;;;;;;;;;;;;;;;;;;;;;;;;;;08JUN1953;5;1;3;2;2;3;;NRP;;;;4;0;0;4;0;2;KAWASAKI;1400;GTR;Routière / GT;2;2012;2;1;3;17000;4;YAMAHA;600;R6 (YZF-R6);SPORTIVE;2;2003;2;4;1;500;7;;;;;;;;;;;;;;;;;;;;;;;;;;;;;;;;;;17500;2;3;4;;;;;;;NRP;NRP;NRP;1970;1981;NRP;NRP;1971;NRP
232;4619;;0;;;;;;;;;;;;;;;;;;;;;;;;;;;;;;;;;;;;;;;;;;;;;;;;;;;;;;;;;;;;;;;;;;;;;;;;;;;;;;;;;;;;;;;;;;;;;;;;;;;;;;;;;;;;;;;;;;;;;;;;;;;;;;;;;;;;;;;;;;;;;;;;;;;;;;;;;;;;;;;;;;;;;;;;;;;;;;;;;;;;;;;;;;;;;;;;;;;;;;;;;;;;;;;;;;;;;;;;;;;;;;;;;;;;;;;;;;;;;;;;;;;;;;;;;;;;;;;;;;;;;;;;;;;;;;;;;;;;;;;;;;16JAN1962;7;2;3;2;4;4;2;NRP;;;;2;0;0;1;0;1;YAMAHA;1300;FJR ABS;Routière / GT;2;2013;16;2;2;10000;7;;;;;;;;;;;;;;;;;;;;;;;;;;;;;;;;;;;;;;;;;;;;;10000;3;4;;;;;;;;NRP;NRP;NRP;NRP;2005;NRP;NRP;1982;NRP
1379;4621;;1;0;5;;;;;;0;5;;;;;;0;5;;;;;;0;4;;;;;;0;5;;;;;;0;5;;;;;;0;5;;;;;;0;4;;;;;;0;4;;;;;;0;5;;;;;;0;5;;;;;;0;4;;;;;;0;5;;;;;;0;4;;;;;;1;1;1995;;;;;Levallois;;;;;Arrété au stop derrière une voiture, celle-ci était trop avancée et à décider de faire marche arrière. Elle m'a emmenée dans sa marche arrière, chute, etc....;;;;;0;0;10;0;25;1;71;15;1995;Levallois;;;;;;;;;;;;;;;;;;;;;;;;;;;;;;;;;;;;;;;;;;;;;;;;;;;;;;;;;;;;;;;;;;;;;;;;;;;;;;;;;;;;;;;;;;;;;;;;;;;;;;;;;;;;;;;;;;;;;;;;;;;;;;;;;;;;;;;;;;;;;;;;;;;;;;;;;;;;;28APR1967;6;2;3;2;3;4;1;NRP;;;;1;0;0;1;0;1;SUZUKI;650;BANDIT-S IE;ROADSTER;2;2008;28;1;2;6000;6;;;;;;;;;;;;;;;;;;;;;;;;;;;;;;;;;;;;;;;;;;;;;6000;4;3;;;;;;;;NRP;NRP;NRP;NRP;1991;NRP;NRP;1987;NRP
761;4622;167;1;0;5;;;;;;0;5;;;;;;0;6;;;;;;0;6;;;;;;1;5;2000;;;;;0;5;;;;;;0;3;;;;;;0;4;;;;;;2;4;2002;2009;;;;0;6;;;;;;0;4;;;;;;0;2;;;;;;0;2;;;;;;0;1;;;;;;0;;;;;;;;;;;;;;;;;;;4;0;14;1;21;5;2000;;2000;Vous circuliez sur un axe prioritaire. Un véhicule venant d’un axe non prioritaire vous a coupé la route.;4;;;;;;;Un automobiliste sort d'un parking, freine en me voyant arriver, hésite, s'avance, freine, hésite à nouveau et me coupe le chemin exactement au moment où j'arrive à sa hauteur. Je cherche à éviter et je chute. Genou abîmé, épaule luxée et moto sérieusement touchée. Le pire est qu'il a fait marche arrière dans le parking pour faire croire à une chute spontanée de ma part. Heureusement que des témoins on assisté à la scène...Donc, blessé, écoeuré par l'automobiliste qui n'assume pas et mon premier (et seul) départ en vacances à moto du lendemain annulé.;Le coup de frein de l'automobiliste à la sortie du parking m'a laissé croire qu'il allait s'arrêter et après avoir ralenti, j'ai ré accéléré pour passer. Il a probablement penser la même chose.;"Malgré tout ce qu'on apprend au permis, la première manœuvre d'évitement ""en live"" s'est soldée par une chute car un (mauvais) réflexe m'a probablement fait braquer et freiner en même temps.";NRP;1;1/ j'aurais dû continuer à ralentir, malgré l'arrêt de l'automobiliste à la sortie du parking. Juste au cas où.  2/ D'une manière ou d'une autre, il faudrait s'entraîner régulièrement au freinage d'urgence et aux manœuvres d'évitement pour que cela devienne un réflexe;Je faisais trop confiance aux autres usagers de la route;;2;1;2;;J'imagine qu'il a crû pouvoir passer avant moi;1;S'il s'était arrêté en sortie de parking et m'avait laissé la priorité, comme le code de la route et la logique l'exigent, il n'y aurait pas eu d'accident;7;;;;;;;;;;;;;;;3;1;1;;1;1;4;4;2;1;1;1;2;3;4;4;4;5;7;;;;;;;;2;;;;;;;;;2;2;;2;1;1;1;20;80;0;0;0;2;;;;;;1;1;;;;2;1;4;7;;;;;;1;0;1;1;1;2;0;60;1;10;2;4;7;;;;;;4;4;4;4;4;4;SUZUKI;650;SV-N;ROADSTER;2;1;1;1;1;1;1;1;1;1;1;NSP;12;2;0;;;;;;;;27NOV1967;5;1;3;2;3;4;1;NRP;;;;2;0;0;1;0;1;DUCATI;848;STREETFIGHTER;ROADSTER;2;2013;37;3;2;5000;7;;;;;;;;;;;;;;;;;;;;;;;;;;;;;;;;;;;;;;;;;;;;;5000;2;3;4;;;;;;;NRP;NRP;NRP;1986;1999;NRP;NRP;1986;NRP
84;4623;68;1;0;5;;;;;;0;5;;;;;;1;5;1985;;;;;0;5;;;;;;0;5;;;;;;0;4;;;;;;0;4;;;;;;0;5;;;;;;1;5;1985;;;;;0;6;;;;;;0;5;;;;;;0;5;;;;;;1;5;1988;;;;;0;5;;;;;;0;;;;;;;;;;;;;;;;;;;2;0;30;1;41;9;1985;;1985;Vous avez fait une sortie de route, une perte de contrôle ou une glissade sans rien percuter.;5;;;;;;;"Perte de contrôle de la moto par temps de pluie sur des ""zebras"" sur une départementale, sans vitesse excessive. Glissade sur environ 50 m, heureusement sans aucun véhicule en face ni derrière moi.";la pluie et les bandes blanches peintes au sol (zébras);NRP;AUT|éjecté de la moto;0;;;à cause de la soudaineté de l'accident;1;0;;;;;;1;;;;;;;1;;;;;;;Quand j'ai été éjecté j'ai vu la moto m'arriver dessus et ai eu peur de me faire écraser;2;3;;;3;1;3;4;1;1;1;1;1;4;4;4;4;5;7;;;;;;;;1;1;2;;;;;;;2;2;;2;1;3;2;25;0;0;50;25;NSP;;;;;;1;2;;;;1;;;;;;;;;;;1;2;1;2;0;80;1;10;2;3;5;;;;;;4;4;4;4;4;4;HONDA;400;CB-N;ROADSTER;2;1;1;1;1;1;1;1;1;1;1;50000;12;4;0;;;;;;;;23JUN1962;7;1;3;2;2;3;;NRP;;;;2;0;0;1;0;1;BMW;1200;K1200RS;Routière / GT;2;1998;37;2;2;4000;7;;;;;;;;;;;;;;;;;;;;;;;;;;;;;;;;;;;;;;;;;;;;;4000;4;3;;;;;;;;NRP;NRP;NRP;NRP;1983;NRP;NRP;1981;NRP
634;4624;;1;0;2;;;;;;0;3;;;;;;1;3;2006;;;;;0;3;;;;;;0;4;;;;;;0;5;;;;;;0;2;;;;;;0;3;;;;;;0;5;;;;;;0;4;;;;;;0;4;;;;;;0;3;;;;;;1;2;2005;;;;;1;3;2006;;;;;0;;;;;;;;;;;;;;;;;;;9;2;7;1;66;14;2006;;;;;;;;;;;;;;;;;;;;;;;;;;;;;;;;;;;;;;;;;;;;;;;;;;;;;;;;;;;;;;;;;;;;;;;;;;;;;;;;;;;;;;;;;;;;;;;;;;;;;;;;;;;;;;;;;;;;;;;;;;;;;;;;;;;;;;;;;;;;;;;;;;;;;;;;;;;;;;14AUG1965;5;2;3;2;5;4;3;NRP;;;;2;0;0;1;0;1;BMW;1200;R1200R;ROADSTER;2;2006;22;1;2;9000;7;;;;;;;;;;;;;;;;;;;;;;;;;;;;;;;;;;;;;;;;;;;;;9000;4;3;;;;;;;;NRP;NRP;NRP;NRP;2007;NRP;NRP;1985;NRP
1377;4625;;0;;;;;;;;;;;;;;;;;;;;;;;;;;;;;;;;;;;;;;;;;;;;;;;;;;;;;;;;;;;;;;;;;;;;;;;;;;;;;;;;;;;;;;;;;;;;;;;;;;;;;;;;;;;;;;;;;;;;;;;;;;;;;;;;;;;;;;;;;;;;;;;;;;;;;;;;;;;;;;;;;;;;;;;;;;;;;;;;;;;;;;;;;;;;;;;;;;;;;;;;;;;;;;;;;;;;;;;;;;;;;;;;;;;;;;;;;;;;;;;;;;;;;;;;;;;;;;;;;;;;;;;;;;;;;;;;;;;;;;;;;;17NOV1960;5;1;3;2;4;4;2;NRP;;;;3;1;0;1;0;1;SUZUKI;1000;V-STROM;TRAIL / SUPERMOTARD;2;2005;37;1;1;20000;7;;;;;;;;;;;;;;;;;;;;;;;;;;;;;;;;;;;;;;;;;;;;;20000;2;3;4;;;;;;;NRP;NRP;NRP;1983;2009;NRP;NRP;1983;NRP
1600;4627;;1;0;4;;;;;;0;4;;;;;;0;5;;;;;;0;5;;;;;;0;6;;;;;;0;5;;;;;;0;3;;;;;;0;3;;;;;;0;3;;;;;;0;3;;;;;;0;6;;;;;;0;3;;;;;;0;3;;;;;;0;2;;;;;;1;1;2010;;;;;Montpellier;;;;;Arrété au feu.  La voiture derriere moi n'a pas vu le feu précédent ni le feu où j'étais arrété ni moi. Conducteur au téléphone;;;;;0;0;0;2;10;1;71;15;2010;Montpellier;;;;;;;;;;;;;;;;;;;;;;;;;;;;;;;;;;;;;;;;;;;;;;;;;;;;;;;;;;;;;;;;;;;;;;;;;;;;;;;;;;;;;;;;;;;;;;;;;;;;;;;;;;;;;;;;;;;;;;;;;;;;;;;;;;;;;;;;;;;;;;;;;;;;;;;;;;;;;04JUN1955;5;2;3;2;2;3;;NRP;;;;1;0;0;1;0;1;BMW;1200;R1200GS;TRAIL / SUPERMOTARD;2;2011;33;1;1;15000;4;;;;;;;;;;;;;;;;;;;;;;;;;;;;;;;;;;;;;;;;;;;;;15000;3;4;;;;;;;;NRP;NRP;NRP;NRP;2000;NRP;NRP;1974;NRP
564;4630;;0;;;;;;;;;;;;;;;;;;;;;;;;;;;;;;;;;;;;;;;;;;;;;;;;;;;;;;;;;;;;;;;;;;;;;;;;;;;;;;;;;;;;;;;;;;;;;;;;;;;;;;;;;;;;;;;;;;;;;;;;;;;;;;;;;;;;;;;;;;;;;;;;;;;;;;;;;;;;;;;;;;;;;;;;;;;;;;;;;;;;;;;;;;;;;;;;;;;;;;;;;;;;;;;;;;;;;;;;;;;;;;;;;;;;;;;;;;;;;;;;;;;;;;;;;;;;;;;;;;;;;;;;;;;;;;;;;;;;;;;;;;23AUG1979;7;1;3;1;4;4;2;NRP;;;;1;0;0;1;0;1;TRIUMPH;1050;SPRINT ST ABS;Routière / GT;2;2005;37;1;2;6000;7;;;;;;;;;;;;;;;;;;;;;;;;;;;;;;;;;;;;;;;;;;;;;6000;4;3;;;;;;;;NRP;NRP;NRP;NRP;2008;NRP;NRP;1997;NRP
2192;4631;;1;0;2;;;;;;2;5;2007;2011;;;;1;5;2011;;;;;0;2;;;;;;0;4;;;;;;0;3;;;;;;0;2;;;;;;0;2;;;;;;0;5;;;;;;0;2;;;;;;0;3;;;;;;0;2;;;;;;1;4;2005;;;;;0;3;;;;;;0;;;;;;;;;;;;;;;;;;;2;0;13;1;6;2;2007;;;;;;;;;;;;;;;;;;;;;;;;;;;;;;;;;;;;;;;;;;;;;;;;;;;;;;;;;;;;;;;;;;;;;;;;;;;;;;;;;;;;;;;;;;;;;;;;;;;;;;;;;;;;;;;;;;;;;;;;;;;;;;;;;;;;;;;;;;;;;;;;;;;;;;;;;;;;;;28AUG1977;5;1;3;2;3;4;1;NRP;;;;2;1;0;1;0;1;TRIUMPH;675;DAYTONA;SPORTIVE;2;2010;37;2;1;4000;7;;;;;;;;;;;;;;;;;;;;;;;;;;;;;;;;;;;;;;;;;;;;;4000;4;3;;;;;;;;NRP;NRP;NRP;NRP;2000;NRP;NRP;1996;NRP
1733;4633;;1;1;5;1972;;;;;0;4;;;;;;0;6;;;;;;0;5;;;;;;0;6;;;;;;0;6;;;;;;1;5;1972;;;;;1;5;1971;;;;;1;6;NSP;;;;;1;6;NSP;;;;;0;5;;;;;;0;3;;;;;;0;5;;;;;;0;3;;;;;;1;2;1968;2014;;;;cannes;col de turini;;;;mobylette bleue, la voiture qui arrive en face lors de mon dépassement hasardeux.;vitesse 70km/h un chevreuil debouche a droite, on se percute en s'esquivnt sans conséquence pour les deux;;;;0;2;4;0;43;1;72;15;2014;col de turini;;;;;;;;;;;;;;;;;;;;;;;;;;;;;;;;;;;;;;;;;;;;;;;;;;;;;;;;;;;;;;;;;;;;;;;;;;;;;;;;;;;;;;;;;;;;;;;;;;;;;;;;;;;;;;;;;;;;;;;;;;;;;;;;;;;;;;;;;;;;;;;;;;;;;;;;;;;;;26OCT1954;5;2;3;2;2;3;;NRP;;;;2;0;0;1;0;1;HONDA;600;CB-F  N;ROADSTER;2;2004;10;2;1;7000;5;;;;;;;;;;;;;;;;;;;;;;;;;;;;;;;;;;;;;;;;;;;;;7000;4;3;;;;;;;;NRP;NRP;NRP;NRP;1973;NRP;NRP;1978;NRP
1041;4635;;1;1;4;1982;;;;;0;4;;;;;;0;5;;;;;;0;4;;;;;;1;5;1982;;;;;0;1;;;;;;0;4;;;;;;1;4;1988;;;;;1;5;2011;;;;;0;6;;;;;;0;3;;;;;;0;2;;;;;;1;3;2004;;;;;0;4;;;;;;0;;;;;;;;;;;;;;;;;;;4;2;31;1;1;1;1982;;;;;;;;;;;;;;;;;;;;;;;;;;;;;;;;;;;;;;;;;;;;;;;;;;;;;;;;;;;;;;;;;;;;;;;;;;;;;;;;;;;;;;;;;;;;;;;;;;;;;;;;;;;;;;;;;;;;;;;;;;;;;;;;;;;;;;;;;;;;;;;;;;;;;;;;;;;;;;24DEC1963;5;2;3;2;2;3;;NRP;;;;2;0;0;4;0;2;BMW;1200;K1200RS;Routière / GT;2;2006;29;1;2;25000;2;YAMAHA;600;FZS FAZER;ROADSTER;2;2004;40;3;1;7000;4;;;;;;;;;;;;;;;;;;;;;;;;;;;;;;;;;;32000;3;4;;;;;;;;NRP;NRP;NRP;NRP;1981;NRP;NRP;1984;NRP
2197;4636;;1;0;1;;;;;;0;6;;;;;;0;4;;;;;;0;1;;;;;;0;6;;;;;;0;3;;;;;;0;3;;;;;;0;4;;;;;;2;4;2010;2013;;;;0;1;;;;;;0;5;;;;;;0;3;;;;;;0;2;;;;;;0;3;;;;;;0;;;;;;;;;;;;;;;;;;;8;5;3;1;41;9;2010;;;;;;;;;;;;;;;;;;;;;;;;;;;;;;;;;;;;;;;;;;;;;;;;;;;;;;;;;;;;;;;;;;;;;;;;;;;;;;;;;;;;;;;;;;;;;;;;;;;;;;;;;;;;;;;;;;;;;;;;;;;;;;;;;;;;;;;;;;;;;;;;;;;;;;;;;;;;;;16JUN1965;5;1;3;2;1;1;;NRP;;;;0;0;0;2;0;2;APRILIA;650;PEGASO IE TRAIL;TRAIL / SUPERMOTARD;2;2006;37;3;1;3000;4;SUZUKI;125;DR-SE;TRAIL / SUPERMOTARD;2;1998;37;4;1;200;4;;;;;;;;;;;;;;;;;;;;;;;;;;;;;;;;;;3200;3;4;5;;;;;;;NRP;NRP;NRP;NRP;2011;NRP;NRP;1988;2006
2108;4637;;1;0;2;;;;;;0;5;;;;;;0;5;;;;;;0;2;;;;;;0;2;;;;;;0;2;;;;;;0;3;;;;;;0;3;;;;;;0;4;;;;;;0;2;;;;;;0;3;;;;;;0;2;;;;;;0;3;;;;;;0;3;;;;;;1;1;2011;;;;;bastia;;;;;une voiture sort d'un parking en marche arrière et nous percute;;;;;0;0;2;0;12;1;71;15;2011;bastia;;;;;;;;;;;;;;;;;;;;;;;;;;;;;;;;;;;;;;;;;;;;;;;;;;;;;;;;;;;;;;;;;;;;;;;;;;;;;;;;;;;;;;;;;;;;;;;;;;;;;;;;;;;;;;;;;;;;;;;;;;;;;;;;;;;;;;;;;;;;;;;;;;;;;;;;;;;;;02APR1956;5;1;3;2;4;4;2;NRP;;;;2;1;0;3;0;3;BMW;1200;R1200RT PACK;Routière / GT;2;2008;37;2;1;8000;4;HONDA;600;HORNET;ROADSTER;2;2010;37;2;1;9000;4;PEUGEOT;50;XP6 SUPERMOTARD;TRAIL / SUPERMOTARD;2;2003;31;2;1;4000;4;;;;;;;;;;;;;;;;;;;;;;;21000;3;4;;;;;;;;NRP;NRP;NRP;NRP;1974;NRP;NRP;1974;NRP