Ligne;Ligne Q qualif;Ligne approfondissement Accident;ACCIDENT;NBACC1;ACCFREQUENCE1;ANNEEACC1_1;ANNEEACC1_2;ANNEEACC1_3;ANNEEACC1_4;ANNEEACC1_5;NBACC2;ACCFREQUENCE2;ANNEEACC2_1;ANNEEACC2_2;ANNEEACC2_3;ANNEEACC2_4;ANNEEACC2_5;NBACC3;ACCFREQUENCE3;ANNEEACC3_1;ANNEEACC3_2;ANNEEACC3_3;ANNEEACC3_4;ANNEEACC3_5;NBACC4;ACCFREQUENCE4;ANNEEACC4_1;ANNEEACC4_2;ANNEEACC4_3;ANNEEACC4_4;ANNEEACC4_5;NBACC5;ACCFREQUENCE5;ANNEEACC5_1;ANNEEACC5_2;ANNEEACC5_3;ANNEEACC5_4;ANNEEACC5_5;NBACC6;ACCFREQUENCE6;ANNEEACC6_1;ANNEEACC6_2;ANNEEACC6_3;ANNEEACC6_4;ANNEEACC6_5;NBACC7;ACCFREQUENCE7;ANNEEACC7_1;ANNEEACC7_2;ANNEEACC7_3;ANNEEACC7_4;ANNEEACC7_5;NBACC8;ACCFREQUENCE8;ANNEEACC8_1;ANNEEACC8_2;ANNEEACC8_3;ANNEEACC8_4;ANNEEACC8_5;NBACC9;ACCFREQUENCE9;ANNEEACC9_1;ANNEEACC9_2;ANNEEACC9_3;ANNEEACC9_4;ANNEEACC9_5;NBACC10;ACCFREQUENCE10;ANNEEACC10_1;ANNEEACC10_2;ANNEEACC10_3;ANNEEACC10_4;ANNEEACC10_5;NBACC11;ACCFREQUENCE11;ANNEEACC11_1;ANNEEACC11_2;ANNEEACC11_3;ANNEEACC11_4;ANNEEACC11_5;NBACC12;ACCFREQUENCE12;ANNEEACC12_1;ANNEEACC12_2;ANNEEACC12_3;ANNEEACC12_4;ANNEEACC12_5;NBACC13;ACCFREQUENCE13;ANNEEACC13_1;ANNEEACC13_2;ANNEEACC13_3;ANNEEACC13_4;ANNEEACC13_5;NBACC14;ACCFREQUENCE14;ANNEEACC14_1;ANNEEACC14_2;ANNEEACC14_3;ANNEEACC14_4;ANNEEACC14_5;AUTRESACC;NBAUTRESACC;ANNEEAUTREACC1;ANNEEAUTREACC2;ANNEEAUTREACC3;ANNEEAUTREACC4;ANNEEAUTREACC5;LIEUAUTREACC1;LIEUAUTREACC2;LIEUAUTREACC3;LIEUAUTREACC4;LIEUAUTREACC5;DESCRIPTIONAUTRESACC1;DESCRIPTIONAUTRESACC2;DESCRIPTIONAUTRESACC3;DESCRIPTIONAUTRESACC4;DESCRIPTIONAUTRESACC5;NBAUTRESACCCIRCUIT;NBAUTRESTOUTTERRAIN;EXPCYCLO;EXP125;EXPSUP125;ACCORDNEXTQ;CHOIXACC;RGPMTACC;RECUPANNEE;RECUPLIEU;RECUPANNE;RGPMTAC;CHOIX1;CHOIX2;CHOIX3;CHOIX4;CHOIX5;CHOIX6;CHOIX7;DESCRIPTION;RUPTURE;FAITS;ABS_REACTION;AUTRE_REACTION;PRECISIONREACTIONOUI;RECUL;PRECISIONREACTIONNON;IMPACTCOMPORTEMENT;AUTREUSAGER;REACTIONAUTREUSAGER;CONNAISSANCEREACTIONUSAGER;DIFFICULTES;AGGRAVATION;DIFFICULTES2;EMOTIONS1;EMOTIONS2;EMOTIONS3;EMOTIONS4;EMOTIONS5;EMOTIONS6;AUTRESENTIMENT;CLASSEMENTEMOTIONS1;CLASSEMENTEMOTIONS;CLASSEMENTEMOTIONS5;CLASSEMENTEMOTIONS6;CLASSEMENTEMOTIONS7;CLASSEMENTEMOTIONS8;CLASSEMENTEMOTIONS9;EXPLICATIONRESSENTI;BIENEQUIPE;ALLURE;ALLUREVITEDETAIL;ALLURELENTEDETAIL;SITUATIONPRESSE;SITUATIONDISTRAIT;SITUATIONCONFIANT;SITUATIONCONTROLE;SITUATIONLUDIQUE;SITUATIONPERF;SITUATIONSTRESS;SITUATIONFATIGUE;HUMEURNEUTRE;HUMEURGAI;HUMEURMECONTENT;HUMEURTRISTE;HUMEURCOLERE;CONTRIBUTION1;CONTRIBUTION2;CONTRIBUTION3;CONTRIBUTION4;CONTRIBUTION5;CONTRIBUTION6;CONTRIBUTION7;CONTRIBUTION8;CONTRIBUTION9;ROLEINFRA;ELEMENTINFRA1;ELEMENTINFRA2;ELEMENTINFRA3;ELEMENTINFRA4;ELEMENTINFRA5;ELEMENTINFRA6;ELEMENTINFRA7;ELEMENTINFRA8;ELEMENTINFRA9;ALCOOL;TXALCOOL;STUP;SEMAINE;MOMENTJOURNEE;TEMPS;CAUSEACC1;CAUSEACC2;CAUSEACC3;CAUSEACC4;CAUSEACC5;FORMATIONCAUSE;FORMATION1;FORMATION2;FORMATION3;FORMATION4;FORMATION5;TRAFIC;CHAUSSEE1;CHAUSSEE2;CHAUSSEE3;CHAUSSEE4;TYPEACC;BLESSURE;TETE;COU;THORAX;MEMBRESSUP;COLONNE;BASSIN;MEMBRESINF;HOPITAL;PLUS24H;TRAJET;TYPEROUTE;MOTIF;SENSTRAJET;PASSAGER;VITESSE;DESCEQ1;DESCEQ2;DESCEQ3;DESCEQ4;DESCEQ5;DESCEQ6;DESCEQ7;DESCEQ8;DESCEQ9;DESCEQ10;VEHICULEETE;VEHICULEAUTOMNE;VEHICULEPRINTEMPS;VEHICULEHIVER;VEHICULESEMAINE;VEHICULEWE;VEHMARQUE;VEHCYLINDREE;VEHMODELE;VEHSEGMENT;VEHSIDE;EQ2RMABS;EQ2RMCBS;EQ2RMABSCBS;EQ2RMREGULATEUR;EQ2RMLIMITEUR;EQ2RMPHARESDIRECT;EQ2RMCOUPURE;EQ2RMANTIPATINAGE;EQ2RMANTIXHEELING;EQ2RMSTABILILTE;VEHKM;POINTS;DUREE;AUTRE2RM;VEHPRECMARQUE;VEHPRECCYLINDREE;VEHPRECMODELE;VEHPRECSEGMENT;VEHPRECSIDE;TEMPS2RMPREC;FREQVEHPREC;DATE_NAISS;CSP;SOCIETAIRE;SALARIE;SECTEUR2RM;NBPERSFOYER;SITFAM;NBENF;TRNBENF1;TRNBENF2;TRNBENF3;TRNBENF4;NBAUTOFOYER;NBCYCLOFOYER;NBSCOOTFOYER;NBMOTOFOYER;NBTRIKEFOYER;NB2RMCONDUIT;MARQUE1;CYLINDREE1;MODELE1;SEGMENT1;SIDE1;ANMISECIRCU1;ASS1;FREQ1;USAGE1;NBKM1;GARAGE1;MARQUE2;CYLINDREE2;MODELE2;SEGMENT2;SIDE2;ANMISECIRCU2;ASS2;FREQ2;USAGE2;NBKM2;GARAGE2;MARQUE3;CYLINDREE3;MODELE3;SEGMENT3;SIDE3;ANMISECIRCU3;ASS3;FREQ3;USAGE3;NBKM3;GARAGE3;MARQUE4;CYLINDREE4;MODELE4;SEGMENT4;SIDE4;ANMISECIRCU4;ASS4;FREQ4;USAGE4;NBKM4;GARAGE4;MARQUE5;CYLINDREE5;MODELE5;SEGMENT5;SIDE5;ANMISECIRCU5;ASS5;FREQ5;USAGE5;NBKM5;GARAGE5;NBKMTOT;PERMIS1;PERMIS2;PERMIS3;PERMIS4;PERMIS5;PERMIS6;PERMIS7;PERMIS8;PERMIS9;ANPERMIS1;ANPERMIS6;ANPERMIS7;ANPERMIS2;ANPERMIS3;ANPERMIS8;ANPERMIS9;ANPERMIS4;ANPERMIS5
577;4669;278;1;1;6;2013;;;;;0;6;;;;;;0;6;;;;;;0;3;;;;;;0;6;;;;;;0;4;;;;;;0;5;;;;;;0;6;;;;;;1;5;2004;;;;;0;4;;;;;;0;6;;;;;;0;3;;;;;;0;5;;;;;;0;4;;;;;;0;;;;;;;;;;;;;;;;;;;0;0;8;1;1;1;2013;;2013;Vous circuliez sur un axe prioritaire. Un autre véhicule arrivant sur le même axe en sens opposé vous a coupé la route en tournant à gauche.;3;AUT|révélateur de la problématique des deux roues avec les autres usagers;;;;;;L'accrochage s'est produit à une intersection, en haut d'une côte, à Pujols, près de Villeneuve sur Lot. C'est une route avec de nombreux lacés serrés, qui ne permettent pas une grande vitesse. Je roulais à environ 70 km/h. J'ai de plus réduit encore la vitesse quand j'ai vu la voiture ralentir et mettre le clignotant à gauche.  La voiture arrivant en face, conduite par une personne d'environ 70-75 ans, s'est d'abord arrêtée, puis a démarré au moment où j'arrivais à environ 30 mètres. Elle m'a donc coupé la route pour tourner à sa gauche.  L'intersection est en biais, ce qui fait que la voiture n'était pas face à moi au milieu de ma voie, mais de 3/4 : j'ai donc plutôt glissé sur le coté arrière latéral de la voiture. De plus, comme j'ai freiné très fort, la roue arrière s'est bloquée, et la moto (600 XJ) est partie légèrement en crabe, ce qui a accentué le glissement contre l'arrière, plutôt qu'un choc frontal.  Après le choc, je suis passé entre l'arrière de la voiture et les deux voitures qui la suivaient derrière et qui étaient à l'arrêt. Un espace d'à peine un mètre, mais je dois dire que je ne l'ai pas fait exprès, car après le choc, je ne maîtrisais plus rien !  Je ne suis pas tombé, parce que je roulais doucement, et parce que je n'ai pas percuté la voiture, mais glissé sur son arrière.  Les dégâts étaient minimes : éraflures sur la fouche.  Le plus pénible : la conductrice qui refuse de faire le constat, sous prétexte qu'il n'y a rien. Je suis obligé de la menacer d'un dépôt de plainte, je lui rappelle que si j'avais roulé plus vite, elle aurait pu me tuer.  C'est à ce moment qu'arrive une voiture de gendarmes, qui s'arrêtent et demandent des explications : et la dame de dire que je roulais trop vite. J'étais tellement estomaqué que je n'ai même pas pu répondre. Je pense que le gendarme voyant ma moto debout sur béquille, et moi sans mal a dû comprendre qu'elle exagérait : il lui a répondu séchement que quoi qu'il en était, elle m'avait coupé la route, et qu'elle était en tort et que çà aurait pu très mal finir pour moi.;La conductrice en face qui estime avoir le temps de tourner devant moi, alors que je suis réellement très près. Elle y voit peut-être mal, elle évalue mal la distance : ce n'est pas un cas isolé, il y a nécessité d'évaluer la capacité des personnes âgées à continuer à conduire. Ne serait ce que d'exiger des contrôles visuels à partir de 60-65 ans, car il n'est pas rare de voir des septuagénaires et plus, qui conduisent, mais n'ont pas vu un opticien depuis 20 ans. Je sais de quoi je parle, je suis directeur d'une maison de retraite !  Deuxième élément : je ne réussi pas à faire un évitement. Il est vrai que la voiture est très près et qu'il y a un espace très réduit entre elle et les deux voitures qui suivent. Mais je pense que je ne maîtrise plus correctement les manoeuvres d'urgence : freinage, évitement.;"J'arrive et je vois la voiture avec le clignotant, prête à tourner : je réduis la vitesse, ""pour le cas où"". C'est une habitude. Cette décision est celle qui détermine la suite et qui fait que ce sera un accrochage sans gravité et non un accident.  La voiture démarre alors que je suis tout près. Je freine à fond, parce qu'il n'y a plus rien à faire d'autre. A partir de là je ne maîtrise quasiment plus la moto.";1;0;;;Surpris de voir la voiture démarrer, alors que j'avais prévu qu'elle pourrait le faire. Incapacité à maîtriser correctement la moto à partir du moment où je freine.;2;1;2;;Je suppose que la conductrice a mal évalué la distance entre elle et moi, ce qui pose la question de son acuité visuelle;1;Beaucoup de personnes considèrent que rouler en voiture est un droit inaliénable, un pré requis. Avec l'âge, les personnes réaménagent leurs logement, installent des dispositifs d'aide à la mobilité, mais n'envisagent pas de modifier leur comportement sur la route, de faire controler leur vision, de changer de lunettes, de prendre d'avantage de précautions.;6;;;;;;;;;;;;1;;"Je me suis dit : ""cette fois-ci je n'y coupe pas, çà va taper"".  Dans cette situation, je ne pouvais rien faire à part freiner.";3;3;;;1;1;3;3;3;1;1;3;4;1;4;4;4;10;;;;;;;;;2;;;;;;;;;2;2;;2;1;1;1;0;100;0;0;0;1;AUT|Nécessité de se former en continu, avec la moto que je possède actuellement;;;;;1;1;;;;1;;;;;;;;;;;1;2;1;2;0;50;1;10;2;3;4;7;;;;;3;2;3;1;3;3;YAMAHA;600;XJ-N;ROADSTER;2;1;1;1;1;1;1;1;1;1;1;42000;6;4;1;KAWASAKI;750;ZR-7;ROADSTER;2;4;3;11OCT1967;5;2;3;2;5;4;3;NRP;;;;2;0;0;1;0;1;YAMAHA;600;XJ-N;ROADSTER;2;1997;10;2;2;3500;7;;;;;;;;;;;;;;;;;;;;;;;;;;;;;;;;;;;;;;;;;;;;;3500;3;4;;;;;;;;NRP;NRP;NRP;NRP;2004;NRP;NRP;1990;NRP
920;4670;55;1;0;4;;;;;;0;6;;;;;;0;5;;;;;;0;3;;;;;;1;6;1988;;;;;0;4;;;;;;0;2;;;;;;0;4;;;;;;0;4;;;;;;0;2;;;;;;1;2;1990;;;;;0;2;;;;;;0;3;;;;;;0;3;;;;;;0;;;;;;;;;;;;;;;;;;;4;1;26;1;21;5;1988;;1988;Vous circuliez sur un axe prioritaire. Un véhicule venant d’un axe non prioritaire vous a coupé la route.;2;4;;;;;;Le véhicule quittait un stationnement face à la voie de circulation que j'empruntais, il est arrivé face à moi. Le conducteur, âgée, n'a pas porter assez d'attention à ces contrôles d'avant manoeuvre. Il a surgit 5 mètres devant ma roue. J'ai à peine eu le temps de freiner, de tenter un évitement. Nous l'avons percuté sur l'aile ar/g (ma moto et moi). Je rentrais du travail pour déjeuner, je roulais à la vitesse légale, soit 50km/h en ville.;Surprise totale. Distance trop courte pour s'arrêter. Pas de possibilité d'évitement.;moi : Surpris/Prise des freins/Pas d'échappatoire/le choc... Lui : Aucune réaction/Ne m'as perçu que lorsque il a entendu et sentie un gros choc sur sa voiture et à continuer à avancer sur quelques mètres encore...;NRP;0;;;Laps de temps trop court et distance trop courte.  Il aurait fallu que je sois positionner au centre de la chaussée à double sens pour avoir une chance de faire un évitement.;3;1;2;;Ne m'as pas vu.;1;Il n'a pas stoppé sa manoeuvre.;6;9;;;;;"""Oh ! Le CON !!!! """;;;;;;2;1;Surpris de cette manoeuvre totalement interdite par le code de la route.;4;3;;;1;2;4;4;1;1;1;2;1;3;4;4;4;1;5;;;;;;;;1;AUT|Véhicule garé entre 2 arbres en bordure de chaussée;;;;;;;;2;2;;2;2;1;1;0;100;0;0;0;1;3;4;;;;1;1;;;;2;1;4;7;;;;;;1;1;1;1;1;2;0;50;1;2;3;4;7;9;;;;;4;4;4;4;4;4;SUZUKI;1100;GSX1100 F;Routière / GT;2;1;1;1;1;1;1;1;1;1;1;23000;10;1;1;SUZUKI;600;GSX-F;Routière / GT;2;1;4;19MAY1970;7;1;3;2;5;4;3;NRP;;;;2;0;0;1;0;3;BMW;1200;R1200RT PACK;Routière / GT;2;2012;37;1;2;18000;7;HONDA;1800;GOLD WING CONFORT;Routière / GT;2;2012;16;2;3;5000;7;BMW;1200;R1200GS ABS;TRAIL / SUPERMOTARD;2;2012;16;2;3;5000;7;;;;;;;;;;;;;;;;;;;;;;;28000;2;3;4;;;;;;;NRP;NRP;NRP;1986;1988;NRP;NRP;1989;NRP
1141;4671;;0;;;;;;;;;;;;;;;;;;;;;;;;;;;;;;;;;;;;;;;;;;;;;;;;;;;;;;;;;;;;;;;;;;;;;;;;;;;;;;;;;;;;;;;;;;;;;;;;;;;;;;;;;;;;;;;;;;;;;;;;;;;;;;;;;;;;;;;;;;;;;;;;;;;;;;;;;;;;;;;;;;;;;;;;;;;;;;;;;;;;;;;;;;;;;;;;;;;;;;;;;;;;;;;;;;;;;;;;;;;;;;;;;;;;;;;;;;;;;;;;;;;;;;;;;;;;;;;;;;;;;;;;;;;;;;;;;;;;;;;;;;30DEC1964;7;2;3;2;2;3;;NRP;;;;1;0;0;1;0;1;SUZUKI;650;BANDIT-S;ROADSTER;2;2008;10;3;1;6000;7;;;;;;;;;;;;;;;;;;;;;;;;;;;;;;;;;;;;;;;;;;;;;6000;4;3;;;;;;;;NRP;NRP;NRP;NRP;1990;NRP;NRP;1983;NRP
1786;4672;;1;0;5;;;;;;0;5;;;;;;1;6;1993;;;;;0;4;;;;;;0;4;;;;;;0;3;;;;;;0;4;;;;;;0;4;;;;;;2;4;NSP;2013;;;;1;4;1999;;;;;0;5;;;;;;0;4;;;;;;0;3;;;;;;0;3;;;;;;1;1;1993;;;;;RN1;;;;;Arrêté aux feux tricolores,un véhicule a glissé (chaussée mouillée) et m'a percuté.;;;;;0;0;2;10;30;1;71;15;1993;RN1;;;;;;;;;;;;;;;;;;;;;;;;;;;;;;;;;;;;;;;;;;;;;;;;;;;;;;;;;;;;;;;;;;;;;;;;;;;;;;;;;;;;;;;;;;;;;;;;;;;;;;;;;;;;;;;;;;;;;;;;;;;;;;;;;;;;;;;;;;;;;;;;;;;;;;;;;;;;;23AUG1955;9;2;3;2;2;3;;NRP;;;;2;0;0;1;0;1;SUZUKI;1300;GSX-R  HAYABUSA;Routière / GT;2;1997;29;3;1;10000;7;;;;;;;;;;;;;;;;;;;;;;;;;;;;;;;;;;;;;;;;;;;;;10000;3;4;;;;;;;;NRP;NRP;NRP;NRP;1986;NRP;NRP;1974;NRP
2058;4673;;1;0;3;;;;;;0;4;;;;;;0;5;;;;;;0;2;;;;;;1;4;2008;;;;;0;4;;;;;;0;3;;;;;;0;1;;;;;;0;3;;;;;;0;6;;;;;;1;6;2009;;;;;0;3;;;;;;0;1;;;;;;0;3;;;;;;0;;;;;;;;;;;;;;;;;;;0;0;7;1;21;5;2008;;;;;;;;;;;;;;;;;;;;;;;;;;;;;;;;;;;;;;;;;;;;;;;;;;;;;;;;;;;;;;;;;;;;;;;;;;;;;;;;;;;;;;;;;;;;;;;;;;;;;;;;;;;;;;;;;;;;;;;;;;;;;;;;;;;;;;;;;;;;;;;;;;;;;;;;;;;;;;19MAR1986;7;2;3;2;2;3;;NRP;;;;2;1;0;1;0;2;TRIUMPH;675;STREET TRIPLE R;ROADSTER;2;2009;16;2;1;5000;7;TRIUMPH;675;STREET TRIPLE;ROADSTER;2;2012;31;2;1;7000;7;;;;;;;;;;;;;;;;;;;;;;;;;;;;;;;;;;12000;3;4;;;;;;;;NRP;NRP;NRP;NRP;2008;NRP;NRP;2005;NRP
871;4675;384;1;0;3;;;;;;0;5;;;;;;1;5;1989;;;;;0;3;;;;;;0;5;;;;;;0;3;;;;;;1;4;1990;;;;;3;4;1990;1992;2001;;;0;3;;;;;;0;3;;;;;;0;5;;;;;;0;3;;;;;;0;3;;;;;;0;4;;;;;;0;;;;;;;;;;;;;;;;;;;25;1;25;1;11;3;1989;;1989;Vous remontiez une file de véhicules (à l’arrêt ou au ralenti) par la gauche. Un véhicule de cette file vous a coupé la route en tournant à gauche.;1;2;4;;;;;juste un aquaplaning en rétrogradant à l'entré d'un passage à niveau , en ville , de nuit et sous une pluie battante ...mauvaise chute sur le guidon et rouler-bouler dans tout les sens .;aquaplaning;"j'ai à peine eu le temps de me dire ""merde"" dans la tete";NRP;1;etre plus souple sur les commandes au rétrogradage sous la pluie;?;;2;1;2;;NSP;2;NRP;6;;;;;;;;;;;;1;;?;4;3;;;2;1;3;3;3;1;1;2;1;3;4;4;4;10;;;;;;;;;1;2;4;;;;;;;2;1;2;2;2;2;3;10;0;0;0;90;2;;;;;;1;2;;;;2;1;5;6;7;;;;;1;1;2;1;3;;0;60;1;2;3;5;9;;;;;;1;4;3;4;4;4;YAMAHA;600;XTZ TENERE;TRAIL / SUPERMOTARD;2;1;1;1;1;1;1;1;1;1;1;50000;0;1;0;;;;;;;;15JUL1969;8;1;3;2;4;4;2;NRP;;;;3;0;0;1;0;2;KAWASAKI;650;Z650C;ROADSTER;2;1979;37;2;2;6000;7;HONDA;1000;GOLD WING;ROADSTER;1;1976;16;3;1;1000;7;;;;;;;;;;;;;;;;;;;;;;;;;;;;;;;;;;7000;3;4;;;;;;;;NRP;NRP;NRP;NRP;1989;NRP;NRP;1987;NRP
431;4676;223;1;0;4;;;;;;0;4;;;;;;0;1;;;;;;0;1;;;;;;0;4;;;;;;0;2;;;;;;0;2;;;;;;0;3;;;;;;2;3;2005;2007;;;;0;3;;;;;;0;2;;;;;;0;4;;;;;;1;4;2001;;;;;0;2;;;;;;1;5;2001;2002;2005;2006;2007;PARIS;PARIS;ALPES;PARIS;PYRENNEES;VEHICULE DEVANT MOI FREINE, JE BLOC LA ROUE AVANT ET JE TOMBE EN PERCUTANT LA VOITURE;SUR AVENUE SENS UNIQUE A 2 VOIES VEHICULE DE LA FILE DE GAUCHE SE RABAT DANS MA FILE (DROITE) JE BLOC LA ROUE AVANT ET CHUTE CONTRE LE TROTTOIR;DERNIER JOUR D'UNE SEMAINE DE BALADE DANS LES ALPES, DANS UN VIRAGE A GAUCHE JE PERS LA TRAJECTOIRE ET FINI DANS LE TALUS A DROITE DE LA ROUTE;SUR VOIE RAPIDE A 3 VOIES CIRCULATION TRES DENSE ET CHAUSSEE HUMIDE, JE ME RABAT DE LA FILE DU MILIEU VERS CELLE DE DROITE POUR ALLER SUR LA BAU OU UN MOTARD EST ARRETE. JE ME FAIT PERCUTE PAR DERRIERE DANS LA FILE DE DROITE PAR UNE VOITURE QUI A BLOQUE SES ROUES;IDEM QUE LE 3 MAIS DANS LES PYRENNEES, MEME CIRCONSTANCES DE FIN DE SEMAINE DE BALADE, MEME VIRAGE A GAUCHE ET MEME R2SULTAT DANS LE FAUSSE;0;0;0;0;14;1;74;15;2006;PARIS;2006;Autre(s) type(s) d'accident(s).;4;6;;;;;;Sur autoroute A4 à la sortie de paris avec un fort trafic au ralenti, chaussée humide mais sans pluie.  Je remonte les files entre les voies 2 et 3 et j'aperçois un motard à l'arrêt sur la BAU.  Je met mon clignotant et me rabats sur la voie du milieu. Je vois un espace pour passer sur la voie de droite et m'engage. Arrivé au milieu de cette voie la voiture derrière moi bloque ses roues et me percute. La moto me tombe sur la jambe droite et provoque une grosse plaie ouverte à travers le pantalon de pluie et le jean juste au dessus de ma botte de moto. Bilan, 2 opérations à l'hôpital, un mois d'arrêt de travail, une photo en vrac qui a failli passer épave, et un motard que je n'ai pas dépanné et qui s'est à peine soucié de moi. Pour le suivant je lui ai fait signe que je n'avait pas d'outils :-). J'ai toujours mes bottes dont celle de droite à encore des traces de sanquette, et mon pantalon de pluie avec doublure rafistolé au scotch. C'est du mon matériel même si en l'occurrence il ne m'a pas protégé.;J'aurais dû mieux contrôler la place disponible lors de mon dernier changement de voie.  S'il n'y avait pas eu se motard arrêté, il n'y aurais pas eu cet accident.;Entre ma manœuvre de changement de voie et le choc il n'y a eu que le bloquage de roue de la voiture qui m'a percuté. Je n'ai pas eu de réaction. J'aurais du lever ma jambe droite pour éviter qu'elle se trouve bloquée sous la moto, mais je ne l'ai pas fait.;2;1;j'aurais du lever la jambes cela aurait éviter ma plus grosse blessure;Je n'avais pas perçu le danger;;2;1;1;1;il a bloqué ses roues;2;Le choc c'est passé à vitesse réduite;2;6;;;;;;;1;;;;2;;je ne m'attendais pas à être percuté;4;3;;;2;1;3;4;1;1;1;2;5;3;4;4;4;4;;;;;;;;;2;;;;;;;;;2;2;;2;2;1;2;45;45;0;0;10;2;;;;;;3;2;;;;2;1;7;;;;;;;1;1;2;3;3;;0;20;1;10;2;3;4;7;;;;;4;4;4;4;4;4;KAWASAKI;1200;ZRX-R;ROADSTER;2;1;1;1;1;1;1;1;1;1;1;60000;12;4;1;KAWASAKI;750;ZR-7;ROADSTER;2;3;4;03OCT1969;6;1;3;2;4;4;2;NRP;;;;2;0;1;1;0;2;KAWASAKI;1200;ZRX-R;ROADSTER;2;2002;37;1;2;10000;7;SUZUKI;400;BURGMAN;SCOOTER;2;2007;37;3;2;2000;7;;;;;;;;;;;;;;;;;;;;;;;;;;;;;;;;;;12000;3;4;;;;;;;;NRP;NRP;NRP;NRP;2001;NRP;NRP;1989;NRP