Ligne;Ligne Q qualif;Ligne approfondissement Accident;ACCIDENT;NBACC1;ACCFREQUENCE1;ANNEEACC1_1;ANNEEACC1_2;ANNEEACC1_3;ANNEEACC1_4;ANNEEACC1_5;NBACC2;ACCFREQUENCE2;ANNEEACC2_1;ANNEEACC2_2;ANNEEACC2_3;ANNEEACC2_4;ANNEEACC2_5;NBACC3;ACCFREQUENCE3;ANNEEACC3_1;ANNEEACC3_2;ANNEEACC3_3;ANNEEACC3_4;ANNEEACC3_5;NBACC4;ACCFREQUENCE4;ANNEEACC4_1;ANNEEACC4_2;ANNEEACC4_3;ANNEEACC4_4;ANNEEACC4_5;NBACC5;ACCFREQUENCE5;ANNEEACC5_1;ANNEEACC5_2;ANNEEACC5_3;ANNEEACC5_4;ANNEEACC5_5;NBACC6;ACCFREQUENCE6;ANNEEACC6_1;ANNEEACC6_2;ANNEEACC6_3;ANNEEACC6_4;ANNEEACC6_5;NBACC7;ACCFREQUENCE7;ANNEEACC7_1;ANNEEACC7_2;ANNEEACC7_3;ANNEEACC7_4;ANNEEACC7_5;NBACC8;ACCFREQUENCE8;ANNEEACC8_1;ANNEEACC8_2;ANNEEACC8_3;ANNEEACC8_4;ANNEEACC8_5;NBACC9;ACCFREQUENCE9;ANNEEACC9_1;ANNEEACC9_2;ANNEEACC9_3;ANNEEACC9_4;ANNEEACC9_5;NBACC10;ACCFREQUENCE10;ANNEEACC10_1;ANNEEACC10_2;ANNEEACC10_3;ANNEEACC10_4;ANNEEACC10_5;NBACC11;ACCFREQUENCE11;ANNEEACC11_1;ANNEEACC11_2;ANNEEACC11_3;ANNEEACC11_4;ANNEEACC11_5;NBACC12;ACCFREQUENCE12;ANNEEACC12_1;ANNEEACC12_2;ANNEEACC12_3;ANNEEACC12_4;ANNEEACC12_5;NBACC13;ACCFREQUENCE13;ANNEEACC13_1;ANNEEACC13_2;ANNEEACC13_3;ANNEEACC13_4;ANNEEACC13_5;NBACC14;ACCFREQUENCE14;ANNEEACC14_1;ANNEEACC14_2;ANNEEACC14_3;ANNEEACC14_4;ANNEEACC14_5;AUTRESACC;NBAUTRESACC;ANNEEAUTREACC1;ANNEEAUTREACC2;ANNEEAUTREACC3;ANNEEAUTREACC4;ANNEEAUTREACC5;LIEUAUTREACC1;LIEUAUTREACC2;LIEUAUTREACC3;LIEUAUTREACC4;LIEUAUTREACC5;DESCRIPTIONAUTRESACC1;DESCRIPTIONAUTRESACC2;DESCRIPTIONAUTRESACC3;DESCRIPTIONAUTRESACC4;DESCRIPTIONAUTRESACC5;NBAUTRESACCCIRCUIT;NBAUTRESTOUTTERRAIN;EXPCYCLO;EXP125;EXPSUP125;ACCORDNEXTQ;CHOIXACC;RGPMTACC;RECUPANNEE;RECUPLIEU;RECUPANNE;RGPMTAC;CHOIX1;CHOIX2;CHOIX3;CHOIX4;CHOIX5;CHOIX6;CHOIX7;DESCRIPTION;RUPTURE;FAITS;ABS_REACTION;AUTRE_REACTION;PRECISIONREACTIONOUI;RECUL;PRECISIONREACTIONNON;IMPACTCOMPORTEMENT;AUTREUSAGER;REACTIONAUTREUSAGER;CONNAISSANCEREACTIONUSAGER;DIFFICULTES;AGGRAVATION;DIFFICULTES2;EMOTIONS1;EMOTIONS2;EMOTIONS3;EMOTIONS4;EMOTIONS5;EMOTIONS6;AUTRESENTIMENT;CLASSEMENTEMOTIONS1;CLASSEMENTEMOTIONS;CLASSEMENTEMOTIONS5;CLASSEMENTEMOTIONS6;CLASSEMENTEMOTIONS7;CLASSEMENTEMOTIONS8;CLASSEMENTEMOTIONS9;EXPLICATIONRESSENTI;BIENEQUIPE;ALLURE;ALLUREVITEDETAIL;ALLURELENTEDETAIL;SITUATIONPRESSE;SITUATIONDISTRAIT;SITUATIONCONFIANT;SITUATIONCONTROLE;SITUATIONLUDIQUE;SITUATIONPERF;SITUATIONSTRESS;SITUATIONFATIGUE;HUMEURNEUTRE;HUMEURGAI;HUMEURMECONTENT;HUMEURTRISTE;HUMEURCOLERE;CONTRIBUTION1;CONTRIBUTION2;CONTRIBUTION3;CONTRIBUTION4;CONTRIBUTION5;CONTRIBUTION6;CONTRIBUTION7;CONTRIBUTION8;CONTRIBUTION9;ROLEINFRA;ELEMENTINFRA1;ELEMENTINFRA2;ELEMENTINFRA3;ELEMENTINFRA4;ELEMENTINFRA5;ELEMENTINFRA6;ELEMENTINFRA7;ELEMENTINFRA8;ELEMENTINFRA9;ALCOOL;TXALCOOL;STUP;SEMAINE;MOMENTJOURNEE;TEMPS;CAUSEACC1;CAUSEACC2;CAUSEACC3;CAUSEACC4;CAUSEACC5;FORMATIONCAUSE;FORMATION1;FORMATION2;FORMATION3;FORMATION4;FORMATION5;TRAFIC;CHAUSSEE1;CHAUSSEE2;CHAUSSEE3;CHAUSSEE4;TYPEACC;BLESSURE;TETE;COU;THORAX;MEMBRESSUP;COLONNE;BASSIN;MEMBRESINF;HOPITAL;PLUS24H;TRAJET;TYPEROUTE;MOTIF;SENSTRAJET;PASSAGER;VITESSE;DESCEQ1;DESCEQ2;DESCEQ3;DESCEQ4;DESCEQ5;DESCEQ6;DESCEQ7;DESCEQ8;DESCEQ9;DESCEQ10;VEHICULEETE;VEHICULEAUTOMNE;VEHICULEPRINTEMPS;VEHICULEHIVER;VEHICULESEMAINE;VEHICULEWE;VEHMARQUE;VEHCYLINDREE;VEHMODELE;VEHSEGMENT;VEHSIDE;EQ2RMABS;EQ2RMCBS;EQ2RMABSCBS;EQ2RMREGULATEUR;EQ2RMLIMITEUR;EQ2RMPHARESDIRECT;EQ2RMCOUPURE;EQ2RMANTIPATINAGE;EQ2RMANTIXHEELING;EQ2RMSTABILILTE;VEHKM;POINTS;DUREE;AUTRE2RM;VEHPRECMARQUE;VEHPRECCYLINDREE;VEHPRECMODELE;VEHPRECSEGMENT;VEHPRECSIDE;TEMPS2RMPREC;FREQVEHPREC;DATE_NAISS;CSP;SOCIETAIRE;SALARIE;SECTEUR2RM;NBPERSFOYER;SITFAM;NBENF;TRNBENF1;TRNBENF2;TRNBENF3;TRNBENF4;NBAUTOFOYER;NBCYCLOFOYER;NBSCOOTFOYER;NBMOTOFOYER;NBTRIKEFOYER;NB2RMCONDUIT;MARQUE1;CYLINDREE1;MODELE1;SEGMENT1;SIDE1;ANMISECIRCU1;ASS1;FREQ1;USAGE1;NBKM1;GARAGE1;MARQUE2;CYLINDREE2;MODELE2;SEGMENT2;SIDE2;ANMISECIRCU2;ASS2;FREQ2;USAGE2;NBKM2;GARAGE2;MARQUE3;CYLINDREE3;MODELE3;SEGMENT3;SIDE3;ANMISECIRCU3;ASS3;FREQ3;USAGE3;NBKM3;GARAGE3;MARQUE4;CYLINDREE4;MODELE4;SEGMENT4;SIDE4;ANMISECIRCU4;ASS4;FREQ4;USAGE4;NBKM4;GARAGE4;MARQUE5;CYLINDREE5;MODELE5;SEGMENT5;SIDE5;ANMISECIRCU5;ASS5;FREQ5;USAGE5;NBKM5;GARAGE5;NBKMTOT;PERMIS1;PERMIS2;PERMIS3;PERMIS4;PERMIS5;PERMIS6;PERMIS7;PERMIS8;PERMIS9;ANPERMIS1;ANPERMIS6;ANPERMIS7;ANPERMIS2;ANPERMIS3;ANPERMIS8;ANPERMIS9;ANPERMIS4;ANPERMIS5
1414;4708;;1;0;4;;;;;;0;4;;;;;;0;4;;;;;;0;3;;;;;;0;2;;;;;;1;3;1997;;;;;0;3;;;;;;0;4;;;;;;0;3;;;;;;0;4;;;;;;0;4;;;;;;0;4;;;;;;1;4;1997;;;;;0;5;;;;;;0;;;;;;;;;;;;;;;;;;;2;2;16;1;61;13;1997;;;;;;;;;;;;;;;;;;;;;;;;;;;;;;;;;;;;;;;;;;;;;;;;;;;;;;;;;;;;;;;;;;;;;;;;;;;;;;;;;;;;;;;;;;;;;;;;;;;;;;;;;;;;;;;;;;;;;;;;;;;;;;;;;;;;;;;;;;;;;;;;;;;;;;;;;;;;;;29NOV1980;7;2;3;2;3;4;1;NRP;;;;2;0;0;2;0;2;YAMAHA;1000;FZS FAZER;ROADSTER;2;2002;29;2;2;10000;7;DUCATI;600;MONSTER;ROADSTER;2;2000;29;3;1;5000;7;;;;;;;;;;;;;;;;;;;;;;;;;;;;;;;;;;15000;3;4;;;;;;;;NRP;NRP;NRP;NRP;1999;NRP;NRP;1998;NRP
1154;4709;;1;0;3;;;;;;0;3;;;;;;0;5;;;;;;0;2;;;;;;0;3;;;;;;0;5;;;;;;0;2;;;;;;0;3;;;;;;1;3;2000;;;;;0;2;;;;;;0;4;;;;;;0;2;;;;;;0;4;;;;;;0;2;;;;;;1;2;NSP;2009;;;;Les arcs sur Ar;Draguignan;;;;Je précédait un véhicule qui perdrait du gas-oil (bouchon mal fermé) = glissade +  chute;Refus de priorité à droite en ville = moto renversée par le côté;;;;0;0;3;0;15;1;71;15;;Les arcs sur Ar;;;;;;;;;;;;;;;;;;;;;;;;;;;;;;;;;;;;;;;;;;;;;;;;;;;;;;;;;;;;;;;;;;;;;;;;;;;;;;;;;;;;;;;;;;;;;;;;;;;;;;;;;;;;;;;;;;;;;;;;;;;;;;;;;;;;;;;;;;;;;;;;;;;;;;;;;;;;;25JAN1964;5;1;3;2;2;2;1;NRP;;;;1;0;0;1;0;1;SUZUKI;650;SV-N;ROADSTER;2;2001;37;2;2;6000;7;;;;;;;;;;;;;;;;;;;;;;;;;;;;;;;;;;;;;;;;;;;;;6000;3;4;;;;;;;;NRP;NRP;NRP;NRP;1983;NRP;NRP;1982;NRP
1876;4710;;1;0;5;;;;;;0;4;;;;;;0;4;;;;;;0;3;;;;;;0;3;;;;;;0;4;;;;;;0;4;;;;;;2;5;1975;1997;;;;1;4;2000;;;;;0;5;;;;;;0;3;;;;;;0;2;;;;;;0;4;;;;;;1;3;2011;;;;;0;;;;;;;;;;;;;;;;;;;3;0;42;1;66;14;2011;;;;;;;;;;;;;;;;;;;;;;;;;;;;;;;;;;;;;;;;;;;;;;;;;;;;;;;;;;;;;;;;;;;;;;;;;;;;;;;;;;;;;;;;;;;;;;;;;;;;;;;;;;;;;;;;;;;;;;;;;;;;;;;;;;;;;;;;;;;;;;;;;;;;;;;;;;;;;;05OCT1955;12;1;3;2;2;3;;NRP;;;;2;3;0;8;0;10;SUZUKI;650;V-STROM;TRAIL / SUPERMOTARD;2;2004;37;1;1;15000;7;YAMAHA;1100;XS;ROADSTER;1;1979;37;4;1;1000;7;SUZUKI;500;GS-E;ROADSTER;2;1998;37;3;1;5000;7;OSSA;250;TRIAL MICK ANDREWS REPLICA;TOUT TERRAIN (TRIAL / ENDURO / CROSS);2;1977;37;3;1;1500;7;FANTIC MOTOR;240;301;TOUT TERRAIN (TRIAL, ENDURO, CROSS);2;1987;37;4;1;500;7;23000;2;3;4;;;;;;;NRP;NRP;NRP;1973;1973;NRP;NRP;1978;NRP
2092;4711;;1;0;5;;;;;;0;6;;;;;;0;5;;;;;;0;5;;;;;;0;6;;;;;;0;5;;;;;;0;3;;;;;;0;4;;;;;;0;4;;;;;;0;5;;;;;;0;6;;;;;;1;4;1994;;;;;0;5;;;;;;0;3;;;;;;0;;;;;;;;;;;;;;;;;;;0;0;31;1;56;12;1994;;;;;;;;;;;;;;;;;;;;;;;;;;;;;;;;;;;;;;;;;;;;;;;;;;;;;;;;;;;;;;;;;;;;;;;;;;;;;;;;;;;;;;;;;;;;;;;;;;;;;;;;;;;;;;;;;;;;;;;;;;;;;;;;;;;;;;;;;;;;;;;;;;;;;;;;;;;;;;30OCT1964;7;2;3;2;3;4;1;NRP;;;;1;0;0;1;0;1;SUZUKI;1100;GSX1100G;ROADSTER;2;1992;2;1;2;10000;7;;;;;;;;;;;;;;;;;;;;;;;;;;;;;;;;;;;;;;;;;;;;;10000;3;4;8;9;;;;;;NRP;NRP;NRP;NRP;1983;1983;1986;1983;NRP
402;4712;;0;;;;;;;;;;;;;;;;;;;;;;;;;;;;;;;;;;;;;;;;;;;;;;;;;;;;;;;;;;;;;;;;;;;;;;;;;;;;;;;;;;;;;;;;;;;;;;;;;;;;;;;;;;;;;;;;;;;;;;;;;;;;;;;;;;;;;;;;;;;;;;;;;;;;;;;;;;;;;;;;;;;;;;;;;;;;;;;;;;;;;;;;;;;;;;;;;;;;;;;;;;;;;;;;;;;;;;;;;;;;;;;;;;;;;;;;;;;;;;;;;;;;;;;;;;;;;;;;;;;;;;;;;;;;;;;;;;;;;;;;;;19JAN1989;7;1;3;2;2;5;0;NRP;;;;4;0;0;1;0;1;YAMAHA;600;XJ6 DIVERSION;ROADSTER;2;2011;37;2;1;8000;7;;;;;;;;;;;;;;;;;;;;;;;;;;;;;;;;;;;;;;;;;;;;;8000;4;3;1;;;;;;;2005;NRP;NRP;NRP;2011;NRP;NRP;2007;NRP
202;4713;;0;;;;;;;;;;;;;;;;;;;;;;;;;;;;;;;;;;;;;;;;;;;;;;;;;;;;;;;;;;;;;;;;;;;;;;;;;;;;;;;;;;;;;;;;;;;;;;;;;;;;;;;;;;;;;;;;;;;;;;;;;;;;;;;;;;;;;;;;;;;;;;;;;;;;;;;;;;;;;;;;;;;;;;;;;;;;;;;;;;;;;;;;;;;;;;;;;;;;;;;;;;;;;;;;;;;;;;;;;;;;;;;;;;;;;;;;;;;;;;;;;;;;;;;;;;;;;;;;;;;;;;;;;;;;;;;;;;;;;;;;;;05OCT1982;11;2;3;2;1;1;;NRP;;;;0;0;0;1;0;2;HONDA;1000;CB 1000R;ROADSTER;2;2008;37;2;1;8000;7;HONDA;500;CB-S;ROADSTER;2;1998;37;2;1;6000;7;;;;;;;;;;;;;;;;;;;;;;;;;;;;;;;;;;14000;3;4;;;;;;;;NRP;NRP;NRP;NRP;2005;NRP;NRP;2000;NRP
125;4714;418;1;0;2;;;;;;0;5;;;;;;0;5;;;;;;0;1;;;;;;0;6;;;;;;0;3;;;;;;0;3;;;;;;0;3;;;;;;1;4;2003;;;;;0;4;;;;;;0;4;;;;;;0;3;;;;;;0;3;;;;;;0;3;;;;;;1;2;2000;2003;;;;besancon;marchaux;;;;Freinage trop fort avec frein avant tout en saluant un autre motard;Arriver un peu trop vite dans un virage que je n ai pu prendre et a finis par un tout droit dans un champ;;;;0;0;3;0;14;1;72;15;2003;marchaux;2003;Autre(s) type(s) d'accident(s).;2;3;;;;;;Fin de semaine vendredi soir beaucoup de monde sur le boulevard ...conduite stressante...a un feu rouge je vois sur la voie opposer une moto école qui est avec ses éléves...je re dèmare au feu tout en saluant les eleves motards..devant moi je vois un feu stop s allumer et instinctivement je saisis le levier du frein avant fortement et je me retrouve sous ma moto..;Fatigue d une semaine charger Beaucoup de circulation;NRP;2;1;En ville a basse vitesse je ne freine plus que de l arriere;Fatigue et manque de formation;;2;0;;;;;;7;;;;;;;;;;;;;;;3;2;;2;2;2;2;3;2;1;4;4;4;4;1;4;4;1;;;;;;;;;2;;;;;;;;;2;2;;2;1;1;1;100;0;0;0;0;1;3;;;;;3;1;;;;2;1;7;;;;;;;1;0;1;4;1;2;0;15;1;2;4;7;;;;;;;4;4;4;4;4;4;HONDA;1000;VARADERO;TRAIL / SUPERMOTARD;2;1;0;1;1;1;1;1;1;1;1;12500;12;4;1;HONDA;650;TRANSALP;TRAIL / SUPERMOTARD;2;2;4;07AUG1959;7;1;3;2;3;4;1;NRP;;;;3;6;0;2;0;4;HONDA;1000;VARADERO;TRAIL / SUPERMOTARD;2;2002;37;3;1;8000;7;KAWASAKI;125;ELIMINATOR;CUSTOM;2;2000;33;3;1;1000;7;YAMAHA;50;NEO'S;SCOOTER;2;2007;33;4;1;600;7;MOTOBECANE;50;AV65 (MTL);ROADSTER;2;1961;33;4;1;250;7;;;;;;;;;;;;9850;3;4;;;;;;;;NRP;NRP;NRP;NRP;1999;NRP;NRP;1982;NRP
807;4716;;0;;;;;;;;;;;;;;;;;;;;;;;;;;;;;;;;;;;;;;;;;;;;;;;;;;;;;;;;;;;;;;;;;;;;;;;;;;;;;;;;;;;;;;;;;;;;;;;;;;;;;;;;;;;;;;;;;;;;;;;;;;;;;;;;;;;;;;;;;;;;;;;;;;;;;;;;;;;;;;;;;;;;;;;;;;;;;;;;;;;;;;;;;;;;;;;;;;;;;;;;;;;;;;;;;;;;;;;;;;;;;;;;;;;;;;;;;;;;;;;;;;;;;;;;;;;;;;;;;;;;;;;;;;;;;;;;;;;;;;;;;;23JAN1961;6;1;3;2;3;4;1;NRP;;;;2;0;0;1;0;1;YAMAHA;1300;XJR;ROADSTER;2;2006;37;3;1;2500;7;;;;;;;;;;;;;;;;;;;;;;;;;;;;;;;;;;;;;;;;;;;;;2500;3;4;;;;;;;;NRP;NRP;NRP;NRP;1996;NRP;NRP;1979;NRP
861;4718;;1;0;4;;;;;;0;4;;;;;;1;6;2008;;;;;0;3;;;;;;0;4;;;;;;0;5;;;;;;0;4;;;;;;0;3;;;;;;0;3;;;;;;0;5;;;;;;0;5;;;;;;0;3;;;;;;0;3;;;;;;0;4;;;;;;0;;;;;;;;;;;;;;;;;;;0;0;8;1;11;3;2008;;;;;;;;;;;;;;;;;;;;;;;;;;;;;;;;;;;;;;;;;;;;;;;;;;;;;;;;;;;;;;;;;;;;;;;;;;;;;;;;;;;;;;;;;;;;;;;;;;;;;;;;;;;;;;;;;;;;;;;;;;;;;;;;;;;;;;;;;;;;;;;;;;;;;;;;;;;;;;22OCT1980;5;1;3;2;1;1;;NRP;;;;0;0;0;2;0;2;KAWASAKI;750;Z 750-N IE;ROADSTER;2;2006;37;1;2;18000;7;KAWASAKI;1000;Z 1000 IE ABS;ROADSTER;2;2011;37;2;1;8000;7;;;;;;;;;;;;;;;;;;;;;;;;;;;;;;;;;;26000;3;4;;;;;;;;NRP;NRP;NRP;NRP;2005;NRP;NRP;1998;NRP
496;4719;308;1;0;1;;;;;;1;3;2002;;;;;0;3;;;;;;0;3;;;;;;0;4;;;;;;0;4;;;;;;0;2;;;;;;0;4;;;;;;1;5;2008;;;;;0;1;;;;;;0;4;;;;;;0;3;;;;;;0;4;;;;;;0;2;;;;;;0;;;;;;;;;;;;;;;;;;;3;3;39;1;6;2;2002;;2002;Vous circuliez derrière un véhicule. Ce véhicule a ralenti. Vous avez entrepris de dépasser ce véhicule par la gauche et celui-ci vous a coupé la route en tournant à gauche (ou en effectuant un ½ tour;3;4;6;;;;;voiture  roulant sur la 4 eme file d un autoroute a subitement coupe les 4 files en travers sans clignotant deliberement et sans regarder si d autres vehicules circulaient sur les 3 autres voies (au moment de l accident je roulais sur la 3eme file)afin d eviter la collision j ai couche ma moto ce qui m a eviter un choc avec le vehicule et eviter des degats corporels tres consequents sans est suivi un delit de fuite du vehicule....tout ca pour sortir a une bretelle de sortie ..voyant la circulation sur l autoroute complement bouchee.un temoin de la scene en est reste pantoit il n aurait jamais eut le reflex de coucher sa moto pour eviter la collision...;en 1 fraction de seconde j ai su que la collision etait inevitable.le comportement de l usager a ce moment etant literalement inqualifiable .mon instinct m a dit couche toi c est la seule solution viable...les evenements qui se sont produits ensuite m ont donne raison..;j ai couche ma moto qui m eviter la collision de l avant et de l arriere  profitant de l absence temporaire de vehicules sur la 2 eme file de circulation.j ai pu me relever apres une glissade de quelque dizaines de metres roulant au moment des faits a 50km/h environ.ma reaction a fait stopper toutes les files de voitures qui arrivaient sur moi...et recemment le meme mode operatoire s est produit sur un autre trocon d autoroute les circonstances etant differentes j ai carrement accelere et passe en force ce qui m a evite   l accident sans incidence sur le traffic au moment des faits mais il est tres difficile de faire le moins pire en de telles circonstances chaque cas est different;NRP;0;;;parce que j ai visualise les consequences d une collision inevitable et j ai opte pour la solution la moins pire..;3;0;;;;;;2;4;9;;;;de la colere et encore de la colere;;1;;2;;;3;rien ne predisposait le vehicule qui m a coupe la route a ce changement de comportement il aurait simplement mis son clignotant et le cours des evenements auraient totalement change...;4;3;;;3;1;3;4;3;1;1;1;1;1;5;5;5;10;;;;;;;;;2;;;;;;;;;2;2;;2;1;1;1;0;100;0;0;0;2;;;;;;3;2;;;;1;;;;;;;;;;;1;3;3;;0;50;1;2;3;4;7;;;;;;4;4;4;4;4;4;SUZUKI;1000;V-STROM;TRAIL / SUPERMOTARD;2;1;1;1;1;1;1;1;1;1;1;85000;12;4;1;SUZUKI;500;GT;ROADSTER;2;4;4;30OCT1955;7;1;3;2;2;3;;NRP;;;;1;0;0;1;0;1;SUZUKI;1000;V-STROM;TRAIL / SUPERMOTARD;2;2006;37;1;2;19000;7;;;;;;;;;;;;;;;;;;;;;;;;;;;;;;;;;;;;;;;;;;;;;19000;3;4;;;;;;;;NRP;NRP;NRP;NRP;1974;NRP;NRP;1978;NRP
1819;4722;;0;;;;;;;;;;;;;;;;;;;;;;;;;;;;;;;;;;;;;;;;;;;;;;;;;;;;;;;;;;;;;;;;;;;;;;;;;;;;;;;;;;;;;;;;;;;;;;;;;;;;;;;;;;;;;;;;;;;;;;;;;;;;;;;;;;;;;;;;;;;;;;;;;;;;;;;;;;;;;;;;;;;;;;;;;;;;;;;;;;;;;;;;;;;;;;;;;;;;;;;;;;;;;;;;;;;;;;;;;;;;;;;;;;;;;;;;;;;;;;;;;;;;;;;;;;;;;;;;;;;;;;;;;;;;;;;;;;;;;;;;;;14MAR1956;5;1;3;2;4;4;2;NRP;;;;1;0;0;1;0;1;BMW;1100;R1100RT;Routière / GT;2;2001;37;3;1;9000;4;;;;;;;;;;;;;;;;;;;;;;;;;;;;;;;;;;;;;;;;;;;;;9000;2;3;4;;;;;;;NRP;NRP;NRP;1975;1976;NRP;NRP;1975;NRP
1198;4723;;0;;;;;;;;;;;;;;;;;;;;;;;;;;;;;;;;;;;;;;;;;;;;;;;;;;;;;;;;;;;;;;;;;;;;;;;;;;;;;;;;;;;;;;;;;;;;;;;;;;;;;;;;;;;;;;;;;;;;;;;;;;;;;;;;;;;;;;;;;;;;;;;;;;;;;;;;;;;;;;;;;;;;;;;;;;;;;;;;;;;;;;;;;;;;;;;;;;;;;;;;;;;;;;;;;;;;;;;;;;;;;;;;;;;;;;;;;;;;;;;;;;;;;;;;;;;;;;;;;;;;;;;;;;;;;;;;;;;;;;;;;;23DEC1990;5;2;3;2;3;5;0;NRP;;;;3;0;1;2;0;1;KAWASAKI;500;ER-5 (34CV);ROADSTER;2;2002;10;2;1;7000;4;;;;;;;;;;;;;;;;;;;;;;;;;;;;;;;;;;;;;;;;;;;;;7000;4;3;;;;;;;;NRP;NRP;NRP;NRP;2011;NRP;NRP;2009;NRP
1732;4727;;1;0;3;;;;;;0;4;;;;;;0;5;;;;;;0;2;;;;;;0;3;;;;;;0;2;;;;;;0;4;;;;;;0;5;;;;;;0;5;;;;;;0;5;;;;;;0;4;;;;;;0;4;;;;;;0;3;;;;;;0;4;;;;;;0;;;;;;;;;;;;;;;;;;;2;1;7;1;;NRP;;;;;;;;;;;;;;;;;;;;;;;;;;;;;;;;;;;;;;;;;;;;;;;;;;;;;;;;;;;;;;;;;;;;;;;;;;;;;;;;;;;;;;;;;;;;;;;;;;;;;;;;;;;;;;;;;;;;;;;;;;;;;;;;;;;;;;;;;;;;;;;;;;;;;;;;;;;;;;;07AUG1982;5;2;3;2;3;5;0;NRP;;;;3;0;0;1;0;1;SUZUKI;650;SV-S;Routière / GT;2;2008;31;3;1;2000;7;;;;;;;;;;;;;;;;;;;;;;;;;;;;;;;;;;;;;;;;;;;;;2000;3;4;5;;;;;;;NRP;NRP;NRP;NRP;2007;NRP;NRP;2000;2006
485;4728;;1;0;1;;;;;;0;4;;;;;;0;3;;;;;;0;1;;;;;;0;5;;;;;;0;5;;;;;;0;4;;;;;;0;4;;;;;;0;3;;;;;;0;6;;;;;;0;6;;;;;;0;1;;;;;;0;2;;;;;;0;4;;;;;;0;;;;;;;;;;;;;;;;;;;2;4;9;1;;NRP;;;;;;;;;;;;;;;;;;;;;;;;;;;;;;;;;;;;;;;;;;;;;;;;;;;;;;;;;;;;;;;;;;;;;;;;;;;;;;;;;;;;;;;;;;;;;;;;;;;;;;;;;;;;;;;;;;;;;;;;;;;;;;;;;;;;;;;;;;;;;;;;;;;;;;;;;;;;;;;01JAN1957;7;2;3;2;4;4;2;NRP;;;;3;1;0;1;0;1;YAMAHA;900;XJS DIVERSION FREEWAY 02/03;Routière / GT;2;2002;33;2;1;10000;7;;;;;;;;;;;;;;;;;;;;;;;;;;;;;;;;;;;;;;;;;;;;;10000;2;3;4;;;;;;;NRP;NRP;NRP;1974;2006;NRP;NRP;1976;NRP
2089;4729;;1;0;6;;;;;;0;5;;;;;;0;5;;;;;;0;4;;;;;;2;6;2013;2014;;;;0;4;;;;;;0;4;;;;;;0;5;;;;;;0;5;;;;;;0;5;;;;;;0;5;;;;;;0;3;;;;;;0;6;;;;;;0;3;;;;;;1;1;2012;;;;;Charleville-Méz;;;;;A l'arrêt derrière un véhicule lui aussi à l'arrêt (la chaussé étant bloqué), le véhicule devant a effectué une marche arrière et m'est rentré dedans;;;;;0;0;0;4;4;1;22;5;2014;;;;;;;;;;;;;;;;;;;;;;;;;;;;;;;;;;;;;;;;;;;;;;;;;;;;;;;;;;;;;;;;;;;;;;;;;;;;;;;;;;;;;;;;;;;;;;;;;;;;;;;;;;;;;;;;;;;;;;;;;;;;;;;;;;;;;;;;;;;;;;;;;;;;;;;;;;;;;;30APR1985;6;2;3;2;1;1;;NRP;;;;1;0;0;1;0;1;SUZUKI;650;GLADIUS;ROADSTER;2;2009;31;2;1;20000;7;;;;;;;;;;;;;;;;;;;;;;;;;;;;;;;;;;;;;;;;;;;;;20000;3;4;;;;;;;;NRP;NRP;NRP;NRP;2011;NRP;NRP;2003;NRP
1474;4730;;1;0;6;;;;;;0;6;;;;;;0;6;;;;;;0;4;;;;;;0;6;;;;;;0;6;;;;;;0;4;;;;;;0;4;;;;;;0;5;;;;;;0;6;;;;;;0;6;;;;;;0;4;;;;;;1;4;1980;;;;;0;1;;;;;;1;2;1980;2012;;;;PARIS;SAINT-BRIEUC;;;;J'étais passager de la moto conduite par mon frère. Sur le périphérique, un vendredi soir (18h) en remontant la file de voitures sur la gauche, une voiture à droite s'est déportée pour toucher la jambe droite de mon frère. Pas de chute mais la jambe gauche est passée dans le passage de roue de la voiture située dans la file de gauche...;Une femme en monospace m'a coupé la route alors que j'étais déjà largement engagé dans un rond-point. J'ai préféré coucher la Ducati 750 ss avant de percuter sa portière AV gauche. L'assurance m'a donné raison et remboursé les dégâts (peinture et cligno côté gauche).;;;;0;0;4;2;35;1;72;15;2012;SAINT-BRIEUC;;;;;;;;;;;;;;;;;;;;;;;;;;;;;;;;;;;;;;;;;;;;;;;;;;;;;;;;;;;;;;;;;;;;;;;;;;;;;;;;;;;;;;;;;;;;;;;;;;;;;;;;;;;;;;;;;;;;;;;;;;;;;;;;;;;;;;;;;;;;;;;;;;;;;;;;;;;;;15MAR1958;7;2;3;2;1;1;;NRP;;;;1;0;0;4;0;4;MOTO GUZZI;850;LE MANS II;Routière / GT;2;1980;29;3;1;3000;AUT|Garage sous la maison;MOTO GUZZI;1100;SPORT IE CORSA;Routière / GT;2;1998;29;4;1;0;AUT|Garage sous la maison;DUCATI;750;SUPER SPORT;Routière / GT;2;1994;29;4;1;3000;AUT|Garage sous la maison;YAMAHA;500;SR;ROADSTER;2;1979;29;2;2;3000;AUT|Garage sous la maison;;;;;;;;;;;;9000;2;3;4;;;;;;;NRP;NRP;NRP;1976;1979;NRP;NRP;1976;NRP
1817;4731;;1;0;3;;;;;;0;4;;;;;;0;4;;;;;;0;4;;;;;;0;4;;;;;;0;3;;;;;;1;3;2012;;;;;0;3;;;;;;0;4;;;;;;0;3;;;;;;1;4;2009;;;;;0;2;;;;;;0;3;;;;;;0;2;;;;;;0;;;;;;;;;;;;;;;;;;;0;1;6;1;31;7;2012;;;;;;;;;;;;;;;;;;;;;;;;;;;;;;;;;;;;;;;;;;;;;;;;;;;;;;;;;;;;;;;;;;;;;;;;;;;;;;;;;;;;;;;;;;;;;;;;;;;;;;;;;;;;;;;;;;;;;;;;;;;;;;;;;;;;;;;;;;;;;;;;;;;;;;;;;;;;;;26JAN1981;4;2;3;2;1;1;;NRP;;;;1;0;0;1;0;1;HONDA;750;VFR-F;Routière / GT;2;1997;16;1;2;20000;5;;;;;;;;;;;;;;;;;;;;;;;;;;;;;;;;;;;;;;;;;;;;;20000;3;4;;;;;;;;NRP;NRP;NRP;NRP;2009;NRP;NRP;1999;NRP