Ligne;Ligne Q qualif;Ligne approfondissement Accident;ACCIDENT;NBACC1;ACCFREQUENCE1;ANNEEACC1_1;ANNEEACC1_2;ANNEEACC1_3;ANNEEACC1_4;ANNEEACC1_5;NBACC2;ACCFREQUENCE2;ANNEEACC2_1;ANNEEACC2_2;ANNEEACC2_3;ANNEEACC2_4;ANNEEACC2_5;NBACC3;ACCFREQUENCE3;ANNEEACC3_1;ANNEEACC3_2;ANNEEACC3_3;ANNEEACC3_4;ANNEEACC3_5;NBACC4;ACCFREQUENCE4;ANNEEACC4_1;ANNEEACC4_2;ANNEEACC4_3;ANNEEACC4_4;ANNEEACC4_5;NBACC5;ACCFREQUENCE5;ANNEEACC5_1;ANNEEACC5_2;ANNEEACC5_3;ANNEEACC5_4;ANNEEACC5_5;NBACC6;ACCFREQUENCE6;ANNEEACC6_1;ANNEEACC6_2;ANNEEACC6_3;ANNEEACC6_4;ANNEEACC6_5;NBACC7;ACCFREQUENCE7;ANNEEACC7_1;ANNEEACC7_2;ANNEEACC7_3;ANNEEACC7_4;ANNEEACC7_5;NBACC8;ACCFREQUENCE8;ANNEEACC8_1;ANNEEACC8_2;ANNEEACC8_3;ANNEEACC8_4;ANNEEACC8_5;NBACC9;ACCFREQUENCE9;ANNEEACC9_1;ANNEEACC9_2;ANNEEACC9_3;ANNEEACC9_4;ANNEEACC9_5;NBACC10;ACCFREQUENCE10;ANNEEACC10_1;ANNEEACC10_2;ANNEEACC10_3;ANNEEACC10_4;ANNEEACC10_5;NBACC11;ACCFREQUENCE11;ANNEEACC11_1;ANNEEACC11_2;ANNEEACC11_3;ANNEEACC11_4;ANNEEACC11_5;NBACC12;ACCFREQUENCE12;ANNEEACC12_1;ANNEEACC12_2;ANNEEACC12_3;ANNEEACC12_4;ANNEEACC12_5;NBACC13;ACCFREQUENCE13;ANNEEACC13_1;ANNEEACC13_2;ANNEEACC13_3;ANNEEACC13_4;ANNEEACC13_5;NBACC14;ACCFREQUENCE14;ANNEEACC14_1;ANNEEACC14_2;ANNEEACC14_3;ANNEEACC14_4;ANNEEACC14_5;AUTRESACC;NBAUTRESACC;ANNEEAUTREACC1;ANNEEAUTREACC2;ANNEEAUTREACC3;ANNEEAUTREACC4;ANNEEAUTREACC5;LIEUAUTREACC1;LIEUAUTREACC2;LIEUAUTREACC3;LIEUAUTREACC4;LIEUAUTREACC5;DESCRIPTIONAUTRESACC1;DESCRIPTIONAUTRESACC2;DESCRIPTIONAUTRESACC3;DESCRIPTIONAUTRESACC4;DESCRIPTIONAUTRESACC5;NBAUTRESACCCIRCUIT;NBAUTRESTOUTTERRAIN;EXPCYCLO;EXP125;EXPSUP125;ACCORDNEXTQ;CHOIXACC;RGPMTACC;RECUPANNEE;RECUPLIEU;RECUPANNE;RGPMTAC;CHOIX1;CHOIX2;CHOIX3;CHOIX4;CHOIX5;CHOIX6;CHOIX7;DESCRIPTION;RUPTURE;FAITS;ABS_REACTION;AUTRE_REACTION;PRECISIONREACTIONOUI;RECUL;PRECISIONREACTIONNON;IMPACTCOMPORTEMENT;AUTREUSAGER;REACTIONAUTREUSAGER;CONNAISSANCEREACTIONUSAGER;DIFFICULTES;AGGRAVATION;DIFFICULTES2;EMOTIONS1;EMOTIONS2;EMOTIONS3;EMOTIONS4;EMOTIONS5;EMOTIONS6;AUTRESENTIMENT;CLASSEMENTEMOTIONS1;CLASSEMENTEMOTIONS;CLASSEMENTEMOTIONS5;CLASSEMENTEMOTIONS6;CLASSEMENTEMOTIONS7;CLASSEMENTEMOTIONS8;CLASSEMENTEMOTIONS9;EXPLICATIONRESSENTI;BIENEQUIPE;ALLURE;ALLUREVITEDETAIL;ALLURELENTEDETAIL;SITUATIONPRESSE;SITUATIONDISTRAIT;SITUATIONCONFIANT;SITUATIONCONTROLE;SITUATIONLUDIQUE;SITUATIONPERF;SITUATIONSTRESS;SITUATIONFATIGUE;HUMEURNEUTRE;HUMEURGAI;HUMEURMECONTENT;HUMEURTRISTE;HUMEURCOLERE;CONTRIBUTION1;CONTRIBUTION2;CONTRIBUTION3;CONTRIBUTION4;CONTRIBUTION5;CONTRIBUTION6;CONTRIBUTION7;CONTRIBUTION8;CONTRIBUTION9;ROLEINFRA;ELEMENTINFRA1;ELEMENTINFRA2;ELEMENTINFRA3;ELEMENTINFRA4;ELEMENTINFRA5;ELEMENTINFRA6;ELEMENTINFRA7;ELEMENTINFRA8;ELEMENTINFRA9;ALCOOL;TXALCOOL;STUP;SEMAINE;MOMENTJOURNEE;TEMPS;CAUSEACC1;CAUSEACC2;CAUSEACC3;CAUSEACC4;CAUSEACC5;FORMATIONCAUSE;FORMATION1;FORMATION2;FORMATION3;FORMATION4;FORMATION5;TRAFIC;CHAUSSEE1;CHAUSSEE2;CHAUSSEE3;CHAUSSEE4;TYPEACC;BLESSURE;TETE;COU;THORAX;MEMBRESSUP;COLONNE;BASSIN;MEMBRESINF;HOPITAL;PLUS24H;TRAJET;TYPEROUTE;MOTIF;SENSTRAJET;PASSAGER;VITESSE;DESCEQ1;DESCEQ2;DESCEQ3;DESCEQ4;DESCEQ5;DESCEQ6;DESCEQ7;DESCEQ8;DESCEQ9;DESCEQ10;VEHICULEETE;VEHICULEAUTOMNE;VEHICULEPRINTEMPS;VEHICULEHIVER;VEHICULESEMAINE;VEHICULEWE;VEHMARQUE;VEHCYLINDREE;VEHMODELE;VEHSEGMENT;VEHSIDE;EQ2RMABS;EQ2RMCBS;EQ2RMABSCBS;EQ2RMREGULATEUR;EQ2RMLIMITEUR;EQ2RMPHARESDIRECT;EQ2RMCOUPURE;EQ2RMANTIPATINAGE;EQ2RMANTIXHEELING;EQ2RMSTABILILTE;VEHKM;POINTS;DUREE;AUTRE2RM;VEHPRECMARQUE;VEHPRECCYLINDREE;VEHPRECMODELE;VEHPRECSEGMENT;VEHPRECSIDE;TEMPS2RMPREC;FREQVEHPREC;DATE_NAISS;CSP;SOCIETAIRE;SALARIE;SECTEUR2RM;NBPERSFOYER;SITFAM;NBENF;TRNBENF1;TRNBENF2;TRNBENF3;TRNBENF4;NBAUTOFOYER;NBCYCLOFOYER;NBSCOOTFOYER;NBMOTOFOYER;NBTRIKEFOYER;NB2RMCONDUIT;MARQUE1;CYLINDREE1;MODELE1;SEGMENT1;SIDE1;ANMISECIRCU1;ASS1;FREQ1;USAGE1;NBKM1;GARAGE1;MARQUE2;CYLINDREE2;MODELE2;SEGMENT2;SIDE2;ANMISECIRCU2;ASS2;FREQ2;USAGE2;NBKM2;GARAGE2;MARQUE3;CYLINDREE3;MODELE3;SEGMENT3;SIDE3;ANMISECIRCU3;ASS3;FREQ3;USAGE3;NBKM3;GARAGE3;MARQUE4;CYLINDREE4;MODELE4;SEGMENT4;SIDE4;ANMISECIRCU4;ASS4;FREQ4;USAGE4;NBKM4;GARAGE4;MARQUE5;CYLINDREE5;MODELE5;SEGMENT5;SIDE5;ANMISECIRCU5;ASS5;FREQ5;USAGE5;NBKM5;GARAGE5;NBKMTOT;PERMIS1;PERMIS2;PERMIS3;PERMIS4;PERMIS5;PERMIS6;PERMIS7;PERMIS8;PERMIS9;ANPERMIS1;ANPERMIS6;ANPERMIS7;ANPERMIS2;ANPERMIS3;ANPERMIS8;ANPERMIS9;ANPERMIS4;ANPERMIS5
1416;4748;;1;0;5;;;;;;0;5;;;;;;0;4;;;;;;0;4;;;;;;0;6;;;;;;0;4;;;;;;0;4;;;;;;0;5;;;;;;1;5;2005;;;;;0;5;;;;;;1;4;2009;;;;;0;5;;;;;;0;5;;;;;;0;4;;;;;;0;;;;;;;;;;;;;;;;;;;2;0;11;1;51;11;2009;;;;;;;;;;;;;;;;;;;;;;;;;;;;;;;;;;;;;;;;;;;;;;;;;;;;;;;;;;;;;;;;;;;;;;;;;;;;;;;;;;;;;;;;;;;;;;;;;;;;;;;;;;;;;;;;;;;;;;;;;;;;;;;;;;;;;;;;;;;;;;;;;;;;;;;;;;;;;;11JUL1980;8;1;3;2;1;1;;NRP;;;;0;0;0;1;0;1;TRIUMPH;675;STREET TRIPLE R;ROADSTER;2;2011;37;1;1;20000;7;;;;;;;;;;;;;;;;;;;;;;;;;;;;;;;;;;;;;;;;;;;;;20000;4;3;;;;;;;;NRP;NRP;NRP;NRP;2004;NRP;NRP;1999;NRP
1655;4752;;1;0;5;;;;;;0;6;;;;;;0;5;;;;;;0;5;;;;;;1;6;2000;;;;;0;5;;;;;;0;5;;;;;;0;5;;;;;;1;4;2003;;;;;0;5;;;;;;0;5;;;;;;0;3;;;;;;0;5;;;;;;0;3;;;;;;0;;;;;;;;;;;;;;;;;;;2;2;13;1;21;5;2000;;;;;;;;;;;;;;;;;;;;;;;;;;;;;;;;;;;;;;;;;;;;;;;;;;;;;;;;;;;;;;;;;;;;;;;;;;;;;;;;;;;;;;;;;;;;;;;;;;;;;;;;;;;;;;;;;;;;;;;;;;;;;;;;;;;;;;;;;;;;;;;;;;;;;;;;;;;;;;13SEP1973;7;2;3;2;3;2;2;NRP;;;;1;0;0;1;0;1;DUCATI;1000;SPORT CLASSIC;Routière / GT;2;2009;40;3;1;2000;7;;;;;;;;;;;;;;;;;;;;;;;;;;;;;;;;;;;;;;;;;;;;;2000;4;3;;;;;;;;NRP;NRP;NRP;NRP;2001;NRP;NRP;1991;NRP
310;4753;156;1;0;4;;;;;;0;3;;;;;;0;4;;;;;;0;4;;;;;;0;5;;;;;;0;2;;;;;;0;4;;;;;;1;5;2000;;;;;1;6;2010;;;;;0;4;;;;;;0;3;;;;;;0;1;;;;;;0;5;;;;;;1;3;1980;;;;;1;1;2003;;;;;Carcassonne;;;;;Perte de connaissance (malaise) dûe à la canicule et je suis allé percuter l'arrière d'un camion ciculant dans le même sens, sur autoroute...;;;;;1;2;3;5;30;1;66;14;1980;;1980;Alors que vous étiez en train de rouler, un piéton a traversé devant vous.;2;;;;;;;Une vieille dame traverse devant moi.. Je n'ai pas pu l'éviter. Heureusement un policier en civil était présent et a témoigné, sinon je me serais fait lyncher par les passants...;Traffic dense, piéton étourdi;je suis allé voir la personne qu était blessée mais c'était en ville et il y avait du monde. Les pompiers sont arrivées très rapidement.;NRP;0;;;Je pense avoir fait ce qu'il fallait;2;1;2;;NSP;1;NRP;6;8;;;;;;;;;;;1;;je n'ai rien pu faire à part freiner , faire un écart tout en klaxonnant..;3;3;;;3;2;3;3;1;1;1;3;3;4;4;4;4;10;4;;;;;;;;2;;;;;;;;;2;2;;2;1;3;1;5;95;0;0;0;2;;;;;;3;1;;;;2;0;;;;;;;;;;1;1;1;2;0;50;1;2;5;;;;;;;;4;4;4;4;4;4;YAMAHA;125;DTMX;TRAIL / SUPERMOTARD;2;1;1;1;1;1;1;1;1;1;1;15000;NSP;3;1;PEUGEOT;50;103;ROADSTER;2;4;4;26JUL1962;5;1;3;2;1;1;;NRP;;;;1;0;0;6;0;3;KAWASAKI;650;W650;ROADSTER;2;2004;37;1;2;10000;7;YAMAHA;850;TRX;Routière / GT;2;1996;37;4;1;2000;7;TRIUMPH;900;THUNDERBIRD SPORT;ROADSTER;2;1999;37;3;1;5000;7;;;;;;;;;;;;;;;;;;;;;;;17000;2;3;4;;;;;;;NRP;NRP;NRP;1979;1985;NRP;NRP;1982;NRP
1203;4756;312;1;0;3;;;;;;0;5;;;;;;0;2;;;;;;0;1;;;;;;1;5;2013;;;;;0;2;;;;;;0;2;;;;;;0;5;;;;;;1;5;NSP;;;;;0;4;;;;;;0;6;;;;;;0;3;;;;;;0;6;;;;;;1;4;2001;;;;;1;1;NSP;;;;;25000;;;;;En roulant en interfile j'ai frotté la voiture de droite;;;;;0;0;20;10;20;1;21;5;2013;;2013;Vous circuliez sur un axe prioritaire. Un véhicule venant d’un axe non prioritaire vous a coupé la route.;3;4;;;;;;"Je me rendais au travail et me suis engagé sur un rond point d'assez grand diamètre. Des travaux étaient effectuésur le centre et des palissade génaient la visibilité sur l'opposé du rond point. Il comporte 4 entrées. Je me suis engagé sur le rond point et au moment où je m'approchais de l'entrée suivante, j'ai vu une voiture ariver relativement vite; Les yeux de la conductrice regardaient largement derrière moi. J'ai pensé qu'elle m'avait vu. Mais lorsque je suis arrivé à son niveau elle a continué. J'ai eu le réflexe de relevé la jambe droite et le choc a eu lieu. Les pompiers sont arrivés avec la police et m'ont examiné pendant que les policiers interrogeaient la conductrice. Je n'avais rien phsiquement; Alors j'ai pu rentrer chez moi. La conductrice a dit texto: je n'ai pas de chance j'ai déjà accroché mon portail en sortant de chez moi.Je ne sais pas lequel des deux entre elle et moi n'a pas eu de chance ce matin là.... Ma moto est partie épave. Lorsque toutes les démarches ont été effectuées, la conductrice m'a demandé si elle pouvait faire quelque chose; Je lui ai demandé de me ramener chez moi. Lorsque je sui monté dans sa voiture, le volume de sa radio était à fond. J'ai alors mieux compris pourquoi elle ne m'a pas vu; Le pire c'est que son frère , d'après ce qu'elle m'a dit, est motard...  A aucun moment ensuite elle ne m'a redemandé des nouvelles.";"La vitesse de la conductrice l'a empéchée de s'arrêter avant de me toucher. Ma propre vitesse sans être exagérée ne m'a pas permis d'éviter le choc en freinant avnt qu'elle ne me voie J'étais par ailleurs persuadé qu'elle me verrait assez tôt pour freiner; Si elle avait ne serait ce que ralenti je serais passé mais au passage de la ligne de cèdé le passage elle a accélarer pour passer devant les voitures qui me suivaient.";Aucune réaction de la conductrice sinon l'accélération pour passer devant les autres.  Les autres usagers ont otus ralenti car la circulation était dense et personne ne m'a touché une fois au sol.  Je n'ai pas freiné car des voitures me suivaient et j'étais persuadé qu'elle allait à un moment me voir. J'étais en courbe sur le rond point elle m'a touché au niveau du moteur et certainement que plus ou moins consciement je m'attendais à l'impacte car j'ai levé la jambe droite pour ne pas être touché.;NRP;0;;;Tout est allé trop vite;2;0;;;;;;1;6;;;;;;2;;;;;1;;J'ai fait du tout terrain et lorsque la situation vous échappe vous savez que vous ne pourrez plus rien faire sinon subir. C'est ce qui m'est arrivé.;4;3;;;2;1;4;4;1;1;2;1;2;4;4;4;4;10;;;;;;;;;2;;;;;;;;;2;2;;2;1;1;1;5;95;0;0;0;2;;;;;;3;1;;;;1;;;;;;;;;;;2;1;1;1;0;50;1;2;3;4;;;;;;;4;4;4;4;4;4;HONDA;750;CB-SEVEN FIFTY;ROADSTER;2;1;1;1;1;1;1;1;1;1;1;99950;12;4;1;HONDA;600;"XL-LM ""PARIS DAKAR""";TRAIL / SUPERMOTARD;2;4;4;21FEB1966;5;1;3;2;4;4;2;NRP;;;;2;0;0;3;0;3;HONDA;750;CB-SEVEN FIFTY;ROADSTER;2;2003;18;1;2;8000;7;HONDA;125;VT SHADOW;CUSTOM;2;2005;37;4;1;1000;7;SUZUKI;125;MARAUDER (GZ);CUSTOM;2;2002;37;4;1;500;7;;;;;;;;;;;;;;;;;;;;;;;9500;3;4;;;;;;;;NRP;NRP;NRP;NRP;1986;NRP;NRP;1992;NRP
189;4757;338;1;0;5;;;;;;0;5;;;;;;0;5;;;;;;0;2;;;;;;0;4;;;;;;0;4;;;;;;0;5;;;;;;0;2;;;;;;0;1;;;;;;1;5;2011;;;;;0;1;;;;;;0;2;;;;;;1;3;2014;;;;;0;3;;;;;;0;;;;;;;;;;;;;;;;;;;0;3;7;1;46;10;2011;;2011;"Vous circuliez sur un axe constitué d’au moins "" 2 X 2 voies "" (en urbain, périphérique, autoroute, RN …). Un véhicule vous a coupé la route en changeant de voie pour se placer sur celle de droite.";6;;;;;;;Absence de contrôle du conducteur qui change de voie. Je couche la moto pour éviter le choc. Je glisse sur le dos dans ma voie de circulation. J'étais pressé, je devais aller récupérer mon fils. Je roulais à moins de 60 km / h. Plus de peur que de mal le silencieux d'échappement a sauvé ma cheville droite.;Absence de distance de sécurité car je sortais d'un ralentissement. Le conducteur n'a pas cherché à me trouver. Je ne maîtrisais pas encore la technique AFDM.;J'ai freiné de l'avant et j'ai perdu l'avant. J'aurai peut-être mieux fait de chercher l'évitement en passant sur la bande d'arrêt d'urgence.;NRP;1;Technique AFDM et passage sur la bande d'arrêt d'urgence à droite du responsable de l'accident.;Je n'avais pas encore suivi le stage AFDM.;;2;1;2;;Il n'a pas cherché à me voir avant de changer de voie.;1;Un contrôle et il serait resté sur sa voie;3;6;;;;;;;;1;;;2;;Les 2 voies roulaient à la même vitesse, le changement de voie ne permettait pas de gagner du temps.;4;3;;;3;1;4;4;1;1;2;2;4;4;1;4;4;3;;;;;;;;;2;;;;;;;;;2;2;;2;1;3;1;20;80;0;0;0;1;3;4;;;;3;1;;;;1;;;;;;;;;;;1;3;3;;0;60;1;2;3;4;7;9;;;;;3;3;3;3;3;3;YAMAHA;600;FZS FAZER;ROADSTER;2;1;1;1;1;1;1;1;1;1;1;70000;12;4;1;HONDA;125;VARADERO;TRAIL / SUPERMOTARD;2;3;3;02MAY1970;5;1;3;2;4;4;2;NRP;;;;2;0;0;2;0;2;YAMAHA;600;FZS FAZER;ROADSTER;2;2003;37;3;3;11000;7;YAMAHA;1300;FJR ABS;Routière / GT;2;2012;37;3;1;0;7;;;;;;;;;;;;;;;;;;;;;;;;;;;;;;;;;;11000;3;4;;;;;;;;NRP;NRP;NRP;NRP;2007;NRP;NRP;1993;NRP
653;4758;;1;0;5;;;;;;0;5;;;;;;0;3;;;;;;0;5;;;;;;0;2;;;;;;1;4;NSP;;;;;0;4;;;;;;0;3;;;;;;1;4;NSP;;;;;0;6;;;;;;0;5;;;;;;0;2;;;;;;0;4;;;;;;1;4;NSP;;;;;0;;;;;;;;;;;;;;;;;;;43;0;0;1;26;6;0;;;;;;;;;;;;;;;;;;;;;;;;;;;;;;;;;;;;;;;;;;;;;;;;;;;;;;;;;;;;;;;;;;;;;;;;;;;;;;;;;;;;;;;;;;;;;;;;;;;;;;;;;;;;;;;;;;;;;;;;;;;;;;;;;;;;;;;;;;;;;;;;;;;;;;;;;;;;;;04OCT1957;7;2;3;2;2;3;;NRP;;;;0;1;0;0;0;1;YAMAHA;50;TZ-R;SPORTIVE;2;2005;31;1;2;3000;7;;;;;;;;;;;;;;;;;;;;;;;;;;;;;;;;;;;;;;;;;;;;;3000;NSP;;;;;;;;;NRP;NRP;NRP;NRP;NRP;NRP;NRP;NRP;NRP
586;4760;;0;;;;;;;;;;;;;;;;;;;;;;;;;;;;;;;;;;;;;;;;;;;;;;;;;;;;;;;;;;;;;;;;;;;;;;;;;;;;;;;;;;;;;;;;;;;;;;;;;;;;;;;;;;;;;;;;;;;;;;;;;;;;;;;;;;;;;;;;;;;;;;;;;;;;;;;;;;;;;;;;;;;;;;;;;;;;;;;;;;;;;;;;;;;;;;;;;;;;;;;;;;;;;;;;;;;;;;;;;;;;;;;;;;;;;;;;;;;;;;;;;;;;;;;;;;;;;;;;;;;;;;;;;;;;;;;;;;;;;;;;;;26JUL1979;7;2;3;2;1;1;;NRP;;;;0;0;0;1;0;1;KAWASAKI;1100;ZEPHYR;ROADSTER;2;1994;28;2;2;10000;7;;;;;;;;;;;;;;;;;;;;;;;;;;;;;;;;;;;;;;;;;;;;;10000;5;4;3;;;;;;;NRP;NRP;NRP;NRP;2009;NRP;NRP;1998;2007
538;4763;;1;0;3;;;;;;1;4;2013;;;;;0;3;;;;;;0;4;;;;;;0;3;;;;;;1;2;NSP;;;;;3;5;2001;2011;2013;;;0;3;;;;;;1;3;2001;;;;;1;5;2011;;;;;0;3;;;;;;1;5;2011;;;;;0;3;;;;;;0;2;;;;;;0;;;;;;;;;;;;;;;;;;;4;2;17;1;26;6;0;;;;;;;;;;;;;;;;;;;;;;;;;;;;;;;;;;;;;;;;;;;;;;;;;;;;;;;;;;;;;;;;;;;;;;;;;;;;;;;;;;;;;;;;;;;;;;;;;;;;;;;;;;;;;;;;;;;;;;;;;;;;;;;;;;;;;;;;;;;;;;;;;;;;;;;;;;;;;;24NOV1972;7;1;3;2;3;4;1;NRP;;;;2;1;0;1;0;1;BMW;1150;R1150GS;TRAIL / SUPERMOTARD;2;2003;37;3;2;5000;5;;;;;;;;;;;;;;;;;;;;;;;;;;;;;;;;;;;;;;;;;;;;;5000;4;3;;;;;;;;NRP;NRP;NRP;NRP;1998;NRP;NRP;1997;NRP
2191;4766;;1;0;5;;;;;;1;3;2010;;;;;0;6;;;;;;0;6;;;;;;0;4;;;;;;0;2;;;;;;0;6;;;;;;0;5;;;;;;1;5;2011;;;;;0;2;;;;;;0;4;;;;;;0;2;;;;;;1;4;2010;;;;;0;3;;;;;;0;;;;;;;;;;;;;;;;;;;2;1;10;1;61;13;2010;;;;;;;;;;;;;;;;;;;;;;;;;;;;;;;;;;;;;;;;;;;;;;;;;;;;;;;;;;;;;;;;;;;;;;;;;;;;;;;;;;;;;;;;;;;;;;;;;;;;;;;;;;;;;;;;;;;;;;;;;;;;;;;;;;;;;;;;;;;;;;;;;;;;;;;;;;;;;;25MAY1973;5;2;3;2;2;2;1;NRP;;;;1;0;0;2;0;2;HONDA;750;CB-SEVEN FIFTY;ROADSTER;2;1997;31;1;2;12000;7;HONDA;1000;CBR-RR FIREBLADE;SPORTIVE;2;2010;31;3;1;5000;7;;;;;;;;;;;;;;;;;;;;;;;;;;;;;;;;;;17000;2;3;4;;;;;;;NRP;NRP;NRP;1990;1997;NRP;NRP;1992;NRP
256;4768;;0;;;;;;;;;;;;;;;;;;;;;;;;;;;;;;;;;;;;;;;;;;;;;;;;;;;;;;;;;;;;;;;;;;;;;;;;;;;;;;;;;;;;;;;;;;;;;;;;;;;;;;;;;;;;;;;;;;;;;;;;;;;;;;;;;;;;;;;;;;;;;;;;;;;;;;;;;;;;;;;;;;;;;;;;;;;;;;;;;;;;;;;;;;;;;;;;;;;;;;;;;;;;;;;;;;;;;;;;;;;;;;;;;;;;;;;;;;;;;;;;;;;;;;;;;;;;;;;;;;;;;;;;;;;;;;;;;;;;;;;;;;14OCT1957;9;2;3;2;3;4;1;NRP;;;;2;0;0;1;0;1;HONDA;1000;CB-F ABS;ROADSTER;2;2007;18;2;1;8000;7;;;;;;;;;;;;;;;;;;;;;;;;;;;;;;;;;;;;;;;;;;;;;8000;3;4;;;;;;;;NRP;NRP;NRP;NRP;1997;NRP;NRP;1977;NRP
2052;4769;;1;0;5;;;;;;0;4;;;;;;0;6;;;;;;0;4;;;;;;1;6;1979;;;;;1;5;1975;;;;;0;3;;;;;;0;4;;;;;;1;5;NSP;;;;;0;3;;;;;;0;6;;;;;;0;3;;;;;;0;5;;;;;;0;4;;;;;;1;2;2011;2014;;;;Portugal;Haut-Languedoc;;;;Je regardais le paysage à ma gauche. En remettant mon regard dans l'axe, j'ai vu que la route tournait à droite. J'ai trop violemment freiné de l'arrière et ma moto a glissé. Je l'ai relevée (seul, la route étant hyper déserte) constaté les dégâts (hyper minimes) et je suis reparti.;"Je regardais le paysage à ma gauche (oui, encore :;-) Je me suis garé pour prendre une photo sans descendre de moto. Quand mon pied droit est arrivé au niveau de sol, je n'ai rencontré que le vide car j'étais au bord d'un petit fossé et j'ai basculé dans le fossé avec la moto. J'ai dû attendre des automobilistes pour sortir la moto du fossé car je n'y suis pas arrivé seul. Seul dégât : bulle explosée.";;;;0;0;3;5;27;1;26;6;1975;;;;;;;;;;;;;;;;;;;;;;;;;;;;;;;;;;;;;;;;;;;;;;;;;;;;;;;;;;;;;;;;;;;;;;;;;;;;;;;;;;;;;;;;;;;;;;;;;;;;;;;;;;;;;;;;;;;;;;;;;;;;;;;;;;;;;;;;;;;;;;;;;;;;;;;;;;;;;;26SEP1957;7;2;3;2;1;1;;NRP;;;;1;0;0;1;0;1;HONDA;700;NC700X (52CV);ROADSTER;2;2012;29;3;1;11000;7;;;;;;;;;;;;;;;;;;;;;;;;;;;;;;;;;;;;;;;;;;;;;11000;3;4;;;;;;;;NRP;NRP;NRP;NRP;1976;NRP;NRP;1981;NRP