Ligne;Ligne Q qualif;Ligne approfondissement Accident;ACCIDENT;NBACC1;ACCFREQUENCE1;ANNEEACC1_1;ANNEEACC1_2;ANNEEACC1_3;ANNEEACC1_4;ANNEEACC1_5;NBACC2;ACCFREQUENCE2;ANNEEACC2_1;ANNEEACC2_2;ANNEEACC2_3;ANNEEACC2_4;ANNEEACC2_5;NBACC3;ACCFREQUENCE3;ANNEEACC3_1;ANNEEACC3_2;ANNEEACC3_3;ANNEEACC3_4;ANNEEACC3_5;NBACC4;ACCFREQUENCE4;ANNEEACC4_1;ANNEEACC4_2;ANNEEACC4_3;ANNEEACC4_4;ANNEEACC4_5;NBACC5;ACCFREQUENCE5;ANNEEACC5_1;ANNEEACC5_2;ANNEEACC5_3;ANNEEACC5_4;ANNEEACC5_5;NBACC6;ACCFREQUENCE6;ANNEEACC6_1;ANNEEACC6_2;ANNEEACC6_3;ANNEEACC6_4;ANNEEACC6_5;NBACC7;ACCFREQUENCE7;ANNEEACC7_1;ANNEEACC7_2;ANNEEACC7_3;ANNEEACC7_4;ANNEEACC7_5;NBACC8;ACCFREQUENCE8;ANNEEACC8_1;ANNEEACC8_2;ANNEEACC8_3;ANNEEACC8_4;ANNEEACC8_5;NBACC9;ACCFREQUENCE9;ANNEEACC9_1;ANNEEACC9_2;ANNEEACC9_3;ANNEEACC9_4;ANNEEACC9_5;NBACC10;ACCFREQUENCE10;ANNEEACC10_1;ANNEEACC10_2;ANNEEACC10_3;ANNEEACC10_4;ANNEEACC10_5;NBACC11;ACCFREQUENCE11;ANNEEACC11_1;ANNEEACC11_2;ANNEEACC11_3;ANNEEACC11_4;ANNEEACC11_5;NBACC12;ACCFREQUENCE12;ANNEEACC12_1;ANNEEACC12_2;ANNEEACC12_3;ANNEEACC12_4;ANNEEACC12_5;NBACC13;ACCFREQUENCE13;ANNEEACC13_1;ANNEEACC13_2;ANNEEACC13_3;ANNEEACC13_4;ANNEEACC13_5;NBACC14;ACCFREQUENCE14;ANNEEACC14_1;ANNEEACC14_2;ANNEEACC14_3;ANNEEACC14_4;ANNEEACC14_5;AUTRESACC;NBAUTRESACC;ANNEEAUTREACC1;ANNEEAUTREACC2;ANNEEAUTREACC3;ANNEEAUTREACC4;ANNEEAUTREACC5;LIEUAUTREACC1;LIEUAUTREACC2;LIEUAUTREACC3;LIEUAUTREACC4;LIEUAUTREACC5;DESCRIPTIONAUTRESACC1;DESCRIPTIONAUTRESACC2;DESCRIPTIONAUTRESACC3;DESCRIPTIONAUTRESACC4;DESCRIPTIONAUTRESACC5;NBAUTRESACCCIRCUIT;NBAUTRESTOUTTERRAIN;EXPCYCLO;EXP125;EXPSUP125;ACCORDNEXTQ;CHOIXACC;RGPMTACC;RECUPANNEE;RECUPLIEU;RECUPANNE;RGPMTAC;CHOIX1;CHOIX2;CHOIX3;CHOIX4;CHOIX5;CHOIX6;CHOIX7;DESCRIPTION;RUPTURE;FAITS;ABS_REACTION;AUTRE_REACTION;PRECISIONREACTIONOUI;RECUL;PRECISIONREACTIONNON;IMPACTCOMPORTEMENT;AUTREUSAGER;REACTIONAUTREUSAGER;CONNAISSANCEREACTIONUSAGER;DIFFICULTES;AGGRAVATION;DIFFICULTES2;EMOTIONS1;EMOTIONS2;EMOTIONS3;EMOTIONS4;EMOTIONS5;EMOTIONS6;AUTRESENTIMENT;CLASSEMENTEMOTIONS1;CLASSEMENTEMOTIONS;CLASSEMENTEMOTIONS5;CLASSEMENTEMOTIONS6;CLASSEMENTEMOTIONS7;CLASSEMENTEMOTIONS8;CLASSEMENTEMOTIONS9;EXPLICATIONRESSENTI;BIENEQUIPE;ALLURE;ALLUREVITEDETAIL;ALLURELENTEDETAIL;SITUATIONPRESSE;SITUATIONDISTRAIT;SITUATIONCONFIANT;SITUATIONCONTROLE;SITUATIONLUDIQUE;SITUATIONPERF;SITUATIONSTRESS;SITUATIONFATIGUE;HUMEURNEUTRE;HUMEURGAI;HUMEURMECONTENT;HUMEURTRISTE;HUMEURCOLERE;CONTRIBUTION1;CONTRIBUTION2;CONTRIBUTION3;CONTRIBUTION4;CONTRIBUTION5;CONTRIBUTION6;CONTRIBUTION7;CONTRIBUTION8;CONTRIBUTION9;ROLEINFRA;ELEMENTINFRA1;ELEMENTINFRA2;ELEMENTINFRA3;ELEMENTINFRA4;ELEMENTINFRA5;ELEMENTINFRA6;ELEMENTINFRA7;ELEMENTINFRA8;ELEMENTINFRA9;ALCOOL;TXALCOOL;STUP;SEMAINE;MOMENTJOURNEE;TEMPS;CAUSEACC1;CAUSEACC2;CAUSEACC3;CAUSEACC4;CAUSEACC5;FORMATIONCAUSE;FORMATION1;FORMATION2;FORMATION3;FORMATION4;FORMATION5;TRAFIC;CHAUSSEE1;CHAUSSEE2;CHAUSSEE3;CHAUSSEE4;TYPEACC;BLESSURE;TETE;COU;THORAX;MEMBRESSUP;COLONNE;BASSIN;MEMBRESINF;HOPITAL;PLUS24H;TRAJET;TYPEROUTE;MOTIF;SENSTRAJET;PASSAGER;VITESSE;DESCEQ1;DESCEQ2;DESCEQ3;DESCEQ4;DESCEQ5;DESCEQ6;DESCEQ7;DESCEQ8;DESCEQ9;DESCEQ10;VEHICULEETE;VEHICULEAUTOMNE;VEHICULEPRINTEMPS;VEHICULEHIVER;VEHICULESEMAINE;VEHICULEWE;VEHMARQUE;VEHCYLINDREE;VEHMODELE;VEHSEGMENT;VEHSIDE;EQ2RMABS;EQ2RMCBS;EQ2RMABSCBS;EQ2RMREGULATEUR;EQ2RMLIMITEUR;EQ2RMPHARESDIRECT;EQ2RMCOUPURE;EQ2RMANTIPATINAGE;EQ2RMANTIXHEELING;EQ2RMSTABILILTE;VEHKM;POINTS;DUREE;AUTRE2RM;VEHPRECMARQUE;VEHPRECCYLINDREE;VEHPRECMODELE;VEHPRECSEGMENT;VEHPRECSIDE;TEMPS2RMPREC;FREQVEHPREC;DATE_NAISS;CSP;SOCIETAIRE;SALARIE;SECTEUR2RM;NBPERSFOYER;SITFAM;NBENF;TRNBENF1;TRNBENF2;TRNBENF3;TRNBENF4;NBAUTOFOYER;NBCYCLOFOYER;NBSCOOTFOYER;NBMOTOFOYER;NBTRIKEFOYER;NB2RMCONDUIT;MARQUE1;CYLINDREE1;MODELE1;SEGMENT1;SIDE1;ANMISECIRCU1;ASS1;FREQ1;USAGE1;NBKM1;GARAGE1;MARQUE2;CYLINDREE2;MODELE2;SEGMENT2;SIDE2;ANMISECIRCU2;ASS2;FREQ2;USAGE2;NBKM2;GARAGE2;MARQUE3;CYLINDREE3;MODELE3;SEGMENT3;SIDE3;ANMISECIRCU3;ASS3;FREQ3;USAGE3;NBKM3;GARAGE3;MARQUE4;CYLINDREE4;MODELE4;SEGMENT4;SIDE4;ANMISECIRCU4;ASS4;FREQ4;USAGE4;NBKM4;GARAGE4;MARQUE5;CYLINDREE5;MODELE5;SEGMENT5;SIDE5;ANMISECIRCU5;ASS5;FREQ5;USAGE5;NBKM5;GARAGE5;NBKMTOT;PERMIS1;PERMIS2;PERMIS3;PERMIS4;PERMIS5;PERMIS6;PERMIS7;PERMIS8;PERMIS9;ANPERMIS1;ANPERMIS6;ANPERMIS7;ANPERMIS2;ANPERMIS3;ANPERMIS8;ANPERMIS9;ANPERMIS4;ANPERMIS5
558;4770;400;1;0;3;;;;;;0;3;;;;;;0;4;;;;;;0;5;;;;;;2;5;1975;2008;;;;0;3;;;;;;0;3;;;;;;0;4;;;;;;1;5;2007;;;;;0;3;;;;;;0;5;;;;;;0;2;;;;;;1;3;1978;;;;;0;3;;;;;;0;;;;;;;;;;;;;;;;;;;3;2;36;1;41;9;2007;;2007;Vous avez fait une sortie de route, une perte de contrôle ou une glissade sans rien percuter.;3;;;;;;;une voiture a grillé un stop et je n'ai pu l'éviter complètement;rue à sens unique étroite me sachant prioritaire;Freinage d'urgence : relacher reprendre relacher reprendre mais quelques km/h de trop pour m'arrêter avant l'impact;NRP;0;;;trop peu de temps pour m'arrêter à la vitesse à laquelle je roulais (bien que largement inférieure à 50km/h);3;1;2;;n'avait pas vu le stop;1;manque d'attention en parcours urbain;6;;;;;;;;;;;;1;;la situation ne me permettait pas d'éviter le choc (léger);4;1;1;;1;1;4;4;1;1;1;1;1;4;4;4;4;1;;;;;;;;;2;;;;;;;;;2;2;;2;1;1;1;10;90;0;0;0;2;;;;;;2;1;;;;1;;;;;;;;;;;1;1;1;2;0;45;1;2;3;4;;;;;;;4;4;4;4;4;3;MOTO GUZZI;1100;CALIFORNIA;Routière / GT;2;1;1;1;1;1;1;1;1;1;1;40000;12;3;1;KAWASAKI;1500;VN CLASSIC;CUSTOM;null;4;3;13AUG1959;5;1;3;2;3;4;1;NRP;;;;2;0;0;2;0;2;MOTO GUZZI;1200;NORGE GT;Routière / GT;2;2007;37;1;2;10000;7;KAWASAKI;600;KLR;TRAIL / SUPERMOTARD;2;1986;37;3;1;1000;7;;;;;;;;;;;;;;;;;;;;;;;;;;;;;;;;;;11000;2;3;4;;;;;;;NRP;NRP;NRP;1976;1977;NRP;NRP;1978;NRP
1118;4773;234;1;0;4;;;;;;0;5;;;;;;0;5;;;;;;0;4;;;;;;1;5;2011;;;;;0;2;;;;;;0;3;;;;;;0;3;;;;;;0;3;;;;;;0;4;;;;;;0;4;;;;;;0;5;;;;;;0;3;;;;;;0;4;;;;;;0;;;;;;;;;;;;;;;;;;;4;0;42;1;21;5;2011;;2011;Vous circuliez sur un axe prioritaire. Un véhicule venant d’un axe non prioritaire vous a coupé la route.;2;;;;;;;C'était à un carrefour, je venais de démarrer à un feu vert, dès que j'ai eu passé le carrefour, une jeune cycliste a traversé la rue en débouchant de derrière un massif de laurier rose. Elle a sauté littéralement le trottoir et m'a percuté sur le côté droit avant que les roues de son vélo ne touche la chaussée. Elle m'a avoué qu'à part le tram, elle ne pensait pas qu'il pourrait y avoir quelqu'un d'autre qui viendrait dans son paysage.;La surprise de voir surgir cette cycliste de derrière les lauriers roses et le fait d'être impuissant à l'éviter, même avec un freinage énergique, puisque le freinage m'a fait lever du siège et butter contre la bulle du carénage.;J'ai freiné aussitôt que je l'ai aperçue, tout en essayant de m'écarter sur la gauche (rue étroite en sens unique). Elle n'a rien pu faire, étant sans contact avec le sol et m'a percuté à l'aplomb du rétroviseur.;NRP;0;;;Parce que je la vois surgir sur ma droite pratiquement dans la même seconde que l'impact.;2;1;2;;Elle ne pouvait ni freiner, ni changer de direction, n'étant pas en contact avec la route.;1;Elle aurait dû s'arrêter et descendre de vélo, pour traverser la rue.;2;4;;;;;;;1;;2;;;;Lorsque l'on vient de démarrer à un feu vert, il est rare que l'on puisse rencontrer un vélo qui vous coupe la route en dehors tout aménagement prévu pour traverser la chaussée.;4;3;;;1;1;4;4;1;1;1;1;1;1;4;4;4;10;;;;;;;;;1;AUT|Elément décoratif volumineux sur le trottoir.;;;;;;;;2;2;;2;1;1;1;0;80;0;20;0;2;;;;;;2;1;;;;2;0;;;;;;;;;;2;1;1;2;0;15;1;10;2;3;5;7;;;;;4;4;4;4;4;4;HONDA;1300;PAN EUROPEAN;Routière / GT;2;0;0;0;1;1;1;1;1;1;1;50000;12;4;1;KAWASAKI;1400;GTR GRAND TOURER;Routière / GT;null;4;4;07AUG1955;5;2;3;2;1;1;;NRP;;;;1;0;0;1;0;1;KAWASAKI;1400;GTR;Routière / GT;2;2012;16;1;2;20000;7;;;;;;;;;;;;;;;;;;;;;;;;;;;;;;;;;;;;;;;;;;;;;20000;3;4;;;;;;;;NRP;NRP;NRP;NRP;1977;NRP;NRP;1977;NRP
610;4778;251;1;0;4;;;;;;0;4;;;;;;0;5;;;;;;0;3;;;;;;1;5;1991;;;;;0;4;;;;;;0;3;;;;;;0;4;;;;;;2;4;1991;1983;;;;0;4;;;;;;0;5;;;;;;0;3;;;;;;1;2;1985;;;;;0;4;;;;;;0;;;;;;;;;;;;;;;;;;;10;10;35;1;61;13;1985;;1985;Vous circuliez derrière un véhicule. Ce véhicule a freiné ou a ralenti et vous l’avez percuté par l’arrière.;AUT|le plus amusant;;;;;;;"suivant un véhicule attelé d'une remorque, quand ce dernier à freiné,ayant un avant-bras dans le plâtre (résultat d'une chute précédente)je le percutai et sous le choc, je fus projeté sur la dite remorque ; puis le véhicule a redémarré sans me voir chevauchat l'attelage ; imaginez la scène du motard qui agite les bras pour se faire remarquer par le conducteur !!!!et je ne vous dis pas la tête des automobilistes alentours qui regardaient, médusés et amuseés bloqués par mon deux roues gisant au point d'impact ; résultat de ce numéro de cirque une fourche et l'amour propre écorné, sans compter le conducteur qui eût à raconter une histoire peu banal, une fouis rentré chez lui";avec un plâtre on ne freine pas vraiment de al même façon qu'en étant à 100 % de ses moyens;je serrais un peu près le véhicule précédent et je ne pouvais pas freiner normalement le conducteur tamponné ouvrit de grands yeux, surpris, me demandant d'où je venais quant aux autres usagers ils cherchent encore la caméra cachée;AUT|j'ai bien saisi que je ne m'arrêterai pas à temps mais je n'imaginais pas me retoruver dans la remorque;1;tout repose sur la distance de sécurité également conduire avec un bras plâtré n'arrange rien;"ça fait partie des expèriences qui forge la vie ; aujourd'hui je reste à bonne distance et je ne prends le deux-roues quand tout va bien";;2;0;;;;;;2;6;;;;;;;1;;;;2;;le feu tricolore étant vert le véhicule me précédent devait passer et ne pas faire un arrêt d'urgence;2;3;;;2;2;3;2;1;1;1;1;2;2;4;4;4;5;7;;;;;;;;2;;;;;;;;;2;2;;2;1;1;1;80;20;0;0;0;2;;;;;;AUT|le flot de véhicule redémarrait;1;;;;1;;;;;;;;;;;1;1;3;;0;30;1;10;2;3;4;;;;;;4;4;4;3;4;4;HONDA;125;CG;ROADSTER;2;1;1;1;1;1;1;1;1;1;1;15000;12;4;1;BMW;650;R65 37KW;ROADSTER;2;4;3;21APR1959;7;1;3;2;2;3;;NRP;;;;1;0;0;1;0;1;BMW;650;R65 MONOLEVER;ROADSTER;2;1987;37;1;2;5000;7;;;;;;;;;;;;;;;;;;;;;;;;;;;;;;;;;;;;;;;;;;;;;5000;2;3;4;;;;;;;NRP;NRP;NRP;1977;1980;NRP;NRP;1977;NRP
1430;4779;;1;0;5;;;;;;1;5;2010;;;;;2;6;NSP;2008;;;;0;3;;;;;;0;6;;;;;;0;4;;;;;;0;4;;;;;;0;5;;;;;;5;6;NSP;NSP;NSP;NSP;2013;0;4;;;;;;1;6;1978;;;;;0;4;;;;;;0;4;;;;;;0;6;;;;;;1;0;;;;;;;;;;;;;;;;0;0;2;3;43;1;6;2;2010;;;;;;;;;;;;;;;;;;;;;;;;;;;;;;;;;;;;;;;;;;;;;;;;;;;;;;;;;;;;;;;;;;;;;;;;;;;;;;;;;;;;;;;;;;;;;;;;;;;;;;;;;;;;;;;;;;;;;;;;;;;;;;;;;;;;;;;;;;;;;;;;;;;;;;;;;;;;;;16MAY1954;9;2;3;2;2;3;;NRP;;;;1;0;0;2;0;3;YAMAHA;1200;XTZ SUPER TENERE FIRST EDITION;TRAIL / SUPERMOTARD;2;2010;28;2;1;10000;7;YAMAHA;1200;XTZ SUPER TENERE;TRAIL / SUPERMOTARD;2;2011;37;4;1;500;7;TGB;525;QUAD BLADE SE;QUAD;2;2012;28;3;1;7;7;;;;;;;;;;;;;;;;;;;;;;;10507;3;4;;;;;;;;NRP;NRP;NRP;NRP;1972;NRP;NRP;1974;NRP
612;4781;;0;;;;;;;;;;;;;;;;;;;;;;;;;;;;;;;;;;;;;;;;;;;;;;;;;;;;;;;;;;;;;;;;;;;;;;;;;;;;;;;;;;;;;;;;;;;;;;;;;;;;;;;;;;;;;;;;;;;;;;;;;;;;;;;;;;;;;;;;;;;;;;;;;;;;;;;;;;;;;;;;;;;;;;;;;;;;;;;;;;;;;;;;;;;;;;;;;;;;;;;;;;;;;;;;;;;;;;;;;;;;;;;;;;;;;;;;;;;;;;;;;;;;;;;;;;;;;;;;;;;;;;;;;;;;;;;;;;;;;;;;;;29NOV1954;8;2;3;2;2;3;;NRP;;;;2;0;0;2;0;1;HONDA;600;CB-F  N;ROADSTER;2;2005;29;2;2;10000;7;;;;;;;;;;;;;;;;;;;;;;;;;;;;;;;;;;;;;;;;;;;;;10000;4;3;2;;;;;;;NRP;NRP;NRP;1973;2005;NRP;NRP;1973;NRP
409;4785;Pré test 9;1;0;3;;;;;;0;4;;;;;;0;4;;;;;;0;2;;;;;;1;5;1989;;;;;0;4;;;;;;0;4;;;;;;0;5;;;;;;1;5;2014;;;;;0;3;;;;;;0;4;;;;;;0;3;;;;;;0;4;;;;;;0;4;;;;;;1;1;2010;;;;;gap;;;;;Un camion à coupé son virage et m'a bloqué le passage;;;;;0;0;4;3;29;1;71;15;2010;gap;2010;Autre(s) type(s) d'accident(s).;4;5;6;;;;;27 juillet 2010, 7H00 du matin, Col de Mense (05), direction le bureau. 73 virages sur 6 Km, je les connais par coeur.  J'attaque la descente tranquillement, ce n'est pas la bonne heure pour jouer au pilote, la route est belle mais étroite et ça fait plus d'une semaine que je croise 2 fourgons de charpentiers qui se tirent la bourre tous les matins...pas de chance ! Le premier est pour moi. Il coupe son virage à gauche plein gaz comme s'il était seul. Je freine en serrant ma droite au maximum en regardant mon passage se transformer en entonnoir. Mon épaule gauche fait voler son rétroviseur dans le ravin (un hématome multicolore du cou jusqu'à l'avant bras), le cale pied gauche est arraché par la jante du fourgon (3 fractures au pied et un orteil luxé). Je suis stoppé net coincé entre le petit parapet et la benne du fourgon. Je coupe le moteur, la béquille est aussi loin que mon cale pied, je laisse la moto calée sur le muret, je descends et petit à petit je m'écroule par terre à cause d'une douleur au dos très intense. Dans mon petit sac à dos je n'ai que mes papiers et un petit notebook qui me semble peser 15 Kg. Au bout de 15mn je sens la douleur envahir mon pied gauche. En attendant les pompiers j'insulte le jeune con responsable qui se fait tout petit et j'appelle 2 de mes employés pour qu'il viennent enlever la moto. Les pompiers arrivent, on file aux urgences de Gap. J'ai mal, très mal, mais je m'en fiche. Deux  choses m'obsèdent: mon entreprise de paysagistes et ma moto.  Pour le boulot je peux compter sur mon associé mais pour la moto...45000 Km, 21 ans de fidélité, état irréprochable (ancien mécano ds la restauration auto), fiabilité irréprochable et je la vois mise au rebut pour raison économique. J'en pleure. Aujourd'hui j'ai souvent mal au 2 pieds mais j'ai réussi à racheter mon clou qui a aujourd'hui 26 ans et a profité de 8 mois restauration effectuée par mes soins.;"""L'élément"" c'est l'autre. Celui qui prend la route pour un terrain de jeu, celui qui bat des records virtuels sur sa XBox et qui veut vérifier ses capacités réelles devant ses collègues de boulot.  C'est l'esprit de con-pétition généralement aussi masculin qu'inepte.  La ""difficulté"" est de voir arriver l'impact, de comprendre que les passagers du fourgon m'ont vu mais pas le conducteur. L'instinct me dit de freiner fort mais pas trop tôt pour atteindre la protection du parapet pour éviter qu'il ne m'envoie dans le ravin. Objectif atteint, l'impact peut avoir lieu...";"""L'autre"" ne m'a pas vu, j'étais caché par le montant du parebrise. Il se croyait réellement seul. J'ai vite compris que le contact était inévitable. Il savait qu'il y avait un problème car ses collègues lui ont crié de faire attention, mais il était trop tard pour qu'il comprenne à quoi il devait faire ""attention"". Je roulais vraiment doucement, je sortais d'un virage à gauche, encore sur l'angle j'étais prêt à basculer sur le prochain droit, je m'attendais à les croiser comme tous les matins, je n'ai fait que redresser la moto, réviser ma trajectoire pour me ""garer"" sur la droite en espérant qu'il quitterait le point de corde avant que je l'atteigne à mon tour.  La route est étroite et la majorité des virages ne permettent pas à 2 voitures de se croiser.  J'ai débuté la moto à 13 ans (trial), 10 ans de mécanique sur des bolides (Ferrari, Porsche...etc), des week-end clientèles sur le circuit du Castellet, pilote d'essai chez BMW à Istres, 10 ans de transports urgents en VL et en moto, 3 millions de Km au compteur... Je ne suis peut-être pas le meilleur des conducteurs mais mes réflexes sont aiguisés par toutes ces expériences.  Je pense avoir fait les bons choix. Lorsque la sortie se trouve entre un camion et un mur, que le camion en question vous laisse une ouverture de 30cm dans une épingle on ne peut que regretter de ne pas être parti 5mn plutôt de la maison.";NRP;0;;;Route étroite, virages serrés et enchaînés sans le moindre bout de ligne droite, visibilité du virage suivant inexistante, à peine une quinzaine de mètres pour réagir dès que le danger est visualisé et assimilé...même à 40 Km/h la distance entre les 2 véhicules, la vitesse de rapprochement, la largeur de la route, le ravin et surtout le fait qu'il ignorait ma présence sur la voie ne m'ont laissé aucune autre alternative.;1;0;1;Du fait qu'il ignorait ma présence (caché par son montant de pare-brise) il n'a absolument pas rencontré de difficulté, la route était à lui.;"C'est fait ! :-D ""La route n'est pas un circuit, il y a des jours et des heures pour faire péter des chronos, on n'est pas sur un écran avec une manette, ça fait 2 semaines que je vous croise en serrant les fesses tous les matins, petits cons de #&#+#&***² !!..."" Tout ça et bien plus.";1;3;4;;;;;;;;1;2;;;Il ne me voyait pas. j'ai eu le temps de me demander pourquoi il ne me rendait pas ma voie en reprenant sa droite.;4;3;;;1;1;4;4;1;1;1;1;2;3;4;4;4;5;;;;;;;;;2;2;;2;2;2;2;;;;;;;;;1;1;1;0;100;0;0;0;;1;1;;;;2;1;2;4;7;;;;;1;0;1;2;1;1;0;40;1;10;2;3;5;;;;;;4;4;4;1;4;4;SUZUKI;1400;INTRUDER (VS);1027;CUSTOM;SUZUKI, 1400 INTRUDER (VS);1;2;1;1;1;1;1;1;1;40000;12;4;1;YAMAHA;1300;VENTURE ROYALE;1611;Routière / GT;YAMAHA, 1300 VENTURE ROYALE;1;null;4;;;;21NOV1967;2;1;3;2;3;4;1;NRP;;;;2;0;0;2;1;3;SUZUKI;1400;INTRUDER (VS);CUSTOM;2;1989;37;2;1;10000;6;SUZUKI;500;GS;ROADSTER;2;1998;19;4;1;3000;7;YAMAHA;350;QUAD YFM WARRIOR;QUAD;2;1990;41;4;1;500;4;;;;;;;;;;;;;;;;;;;;;;;13500;3;4;;;;;;;;NRP;NRP;NRP;NRP;1986;NRP;NRP;1990;NRP
591;4786;344;1;0;5;;;;;;0;4;;;;;;2;6;1995;1996;;;;0;5;;;;;;0;4;;;;;;0;5;;;;;;0;3;;;;;;0;3;;;;;;1;4;1994;;;;;0;5;;;;;;1;6;NSP;;;;;0;2;;;;;;0;3;;;;;;0;4;;;;;;0;;;;;;;;;;;;;;;;;;;5;1;20;1;51;11;0;;-1;"Vous circuliez sur un axe constitué d’au moins "" 2 X 2 voies "" (en urbain, périph, autoroute, RN …). Un véhicule vous a coupé la route en changeant de voie pour se placer sur celle de gauche.";3;;;;;;;Je circulais file de gauche sur le perif parisien  pour une fois fluide, zone trois voies, un conducteur qui télephonait s'est brusquement déporté sans clignotant du fait d'un ralentissement devant lui.. Perte de controle et chute. Heureusement sans gravité mais suffisament frequent et symptomatique pour etre rapporté. Le conducteur s'est arrété et a admis sa faute, remboursement integral.;La telephonie rendue obligatoire d'un patron envers ses chauffeurs.;Freinage et Perte de controle du fait de la surprise et du sol gras et chute malgré l' abs. Bon comportement de l'automobiliste impliqué qui a reconnu sa faute et des véhicules arrières qui ont su freiner puis protéger le lieu. Beaucoup de chance en fait.;NRP;1;Il est sans doute possible de ne pas se laisser surprendre, plus de vigilance et/ou d'attention..;Manque d'experience et/ou de formation à l'époque. Sans doute les associations motardes n'ont pas assez dénoncé les risques engendrés par la téléphonie embarquée.;;2;1;NSP;;Son manque d'attention fut evident pour moi.;1;Manque de conscience des risques et de vigilance sont les causes majeures d'accident. Rien de neuf en cela, vitesse et alcoolémie ou autres découlent toujours de ces élément basiques.;1;;;;;;;1;;;;;;;Je savais etre suivi par d'autres véhicule et ce n'était pas ma première gamelle sur le périférique parisien toujourd stressant.;3;3;;;1;2;3;3;1;1;3;2;1;5;5;5;4;1;5;;;;;;;;2;;;;;;;;;2;2;;2;1;3;2;15;70;0;0;15;2;;;;;;2;2;;;;1;;;;;;;;;;;1;4;1;2;0;70;1;10;2;3;4;7;;;;;4;4;4;4;4;NRP;HONDA;700;DEAUVILLE ABS;Routière / GT;2;0;0;0;1;1;1;1;1;1;1;10000;12;3;1;HONDA;650;DEAUVILLE;Routière / GT;2;4;4;10AUG1954;5;1;3;2;3;4;1;NRP;;;;2;1;0;3;0;4;HONDA;50;PC50;ROADSTER;2;1968;1;4;1;10;7;KAWASAKI;750;ZEPHYR;ROADSTER;1;1994;1;4;1;3000;7;HONDA;1300;PAN EUROPEAN;Routière / GT;2;2003;1;3;1;8000;7;HONDA;700;DEAUVILLE;Routière / GT;2;2008;1;1;2;7000;1;;;;;;;;;;;;18010;3;4;;;;;;;;NRP;NRP;NRP;NRP;1993;NRP;NRP;1972;NRP