Ligne;Ligne Q qualif;Ligne approfondissement Accident;ACCIDENT;NBACC1;ACCFREQUENCE1;ANNEEACC1_1;ANNEEACC1_2;ANNEEACC1_3;ANNEEACC1_4;ANNEEACC1_5;NBACC2;ACCFREQUENCE2;ANNEEACC2_1;ANNEEACC2_2;ANNEEACC2_3;ANNEEACC2_4;ANNEEACC2_5;NBACC3;ACCFREQUENCE3;ANNEEACC3_1;ANNEEACC3_2;ANNEEACC3_3;ANNEEACC3_4;ANNEEACC3_5;NBACC4;ACCFREQUENCE4;ANNEEACC4_1;ANNEEACC4_2;ANNEEACC4_3;ANNEEACC4_4;ANNEEACC4_5;NBACC5;ACCFREQUENCE5;ANNEEACC5_1;ANNEEACC5_2;ANNEEACC5_3;ANNEEACC5_4;ANNEEACC5_5;NBACC6;ACCFREQUENCE6;ANNEEACC6_1;ANNEEACC6_2;ANNEEACC6_3;ANNEEACC6_4;ANNEEACC6_5;NBACC7;ACCFREQUENCE7;ANNEEACC7_1;ANNEEACC7_2;ANNEEACC7_3;ANNEEACC7_4;ANNEEACC7_5;NBACC8;ACCFREQUENCE8;ANNEEACC8_1;ANNEEACC8_2;ANNEEACC8_3;ANNEEACC8_4;ANNEEACC8_5;NBACC9;ACCFREQUENCE9;ANNEEACC9_1;ANNEEACC9_2;ANNEEACC9_3;ANNEEACC9_4;ANNEEACC9_5;NBACC10;ACCFREQUENCE10;ANNEEACC10_1;ANNEEACC10_2;ANNEEACC10_3;ANNEEACC10_4;ANNEEACC10_5;NBACC11;ACCFREQUENCE11;ANNEEACC11_1;ANNEEACC11_2;ANNEEACC11_3;ANNEEACC11_4;ANNEEACC11_5;NBACC12;ACCFREQUENCE12;ANNEEACC12_1;ANNEEACC12_2;ANNEEACC12_3;ANNEEACC12_4;ANNEEACC12_5;NBACC13;ACCFREQUENCE13;ANNEEACC13_1;ANNEEACC13_2;ANNEEACC13_3;ANNEEACC13_4;ANNEEACC13_5;NBACC14;ACCFREQUENCE14;ANNEEACC14_1;ANNEEACC14_2;ANNEEACC14_3;ANNEEACC14_4;ANNEEACC14_5;AUTRESACC;NBAUTRESACC;ANNEEAUTREACC1;ANNEEAUTREACC2;ANNEEAUTREACC3;ANNEEAUTREACC4;ANNEEAUTREACC5;LIEUAUTREACC1;LIEUAUTREACC2;LIEUAUTREACC3;LIEUAUTREACC4;LIEUAUTREACC5;DESCRIPTIONAUTRESACC1;DESCRIPTIONAUTRESACC2;DESCRIPTIONAUTRESACC3;DESCRIPTIONAUTRESACC4;DESCRIPTIONAUTRESACC5;NBAUTRESACCCIRCUIT;NBAUTRESTOUTTERRAIN;EXPCYCLO;EXP125;EXPSUP125;ACCORDNEXTQ;CHOIXACC;RGPMTACC;RECUPANNEE;RECUPLIEU;RECUPANNE;RGPMTAC;CHOIX1;CHOIX2;CHOIX3;CHOIX4;CHOIX5;CHOIX6;CHOIX7;DESCRIPTION;RUPTURE;FAITS;ABS_REACTION;AUTRE_REACTION;PRECISIONREACTIONOUI;RECUL;PRECISIONREACTIONNON;IMPACTCOMPORTEMENT;AUTREUSAGER;REACTIONAUTREUSAGER;CONNAISSANCEREACTIONUSAGER;DIFFICULTES;AGGRAVATION;DIFFICULTES2;EMOTIONS1;EMOTIONS2;EMOTIONS3;EMOTIONS4;EMOTIONS5;EMOTIONS6;AUTRESENTIMENT;CLASSEMENTEMOTIONS1;CLASSEMENTEMOTIONS;CLASSEMENTEMOTIONS5;CLASSEMENTEMOTIONS6;CLASSEMENTEMOTIONS7;CLASSEMENTEMOTIONS8;CLASSEMENTEMOTIONS9;EXPLICATIONRESSENTI;BIENEQUIPE;ALLURE;ALLUREVITEDETAIL;ALLURELENTEDETAIL;SITUATIONPRESSE;SITUATIONDISTRAIT;SITUATIONCONFIANT;SITUATIONCONTROLE;SITUATIONLUDIQUE;SITUATIONPERF;SITUATIONSTRESS;SITUATIONFATIGUE;HUMEURNEUTRE;HUMEURGAI;HUMEURMECONTENT;HUMEURTRISTE;HUMEURCOLERE;CONTRIBUTION1;CONTRIBUTION2;CONTRIBUTION3;CONTRIBUTION4;CONTRIBUTION5;CONTRIBUTION6;CONTRIBUTION7;CONTRIBUTION8;CONTRIBUTION9;ROLEINFRA;ELEMENTINFRA1;ELEMENTINFRA2;ELEMENTINFRA3;ELEMENTINFRA4;ELEMENTINFRA5;ELEMENTINFRA6;ELEMENTINFRA7;ELEMENTINFRA8;ELEMENTINFRA9;ALCOOL;TXALCOOL;STUP;SEMAINE;MOMENTJOURNEE;TEMPS;CAUSEACC1;CAUSEACC2;CAUSEACC3;CAUSEACC4;CAUSEACC5;FORMATIONCAUSE;FORMATION1;FORMATION2;FORMATION3;FORMATION4;FORMATION5;TRAFIC;CHAUSSEE1;CHAUSSEE2;CHAUSSEE3;CHAUSSEE4;TYPEACC;BLESSURE;TETE;COU;THORAX;MEMBRESSUP;COLONNE;BASSIN;MEMBRESINF;HOPITAL;PLUS24H;TRAJET;TYPEROUTE;MOTIF;SENSTRAJET;PASSAGER;VITESSE;DESCEQ1;DESCEQ2;DESCEQ3;DESCEQ4;DESCEQ5;DESCEQ6;DESCEQ7;DESCEQ8;DESCEQ9;DESCEQ10;VEHICULEETE;VEHICULEAUTOMNE;VEHICULEPRINTEMPS;VEHICULEHIVER;VEHICULESEMAINE;VEHICULEWE;VEHMARQUE;VEHCYLINDREE;VEHMODELE;VEHSEGMENT;VEHSIDE;EQ2RMABS;EQ2RMCBS;EQ2RMABSCBS;EQ2RMREGULATEUR;EQ2RMLIMITEUR;EQ2RMPHARESDIRECT;EQ2RMCOUPURE;EQ2RMANTIPATINAGE;EQ2RMANTIXHEELING;EQ2RMSTABILILTE;VEHKM;POINTS;DUREE;AUTRE2RM;VEHPRECMARQUE;VEHPRECCYLINDREE;VEHPRECMODELE;VEHPRECSEGMENT;VEHPRECSIDE;TEMPS2RMPREC;FREQVEHPREC;DATE_NAISS;CSP;SOCIETAIRE;SALARIE;SECTEUR2RM;NBPERSFOYER;SITFAM;NBENF;TRNBENF1;TRNBENF2;TRNBENF3;TRNBENF4;NBAUTOFOYER;NBCYCLOFOYER;NBSCOOTFOYER;NBMOTOFOYER;NBTRIKEFOYER;NB2RMCONDUIT;MARQUE1;CYLINDREE1;MODELE1;SEGMENT1;SIDE1;ANMISECIRCU1;ASS1;FREQ1;USAGE1;NBKM1;GARAGE1;MARQUE2;CYLINDREE2;MODELE2;SEGMENT2;SIDE2;ANMISECIRCU2;ASS2;FREQ2;USAGE2;NBKM2;GARAGE2;MARQUE3;CYLINDREE3;MODELE3;SEGMENT3;SIDE3;ANMISECIRCU3;ASS3;FREQ3;USAGE3;NBKM3;GARAGE3;MARQUE4;CYLINDREE4;MODELE4;SEGMENT4;SIDE4;ANMISECIRCU4;ASS4;FREQ4;USAGE4;NBKM4;GARAGE4;MARQUE5;CYLINDREE5;MODELE5;SEGMENT5;SIDE5;ANMISECIRCU5;ASS5;FREQ5;USAGE5;NBKM5;GARAGE5;NBKMTOT;PERMIS1;PERMIS2;PERMIS3;PERMIS4;PERMIS5;PERMIS6;PERMIS7;PERMIS8;PERMIS9;ANPERMIS1;ANPERMIS6;ANPERMIS7;ANPERMIS2;ANPERMIS3;ANPERMIS8;ANPERMIS9;ANPERMIS4;ANPERMIS5
600;4788;;1;1;4;1995;;;;;0;4;;;;;;0;6;;;;;;0;5;;;;;;1;5;1993;;;;;0;4;;;;;;1;5;1996;;;;;0;5;;;;;;2;5;2013;2014;;;;0;6;;;;;;0;6;;;;;;0;1;;;;;;0;2;;;;;;0;3;;;;;;0;;;;;;;;;;;;;;;;;;;2;1;18;0;;NRP;;;;;;;;;;;;;;;;;;;;;;;;;;;;;;;;;;;;;;;;;;;;;;;;;;;;;;;;;;;;;;;;;;;;;;;;;;;;;;;;;;;;;;;;;;;;;;;;;;;;;;;;;;;;;;;;;;;;;;;;;;;;;;;;;;;;;;;;;;;;;;;;;;;;;;;;;;;;;;;15JUL1977;11;2;3;2;2;3;;NRP;;;;2;0;0;1;0;1;BMW;650;G650 XCOUNTRY ABS;ROADSTER;2;2007;23;1;2;8000;4;;;;;;;;;;;;;;;;;;;;;;;;;;;;;;;;;;;;;;;;;;;;;8000;2;3;4;;;;;;;NRP;NRP;NRP;1994;1995;NRP;NRP;1995;NRP
1484;4789;;1;0;3;;;;;;0;2;;;;;;0;2;;;;;;0;2;;;;;;0;4;;;;;;0;2;;;;;;0;3;;;;;;3;4;1985;1983;1980;;;1;4;1985;;;;;0;2;;;;;;0;3;;;;;;0;3;;;;;;0;4;;;;;;0;3;;;;;;0;;;;;;;;;;;;;;;;;;;3;1;36;1;38;8;1980;;;;;;;;;;;;;;;;;;;;;;;;;;;;;;;;;;;;;;;;;;;;;;;;;;;;;;;;;;;;;;;;;;;;;;;;;;;;;;;;;;;;;;;;;;;;;;;;;;;;;;;;;;;;;;;;;;;;;;;;;;;;;;;;;;;;;;;;;;;;;;;;;;;;;;;;;;;;;;01SEP1960;7;1;3;2;5;4;3;NRP;;;;2;2;0;1;0;3;DUCATI;600;MONSTER;ROADSTER;2;1995;37;2;2;8000;7;MBK;50;X-LIMIT;TRAIL / SUPERMOTARD;2;2005;31;3;1;1000;7;MBK;50;BOOSTER;SCOOTER;2;2007;31;1;1;5000;7;;;;;;;;;;;;;;;;;;;;;;;14000;2;3;4;;;;;;;NRP;NRP;NRP;1977;1978;NRP;NRP;1979;NRP
1612;4790;;1;0;2;;;;;;1;4;1982;;;;;1;4;1981;;;;;0;3;;;;;;1;3;1981;;;;;0;4;;;;;;0;3;;;;;;0;3;;;;;;2;3;1981;1982;;;;0;3;;;;;;0;4;;;;;;0;3;;;;;;1;4;1982;;;;;0;3;;;;;;0;;;;;;;;;;;;;;;;;;;2;1;34;1;42;9;1982;;;;;;;;;;;;;;;;;;;;;;;;;;;;;;;;;;;;;;;;;;;;;;;;;;;;;;;;;;;;;;;;;;;;;;;;;;;;;;;;;;;;;;;;;;;;;;;;;;;;;;;;;;;;;;;;;;;;;;;;;;;;;;;;;;;;;;;;;;;;;;;;;;;;;;;;;;;;;;26MAY1963;2;1;3;2;2;3;;NRP;;;;2;0;0;4;0;3;BMW;1000;R100GS;TRAIL / SUPERMOTARD;2;1988;37;3;1;10000;7;YAMAHA;500;XT;TRAIL / SUPERMOTARD;2;1987;37;4;1;1000;7;SPONDON;900;PROTO PISTE;NRP;2;1990;41;4;1;0;7;;;;;;;;;;;;;;;;;;;;;;;11000;3;4;9;;;;;;;NRP;NRP;NRP;NRP;1981;NRP;1981;1983;NRP
765;4791;121;1;0;1;;;;;;1;5;1989;;;;;0;5;;;;;;0;4;;;;;;0;5;;;;;;0;3;;;;;;0;2;;;;;;1;5;2005;;;;;1;6;1993;;;;;0;3;;;;;;0;5;;;;;;0;2;;;;;;0;5;;;;;;0;5;;;;;;0;;;;;;;;;;;;;;;;;;;2;2;35;1;36;8;2005;;2005;Vous avez fait une sortie de route, une perte de contrôle ou une glissade puis avez percuté un obstacle fixe (panneau, arbre poteau …).;6;;;;;;;circonstances de l'accident: entrée de virage, une voiture sort d'un chemin sur la droite. surpris je prends les freins, un peu fort, voir une peu trop fort, je perds l'avant, embrasse le goudron tête la première, Miss Ducati et moi partons en glissade et heurtons le haricot séparant les voies. Grosse frayeur, grosses brûlures, moto bien abimée, équipement motard foutu. croisement bien signalé, mauvais réflexe, exces de confiance en soi (propriétaire de la moto depuis 6 mois avec l'impression de bien la connaitre ...);la surprise,  apres la prise de frein par refexe et avant d'embrasser le goudron j'ai presenti que j'aurais pu gerer la situation autrement;Moto sur l'angle j'ai redressé un peu la machine coupé les gazs en prenant le frein AV pas trouvé le frein AR (pied trop écarté de la commande) le chauffeur de la voiture ne s'est rendu compte de rien (pas de choc avec la voiture);NRP;1;NRP;NRP;;2;0;;;;;;2;9;;;;;de la colere apres moi et mon reflexe;;1;;;;;2;je ne m'attendais pas à une telle puissance de freinage;3;1;2;;1;2;4;3;3;3;1;2;4;1;4;4;4;5;8;;;;;;;;1;4;;;;;;;;2;2;;2;2;1;1;99;1;0;0;0;1;1;;;;;1;1;;;;2;1;4;7;;;;;;1;0;2;2;3;;0;90;1;2;3;4;9;;;;;;4;4;4;4;4;4;DUCATI;900;SUPERSPORT IE;Routière / GT;2;1;1;1;1;1;1;1;1;1;1;30000;11;2;1;HONDA;650;DEAUVILLE;Routière / GT;2;4;4;01AUG1961;7;1;3;2;5;4;3;NRP;;;;1;1;0;3;0;3;DUCATI;900;SPORT IE;Routière / GT;2;2000;37;1;1;10000;7;MOTO GUZZI;1100;CALIFORNIA STONE TOURING;ROADSTER;2;2005;37;1;2;15000;7;HONDA;750;CB-C;CUSTOM;2;1982;37;4;1;1000;7;;;;;;;;;;;;;;;;;;;;;;;26000;2;3;4;;;;;;;NRP;NRP;NRP;1977;1980;NRP;NRP;1980;NRP
1488;4792;;1;0;3;;;;;;0;4;;;;;;0;5;;;;;;0;5;;;;;;0;4;;;;;;1;5;2010;;;;;0;5;;;;;;1;5;2010;;;;;0;5;;;;;;0;4;;;;;;0;6;;;;;;0;3;;;;;;0;5;;;;;;0;4;;;;;;0;;;;;;;;;;;;;;;;;;;0;0;11;1;36;8;2010;;;;;;;;;;;;;;;;;;;;;;;;;;;;;;;;;;;;;;;;;;;;;;;;;;;;;;;;;;;;;;;;;;;;;;;;;;;;;;;;;;;;;;;;;;;;;;;;;;;;;;;;;;;;;;;;;;;;;;;;;;;;;;;;;;;;;;;;;;;;;;;;;;;;;;;;;;;;;;06SEP1966;7;2;3;2;2;3;;NRP;;;;2;0;0;1;0;1;HONDA;750;VFR-F;Routière / GT;2;1994;29;3;1;10000;7;;;;;;;;;;;;;;;;;;;;;;;;;;;;;;;;;;;;;;;;;;;;;10000;3;4;;;;;;;;NRP;NRP;NRP;NRP;2005;NRP;NRP;1985;NRP
692;4793;12;1;0;4;;;;;;0;5;;;;;;1;6;NSP;;;;;0;4;;;;;;0;5;;;;;;0;4;;;;;;0;4;;;;;;0;4;;;;;;2;4;1979;1999;;;;0;6;;;;;;0;4;;;;;;0;4;;;;;;0;5;;;;;;0;6;;;;;;0;;;;;;;;;;;;;;;;;;;5;0;19;1;41;9;1979;;1979;Vous avez fait une sortie de route, une perte de contrôle ou une glissade sans rien percuter.;2;;;;;;;"IL s'agissait d'une ""première grande sortie"" avec une moto ancienne achetée récemment. lors d'une descente, dans un virage je n'ai pas pu tourner et suis aller dans un ravin et la course s'est arrêtée dans un arbre.  Je ne sais pas trop encore aujourd'hui à quoi était due cette sortie  absence d'une formation complète ? manque de vigilance de ma part ? freinage insuffisant sur le véhicule ? Je ne pense pas que la vitesse était trop rapide";Vue dans la réponse précédente, plusieurs facteurs mais pas réellement identifiés;Sur cette accident j'étai le seul véhicule, pas de tiers. Je me souvient avoir freiné mais je n'ai pu, pas réussi à tourner et la moto ne s'est pas arrêtée. Heureusement mon passager n'a rien eu.;NRP;0;;;absence d'une formation plus complète et absence des réactions et actions à faire sur le véhicule;1;0;;;;;;1;2;6;;;;;1;2;;;;3;;L'inconnue de la conséquence tout va vite mais il y a quelques secondes qui se passent.;2;3;;;1;2;3;2;4;3;3;3;3;3;5;5;5;7;;;;;;;;;2;;;;;;;;;2;2;;2;2;1;1;70;0;0;30;0;1;3;;;;;2;1;;;;1;;;;;;;;;;;3;2;3;;1;70;1;10;2;3;5;;;;;;1;1;1;1;1;1;BMW;600;R60;ROADSTER;2;1;1;1;1;1;1;1;1;1;1;NSP;NSP;1;0;;;;;;;;18MAR1958;6;1;3;2;2;3;;NRP;;;;1;0;0;2;0;2;KAWASAKI;1200;ZRX-S;ROADSTER;2;2011;37;3;1;7500;7;TERRA-MOTO;125;PIT(DIRT)BIKE;TRAIL / SUPERMOTARD;2;1954;37;4;1;10;7;;;;;;;;;;;;;;;;;;;;;;;;;;;;;;;;;;7510;3;4;;;;;;;;NRP;NRP;NRP;NRP;1977;NRP;NRP;1987;NRP
213;4794;;0;;;;;;;;;;;;;;;;;;;;;;;;;;;;;;;;;;;;;;;;;;;;;;;;;;;;;;;;;;;;;;;;;;;;;;;;;;;;;;;;;;;;;;;;;;;;;;;;;;;;;;;;;;;;;;;;;;;;;;;;;;;;;;;;;;;;;;;;;;;;;;;;;;;;;;;;;;;;;;;;;;;;;;;;;;;;;;;;;;;;;;;;;;;;;;;;;;;;;;;;;;;;;;;;;;;;;;;;;;;;;;;;;;;;;;;;;;;;;;;;;;;;;;;;;;;;;;;;;;;;;;;;;;;;;;;;;;;;;;;;;;18SEP1987;5;2;3;2;2;3;;NRP;;;;0;0;0;1;0;1;HONDA;700;NC700X C-ABS DTC;ROADSTER;2;2012;16;1;2;12000;6;;;;;;;;;;;;;;;;;;;;;;;;;;;;;;;;;;;;;;;;;;;;;12000;3;4;5;;;;;;;NRP;NRP;NRP;NRP;2012;NRP;NRP;2009;2011
1848;4795;;1;0;4;;;;;;0;5;;;;;;0;4;;;;;;0;3;;;;;;0;4;;;;;;0;4;;;;;;0;3;;;;;;0;3;;;;;;0;2;;;;;;0;5;;;;;;0;5;;;;;;0;3;;;;;;1;2;2009;;;;;0;2;;;;;;1;2;2009;2009;;;;paris;montmagny;;;;pas assez concentrée sur la route, le véhicule devant moi a freiner et je lui ai rentré dedans. rien de cassé mais guidon tordu.;sur ma file dans un virage en ville, je ralentissai car priorité a droite en sortie de virage (virage aveugle donc vitesse très modérée). une voiture en sens inverse a pris se virage a moitié sur ma voie et ma percuté sur l'avant moteur. vol plané pour moi, fracture poignée et autre contusion et point de suture. moto épave. le conducteur de la voiture avait 1.5g d'alcool dans le sang.;;;;0;0;0;0;7;1;72;15;2009;montmagny;;;;;;;;;;;;;;;;;;;;;;;;;;;;;;;;;;;;;;;;;;;;;;;;;;;;;;;;;;;;;;;;;;;;;;;;;;;;;;;;;;;;;;;;;;;;;;;;;;;;;;;;;;;;;;;;;;;;;;;;;;;;;;;;;;;;;;;;;;;;;;;;;;;;;;;;;;;;;04MAY1986;7;2;3;2;2;3;;NRP;;;;2;1;0;1;0;1;HONDA;600;HORNET;ROADSTER;2;2011;8;1;2;15000;4;;;;;;;;;;;;;;;;;;;;;;;;;;;;;;;;;;;;;;;;;;;;;15000;3;4;;;;;;;;NRP;NRP;NRP;NRP;2008;NRP;NRP;2005;NRP
325;4796;140;0;;;;;;;;;;;;;;;;;;;;;;;;;;;;;;;;;;;;;;;;;;;;;;;;;;;;;;;;;;;;;;;;;;;;;;;;;;;;;;;;;;;;;;;;;;;;;;;;;;;;;;;;;;;;;;;;;;;;;;;;;;;;;;2006;Vous avez fait une sortie de route, une perte de contrôle ou une glissade puis avez percuté un obstacle fixe (panneau, arbre poteau …).;1;;;;;;;"en quittant une route principale pour prendre une route secondaire à droite, je me suis retrouvé brusquement sur un tapis de gravillon frais. Etant déjà penché à droite lorsque que j'ai constaté ce revêtement, lorsque j'ai ralenti et légèrement freiné de l'arrière, le cul de la moto est parti en dérapage et j'ai fais un 180° et n'ai pas eu d'autre choix que de ""déposer"" la moto face avant dans le fossé et en appui sur le muret de la propriété jouxtant le fossé. De la casse malgré la très faible vitesse, mais pas de bobo pour moi.Le gravillon était signalé par un premier panneau 20m avant (au lieu de 150m)mais celui ci était tombé au sol face contre terre et un second placé 2 ou 3 m après le début des gravillons. Bien évidement et malgré un dossier bien construit par mes soins, l'assurance m'a pénalisé d'un malus pour non maitrise du véhicule(assuré tous risques). Alors que les torts me semble t il incombaient à la DDE de l'époque.";deux éléments, les panneaux non voyants et les gravillons en virage;ma réaction(j'étais en seconde vitesse) fut de décélérer puis de freiner de l'arrière légèrement. Pas d'autre usager impliqué;NRP;0;;;parce qu'il fallait que tourne a droite, que je m'arrête et que j'évite le véhicule arrivant en face;3;0;;;;;;4;;;;;;;;;;1;;;;parce que j'étais, comme à mon habitude, concentré sur ma conduite. Même si j'ai pour habitude d'anticiper ce que j'organise dans ma vie ou mon travail à l'époque, je suis capable de gérer l'instantané sans perdre mon sang froid. cela peut paraitre vaniteux mais c'est pourtant comme ça.;4;3;;;1;1;4;4;3;1;1;1;1;3;4;4;4;7;;;;;;;;;1;2;5;6;7;;;;;2;2;;2;1;1;1;20;0;0;80;0;2;;;;;;3;1;4;;;1;;;;;;;;;;;1;2;1;1;0;20;1;2;3;4;7;9;;;;;4;4;4;4;4;4;HONDA;650;DEAUVILLE;Routière / GT;2;1;0;1;1;1;1;1;1;1;1;50000;12;4;1;YAMAHA;125;XV VIRAGO;CUSTOM;2;4;4;19DEC1954;9;2;3;2;2;3;;NRP;;;;1;0;0;1;0;1;BMW;1100;R1100RT;Routière / GT;2;1994;28;1;2;10000;7;;;;;;;;;;;;;;;;;;;;;;;;;;;;;;;;;;;;;;;;;;;;;10000;3;4;;;;;;;;NRP;NRP;NRP;NRP;2003;NRP;NRP;1982;NRP
840;4796;140;1;0;3;;;;;;0;3;;;;;;0;4;;;;;;0;2;;;;;;0;4;;;;;;0;2;;;;;;0;3;;;;;;1;3;2006;;;;;0;2;;;;;;0;3;;;;;;0;3;;;;;;0;3;;;;;;0;2;;;;;;0;3;;;;;;0;;;;;;;;;;;;;;;;;;;24;3;12;1;36;8;2006;;2006;Vous avez fait une sortie de route, une perte de contrôle ou une glissade puis avez percuté un obstacle fixe (panneau, arbre poteau …).;1;;;;;;;"en quittant une route principale pour prendre une route secondaire à droite, je me suis retrouvé brusquement sur un tapis de gravillon frais. Etant déjà penché à droite lorsque que j'ai constaté ce revêtement, lorsque j'ai ralenti et légèrement freiné de l'arrière, le cul de la moto est parti en dérapage et j'ai fais un 180° et n'ai pas eu d'autre choix que de ""déposer"" la moto face avant dans le fossé et en appui sur le muret de la propriété jouxtant le fossé. De la casse malgré la très faible vitesse, mais pas de bobo pour moi.Le gravillon était signalé par un premier panneau 20m avant (au lieu de 150m)mais celui ci était tombé au sol face contre terre et un second placé 2 ou 3 m après le début des gravillons. Bien évidement et malgré un dossier bien construit par mes soins, l'assurance m'a pénalisé d'un malus pour non maitrise du véhicule(assuré tous risques). Alors que les torts me semble t il incombaient à la DDE de l'époque.";deux éléments, les panneaux non voyants et les gravillons en virage;ma réaction(j'étais en seconde vitesse) fut de décélérer puis de freiner de l'arrière légèrement. Pas d'autre usager impliqué;NRP;0;;;parce qu'il fallait que tourne a droite, que je m'arrête et que j'évite le véhicule arrivant en face;3;0;;;;;;4;;;;;;;;;;1;;;;parce que j'étais, comme à mon habitude, concentré sur ma conduite. Même si j'ai pour habitude d'anticiper ce que j'organise dans ma vie ou mon travail à l'époque, je suis capable de gérer l'instantané sans perdre mon sang froid. cela peut paraitre vaniteux mais c'est pourtant comme ça.;4;3;;;1;1;4;4;3;1;1;1;1;3;4;4;4;7;;;;;;;;;1;2;5;6;7;;;;;2;2;;2;1;1;1;20;0;0;80;0;2;;;;;;3;1;4;;;1;;;;;;;;;;;1;2;1;1;0;20;1;2;3;4;7;9;;;;;4;4;4;4;4;4;HONDA;650;DEAUVILLE;Routière / GT;2;1;0;1;1;1;1;1;1;1;1;50000;12;4;1;YAMAHA;125;XV VIRAGO;CUSTOM;2;4;4;19DEC1954;9;2;3;2;2;3;;NRP;;;;1;0;0;1;0;1;BMW;1100;R1100RT;Routière / GT;2;1994;28;1;2;10000;7;;;;;;;;;;;;;;;;;;;;;;;;;;;;;;;;;;;;;;;;;;;;;10000;3;4;;;;;;;;NRP;NRP;NRP;NRP;2003;NRP;NRP;1982;NRP
593;4799;114;1;0;5;;;;;;0;6;;;;;;0;6;;;;;;0;5;;;;;;0;5;;;;;;0;5;;;;;;0;3;;;;;;0;4;;;;;;0;4;;;;;;0;5;;;;;;0;5;;;;;;0;2;;;;;;0;6;;;;;;0;4;;;;;;1;2;2000;2004;;;;aix en provence;salon de proven;;;;sur autoroute un automobiliste en me doublant m'a percuté.;un automobiliste m'a percuté par l'arriere en voulant tourner téléphone à la main.;;;;0;0;4;6;30;1;72;15;2004;salon de proven;2004;Autre(s) type(s) d'accident(s).;4;;;;;;;Nous circulions ma femme et moi sur notre moto (1000 varadero) a petite vitesse. Une voiture nous a percuter par l'arrière de la moto .La chute inévitable ,nous a fait connaitre les urgences a l'hôpital de Salon de Provence. La conductrice coupable téléphoner... Constat etabli par la gendarmerie.;l'élément coupable: La conductrice téléphoner en conduisant.;Aprés le choc par l'arrière,nous avons chutés tout les deux au sol .des passants on appeler les pompiers et la gendarmeries. L'automobiliste coupable est resté sans rien faire.;3;0;;;le choc par l'arrière de mon véhicule.;1;0;;;;;;6;;;;;;;;;;;;1;;Quand on est poussé par l'arrière...;4;3;;;1;1;4;4;NSP;1;1;1;1;1;4;4;4;7;;;;;;;;;2;;;;;;;;;2;2;;2;1;1;1;0;100;0;0;0;2;;;;;;2;1;;;;2;1;3;7;;;;;;1;1;2;1;3;;1;30;1;10;2;3;4;7;;;;;4;4;4;NRP;4;4;HONDA;1000;VARADERO;TRAIL / SUPERMOTARD;2;1;1;1;1;1;1;1;1;1;1;1000;12;2;1;HONDA;650;DEAUVILLE;Routière / GT;2;4;4;27JAN1951;9;1;3;2;2;3;;NRP;;;;2;0;0;1;0;1;SUZUKI;1400;GSX;ROADSTER;2;2005;37;2;1;10000;7;;;;;;;;;;;;;;;;;;;;;;;;;;;;;;;;;;;;;;;;;;;;;10000;2;3;4;;;;;;;NRP;NRP;NRP;1967;1967;NRP;NRP;1969;NRP