Ligne;Ligne Q qualif;Ligne approfondissement Accident;ACCIDENT;NBACC1;ACCFREQUENCE1;ANNEEACC1_1;ANNEEACC1_2;ANNEEACC1_3;ANNEEACC1_4;ANNEEACC1_5;NBACC2;ACCFREQUENCE2;ANNEEACC2_1;ANNEEACC2_2;ANNEEACC2_3;ANNEEACC2_4;ANNEEACC2_5;NBACC3;ACCFREQUENCE3;ANNEEACC3_1;ANNEEACC3_2;ANNEEACC3_3;ANNEEACC3_4;ANNEEACC3_5;NBACC4;ACCFREQUENCE4;ANNEEACC4_1;ANNEEACC4_2;ANNEEACC4_3;ANNEEACC4_4;ANNEEACC4_5;NBACC5;ACCFREQUENCE5;ANNEEACC5_1;ANNEEACC5_2;ANNEEACC5_3;ANNEEACC5_4;ANNEEACC5_5;NBACC6;ACCFREQUENCE6;ANNEEACC6_1;ANNEEACC6_2;ANNEEACC6_3;ANNEEACC6_4;ANNEEACC6_5;NBACC7;ACCFREQUENCE7;ANNEEACC7_1;ANNEEACC7_2;ANNEEACC7_3;ANNEEACC7_4;ANNEEACC7_5;NBACC8;ACCFREQUENCE8;ANNEEACC8_1;ANNEEACC8_2;ANNEEACC8_3;ANNEEACC8_4;ANNEEACC8_5;NBACC9;ACCFREQUENCE9;ANNEEACC9_1;ANNEEACC9_2;ANNEEACC9_3;ANNEEACC9_4;ANNEEACC9_5;NBACC10;ACCFREQUENCE10;ANNEEACC10_1;ANNEEACC10_2;ANNEEACC10_3;ANNEEACC10_4;ANNEEACC10_5;NBACC11;ACCFREQUENCE11;ANNEEACC11_1;ANNEEACC11_2;ANNEEACC11_3;ANNEEACC11_4;ANNEEACC11_5;NBACC12;ACCFREQUENCE12;ANNEEACC12_1;ANNEEACC12_2;ANNEEACC12_3;ANNEEACC12_4;ANNEEACC12_5;NBACC13;ACCFREQUENCE13;ANNEEACC13_1;ANNEEACC13_2;ANNEEACC13_3;ANNEEACC13_4;ANNEEACC13_5;NBACC14;ACCFREQUENCE14;ANNEEACC14_1;ANNEEACC14_2;ANNEEACC14_3;ANNEEACC14_4;ANNEEACC14_5;AUTRESACC;NBAUTRESACC;ANNEEAUTREACC1;ANNEEAUTREACC2;ANNEEAUTREACC3;ANNEEAUTREACC4;ANNEEAUTREACC5;LIEUAUTREACC1;LIEUAUTREACC2;LIEUAUTREACC3;LIEUAUTREACC4;LIEUAUTREACC5;DESCRIPTIONAUTRESACC1;DESCRIPTIONAUTRESACC2;DESCRIPTIONAUTRESACC3;DESCRIPTIONAUTRESACC4;DESCRIPTIONAUTRESACC5;NBAUTRESACCCIRCUIT;NBAUTRESTOUTTERRAIN;EXPCYCLO;EXP125;EXPSUP125;ACCORDNEXTQ;CHOIXACC;RGPMTACC;RECUPANNEE;RECUPLIEU;RECUPANNE;RGPMTAC;CHOIX1;CHOIX2;CHOIX3;CHOIX4;CHOIX5;CHOIX6;CHOIX7;DESCRIPTION;RUPTURE;FAITS;ABS_REACTION;AUTRE_REACTION;PRECISIONREACTIONOUI;RECUL;PRECISIONREACTIONNON;IMPACTCOMPORTEMENT;AUTREUSAGER;REACTIONAUTREUSAGER;CONNAISSANCEREACTIONUSAGER;DIFFICULTES;AGGRAVATION;DIFFICULTES2;EMOTIONS1;EMOTIONS2;EMOTIONS3;EMOTIONS4;EMOTIONS5;EMOTIONS6;AUTRESENTIMENT;CLASSEMENTEMOTIONS1;CLASSEMENTEMOTIONS;CLASSEMENTEMOTIONS5;CLASSEMENTEMOTIONS6;CLASSEMENTEMOTIONS7;CLASSEMENTEMOTIONS8;CLASSEMENTEMOTIONS9;EXPLICATIONRESSENTI;BIENEQUIPE;ALLURE;ALLUREVITEDETAIL;ALLURELENTEDETAIL;SITUATIONPRESSE;SITUATIONDISTRAIT;SITUATIONCONFIANT;SITUATIONCONTROLE;SITUATIONLUDIQUE;SITUATIONPERF;SITUATIONSTRESS;SITUATIONFATIGUE;HUMEURNEUTRE;HUMEURGAI;HUMEURMECONTENT;HUMEURTRISTE;HUMEURCOLERE;CONTRIBUTION1;CONTRIBUTION2;CONTRIBUTION3;CONTRIBUTION4;CONTRIBUTION5;CONTRIBUTION6;CONTRIBUTION7;CONTRIBUTION8;CONTRIBUTION9;ROLEINFRA;ELEMENTINFRA1;ELEMENTINFRA2;ELEMENTINFRA3;ELEMENTINFRA4;ELEMENTINFRA5;ELEMENTINFRA6;ELEMENTINFRA7;ELEMENTINFRA8;ELEMENTINFRA9;ALCOOL;TXALCOOL;STUP;SEMAINE;MOMENTJOURNEE;TEMPS;CAUSEACC1;CAUSEACC2;CAUSEACC3;CAUSEACC4;CAUSEACC5;FORMATIONCAUSE;FORMATION1;FORMATION2;FORMATION3;FORMATION4;FORMATION5;TRAFIC;CHAUSSEE1;CHAUSSEE2;CHAUSSEE3;CHAUSSEE4;TYPEACC;BLESSURE;TETE;COU;THORAX;MEMBRESSUP;COLONNE;BASSIN;MEMBRESINF;HOPITAL;PLUS24H;TRAJET;TYPEROUTE;MOTIF;SENSTRAJET;PASSAGER;VITESSE;DESCEQ1;DESCEQ2;DESCEQ3;DESCEQ4;DESCEQ5;DESCEQ6;DESCEQ7;DESCEQ8;DESCEQ9;DESCEQ10;VEHICULEETE;VEHICULEAUTOMNE;VEHICULEPRINTEMPS;VEHICULEHIVER;VEHICULESEMAINE;VEHICULEWE;VEHMARQUE;VEHCYLINDREE;VEHMODELE;VEHSEGMENT;VEHSIDE;EQ2RMABS;EQ2RMCBS;EQ2RMABSCBS;EQ2RMREGULATEUR;EQ2RMLIMITEUR;EQ2RMPHARESDIRECT;EQ2RMCOUPURE;EQ2RMANTIPATINAGE;EQ2RMANTIXHEELING;EQ2RMSTABILILTE;VEHKM;POINTS;DUREE;AUTRE2RM;VEHPRECMARQUE;VEHPRECCYLINDREE;VEHPRECMODELE;VEHPRECSEGMENT;VEHPRECSIDE;TEMPS2RMPREC;FREQVEHPREC;DATE_NAISS;CSP;SOCIETAIRE;SALARIE;SECTEUR2RM;NBPERSFOYER;SITFAM;NBENF;TRNBENF1;TRNBENF2;TRNBENF3;TRNBENF4;NBAUTOFOYER;NBCYCLOFOYER;NBSCOOTFOYER;NBMOTOFOYER;NBTRIKEFOYER;NB2RMCONDUIT;MARQUE1;CYLINDREE1;MODELE1;SEGMENT1;SIDE1;ANMISECIRCU1;ASS1;FREQ1;USAGE1;NBKM1;GARAGE1;MARQUE2;CYLINDREE2;MODELE2;SEGMENT2;SIDE2;ANMISECIRCU2;ASS2;FREQ2;USAGE2;NBKM2;GARAGE2;MARQUE3;CYLINDREE3;MODELE3;SEGMENT3;SIDE3;ANMISECIRCU3;ASS3;FREQ3;USAGE3;NBKM3;GARAGE3;MARQUE4;CYLINDREE4;MODELE4;SEGMENT4;SIDE4;ANMISECIRCU4;ASS4;FREQ4;USAGE4;NBKM4;GARAGE4;MARQUE5;CYLINDREE5;MODELE5;SEGMENT5;SIDE5;ANMISECIRCU5;ASS5;FREQ5;USAGE5;NBKM5;GARAGE5;NBKMTOT;PERMIS1;PERMIS2;PERMIS3;PERMIS4;PERMIS5;PERMIS6;PERMIS7;PERMIS8;PERMIS9;ANPERMIS1;ANPERMIS6;ANPERMIS7;ANPERMIS2;ANPERMIS3;ANPERMIS8;ANPERMIS9;ANPERMIS4;ANPERMIS5
1709;4802;;1;0;2;;;;;;0;3;;;;;;0;3;;;;;;0;3;;;;;;0;4;;;;;;0;1;;;;;;0;4;;;;;;0;4;;;;;;1;5;2006;;;;;0;4;;;;;;0;5;;;;;;0;2;;;;;;0;6;;;;;;0;5;;;;;;1;1;2007;;;;;Compiègne;;;;;Sur une route départementale à l'approche d'un embranchement, je roulais derrière un cycliste qui tenait bien sa droite, j'étais décalé sur sa gauche et je roulais à 50 et lui à 10 ou 15, quand juste sous mon nez il a brusquement tourné à gauche pour bifurquer, sans avoir regardé derrière lui ni signalé sa manoeuvre en tendant le bras, il devait se croire seul. Pour ne pas percuter son vélo par l'arrière, j'ai par réflexe dévié ma trajectoire sur ma droite tout en sautant sur mes freins pour ne pas partir dans le fossé. J'ai bloqué la roue avant et suis tombé en longue glissade sur la chaussée. Dégâts matériels à la moto. Pas de blessure pour moi (vive le casque et le cuir !).;;;;;0;0;4;5;15;1;41;9;2006;;;;;;;;;;;;;;;;;;;;;;;;;;;;;;;;;;;;;;;;;;;;;;;;;;;;;;;;;;;;;;;;;;;;;;;;;;;;;;;;;;;;;;;;;;;;;;;;;;;;;;;;;;;;;;;;;;;;;;;;;;;;;;;;;;;;;;;;;;;;;;;;;;;;;;;;;;;;;;30JAN1948;5;1;3;2;2;3;;NRP;;;;1;0;0;2;0;2;HONDA;1200;VFR-F;Routière / GT;2;2010;37;2;1;9000;7;ROYAL ENFIELD;500;BULLET;ROADSTER;2;2006;37;4;1;1000;7;;;;;;;;;;;;;;;;;;;;;;;;;;;;;;;;;;10000;3;4;;;;;;;;NRP;NRP;NRP;NRP;1968;NRP;NRP;2001;NRP
1958;4803;;0;;;;;;;;;;;;;;;;;;;;;;;;;;;;;;;;;;;;;;;;;;;;;;;;;;;;;;;;;;;;;;;;;;;;;;;;;;;;;;;;;;;;;;;;;;;;;;;;;;;;;;;;;;;;;;;;;;;;;;;;;;;;;;;;;;;;;;;;;;;;;;;;;;;;;;;;;;;;;;;;;;;;;;;;;;;;;;;;;;;;;;;;;;;;;;;;;;;;;;;;;;;;;;;;;;;;;;;;;;;;;;;;;;;;;;;;;;;;;;;;;;;;;;;;;;;;;;;;;;;;;;;;;;;;;;;;;;;;;;;;;;24OCT1985;2;1;3;2;2;3;;NRP;;;;2;0;0;2;0;2;YAMAHA;600;FZ6-S FAZER;ROADSTER;2;2002;37;3;1;5000;7;YAMAHA;660;MT03;ROADSTER;2;2010;37;3;1;5000;7;;;;;;;;;;;;;;;;;;;;;;;;;;;;;;;;;;10000;3;4;;;;;;;;NRP;NRP;NRP;NRP;2007;NRP;NRP;2006;NRP
309;4810;322;1;0;5;;;;;;0;4;;;;;;0;5;;;;;;0;5;;;;;;0;4;;;;;;0;3;;;;;;0;3;;;;;;0;4;;;;;;1;4;NSP;;;;;1;5;2001;;;;;0;4;;;;;;0;3;;;;;;0;2;;;;;;0;5;;;;;;0;;;;;;;;;;;;;;;;;;;5;3;25;1;41;9;0;;-1;Vous avez fait une sortie de route, une perte de contrôle ou une glissade sans rien percuter.;2;;;;;;;Une inattention brève suivie d'une chute brutale.;un moment d'inattention, il y en a eu d'autres heureusement sans conséquence.;En fait, je ne tenais le guidon que d'une seule main et je n'ai pas eu le temps d'effectuer un freinage ou l'évitement d'un nid de poule qui a déséquilibré ma moto.;NRP;1;j'aurais dû à cet endroit où je savais la chaussée dégradée être plus attentif et surtout moins désinvolte.;Je pensais à autre chose.;;2;0;;;;;;3;;;;;;;;;1;;;;;je ne m'attendais pas à la chute, je pensais avoir le temps de redresser la situation.;3;3;;;2;4;3;2;2;1;1;2;1;3;5;5;5;4;5;;;;;;;;1;3;;;;;;;;2;2;;2;1;3;1;70;0;0;30;0;2;;;;;;1;1;7;;;1;;;;;;;;;;;2;1;3;;0;45;1;10;2;5;;;;;;;4;4;4;4;4;4;KAWASAKI;750;"GPZ ""ZX""";Routière / GT;2;1;1;1;1;1;1;1;1;1;1;NSP;12;4;1;MOTO GUZZI;850;850 LE MANS II;Routière / GT;2;3;4;02DEC1960;4;2;3;2;2;3;;NRP;;;;1;0;0;4;0;2;BMW;1000;K100LT;Routière / GT;2;1985;10;1;1;12000;2;MOTO GUZZI;850;LE MANS I;Routière / GT;2;1982;40;3;1;4000;4;;;;;;;;;;;;;;;;;;;;;;;;;;;;;;;;;;16000;3;4;;;;;;;;NRP;NRP;NRP;NRP;1981;NRP;NRP;1980;NRP
1264;4811;298;1;0;3;;;;;;0;3;;;;;;2;4;1976;1990;;;;0;2;;;;;;0;1;;;;;;0;3;;;;;;0;3;;;;;;0;4;;;;;;1;5;NSP;;;;;0;5;;;;;;0;4;;;;;;0;1;;;;;;0;2;;;;;;0;2;;;;;;0;;;;;;;;;;;;;;;;;;;2;0;38;1;11;3;1976;;1976;Vous remontiez une file de véhicules (à l’arrêt ou au ralenti) par la gauche. Un véhicule de cette file vous a coupé la route en tournant à gauche.;1;2;4;;;;;Dans les embouteillage, rue de Vaugirard, un conducteur aillant vu un parking au dernier moment , à tourner à gauche au moment ou je remontais la file.Ce monsieur était provincial donc peu habitué à la circulation en ville et au 2 roues;la soudaineté et l'impossibilité d'entissiper m'ont empeché toute manoeuvre d'évitement;NRP;AUT|pas le temps de la moindre réaction;0;;;pas le temps;2;1;2;;méconnaissance du lieu et de la circulation parisienne;1;quand on ne connait pas on doit faire plus attention;6;9;;;;;grosse monté d'adrénaline;;;;;;1;2;je n'ai pas eu le temps de faire quoi que ce soit;3;3;;;2;1;3;3;1;1;1;1;4;4;4;4;4;10;;;;;;;;;2;;;;;;;;;2;2;;2;1;1;1;0;100;0;0;0;2;;;;;;4;1;;;;2;1;7;;;;;;;1;1;1;1;1;1;0;25;1;10;2;3;4;;;;;;4;4;4;4;4;4;KREIDLER;50;FLORETT RM;Routière / GT;2;1;1;1;1;1;1;1;1;1;1;12000;12;3;0;;;;;;;;20MAY1958;2;1;3;2;4;4;2;NRP;;;;1;0;0;1;0;1;BMW;1200;R1200S;Routière / GT;2;2007;37;2;1;10000;4;;;;;;;;;;;;;;;;;;;;;;;;;;;;;;;;;;;;;;;;;;;;;10000;3;4;;;;;;;;NRP;NRP;NRP;NRP;1977;NRP;NRP;1978;NRP
1735;4812;;0;;;;;;;;;;;;;;;;;;;;;;;;;;;;;;;;;;;;;;;;;;;;;;;;;;;;;;;;;;;;;;;;;;;;;;;;;;;;;;;;;;;;;;;;;;;;;;;;;;;;;;;;;;;;;;;;;;;;;;;;;;;;;;;;;;;;;;;;;;;;;;;;;;;;;;;;;;;;;;;;;;;;;;;;;;;;;;;;;;;;;;;;;;;;;;;;;;;;;;;;;;;;;;;;;;;;;;;;;;;;;;;;;;;;;;;;;;;;;;;;;;;;;;;;;;;;;;;;;;;;;;;;;;;;;;;;;;;;;;;;;;03NOV1960;7;2;3;2;2;3;;NRP;;;;1;0;0;1;0;1;HONDA;1800;GOLD WING;Routière / GT;2;2007;28;3;1;7000;7;;;;;;;;;;;;;;;;;;;;;;;;;;;;;;;;;;;;;;;;;;;;;7000;4;3;;;;;;;;NRP;NRP;NRP;NRP;1979;NRP;NRP;1980;NRP
1949;4813;;1;0;2;;;;;;0;4;;;;;;1;4;2003;;;;;0;3;;;;;;0;5;;;;;;0;3;;;;;;0;3;;;;;;0;3;;;;;;2;5;2005;2008;;;;0;4;;;;;;0;5;;;;;;0;3;;;;;;1;5;2014;;;;;0;4;;;;;;0;;;;;;;;;;;;;;;;;;;4;0;15;1;42;9;2008;;;;;;;;;;;;;;;;;;;;;;;;;;;;;;;;;;;;;;;;;;;;;;;;;;;;;;;;;;;;;;;;;;;;;;;;;;;;;;;;;;;;;;;;;;;;;;;;;;;;;;;;;;;;;;;;;;;;;;;;;;;;;;;;;;;;;;;;;;;;;;;;;;;;;;;;;;;;;;28JUL1976;4;2;3;2;4;4;2;NRP;;;;1;1;1;1;0;2;DUCATI;796;MONSTER;ROADSTER;2;2011;18;2;2;7000;7;VESPA;250;GTS IE ABS;SCOOTER;2;2008;18;2;2;6000;7;;;;;;;;;;;;;;;;;;;;;;;;;;;;;;;;;;13000;3;4;;;;;;;;NRP;NRP;NRP;NRP;2001;NRP;NRP;1995;NRP
1941;4814;;0;;;;;;;;;;;;;;;;;;;;;;;;;;;;;;;;;;;;;;;;;;;;;;;;;;;;;;;;;;;;;;;;;;;;;;;;;;;;;;;;;;;;;;;;;;;;;;;;;;;;;;;;;;;;;;;;;;;;;;;;;;;;;;;;;;;;;;;;;;;;;;;;;;;;;;;;;;;;;;;;;;;;;;;;;;;;;;;;;;;;;;;;;;;;;;;;;;;;;;;;;;;;;;;;;;;;;;;;;;;;;;;;;;;;;;;;;;;;;;;;;;;;;;;;;;;;;;;;;;;;;;;;;;;;;;;;;;;;;;;;;;06JAN1971;4;1;3;2;2;3;;NRP;;;;1;0;0;3;0;3;KAWASAKI;600;ZZR;Routière / GT;2;1990;37;2;1;6000;AUT|garage de maison individuel;DAELIM;125;DAYSTAR;CUSTOM;2;2008;10;1;2;4000;AUT|garage de maison individuelle;APRILIA;125;RS  EXTREMA;SPORTIVE;2;2007;37;4;1;10;AUT|dépot vente;;;;;;;;;;;;;;;;;;;;;;;10010;2;3;4;5;8;9;;;;NRP;NRP;NRP;2012;2012;2012;2012;1989;2011
1446;4815;;1;0;3;;;;;;0;4;;;;;;1;5;1980;;;;;0;4;;;;;;0;5;;;;;;0;2;;;;;;0;4;;;;;;2;4;1981;1982;;;;0;4;;;;;;1;4;1990;;;;;0;4;;;;;;0;2;;;;;;1;4;1992;;;;;1;2;1981;;;;;1;1;1990;;;;;Les Ulis;;;;;J'étais le long du trottoir à un stop donnant sur un rond point à deux voies. Une voiture s'est mise à coté de moi, au stop. Elle a démarré en premier en braquant fortement vers l'extérieur du rond point car une voiture arrivait sur sa gauche, intérieur rond point. La voiture m'a poussé latéralement, sur la jambe, me faisant tomber. Pas de dégâts sauf carénage et rétro égratigné. La voiture s'est arrêté un peu plus loin pour rapartir assitôt.;;;;;0;0;6;1;28;1;66;14;1981;;;;;;;;;;;;;;;;;;;;;;;;;;;;;;;;;;;;;;;;;;;;;;;;;;;;;;;;;;;;;;;;;;;;;;;;;;;;;;;;;;;;;;;;;;;;;;;;;;;;;;;;;;;;;;;;;;;;;;;;;;;;;;;;;;;;;;;;;;;;;;;;;;;;;;;;;;;;;;14NOV1964;5;1;3;2;2;3;;NRP;;;;2;0;0;2;0;2;BMW;1200;R1200GS;TRAIL / SUPERMOTARD;2;2007;37;2;2;7000;7;SUZUKI;1100;GSX-R;SPORTIVE;2;1990;37;3;1;3000;7;;;;;;;;;;;;;;;;;;;;;;;;;;;;;;;;;;10000;3;4;;;;;;;;NRP;NRP;NRP;NRP;1987;NRP;NRP;1983;NRP
1454;4816;;0;;;;;;;;;;;;;;;;;;;;;;;;;;;;;;;;;;;;;;;;;;;;;;;;;;;;;;;;;;;;;;;;;;;;;;;;;;;;;;;;;;;;;;;;;;;;;;;;;;;;;;;;;;;;;;;;;;;;;;;;;;;;;;;;;;;;;;;;;;;;;;;;;;;;;;;;;;;;;;;;;;;;;;;;;;;;;;;;;;;;;;;;;;;;;;;;;;;;;;;;;;;;;;;;;;;;;;;;;;;;;;;;;;;;;;;;;;;;;;;;;;;;;;;;;;;;;;;;;;;;;;;;;;;;;;;;;;;;;;;;;;07MAR1956;6;1;3;2;2;3;;NRP;;;;2;1;0;1;0;1;BMW;1200;R1200GS ABS;TRAIL / SUPERMOTARD;2;2004;37;1;2;15000;7;;;;;;;;;;;;;;;;;;;;;;;;;;;;;;;;;;;;;;;;;;;;;15000;3;4;;;;;;;;NRP;NRP;NRP;NRP;1992;NRP;NRP;1976;NRP
1850;4817;;0;;;;;;;;;;;;;;;;;;;;;;;;;;;;;;;;;;;;;;;;;;;;;;;;;;;;;;;;;;;;;;;;;;;;;;;;;;;;;;;;;;;;;;;;;;;;;;;;;;;;;;;;;;;;;;;;;;;;;;;;;;;;;;;;;;;;;;;;;;;;;;;;;;;;;;;;;;;;;;;;;;;;;;;;;;;;;;;;;;;;;;;;;;;;;;;;;;;;;;;;;;;;;;;;;;;;;;;;;;;;;;;;;;;;;;;;;;;;;;;;;;;;;;;;;;;;;;;;;;;;;;;;;;;;;;;;;;;;;;;;;;16AUG1987;5;2;3;2;2;3;;NRP;;;;2;0;0;1;0;1;SUZUKI;650;BANDIT-N;ROADSTER;2;2006;29;2;2;5000;4;;;;;;;;;;;;;;;;;;;;;;;;;;;;;;;;;;;;;;;;;;;;;5000;3;4;;;;;;;;NRP;NRP;NRP;NRP;2009;NRP;NRP;2005;NRP
813;4820;397;1;0;4;;;;;;0;6;;;;;;0;5;;;;;;0;5;;;;;;0;3;;;;;;0;3;;;;;;0;3;;;;;;1;5;1996;;;;;1;4;2003;;;;;0;5;;;;;;0;4;;;;;;0;3;;;;;;1;5;2014;;;;;0;2;;;;;;1;0;;;;;;;;;;;;;;;;0;0;5;1;25;1;61;13;2014;;2014;Vous circuliez derrière un véhicule. Ce véhicule a freiné ou a ralenti et vous l’avez percuté par l’arrière.;3;;;;;;;Je suivais une autre moto. La route d'un seul coup a été entierement gravillonnée. La moto devant moi a freiné. j'ai freiné aussi, mon ABS s'est déclenché et j'ai percuté le pneu arriere de l'autre moto avec mon pneu avant. Chute et des dégats materiels et genoux brulé à travers le pantalon déchiré.;Les gravillons;aucune autre conséquence pour les autres usagers;NRP;0;;;situation d'urgence;2;1;2;;NSP;2;seuls ma moto et moi sommes tombés.;6;;;;;;;;;;;;1;;je n'ai rien pu faire, sinon freiner. et l'abs a augmenté ma distance de freinage;3;3;;;1;2;2;3;2;1;1;1;1;1;4;4;4;4;;;;;;;;;1;3;AUT|gravillons;;;;;;;2;2;;2;2;1;1;0;0;0;100;0;2;;;;;;2;4;7;;;2;1;7;;;;;;;0;;3;2;3;;0;30;1;10;2;3;4;7;;;;;4;4;4;2;2;4;TRIUMPH;1050;SPRINT GT;Routière / GT;2;0;1;1;1;1;1;0;1;1;1;20000;6;4;1;BMW;1200;R1200S ABS;Routière / GT;2;3;3;22MAY1952;5;2;3;2;2;3;;NRP;;;;2;0;0;1;0;1;TRIUMPH;1050;SPRINT GT;Routière / GT;2;2011;29;2;1;10000;7;;;;;;;;;;;;;;;;;;;;;;;;;;;;;;;;;;;;;;;;;;;;;10000;4;3;;;;;;;;NRP;NRP;NRP;NRP;1993;NRP;NRP;1971;NRP
599;4821;220;1;1;5;2010;;;;;0;5;;;;;;0;6;;;;;;0;4;;;;;;0;6;;;;;;0;6;;;;;;0;4;;;;;;0;4;;;;;;0;4;;;;;;0;3;;;;;;0;6;;;;;;0;2;;;;;;0;4;;;;;;0;3;;;;;;0;;;;;;;;;;;;;;;;;;;4;0;15;1;1;1;2010;;2010;Vous circuliez sur un axe prioritaire. Un autre véhicule arrivant sur le même axe en sens opposé vous a coupé la route en tournant à gauche.;1;;;;;;;Malgré le choc important (avant de la moto détruit et jante arrière de la voiture cassée) j'étais vivant et entier...c'était le premier sentiment et soulagement qui m'a envahi quand je me suis relevé.  Je me souviens encore de l'impression que le temps se ralentit incroyablement entre le choc et la chute, mais sans qu'on puisse faire quoique soit.  Je revois encore la tête ébahie de l'automobiliste qui n'avait pas réalisé la dangerosité de sa manoeuvre.;la voiture était en travers de mon chemin sans que je n'ai eu le temps de freiner ou de l'éviter;NRP;1;0;;;NRP;2;1;2;;AUCUNE:il était pressé et a simplement refuser la priorité;1;"Il était pressé et a simplement refuser la priorité; et de son propre aveu (en attendant les pompiers), c'était son 2ème accident dans les mêmes circonstances , au même endroit!!";6;8;;;;;;;;;;;1;;"J'avais essayé d'éviter la voiture en travers de la voie; très vite, quand j'ai vu que l'automobiliste a stoppé en plein milieu de la voie, j'ai compris que je ne pouvais plus l'éviter ni freiner à temps";4;3;;;1;3;4;4;2;1;1;NSP;1;4;4;4;4;1;;;;;;;;;2;;;;;;;;;2;2;;2;1;1;1;0;100;0;0;0;2;;;;;;3;1;;;;2;1;4;6;;;;;;0;;1;1;1;2;0;50;1;2;3;4;7;;;;;;4;4;4;3;4;4;SUZUKI;1000;TL-S;SPORTIVE;2;1;1;1;1;1;1;1;1;1;1;82000;12;4;1;YAMAHA;600;FZS FAZER;ROADSTER;2;4;4;24MAY1975;7;1;3;2;2;3;;NRP;;;;1;0;0;2;0;2;SUZUKI;1000;TL-S;SPORTIVE;2;1997;37;2;1;6000;7;SUZUKI;1000;TL-S;SPORTIVE;2;1998;37;4;1;1500;7;;;;;;;;;;;;;;;;;;;;;;;;;;;;;;;;;;7500;4;3;2;;;;;;;NRP;NRP;NRP;1994;1999;NRP;NRP;1994;NRP
1677;4822;;0;;;;;;;;;;;;;;;;;;;;;;;;;;;;;;;;;;;;;;;;;;;;;;;;;;;;;;;;;;;;;;;;;;;;;;;;;;;;;;;;;;;;;;;;;;;;;;;;;;;;;;;;;;;;;;;;;;;;;;;;;;;;;;;;;;;;;;;;;;;;;;;;;;;;;;;;;;;;;;;;;;;;;;;;;;;;;;;;;;;;;;;;;;;;;;;;;;;;;;;;;;;;;;;;;;;;;;;;;;;;;;;;;;;;;;;;;;;;;;;;;;;;;;;;;;;;;;;;;;;;;;;;;;;;;;;;;;;;;;;;;;08AUG1973;7;2;3;2;3;4;1;NRP;;;;1;0;0;2;0;2;APRILIA;1000;RS-V MILLE R;SPORTIVE;2;2005;18;3;1;3000;7;TRIUMPH;1050;SPEED TRIPLE ABS;ROADSTER;2;2011;18;3;1;4000;7;;;;;;;;;;;;;;;;;;;;;;;;;;;;;;;;;;7000;3;4;;;;;;;;NRP;NRP;NRP;NRP;1994;NRP;NRP;1991;NRP
2133;4823;;0;;;;;;;;;;;;;;;;;;;;;;;;;;;;;;;;;;;;;;;;;;;;;;;;;;;;;;;;;;;;;;;;;;;;;;;;;;;;;;;;;;;;;;;;;;;;;;;;;;;;;;;;;;;;;;;;;;;;;;;;;;;;;;;;;;;;;;;;;;;;;;;;;;;;;;;;;;;;;;;;;;;;;;;;;;;;;;;;;;;;;;;;;;;;;;;;;;;;;;;;;;;;;;;;;;;;;;;;;;;;;;;;;;;;;;;;;;;;;;;;;;;;;;;;;;;;;;;;;;;;;;;;;;;;;;;;;;;;;;;;;;04JUL1974;5;1;3;2;2;3;;NRP;;;;1;0;0;1;0;1;KAWASAKI;650;ER-6  N;ROADSTER;2;2009;37;3;2;1000;6;;;;;;;;;;;;;;;;;;;;;;;;;;;;;;;;;;;;;;;;;;;;;1000;4;3;;;;;;;;NRP;NRP;NRP;NRP;2009;NRP;NRP;1993;NRP
2194;4824;;0;;;;;;;;;;;;;;;;;;;;;;;;;;;;;;;;;;;;;;;;;;;;;;;;;;;;;;;;;;;;;;;;;;;;;;;;;;;;;;;;;;;;;;;;;;;;;;;;;;;;;;;;;;;;;;;;;;;;;;;;;;;;;;;;;;;;;;;;;;;;;;;;;;;;;;;;;;;;;;;;;;;;;;;;;;;;;;;;;;;;;;;;;;;;;;;;;;;;;;;;;;;;;;;;;;;;;;;;;;;;;;;;;;;;;;;;;;;;;;;;;;;;;;;;;;;;;;;;;;;;;;;;;;;;;;;;;;;;;;;;;;29OCT1964;5;1;3;2;4;4;2;NRP;;;;2;0;0;2;0;2;TRIUMPH;675;STREET TRIPLE;ROADSTER;2;2009;37;3;1;3000;7;YAMAHA;125;DTLC;TRAIL / SUPERMOTARD;2;1984;37;4;1;500;7;;;;;;;;;;;;;;;;;;;;;;;;;;;;;;;;;;3500;3;4;;;;;;;;NRP;NRP;NRP;NRP;1990;NRP;NRP;1985;NRP