Ligne;Ligne Q qualif;Ligne approfondissement Accident;ACCIDENT;NBACC1;ACCFREQUENCE1;ANNEEACC1_1;ANNEEACC1_2;ANNEEACC1_3;ANNEEACC1_4;ANNEEACC1_5;NBACC2;ACCFREQUENCE2;ANNEEACC2_1;ANNEEACC2_2;ANNEEACC2_3;ANNEEACC2_4;ANNEEACC2_5;NBACC3;ACCFREQUENCE3;ANNEEACC3_1;ANNEEACC3_2;ANNEEACC3_3;ANNEEACC3_4;ANNEEACC3_5;NBACC4;ACCFREQUENCE4;ANNEEACC4_1;ANNEEACC4_2;ANNEEACC4_3;ANNEEACC4_4;ANNEEACC4_5;NBACC5;ACCFREQUENCE5;ANNEEACC5_1;ANNEEACC5_2;ANNEEACC5_3;ANNEEACC5_4;ANNEEACC5_5;NBACC6;ACCFREQUENCE6;ANNEEACC6_1;ANNEEACC6_2;ANNEEACC6_3;ANNEEACC6_4;ANNEEACC6_5;NBACC7;ACCFREQUENCE7;ANNEEACC7_1;ANNEEACC7_2;ANNEEACC7_3;ANNEEACC7_4;ANNEEACC7_5;NBACC8;ACCFREQUENCE8;ANNEEACC8_1;ANNEEACC8_2;ANNEEACC8_3;ANNEEACC8_4;ANNEEACC8_5;NBACC9;ACCFREQUENCE9;ANNEEACC9_1;ANNEEACC9_2;ANNEEACC9_3;ANNEEACC9_4;ANNEEACC9_5;NBACC10;ACCFREQUENCE10;ANNEEACC10_1;ANNEEACC10_2;ANNEEACC10_3;ANNEEACC10_4;ANNEEACC10_5;NBACC11;ACCFREQUENCE11;ANNEEACC11_1;ANNEEACC11_2;ANNEEACC11_3;ANNEEACC11_4;ANNEEACC11_5;NBACC12;ACCFREQUENCE12;ANNEEACC12_1;ANNEEACC12_2;ANNEEACC12_3;ANNEEACC12_4;ANNEEACC12_5;NBACC13;ACCFREQUENCE13;ANNEEACC13_1;ANNEEACC13_2;ANNEEACC13_3;ANNEEACC13_4;ANNEEACC13_5;NBACC14;ACCFREQUENCE14;ANNEEACC14_1;ANNEEACC14_2;ANNEEACC14_3;ANNEEACC14_4;ANNEEACC14_5;AUTRESACC;NBAUTRESACC;ANNEEAUTREACC1;ANNEEAUTREACC2;ANNEEAUTREACC3;ANNEEAUTREACC4;ANNEEAUTREACC5;LIEUAUTREACC1;LIEUAUTREACC2;LIEUAUTREACC3;LIEUAUTREACC4;LIEUAUTREACC5;DESCRIPTIONAUTRESACC1;DESCRIPTIONAUTRESACC2;DESCRIPTIONAUTRESACC3;DESCRIPTIONAUTRESACC4;DESCRIPTIONAUTRESACC5;NBAUTRESACCCIRCUIT;NBAUTRESTOUTTERRAIN;EXPCYCLO;EXP125;EXPSUP125;ACCORDNEXTQ;CHOIXACC;RGPMTACC;RECUPANNEE;RECUPLIEU;RECUPANNE;RGPMTAC;CHOIX1;CHOIX2;CHOIX3;CHOIX4;CHOIX5;CHOIX6;CHOIX7;DESCRIPTION;RUPTURE;FAITS;ABS_REACTION;AUTRE_REACTION;PRECISIONREACTIONOUI;RECUL;PRECISIONREACTIONNON;IMPACTCOMPORTEMENT;AUTREUSAGER;REACTIONAUTREUSAGER;CONNAISSANCEREACTIONUSAGER;DIFFICULTES;AGGRAVATION;DIFFICULTES2;EMOTIONS1;EMOTIONS2;EMOTIONS3;EMOTIONS4;EMOTIONS5;EMOTIONS6;AUTRESENTIMENT;CLASSEMENTEMOTIONS1;CLASSEMENTEMOTIONS;CLASSEMENTEMOTIONS5;CLASSEMENTEMOTIONS6;CLASSEMENTEMOTIONS7;CLASSEMENTEMOTIONS8;CLASSEMENTEMOTIONS9;EXPLICATIONRESSENTI;BIENEQUIPE;ALLURE;ALLUREVITEDETAIL;ALLURELENTEDETAIL;SITUATIONPRESSE;SITUATIONDISTRAIT;SITUATIONCONFIANT;SITUATIONCONTROLE;SITUATIONLUDIQUE;SITUATIONPERF;SITUATIONSTRESS;SITUATIONFATIGUE;HUMEURNEUTRE;HUMEURGAI;HUMEURMECONTENT;HUMEURTRISTE;HUMEURCOLERE;CONTRIBUTION1;CONTRIBUTION2;CONTRIBUTION3;CONTRIBUTION4;CONTRIBUTION5;CONTRIBUTION6;CONTRIBUTION7;CONTRIBUTION8;CONTRIBUTION9;ROLEINFRA;ELEMENTINFRA1;ELEMENTINFRA2;ELEMENTINFRA3;ELEMENTINFRA4;ELEMENTINFRA5;ELEMENTINFRA6;ELEMENTINFRA7;ELEMENTINFRA8;ELEMENTINFRA9;ALCOOL;TXALCOOL;STUP;SEMAINE;MOMENTJOURNEE;TEMPS;CAUSEACC1;CAUSEACC2;CAUSEACC3;CAUSEACC4;CAUSEACC5;FORMATIONCAUSE;FORMATION1;FORMATION2;FORMATION3;FORMATION4;FORMATION5;TRAFIC;CHAUSSEE1;CHAUSSEE2;CHAUSSEE3;CHAUSSEE4;TYPEACC;BLESSURE;TETE;COU;THORAX;MEMBRESSUP;COLONNE;BASSIN;MEMBRESINF;HOPITAL;PLUS24H;TRAJET;TYPEROUTE;MOTIF;SENSTRAJET;PASSAGER;VITESSE;DESCEQ1;DESCEQ2;DESCEQ3;DESCEQ4;DESCEQ5;DESCEQ6;DESCEQ7;DESCEQ8;DESCEQ9;DESCEQ10;VEHICULEETE;VEHICULEAUTOMNE;VEHICULEPRINTEMPS;VEHICULEHIVER;VEHICULESEMAINE;VEHICULEWE;VEHMARQUE;VEHCYLINDREE;VEHMODELE;VEHSEGMENT;VEHSIDE;EQ2RMABS;EQ2RMCBS;EQ2RMABSCBS;EQ2RMREGULATEUR;EQ2RMLIMITEUR;EQ2RMPHARESDIRECT;EQ2RMCOUPURE;EQ2RMANTIPATINAGE;EQ2RMANTIXHEELING;EQ2RMSTABILILTE;VEHKM;POINTS;DUREE;AUTRE2RM;VEHPRECMARQUE;VEHPRECCYLINDREE;VEHPRECMODELE;VEHPRECSEGMENT;VEHPRECSIDE;TEMPS2RMPREC;FREQVEHPREC;DATE_NAISS;CSP;SOCIETAIRE;SALARIE;SECTEUR2RM;NBPERSFOYER;SITFAM;NBENF;TRNBENF1;TRNBENF2;TRNBENF3;TRNBENF4;NBAUTOFOYER;NBCYCLOFOYER;NBSCOOTFOYER;NBMOTOFOYER;NBTRIKEFOYER;NB2RMCONDUIT;MARQUE1;CYLINDREE1;MODELE1;SEGMENT1;SIDE1;ANMISECIRCU1;ASS1;FREQ1;USAGE1;NBKM1;GARAGE1;MARQUE2;CYLINDREE2;MODELE2;SEGMENT2;SIDE2;ANMISECIRCU2;ASS2;FREQ2;USAGE2;NBKM2;GARAGE2;MARQUE3;CYLINDREE3;MODELE3;SEGMENT3;SIDE3;ANMISECIRCU3;ASS3;FREQ3;USAGE3;NBKM3;GARAGE3;MARQUE4;CYLINDREE4;MODELE4;SEGMENT4;SIDE4;ANMISECIRCU4;ASS4;FREQ4;USAGE4;NBKM4;GARAGE4;MARQUE5;CYLINDREE5;MODELE5;SEGMENT5;SIDE5;ANMISECIRCU5;ASS5;FREQ5;USAGE5;NBKM5;GARAGE5;NBKMTOT;PERMIS1;PERMIS2;PERMIS3;PERMIS4;PERMIS5;PERMIS6;PERMIS7;PERMIS8;PERMIS9;ANPERMIS1;ANPERMIS6;ANPERMIS7;ANPERMIS2;ANPERMIS3;ANPERMIS8;ANPERMIS9;ANPERMIS4;ANPERMIS5
2129;4854;;1;0;4;;;;;;0;3;;;;;;0;4;;;;;;0;3;;;;;;0;3;;;;;;0;2;;;;;;0;2;;;;;;0;3;;;;;;1;3;2009;;;;;0;3;;;;;;0;4;;;;;;0;2;;;;;;1;2;2009;;;;;0;4;;;;;;0;;;;;;;;;;;;;;;;;;;2;2;7;1;61;13;2009;;;;;;;;;;;;;;;;;;;;;;;;;;;;;;;;;;;;;;;;;;;;;;;;;;;;;;;;;;;;;;;;;;;;;;;;;;;;;;;;;;;;;;;;;;;;;;;;;;;;;;;;;;;;;;;;;;;;;;;;;;;;;;;;;;;;;;;;;;;;;;;;;;;;;;;;;;;;;;07FEB1965;7;2;3;2;5;4;3;NRP;;;;3;0;0;1;0;1;TRIUMPH;900;BONNEVILLE;ROADSTER;2;2007;31;1;2;12000;7;;;;;;;;;;;;;;;;;;;;;;;;;;;;;;;;;;;;;;;;;;;;;12000;4;3;;;;;;;;NRP;NRP;NRP;NRP;2008;NRP;NRP;1984;NRP
714;4855;2;1;0;3;;;;;;0;5;;;;;;0;5;;;;;;0;4;;;;;;0;6;;;;;;0;4;;;;;;0;3;;;;;;0;4;;;;;;2;4;2009;2011;;;;0;3;;;;;;0;3;;;;;;0;4;;;;;;0;4;;;;;;0;3;;;;;;0;;;;;;;;;;;;;;;;;;;0;0;7;1;41;9;2009;;2009;Vous avez fait une sortie de route, une perte de contrôle ou une glissade sans rien percuter.;4;;;;;;;"Accident dans un virage serré alors qu'on cherchait un endroit pour s'arrêter manger, alors qu'on avait taper dedans toute la matinée. La roue avant a décoché. C'est filmé, pas de raison apparente. Rien sur la route non plus. La moto a glissé jusqu'au bas côté. Le tampon de protection s'est enfoncé dans la pelouse petit à petit jusqu'à atteindre un point de rupture, très net sur le sol, qui a fait décoller la moto. Elle a fini dans un pilier un peu plus loin. Moto de 6 moi, neuve, épave. 13200€ de réparation selon l'expert, ""avant démontage"".";Comme indiqué précédemment, aucune idée.  La roue avant a décroché, sans raison apparente...;Le motard qui me suivait a eu pour premier réflexe de me suivre, ça dure une seconde, très net sur la vidéo. Il fait un écart avant de reprendre sa trajectoire. Puis va s'arrêter sur le bas côté pour venir me voir. Aucun tiers impliqué.;AUT|Pas de réaction car pas prévisible;0;;;Pour changer le comportement il faut en comprendre la cause. Ce n'est pas le cas.;2;0;;;;;;3;6;8;;;;;;;1;;;2;;NRP;4;3;;;2;2;3;3;3;2;2;2;4;1;4;4;4;5;7;;;;;;;;1;3;;;;;;;;2;2;;2;1;1;1;50;0;0;50;0;2;;;;;;1;1;;;;1;;;;;;;;;;;3;2;3;;0;70;1;2;3;4;7;9;;;;;3;3;3;1;3;3;SUZUKI;750;GSX-R;SPORTIVE;2;1;1;1;1;1;1;1;1;1;1;3000;12;2;1;SUZUKI;600;GSR;ROADSTER;null;4;3;24MAR1984;7;2;3;2;2;3;;NRP;;;;2;1;0;1;0;1;SUZUKI;1000;GSX-R IE;SPORTIVE;2;2007;2;3;1;3000;7;;;;;;;;;;;;;;;;;;;;;;;;;;;;;;;;;;;;;;;;;;;;;3000;3;4;;;;;;;;NRP;NRP;NRP;NRP;2002;NRP;NRP;2006;NRP
616;4856;;1;0;5;;;;;;0;4;;;;;;0;6;;;;;;0;3;;;;;;0;5;;;;;;0;4;;;;;;0;2;;;;;;1;3;2000;;;;;1;4;2000;;;;;0;5;;;;;;1;5;2000;;;;;0;2;;;;;;0;3;;;;;;0;5;;;;;;1;1;2010;;;;;je ne sais plus;;;;;Une dame est sortie de chez elle, et à tourné à gauche sans me voir alors que j'arrivais à son niveau .... Dame agée atteinte d'alzheimer qui m'a fauché sous le regard de toute sa famille !  Une moto hs, une cote félée;;;;;0;0;20;20;20;1;51;11;2000;;;;;;;;;;;;;;;;;;;;;;;;;;;;;;;;;;;;;;;;;;;;;;;;;;;;;;;;;;;;;;;;;;;;;;;;;;;;;;;;;;;;;;;;;;;;;;;;;;;;;;;;;;;;;;;;;;;;;;;;;;;;;;;;;;;;;;;;;;;;;;;;;;;;;;;;;;;;;;19DEC1970;4;1;2;2;4;4;2;NRP;;;;3;2;0;2;0;2;HONDA;750;VFR-F;Routière / GT;2;1988;37;2;1;5000;7;YAMAHA;125;DTMX;TRAIL / SUPERMOTARD;2;1980;37;3;1;500;7;;;;;;;;;;;;;;;;;;;;;;;;;;;;;;;;;;5500;3;4;;;;;;;;NRP;NRP;NRP;NRP;1991;NRP;NRP;1988;NRP
1896;4860;;1;0;5;;;;;;0;5;;;;;;0;6;;;;;;0;6;;;;;;1;4;1984;;;;;0;4;;;;;;0;3;;;;;;2;5;1974;1978;;;;1;5;1978;;;;;4;4;1973;1978;1983;2014;;0;5;;;;;;0;2;;;;;;0;4;;;;;;0;4;;;;;;1;1;2014;;;;;pavillon/bois;;;;;choc  arriere par un vehicule qui n'a pas freiné  à temps;;;;;0;0;4;3;15;1;71;15;2014;pavillon/bois;;;;;;;;;;;;;;;;;;;;;;;;;;;;;;;;;;;;;;;;;;;;;;;;;;;;;;;;;;;;;;;;;;;;;;;;;;;;;;;;;;;;;;;;;;;;;;;;;;;;;;;;;;;;;;;;;;;;;;;;;;;;;;;;;;;;;;;;;;;;;;;;;;;;;;;;;;;;;16AUG1955;4;2;3;2;3;4;1;NRP;;;;2;0;0;2;0;2;TRIUMPH;800;BONNEVILLE;ROADSTER;2;2004;10;2;1;10000;6;TRIUMPH;675;STREET TRIPLE;ROADSTER;2;2010;10;2;2;10000;6;;;;;;;;;;;;;;;;;;;;;;;;;;;;;;;;;;20000;3;4;;;;;;;;NRP;NRP;NRP;NRP;1977;NRP;NRP;1978;NRP
759;4861;461;1;1;5;1982;;;;;0;5;;;;;;2;2;1980;1982;;;;0;5;;;;;;0;4;;;;;;0;5;;;;;;0;2;;;;;;0;3;;;;;;0;1;;;;;;0;5;;;;;;0;6;;;;;;0;4;;;;;;0;2;;;;;;1;5;1980;;;;;0;;;;;;;;;;;;;;;;;;;2;2;35;1;1;1;1982;;1982;Vous circuliez sur un axe prioritaire. Un autre véhicule arrivant sur le même axe en sens opposé vous a coupé la route en tournant à gauche.;4;6;;;;;;C’était l’été Je sortais de chez mes parents après un repas sans alcool J’étais en sandale short et débardeur j’avais un casque intégral mais pas de gant  Je remonte une « deux fois deux voies » lentement jusqu’au rond point et me fais renverser par une camionnette qui remontait les 2 voies parallèles en sens interdit, elle arrivait au préalable dans ce sens interdit par une autre voies orthogonale également en sens interdit;Son arrivée en contre sens et de surcroit issue d’un autre sens interdit doubler d’une haie dans les inter voies ne m’a pas permis de l’avoir dans mon champ de vision orienté vers la circulation normale du rond point;la camionnette en infraction a pilé, et c'est à ce moment que je l'ai entendu et vu et le choc a suivi;3;1;oui prévoir l'imprévisible comme par exemple sur l'autoroute prévoir les véhicules en sens inverse;Permis depuis 4 ans avec beaucoup de km mais pas assez de recul sur ce genre de situation.;;2;1;NSP;;Alcool;1;Abus d'alcool selon les tests fait par la police;7;;;;;;;;;;;;;;;1;3;;;1;NSP;4;4;4;1;1;2;3;3;4;4;4;8;;;;;;;;;2;;;;;;;;;2;2;;2;1;2;1;0;100;0;0;0;2;;;;;;1;1;;;;2;1;4;7;;;;;;1;0;1;1;3;;1;25;1;;;;;;;;;;4;4;4;4;4;4;SUZUKI;850;GS850G;ROADSTER;2;1;1;1;1;1;1;1;1;1;1;20000;12;4;1;HONDA;750;"CB ""K1""";ROADSTER;2;3;4;18JUL1960;5;1;3;2;4;4;2;NRP;;;;1;0;0;1;0;1;BMW;800;F650GS;TRAIL / SUPERMOTARD;2;2010;37;1;2;8000;7;;;;;;;;;;;;;;;;;;;;;;;;;;;;;;;;;;;;;;;;;;;;;8000;3;4;;;;;;;;NRP;NRP;NRP;NRP;1978;NRP;NRP;1980;NRP
1070;4862;;0;;;;;;;;;;;;;;;;;;;;;;;;;;;;;;;;;;;;;;;;;;;;;;;;;;;;;;;;;;;;;;;;;;;;;;;;;;;;;;;;;;;;;;;;;;;;;;;;;;;;;;;;;;;;;;;;;;;;;;;;;;;;;;;;;;;;;;;;;;;;;;;;;;;;;;;;;;;;;;;;;;;;;;;;;;;;;;;;;;;;;;;;;;;;;;;;;;;;;;;;;;;;;;;;;;;;;;;;;;;;;;;;;;;;;;;;;;;;;;;;;;;;;;;;;;;;;;;;;;;;;;;;;;;;;;;;;;;;;;;;;;21JAN1967;8;1;3;2;4;4;2;NRP;;;;2;1;0;1;0;2;HONDA;1000;CB-F;ROADSTER;2;2009;37;2;1;8000;7;PIAGGIO;50;ZIP;SCOOTER;2;2012;37;3;1;500;7;;;;;;;;;;;;;;;;;;;;;;;;;;;;;;;;;;8500;2;3;4;;;;;;;NRP;NRP;NRP;1985;1999;NRP;NRP;1985;NRP
318;4863;416;1;1;5;2002;;;;;0;4;;;;;;0;4;;;;;;0;2;;;;;;1;5;2002;;;;;0;1;;;;;;0;3;;;;;;0;3;;;;;;1;3;2014;;;;;0;4;;;;;;0;4;;;;;;0;4;;;;;;0;2;;;;;;1;2;NSP;;;;;1;2;2006;2008;;;;71;58;;;;perte de contrôle sur gravillons;perte de contrôle , passager;;;;0;0;2;2;32;1;21;5;2002;;2002;Vous circuliez sur un axe prioritaire. Un véhicule venant d’un axe non prioritaire vous a coupé la route.;4;;;;;;;"Circulant sur une RD en ligne droite, la voiture qui venait en face a tourné sur la gauche pour prendre une petite route sans me voir. Apparemment, selon les dires du conducteur, il était occupé à faire obéir ses 3 chiens qui se débattaient derrière .....  En tous cas, il m'a bel et bien coupé la route sans que je n'aie eu le temps de freiner.. Imaginez le choc !! J'ai eu la chance de m'en sortir (pas indemne : bassin explosé, triple fracture ouverte poignet gauche, genou droit ravagé / ligaments, etc ..... = 1 an 1/2 arrêt de travail + 6 anesthésies générales ...etc ...) car j'ai ""atterri"" dans le fossé plein d'eau à 1 mètre d'une bite en béton !! Voilà  Y'a un facteur ""chance"" dans tout accident, plus ou moins ....";Le conducteur de la voiture ne m'a pas vu, car occupé à autre chose;Aucune action possible, car aucun freinage de ma part , trop près de l'impact ....;AUT|Rien ne pouvait me permettre de supposer que la voiture allait me couper la route ....;0;;;Aucun signe de la part de l'autre ne pouvait me faire supposer qu'il allait couper la route ....;2;0;;;;;;6;;;;;;;;;;;;1;;Trop proche du choc inévitable;3;3;;;3;1;4;4;3;1;1;1;3;3;4;4;4;5;;;;;;;;;2;;;;;;;;;2;2;;2;1;3;1;0;100;0;0;0;2;;;;;;1;1;;;;2;1;1;2;3;4;6;7;;1;1;2;2;3;;0;100;1;10;2;3;4;;;;;;4;4;4;4;4;4;SUZUKI;1200;BANDIT;ROADSTER;2;1;1;1;1;1;1;1;1;1;1;70000;12;4;1;YAMAHA;750;FZR;Routière / GT;2;4;4;21MAY1962;6;2;3;2;3;4;1;NRP;;;;2;1;0;5;0;5;KAWASAKI;1100;ZRX;ROADSTER;2;1999;29;1;1;15000;7;KAWASAKI;1200;ZX-12R NINJA;SPORTIVE;2;2002;29;2;1;5000;7;KAWASAKI;600;ZX-6R NINJA;SPORTIVE;2;1998;29;3;1;1500;7;YAMAHA;400;XS;ROADSTER;2;1982;29;3;1;1000;7;KAWASAKI;750;ZXR;SPORTIVE;2;1998;29;3;1;1500;7;24000;2;3;4;;;;;;;NRP;NRP;NRP;1978;1980;NRP;NRP;1981;NRP
2136;4864;;0;;;;;;;;;;;;;;;;;;;;;;;;;;;;;;;;;;;;;;;;;;;;;;;;;;;;;;;;;;;;;;;;;;;;;;;;;;;;;;;;;;;;;;;;;;;;;;;;;;;;;;;;;;;;;;;;;;;;;;;;;;;;;;;;;;;;;;;;;;;;;;;;;;;;;;;;;;;;;;;;;;;;;;;;;;;;;;;;;;;;;;;;;;;;;;;;;;;;;;;;;;;;;;;;;;;;;;;;;;;;;;;;;;;;;;;;;;;;;;;;;;;;;;;;;;;;;;;;;;;;;;;;;;;;;;;;;;;;;;;;;;28MAY1968;7;2;3;2;5;4;3;NRP;;;;4;3;0;2;0;1;SUZUKI;650;GLADIUS;ROADSTER;2;2010;28;2;1;3000;7;;;;;;;;;;;;;;;;;;;;;;;;;;;;;;;;;;;;;;;;;;;;;3000;4;3;;;;;;;;NRP;NRP;NRP;NRP;2010;NRP;NRP;1986;NRP
1213;4867;;0;;;;;;;;;;;;;;;;;;;;;;;;;;;;;;;;;;;;;;;;;;;;;;;;;;;;;;;;;;;;;;;;;;;;;;;;;;;;;;;;;;;;;;;;;;;;;;;;;;;;;;;;;;;;;;;;;;;;;;;;;;;;;;;;;;;;;;;;;;;;;;;;;;;;;;;;;;;;;;;;;;;;;;;;;;;;;;;;;;;;;;;;;;;;;;;;;;;;;;;;;;;;;;;;;;;;;;;;;;;;;;;;;;;;;;;;;;;;;;;;;;;;;;;;;;;;;;;;;;;;;;;;;;;;;;;;;;;;;;;;;;13SEP1966;5;2;3;2;3;4;1;NRP;;;;2;0;0;2;0;2;BMW;1200;R1200GS;TRAIL / SUPERMOTARD;2;2008;29;3;1;10000;7;HONDA;600;TRANSALP;TRAIL / SUPERMOTARD;2;1993;29;4;1;3000;7;;;;;;;;;;;;;;;;;;;;;;;;;;;;;;;;;;13000;3;4;;;;;;;;NRP;NRP;NRP;NRP;1985;NRP;NRP;1984;NRP
999;4870;;0;;;;;;;;;;;;;;;;;;;;;;;;;;;;;;;;;;;;;;;;;;;;;;;;;;;;;;;;;;;;;;;;;;;;;;;;;;;;;;;;;;;;;;;;;;;;;;;;;;;;;;;;;;;;;;;;;;;;;;;;;;;;;;;;;;;;;;;;;;;;;;;;;;;;;;;;;;;;;;;;;;;;;;;;;;;;;;;;;;;;;;;;;;;;;;;;;;;;;;;;;;;;;;;;;;;;;;;;;;;;;;;;;;;;;;;;;;;;;;;;;;;;;;;;;;;;;;;;;;;;;;;;;;;;;;;;;;;;;;;;;;22JUN1955;11;2;3;2;2;5;0;NRP;;;;3;0;0;1;0;1;HARLEY-DAVIDSON;1340;ELECTRA GLIDE;Routière / GT;2;1989;40;2;2;5000;7;;;;;;;;;;;;;;;;;;;;;;;;;;;;;;;;;;;;;;;;;;;;;5000;2;3;4;7;;;;;;NRP;NRP;1976;1976;1982;NRP;NRP;1976;NRP
896;4875;;0;;;;;;;;;;;;;;;;;;;;;;;;;;;;;;;;;;;;;;;;;;;;;;;;;;;;;;;;;;;;;;;;;;;;;;;;;;;;;;;;;;;;;;;;;;;;;;;;;;;;;;;;;;;;;;;;;;;;;;;;;;;;;;;;;;;;;;;;;;;;;;;;;;;;;;;;;;;;;;;;;;;;;;;;;;;;;;;;;;;;;;;;;;;;;;;;;;;;;;;;;;;;;;;;;;;;;;;;;;;;;;;;;;;;;;;;;;;;;;;;;;;;;;;;;;;;;;;;;;;;;;;;;;;;;;;;;;;;;;;;;;19NOV1955;9;2;3;2;2;3;;NRP;;;;1;0;0;1;0;1;SUZUKI;750;GSX-F;Routière / GT;2;1990;16;1;1;8000;7;;;;;;;;;;;;;;;;;;;;;;;;;;;;;;;;;;;;;;;;;;;;;8000;3;4;;;;;;;;NRP;NRP;NRP;NRP;2003;NRP;NRP;1982;NRP
1905;4876;;0;;;;;;;;;;;;;;;;;;;;;;;;;;;;;;;;;;;;;;;;;;;;;;;;;;;;;;;;;;;;;;;;;;;;;;;;;;;;;;;;;;;;;;;;;;;;;;;;;;;;;;;;;;;;;;;;;;;;;;;;;;;;;;;;;;;;;;;;;;;;;;;;;;;;;;;;;;;;;;;;;;;;;;;;;;;;;;;;;;;;;;;;;;;;;;;;;;;;;;;;;;;;;;;;;;;;;;;;;;;;;;;;;;;;;;;;;;;;;;;;;;;;;;;;;;;;;;;;;;;;;;;;;;;;;;;;;;;;;;;;;;23JUN1962;7;2;3;2;2;3;;NRP;;;;1;0;0;3;0;3;BMW;1200;R1200GS ADVENTURE ABS;TRAIL / SUPERMOTARD;2;2010;29;3;1;25000;7;HONDA;650;NTV (REVERE);ROADSTER;2;1993;29;1;2;7000;7;BMW;1000;K100RT;Routière / GT;1;1985;29;3;1;3000;7;;;;;;;;;;;;;;;;;;;;;;;35000;3;4;;;;;;;;NRP;NRP;NRP;NRP;1980;NRP;NRP;1981;NRP
1358;4877;;1;0;3;;;;;;1;3;1997;;;;;0;4;;;;;;0;3;;;;;;1;3;2007;;;;;0;4;;;;;;0;3;;;;;;0;3;;;;;;1;3;2000;;;;;0;4;;;;;;0;4;;;;;;0;3;;;;;;0;3;;;;;;0;5;;;;;;0;;;;;;;;;;;;;;;;;;;4;10;27;0;;NRP;;;;;;;;;;;;;;;;;;;;;;;;;;;;;;;;;;;;;;;;;;;;;;;;;;;;;;;;;;;;;;;;;;;;;;;;;;;;;;;;;;;;;;;;;;;;;;;;;;;;;;;;;;;;;;;;;;;;;;;;;;;;;;;;;;;;;;;;;;;;;;;;;;;;;;;;;;;;;;;04APR1955;5;1;3;2;2;3;;NRP;;;;1;0;0;1;0;1;BMW;800;F800R ABS;ROADSTER;2;2010;37;1;2;15000;4;;;;;;;;;;;;;;;;;;;;;;;;;;;;;;;;;;;;;;;;;;;;;15000;4;3;;;;;;;;NRP;NRP;NRP;NRP;1988;NRP;NRP;1973;NRP
150;4879;Pré test 1;1;0;5;;;;;;2;3;NSP;1987;;;;0;5;;;;;;0;2;;;;;;0;6;;;;;;0;4;;;;;;0;4;;;;;;0;4;;;;;;1;4;2014;;;;;0;4;;;;;;0;4;;;;;;0;3;;;;;;0;4;;;;;;0;3;;;;;;1;1;2010;;;;;A1;;;;;dans un bouchon à l'arrêt sur autoroute me suis fait percuté par l'arrière;;;;;0;0;2;2;44;1;71;15;2010;A1;2010;Autre(s) type(s) d'accident(s).;3;4;;;;;;Je venais de descendre à Chartres pour acheter ma deuxième Rocket . Je remontais donc chez moi dans le Nord et il y a eu des travaux sur l'A1 . Nous avons été déviés sur la voie descendante vers Paris car la voie montante vers Lille était réduite à un seul couloir de circulation . A cet endroit l'A1 était donc réduite à 2 files circulant en sens inverse sur la voie descendante . Il y a eu un bouchon avec arrêt général . Roulant à moins de 50 , je me suis arrêté sans problème ainsi que la voiture derrière moi . Par contre la voiture qui suivait roulait à 80 et sa conductrice discutait avec sa passagère et a vu bien trop tard l'arrêt général . Elle a donc percuté l'arrière de la voiture derrière moi qui m'a alors percuté à mon tour et j'ai été envoyé sur le couloir d'en face où une voiture , à peine atterri de mon vol plané , m'a roulé sur les 2 jambes . J'avais atterri perpendiculairement au sens de circulation .  Roue Avant sur la jambe droite ce qui a enfoncé l'amortisseur et quand la roue est arrivé sur ma jambe gauche l'amortisseur étant enfoncé quasi à fond le choc a été très violent . Puis la roue arrière du véhicule percutant a refait la même scène et je n'avais plus que de la purée d'os et de viande sur 5 cm au milieu de mon tibia-péronné gauche . J'ai bien sûr essayé de me remettre debout mais cela n'a pas donné un très bon résultat .;L'inattention de la conductrice qui sur une zone de circulation à contre-sens n'a ni réduit sa vitesse ni observé la circulation .;J'avais essayé de me mettre debout pour aller voir ma moto mais , je n'ai pas réussi . Très vite comme la circulation était bloquée dans mon couloir , des gens sont arrivé . J'ai demandé à un type d'aller couper mon contact et de me rendre les clefs . J'ai enlevé mon casque et mes gants . Puis j'ai pris le temps de téléphoner à mon épouse pour la prévenir que je serais en retard . Une automobiliste qui était docteur a examiné ma jambe , moi toujours couché au milieu de l'autoroute et a confirmé mon impression que c'était plus sérieux que je ne l'avais cru . Je me suis alors enfin permis de tomber dans les pommes un court moment . Quand je me suis réveillé des gens tenaient un drap pour me faire de l'ombre et me soustraire à la vue des voitures descendant vers Paris et qui passaient à 50cm de mes bottes . Il parait qu'à moi tout seul j'ai bloqué l'A1 une bonne heure car les pompiers ont eu beaucoup de mal à arriver jusqu'à moi et à m'emmener à l'hopital le plus proche .;3;1;je ne me serais pas arrêté , aligné derrière la voiture arrêtée devant moi mais me serais décalé à droite ou à gauche pour ne pas rester pris entre marteau et enclume;Je n'imaginais pas qu'au cours d'un bouchon bloquant , avec moi arrêté et une voiture arrêtée derrière moi , que quelqu'un viendrais jouer aux boules dans une situation où j'étais le cochonnet protégé par une boule écran .;;1;1;;Les gens étaient un peu paniqués par le sang .Mais il y a eu très vite , coordonné par l'automobiliste médecin , une synergie de protection et de mise en sécurité de la zone .;J'en veux beaucoup à l'automobiliste primo-percutante de ne pas avoir eu une conduite adaptée dans une zone de basculement de chaussée et de bouchon induit .;0;2;6;;;;;;;2;;;;1;;4;4;;;1;1;1;4;1;1;1;2;4;1;4;4;4;5;;;;;;;;;2;2;;2;1;2;1;6;;;;;;;;2;1;1;0;90;0;10;0;Les travaux;4;1;;;;2;1;7;;;;;;;1;1;2;3;3;;0;0;1;10;2;3;4;;;;;;4;4;4;4;4;4;TRIUMPH;2300;ROCKET III ROADSTER;14495;CUSTOM;TRIUMPH, 2300 ROCKET III ROADSTER;1;2;1;1;1;2;1;1;1;800;12;1;1;TRIUMPH;2300;ROCKET III;6276;CUSTOM;TRIUMPH, 2300 ROCKET III;1;null;3;;;;18APR1952;5;1;3;2;2;3;;NRP;;;;1;0;0;5;0;3;TRIUMPH;2300;ROCKET III ROADSTER;CUSTOM;2;2011;37;3;2;16000;7;TRIUMPH;900;TIGER;TRAIL / SUPERMOTARD;2;1995;37;1;2;8000;7;BALOIS;1220;1100XS SIDE-CAR;SIDE-CAR / TRIKE;1;1985;37;4;1;500;7;;;;;;;;;;;;;;;;;;;;;;;24500;2;3;4;;;;;;;NRP;NRP;NRP;1968;1969;NRP;NRP;1970;NRP