Ligne;Ligne Q qualif;Ligne approfondissement Accident;ACCIDENT;NBACC1;ACCFREQUENCE1;ANNEEACC1_1;ANNEEACC1_2;ANNEEACC1_3;ANNEEACC1_4;ANNEEACC1_5;NBACC2;ACCFREQUENCE2;ANNEEACC2_1;ANNEEACC2_2;ANNEEACC2_3;ANNEEACC2_4;ANNEEACC2_5;NBACC3;ACCFREQUENCE3;ANNEEACC3_1;ANNEEACC3_2;ANNEEACC3_3;ANNEEACC3_4;ANNEEACC3_5;NBACC4;ACCFREQUENCE4;ANNEEACC4_1;ANNEEACC4_2;ANNEEACC4_3;ANNEEACC4_4;ANNEEACC4_5;NBACC5;ACCFREQUENCE5;ANNEEACC5_1;ANNEEACC5_2;ANNEEACC5_3;ANNEEACC5_4;ANNEEACC5_5;NBACC6;ACCFREQUENCE6;ANNEEACC6_1;ANNEEACC6_2;ANNEEACC6_3;ANNEEACC6_4;ANNEEACC6_5;NBACC7;ACCFREQUENCE7;ANNEEACC7_1;ANNEEACC7_2;ANNEEACC7_3;ANNEEACC7_4;ANNEEACC7_5;NBACC8;ACCFREQUENCE8;ANNEEACC8_1;ANNEEACC8_2;ANNEEACC8_3;ANNEEACC8_4;ANNEEACC8_5;NBACC9;ACCFREQUENCE9;ANNEEACC9_1;ANNEEACC9_2;ANNEEACC9_3;ANNEEACC9_4;ANNEEACC9_5;NBACC10;ACCFREQUENCE10;ANNEEACC10_1;ANNEEACC10_2;ANNEEACC10_3;ANNEEACC10_4;ANNEEACC10_5;NBACC11;ACCFREQUENCE11;ANNEEACC11_1;ANNEEACC11_2;ANNEEACC11_3;ANNEEACC11_4;ANNEEACC11_5;NBACC12;ACCFREQUENCE12;ANNEEACC12_1;ANNEEACC12_2;ANNEEACC12_3;ANNEEACC12_4;ANNEEACC12_5;NBACC13;ACCFREQUENCE13;ANNEEACC13_1;ANNEEACC13_2;ANNEEACC13_3;ANNEEACC13_4;ANNEEACC13_5;NBACC14;ACCFREQUENCE14;ANNEEACC14_1;ANNEEACC14_2;ANNEEACC14_3;ANNEEACC14_4;ANNEEACC14_5;AUTRESACC;NBAUTRESACC;ANNEEAUTREACC1;ANNEEAUTREACC2;ANNEEAUTREACC3;ANNEEAUTREACC4;ANNEEAUTREACC5;LIEUAUTREACC1;LIEUAUTREACC2;LIEUAUTREACC3;LIEUAUTREACC4;LIEUAUTREACC5;DESCRIPTIONAUTRESACC1;DESCRIPTIONAUTRESACC2;DESCRIPTIONAUTRESACC3;DESCRIPTIONAUTRESACC4;DESCRIPTIONAUTRESACC5;NBAUTRESACCCIRCUIT;NBAUTRESTOUTTERRAIN;EXPCYCLO;EXP125;EXPSUP125;ACCORDNEXTQ;CHOIXACC;RGPMTACC;RECUPANNEE;RECUPLIEU;RECUPANNE;RGPMTAC;CHOIX1;CHOIX2;CHOIX3;CHOIX4;CHOIX5;CHOIX6;CHOIX7;DESCRIPTION;RUPTURE;FAITS;ABS_REACTION;AUTRE_REACTION;PRECISIONREACTIONOUI;RECUL;PRECISIONREACTIONNON;IMPACTCOMPORTEMENT;AUTREUSAGER;REACTIONAUTREUSAGER;CONNAISSANCEREACTIONUSAGER;DIFFICULTES;AGGRAVATION;DIFFICULTES2;EMOTIONS1;EMOTIONS2;EMOTIONS3;EMOTIONS4;EMOTIONS5;EMOTIONS6;AUTRESENTIMENT;CLASSEMENTEMOTIONS1;CLASSEMENTEMOTIONS;CLASSEMENTEMOTIONS5;CLASSEMENTEMOTIONS6;CLASSEMENTEMOTIONS7;CLASSEMENTEMOTIONS8;CLASSEMENTEMOTIONS9;EXPLICATIONRESSENTI;BIENEQUIPE;ALLURE;ALLUREVITEDETAIL;ALLURELENTEDETAIL;SITUATIONPRESSE;SITUATIONDISTRAIT;SITUATIONCONFIANT;SITUATIONCONTROLE;SITUATIONLUDIQUE;SITUATIONPERF;SITUATIONSTRESS;SITUATIONFATIGUE;HUMEURNEUTRE;HUMEURGAI;HUMEURMECONTENT;HUMEURTRISTE;HUMEURCOLERE;CONTRIBUTION1;CONTRIBUTION2;CONTRIBUTION3;CONTRIBUTION4;CONTRIBUTION5;CONTRIBUTION6;CONTRIBUTION7;CONTRIBUTION8;CONTRIBUTION9;ROLEINFRA;ELEMENTINFRA1;ELEMENTINFRA2;ELEMENTINFRA3;ELEMENTINFRA4;ELEMENTINFRA5;ELEMENTINFRA6;ELEMENTINFRA7;ELEMENTINFRA8;ELEMENTINFRA9;ALCOOL;TXALCOOL;STUP;SEMAINE;MOMENTJOURNEE;TEMPS;CAUSEACC1;CAUSEACC2;CAUSEACC3;CAUSEACC4;CAUSEACC5;FORMATIONCAUSE;FORMATION1;FORMATION2;FORMATION3;FORMATION4;FORMATION5;TRAFIC;CHAUSSEE1;CHAUSSEE2;CHAUSSEE3;CHAUSSEE4;TYPEACC;BLESSURE;TETE;COU;THORAX;MEMBRESSUP;COLONNE;BASSIN;MEMBRESINF;HOPITAL;PLUS24H;TRAJET;TYPEROUTE;MOTIF;SENSTRAJET;PASSAGER;VITESSE;DESCEQ1;DESCEQ2;DESCEQ3;DESCEQ4;DESCEQ5;DESCEQ6;DESCEQ7;DESCEQ8;DESCEQ9;DESCEQ10;VEHICULEETE;VEHICULEAUTOMNE;VEHICULEPRINTEMPS;VEHICULEHIVER;VEHICULESEMAINE;VEHICULEWE;VEHMARQUE;VEHCYLINDREE;VEHMODELE;VEHSEGMENT;VEHSIDE;EQ2RMABS;EQ2RMCBS;EQ2RMABSCBS;EQ2RMREGULATEUR;EQ2RMLIMITEUR;EQ2RMPHARESDIRECT;EQ2RMCOUPURE;EQ2RMANTIPATINAGE;EQ2RMANTIXHEELING;EQ2RMSTABILILTE;VEHKM;POINTS;DUREE;AUTRE2RM;VEHPRECMARQUE;VEHPRECCYLINDREE;VEHPRECMODELE;VEHPRECSEGMENT;VEHPRECSIDE;TEMPS2RMPREC;FREQVEHPREC;DATE_NAISS;CSP;SOCIETAIRE;SALARIE;SECTEUR2RM;NBPERSFOYER;SITFAM;NBENF;TRNBENF1;TRNBENF2;TRNBENF3;TRNBENF4;NBAUTOFOYER;NBCYCLOFOYER;NBSCOOTFOYER;NBMOTOFOYER;NBTRIKEFOYER;NB2RMCONDUIT;MARQUE1;CYLINDREE1;MODELE1;SEGMENT1;SIDE1;ANMISECIRCU1;ASS1;FREQ1;USAGE1;NBKM1;GARAGE1;MARQUE2;CYLINDREE2;MODELE2;SEGMENT2;SIDE2;ANMISECIRCU2;ASS2;FREQ2;USAGE2;NBKM2;GARAGE2;MARQUE3;CYLINDREE3;MODELE3;SEGMENT3;SIDE3;ANMISECIRCU3;ASS3;FREQ3;USAGE3;NBKM3;GARAGE3;MARQUE4;CYLINDREE4;MODELE4;SEGMENT4;SIDE4;ANMISECIRCU4;ASS4;FREQ4;USAGE4;NBKM4;GARAGE4;MARQUE5;CYLINDREE5;MODELE5;SEGMENT5;SIDE5;ANMISECIRCU5;ASS5;FREQ5;USAGE5;NBKM5;GARAGE5;NBKMTOT;PERMIS1;PERMIS2;PERMIS3;PERMIS4;PERMIS5;PERMIS6;PERMIS7;PERMIS8;PERMIS9;ANPERMIS1;ANPERMIS6;ANPERMIS7;ANPERMIS2;ANPERMIS3;ANPERMIS8;ANPERMIS9;ANPERMIS4;ANPERMIS5
1260;4881;;1;0;3;;;;;;0;4;;;;;;0;5;;;;;;0;2;;;;;;0;4;;;;;;0;4;;;;;;0;2;;;;;;0;3;;;;;;0;4;;;;;;0;4;;;;;;0;5;;;;;;0;5;;;;;;0;5;;;;;;1;4;2008;;;;;0;;;;;;;;;;;;;;;;;;;0;9;0;1;66;14;2008;;;;;;;;;;;;;;;;;;;;;;;;;;;;;;;;;;;;;;;;;;;;;;;;;;;;;;;;;;;;;;;;;;;;;;;;;;;;;;;;;;;;;;;;;;;;;;;;;;;;;;;;;;;;;;;;;;;;;;;;;;;;;;;;;;;;;;;;;;;;;;;;;;;;;;;;;;;;;;30NOV1971;5;2;3;2;5;4;3;NRP;;;;2;1;1;0;0;1;KYMCO;125;DINK STREET;SCOOTER;2;2012;10;1;2;10000;4;;;;;;;;;;;;;;;;;;;;;;;;;;;;;;;;;;;;;;;;;;;;;10000;4;;;;;;;;;NRP;NRP;NRP;NRP;NRP;NRP;NRP;1994;NRP
1485;4883;;0;;;;;;;;;;;;;;;;;;;;;;;;;;;;;;;;;;;;;;;;;;;;;;;;;;;;;;;;;;;;;;;;;;;;;;;;;;;;;;;;;;;;;;;;;;;;;;;;;;;;;;;;;;;;;;;;;;;;;;;;;;;;;;;;;;;;;;;;;;;;;;;;;;;;;;;;;;;;;;;;;;;;;;;;;;;;;;;;;;;;;;;;;;;;;;;;;;;;;;;;;;;;;;;;;;;;;;;;;;;;;;;;;;;;;;;;;;;;;;;;;;;;;;;;;;;;;;;;;;;;;;;;;;;;;;;;;;;;;;;;;;28APR1959;12;1;3;2;2;3;;NRP;;;;2;0;0;2;0;2;SUZUKI;650;BANDIT-S ABS;ROADSTER;2;2005;37;2;1;3500;7;HONDA;750;CBX-F;ROADSTER;2;1986;37;2;1;2000;7;;;;;;;;;;;;;;;;;;;;;;;;;;;;;;;;;;5500;3;4;;;;;;;;NRP;NRP;NRP;NRP;1977;NRP;NRP;1982;NRP
1385;4884;;1;0;5;;;;;;0;5;;;;;;2;5;1992;1995;;;;0;2;;;;;;1;5;1995;;;;;0;3;;;;;;0;3;;;;;;1;5;1992;;;;;1;2;1995;;;;;0;3;;;;;;0;3;;;;;;0;2;;;;;;0;4;;;;;;0;2;;;;;;0;;;;;;;;;;;;;;;;;;;4;2;26;1;36;8;1992;;;;;;;;;;;;;;;;;;;;;;;;;;;;;;;;;;;;;;;;;;;;;;;;;;;;;;;;;;;;;;;;;;;;;;;;;;;;;;;;;;;;;;;;;;;;;;;;;;;;;;;;;;;;;;;;;;;;;;;;;;;;;;;;;;;;;;;;;;;;;;;;;;;;;;;;;;;;;;13MAR1971;5;1;3;2;4;4;2;NRP;;;;1;0;0;3;0;2;BMW;1150;R1150RT;Routière / GT;2;2005;37;1;2;25000;4;BMW;1100;R1100RT;Routière / GT;2;2002;37;2;2;10000;4;;;;;;;;;;;;;;;;;;;;;;;;;;;;;;;;;;35000;3;4;;;;;;;;NRP;NRP;NRP;NRP;1989;NRP;NRP;1990;NRP
1042;4886;;1;0;3;;;;;;0;5;;;;;;0;3;;;;;;0;4;;;;;;1;4;2004;;;;;0;4;;;;;;0;3;;;;;;0;4;;;;;;0;4;;;;;;0;5;;;;;;0;4;;;;;;0;3;;;;;;0;5;;;;;;0;5;;;;;;0;;;;;;;;;;;;;;;;;;;10;20;16;1;21;5;2004;;;;;;;;;;;;;;;;;;;;;;;;;;;;;;;;;;;;;;;;;;;;;;;;;;;;;;;;;;;;;;;;;;;;;;;;;;;;;;;;;;;;;;;;;;;;;;;;;;;;;;;;;;;;;;;;;;;;;;;;;;;;;;;;;;;;;;;;;;;;;;;;;;;;;;;;;;;;;;25MAR1943;9;2;3;2;2;3;;NRP;;;;1;0;0;2;0;2;HONDA;1000;CB-F;ROADSTER;2;2011;29;3;1;5000;7;HONDA;125;MTX;TRAIL / SUPERMOTARD;2;1990;29;4;1;100;7;;;;;;;;;;;;;;;;;;;;;;;;;;;;;;;;;;5100;3;4;;;;;;;;NRP;NRP;NRP;NRP;1998;NRP;NRP;1964;NRP
1249;4887;258;1;0;5;;;;;;0;2;;;;;;0;4;;;;;;0;4;;;;;;0;6;;;;;;0;4;;;;;;0;3;;;;;;1;5;2003;;;;;0;3;;;;;;0;5;;;;;;0;5;;;;;;0;3;;;;;;0;4;;;;;;0;1;;;;;;0;;;;;;;;;;;;;;;;;;;2;3;13;1;36;8;2003;;2003;Vous avez fait une sortie de route, une perte de contrôle ou une glissade puis avez percuté un obstacle fixe (panneau, arbre poteau …).;1;3;4;6;AUT|Facteur additionnel, Gravier de caarière sur la route, sapin élagué en pointe, sortie de 24h de garde;;;"14h00 de garde ... 08h00 fin de service retour au domicile ... Voix expresse 50kilometre  Ensuite 08kilometre sur départemental.  à 03 kilometre de mon domicile une courbe bordé de sapin élagué (le résineux à cette particularité de garder cette souplesse et de ne pas pourrir ... ) faisant pensée au dos d'un hérisson.   Le sol comme à son habitude copieusement bardé de 0/30 caillou de carrière, tombé des camions chargéent ras la remorque.  Aucun panneau les pécores sont habituer...  Bibi pécore du coin et habitué prend sont virage comme un idiot ... et poum la moto par terre,le cale pied casse (et comme, je suis équipé de genouillère), ma jambe reste bloqué sous le poid de ma belle qui m'entraine promptement dans ces jolies résineux bordé de pilum et pafff.   Emplaler dans l'arbre au niveau de ma hanche, je reste seché là en attendant l'arrivé des SP.   Résulta, trauma musculaire avec multi déchirure et un jolie troue de 4 cm sur 08 de large niveau t^te de femur ... Mais rien de cassé :)  Mon équipement :  *Le casque shark au de gamme, il était plat à l'arrière de la tête *la combi bering déchiré et transpercé au niveau du col de femur. *Dorsal knox kevlar ecrasé  *Gant bering déchirer, mais pas ouvert. *Genouillère 01 coté neuf, l'autre rappé jusqu'au rivet de maintient, ne s'articulait plus. *Botte bering transpercé au talon coté gauche, talon humain écorché.   Sans mon équipement, je ne donnais pas chère de ma peau.   Addition de concour de circonstance favorable à l'accident  01 Ma fatigue / 02 ma bétise / 03 les arbres faut pas les taillés en sagaie / 04 faut pas non plus pour gagner du gazoile et du temps remplir les camions de carrière ras le cornet / 05 signaler les dangers pour que les gens fatigués se rappellent.    Merci à vous, bonne fin de journée  Pour les Fautes dsl ;))";La roue avant de la moto qui à dégager ... pas glissé ou dérapé ... Mais bien dégagé.  J'suis passé du contact des pneux à celui du carénage en 01 seconde.;"Pas eu le temps d'agir, je me souviens juste d'avoir essayer pendant la glissade, de taper sur le cale pied coté ciel pour me dégager de l'etreinte.  Puis, quand j'ai vu que ça allait taper, je me suis dis ""putin la sa va faire mal"".  Je garde en mémoire le bruit de la genouillere qui frotte contre le macadam.";AUT|la fatigue;0;;;Il y a pas eu d'appel, j'ai encore aujourd'hui parfois, selon la météo et l'état de la route des appels, j'en tiens compte et tout se passe bien. Mais lors de mon accident, la moto s'est couché tout de suite et par l'avant, sans avertissement ou du moin je ne l'ai pas ressenti.;2;0;;;;;;2;5;6;9;;;se qui m'est passé dans les méninges  La fatalité ... résultat après impact.;;1;;;2;3;;Surpris de me retrouver au sol sans avertissement de conduite.;4;1;4;;4;1;4;NSP;4;1;1;4;2;5;5;5;5;1;3;4;5;8;;;;;1;5;7;;;;;;;2;2;;2;1;3;1;60;0;0;40;0;NSP;;;;;;1;4;;;;2;1;3;4;5;6;7;;;1;1;1;2;1;2;0;120;1;2;3;4;7;9;;;;;4;4;4;4;4;3;TRIUMPH;900;DAYTONA;Routière / GT;2;1;1;1;1;1;1;1;1;1;1;70000;12;4;0;;;;;;;;05NOV1975;11;1;3;2;1;1;;NRP;;;;0;1;1;2;0;3;TRIUMPH;900;SPEED TRIPLE;ROADSTER;2;1995;37;2;1;8000;7;TRIUMPH;1000;DAYTONA;Routière / GT;2;1995;37;4;1;3000;7;PIAGGIO;50;CIAO;ROADSTER;2;2007;28;1;2;5000;7;;;;;;;;;;;;;;;;;;;;;;;16000;3;4;;;;;;;;NRP;NRP;NRP;NRP;1995;NRP;NRP;1995;NRP
1326;4888;;1;0;6;;;;;;0;6;;;;;;0;6;;;;;;0;5;;;;;;0;5;;;;;;0;6;;;;;;0;5;;;;;;0;5;;;;;;0;5;;;;;;0;6;;;;;;0;6;;;;;;0;6;;;;;;0;3;;;;;;1;6;1986;;;;;0;;;;;;;;;;;;;;;;;;;5;3;27;1;66;14;1986;;;;;;;;;;;;;;;;;;;;;;;;;;;;;;;;;;;;;;;;;;;;;;;;;;;;;;;;;;;;;;;;;;;;;;;;;;;;;;;;;;;;;;;;;;;;;;;;;;;;;;;;;;;;;;;;;;;;;;;;;;;;;;;;;;;;;;;;;;;;;;;;;;;;;;;;;;;;;;24AUG1956;5;1;3;2;3;2;2;NRP;;;;1;1;0;1;0;1;BMW;1150;R1150GS;TRAIL / SUPERMOTARD;2;2005;37;1;2;2000;7;;;;;;;;;;;;;;;;;;;;;;;;;;;;;;;;;;;;;;;;;;;;;2000;3;4;;;;;;;;NRP;NRP;NRP;NRP;1988;NRP;NRP;1979;NRP
780;4890;;0;;;;;;;;;;;;;;;;;;;;;;;;;;;;;;;;;;;;;;;;;;;;;;;;;;;;;;;;;;;;;;;;;;;;;;;;;;;;;;;;;;;;;;;;;;;;;;;;;;;;;;;;;;;;;;;;;;;;;;;;;;;;;;;;;;;;;;;;;;;;;;;;;;;;;;;;;;;;;;;;;;;;;;;;;;;;;;;;;;;;;;;;;;;;;;;;;;;;;;;;;;;;;;;;;;;;;;;;;;;;;;;;;;;;;;;;;;;;;;;;;;;;;;;;;;;;;;;;;;;;;;;;;;;;;;;;;;;;;;;;;;09MAR1955;5;1;3;2;2;2;1;NRP;;;;2;0;0;1;0;1;YAMAHA;1200;FJ;Routière / GT;2;1988;37;2;1;5000;7;;;;;;;;;;;;;;;;;;;;;;;;;;;;;;;;;;;;;;;;;;;;;5000;4;3;;;;;;;;NRP;NRP;NRP;NRP;2010;NRP;NRP;1974;NRP
1354;4892;;1;0;4;;;;;;1;5;1967;;;;;0;6;;;;;;0;2;;;;;;0;5;;;;;;0;4;;;;;;0;4;;;;;;1;5;1969;;;;;1;6;1969;;;;;0;4;;;;;;0;6;;;;;;0;3;;;;;;0;5;;;;;;0;2;;;;;;0;;;;;;;;;;;;;;;;;;;0;0;48;1;6;2;1967;;;;;;;;;;;;;;;;;;;;;;;;;;;;;;;;;;;;;;;;;;;;;;;;;;;;;;;;;;;;;;;;;;;;;;;;;;;;;;;;;;;;;;;;;;;;;;;;;;;;;;;;;;;;;;;;;;;;;;;;;;;;;;;;;;;;;;;;;;;;;;;;;;;;;;;;;;;;;;14JAN1951;5;1;3;2;2;3;;NRP;;;;4;2;0;2;0;2;HARLEY-DAVIDSON;1450;ELECTRA GLIDE CLASSIC;Routière / GT;2;2008;37;3;1;7000;7;YAMAHA;250;WR-X;TRAIL / SUPERMOTARD;2;1976;37;4;1;500;7;;;;;;;;;;;;;;;;;;;;;;;;;;;;;;;;;;7500;3;4;;;;;;;;NRP;NRP;NRP;NRP;1967;NRP;NRP;1969;NRP
39;4899;;0;;;;;;;;;;;;;;;;;;;;;;;;;;;;;;;;;;;;;;;;;;;;;;;;;;;;;;;;;;;;;;;;;;;;;;;;;;;;;;;;;;;;;;;;;;;;;;;;;;;;;;;;;;;;;;;;;;;;;;;;;;;;;;;;;;;;;;;;;;;;;;;;;;;;;;;;;;;;;;;;;;;;;;;;;;;;;;;;;;;;;;;;;;;;;;;;;;;;;;;;;;;;;;;;;;;;;;;;;;;;;;;;;;;;;;;;;;;;;;;;;;;;;;;;;;;;;;;;;;;;;;;;;;;;;;;;;;;;;;;;;;31MAY1988;7;2;3;2;2;3;;NRP;;;;2;0;0;2;0;2;HONDA;600;HORNET;ROADSTER;2;2011;10;2;1;6400;6;HONDA;600;HORNET;ROADSTER;2;2010;40;2;1;3000;6;;;;;;;;;;;;;;;;;;;;;;;;;;;;;;;;;;9400;3;4;;;;;;;;NRP;NRP;NRP;NRP;2010;NRP;NRP;2006;NRP
2043;4900;;1;0;3;;;;;;0;4;;;;;;0;3;;;;;;0;2;;;;;;1;6;2002;;;;;0;4;;;;;;0;3;;;;;;0;4;;;;;;2;2;2002;2004;;;;0;3;;;;;;0;4;;;;;;0;2;;;;;;0;3;;;;;;0;3;;;;;;0;;;;;;;;;;;;;;;;;;;8;0;16;1;42;9;2004;;;;;;;;;;;;;;;;;;;;;;;;;;;;;;;;;;;;;;;;;;;;;;;;;;;;;;;;;;;;;;;;;;;;;;;;;;;;;;;;;;;;;;;;;;;;;;;;;;;;;;;;;;;;;;;;;;;;;;;;;;;;;;;;;;;;;;;;;;;;;;;;;;;;;;;;;;;;;;26APR1974;7;1;3;1;4;4;2;NRP;;;;2;5;0;3;0;3;YAMAHA;1000;GTS;Routière / GT;1;1995;37;4;1;1000;7;HONDA;900;CBR-RR FIREBLADE;SPORTIVE;2;1999;37;3;1;3000;7;YAMAHA;250;XT;TRAIL / SUPERMOTARD;2;1980;37;4;1;200;7;;;;;;;;;;;;;;;;;;;;;;;4200;3;4;;;;;;;;NRP;NRP;NRP;NRP;1998;NRP;NRP;1997;NRP
1114;4903;13;1;0;2;;;;;;0;3;;;;;;0;4;;;;;;0;2;;;;;;0;2;;;;;;0;2;;;;;;0;2;;;;;;0;3;;;;;;2;5;1995;1999;;;;0;3;;;;;;0;3;;;;;;0;2;;;;;;0;3;;;;;;0;3;;;;;;0;;;;;;;;;;;;;;;;;;;3;0;22;1;42;9;1999;;1999;Vous avez fait une sortie de route, une perte de contrôle ou une glissade sans rien percuter.;2;5;;;;;;"Les circonstances, sont simples: malgré un sol sec, en roulant normalement sur le périf, sans rien percuter, ma roue arrière a glissé rapidement et la moto s'est couchée. Aucun dégât important, ni pour moi, ni pour la moto (un trail sans carénage) mais une grosse frayeur à cause de la circulation du périf, et surtout une grosse interrogation: ""qu'est ce qui s'est passé ?"".";"aucune idée de ce qui s'est passé, donc impossible de se dire ""j'ai fait une erreur, je ne recommencerai plus"" ou ""faire attention dans ces conditions""";chute trop rapide pour réagir/réfléchir. pas d'autre usager.;3;0;;;je ne sais pas ce qui s'est passé;1;0;;;;;;1;3;6;;;;;2;;1;;;3;;raison inconnue de la glissade;2;3;;;1;3;3;3;1;1;1;1;3;4;4;4;4;10;;;;;;;;;1;3;5;;;;;;;2;2;;2;1;1;1;0;0;0;100;0;2;;;;;;2;1;;;;1;;;;;;;;;;;2;4;3;;0;80;1;10;2;3;5;;;;;;4;4;4;4;4;3;SUZUKI;650;DR 650 R;TRAIL / SUPERMOTARD;2;1;1;1;1;1;1;1;1;1;1;NSP;12;4;0;;;;;;;;09JAN1966;5;1;3;2;2;3;;NRP;;;;1;2;0;2;0;2;HONDA;800;VFR-F;Routière / GT;2;2006;37;1;2;5000;7;HONDA;800;VFR-F;Routière / GT;2;2003;39;2;2;4000;7;;;;;;;;;;;;;;;;;;;;;;;;;;;;;;;;;;9000;3;4;;;;;;;;NRP;NRP;NRP;NRP;1989;NRP;NRP;1985;NRP
107;4905;;1;0;4;;;;;;0;4;;;;;;0;5;;;;;;0;4;;;;;;1;5;2006;;;;;1;5;2006;;;;;0;5;;;;;;0;5;;;;;;1;6;2013;;;;;0;5;;;;;;0;3;;;;;;0;4;;;;;;0;5;;;;;;0;4;;;;;;0;;;;;;;;;;;;;;;;;;;18;5;13;1;41;9;2013;;;;;;;;;;;;;;;;;;;;;;;;;;;;;;;;;;;;;;;;;;;;;;;;;;;;;;;;;;;;;;;;;;;;;;;;;;;;;;;;;;;;;;;;;;;;;;;;;;;;;;;;;;;;;;;;;;;;;;;;;;;;;;;;;;;;;;;;;;;;;;;;;;;;;;;;;;;;;;01DEC1941;9;2;3;2;2;3;;NRP;;;;1;1;0;1;0;1;BMW;1200;R1200GS ABS;TRAIL / SUPERMOTARD;2;2011;29;3;1;8000;7;;;;;;;;;;;;;;;;;;;;;;;;;;;;;;;;;;;;;;;;;;;;;8000;2;3;4;;;;;;;NRP;NRP;NRP;1959;2001;NRP;NRP;1963;NRP
1088;4906;45;1;0;4;;;;;;0;3;;;;;;0;3;;;;;;0;3;;;;;;0;4;;;;;;0;2;;;;;;0;4;;;;;;0;3;;;;;;1;4;2003;;;;;0;4;;;;;;0;5;;;;;;0;3;;;;;;0;3;;;;;;0;3;;;;;;1;1;2001;;;;;Charmes;;;;;Un véhicule automobile sortant d'un parking privé m'a coupé la route en s'engageant sur la chaussée en absence de visibilité.;;;;;0;0;0;30;15;1;71;15;2001;Charmes;2001;Autre(s) type(s) d'accident(s).;1;;;;;;;J'ai été renversé par un véhicule qui sortait d'un lieu de stationnement (cour privée) alors que la visibilité pour ce véhicule été quasiment nulle du fait d'autres véhicules en stationnement non autorisé sur le trottoir.  De plus la jeune conductrice non expérimentée (15 jours de permis de conduire) s'est engagée sans rechercher plus de visibilité et s'est lancée sur la chaussée au petit bonheur la chance, d'où le fait qu'elle est venue me percuter sans m'avoir vu arriver.  Pour éviter un choc trop violent, j'ai préféré coucher la moto ce qui n'a pas empêché pourtant que je me retrouve sous le véhicule après le glissade qui s'en est suivie ! Voilà pour les circonstances de cet accident ...;Au moment où j'ai vu sortir le véhicule d'une cour intérieure directement sur la chaussée et qui de fait me coupait la route, étant dans l'impossibilité de freiné plus fort à cause d'une chaussée trempée par une pluie fine, j'ai alors pris la décision de coucher la moto afin d'éviter un choc frontal qui m'aurait assurément projeté en l'air et par dessus le véhicule automobile en question, hors considération des dégâts potentiels liés à un encastrement de la moto à hauteur de la portière de la conductrice.;Devant l'impossibilité manifeste d'arrêter la moto compte tenu des circonstances liées à l'arrivée brutale d'un véhicule automobile qui me coupait la route et compte tenue de l'humidité de la chaussée qui ne me permettait pas de freiner plus fort (je doute par ailleurs qu'en cas de chaussée sèche je n'aurai pas dû agir de la même façon), j'ai pris la décision en en quart de seconde, si l'on peut dire, comme par réflexe de coucher la moto après avoir freiner cependant au maximum afin d'éviter le choc frontal et assurer ma chute le mieux possible en laissant la moto glisser, moi y compris.  J'ai eu juste peur que les véhicules automobile qui suivaient ne puissent pas s'arrêter ...;NRP;0;;;"l'impossibilité de pouvoir agir autrement considérant l'instantanéité de l'action ; véhicule me coupant la route à hauteur quasi-immédiate empêchant toute autre action compte tenu que des véhicules automobile circulaient sur l'axe de la chaussée en sens inverse, d'où aucune échappatoire à cet instant ...";2;1;2;;La conductrice du véhicule a été prise de panique et dans l'incapacité d'arrêter son véhicule qui s'engageait sur la chaussée.;2;Elle a réussie à arrêter son véhicule sur l'axe de la chaussée correspondant au sens de la circulation ou elle devait s'engager.;2;4;6;;;;;;1;;3;;2;;Voir un véhicule vous couper la route en sortant de nul part : cour privé alors que la visibilité était nulle du fait de véhicule automobile en stationnement non autorisé sur le trottoir accentuant l'absence de visibilité.;4;3;;;1;1;3;3;3;2;1;2;2;3;4;4;4;10;;;;;;;;;1;2;4;AUT|Véhicules stationnés sur le trottoir.;;;;;;2;2;;2;2;1;2;0;50;0;25;25;2;;;;;;2;2;;;;2;1;3;7;;;;;;0;;2;1;3;;0;50;1;10;2;3;4;;;;;;3;3;3;2;2;3;YAMAHA;1000;R1 (YZF-R1);SPORTIVE;2;0;1;1;1;2;1;0;0;1;1;5000;12;1;1;KAWASAKI;1100;GPZ-S;Routière / GT;2;4;3;03MAY1967;5;1;3;2;3;2;2;NRP;;;;1;1;0;1;0;1;KAWASAKI;1100;GPZ-S;Routière / GT;2;1995;37;3;1;7500;7;;;;;;;;;;;;;;;;;;;;;;;;;;;;;;;;;;;;;;;;;;;;;7500;2;3;4;;;;;;;NRP;NRP;NRP;1984;2005;NRP;NRP;1985;NRP