Ligne;Ligne Q qualif;Ligne approfondissement Accident;ACCIDENT;NBACC1;ACCFREQUENCE1;ANNEEACC1_1;ANNEEACC1_2;ANNEEACC1_3;ANNEEACC1_4;ANNEEACC1_5;NBACC2;ACCFREQUENCE2;ANNEEACC2_1;ANNEEACC2_2;ANNEEACC2_3;ANNEEACC2_4;ANNEEACC2_5;NBACC3;ACCFREQUENCE3;ANNEEACC3_1;ANNEEACC3_2;ANNEEACC3_3;ANNEEACC3_4;ANNEEACC3_5;NBACC4;ACCFREQUENCE4;ANNEEACC4_1;ANNEEACC4_2;ANNEEACC4_3;ANNEEACC4_4;ANNEEACC4_5;NBACC5;ACCFREQUENCE5;ANNEEACC5_1;ANNEEACC5_2;ANNEEACC5_3;ANNEEACC5_4;ANNEEACC5_5;NBACC6;ACCFREQUENCE6;ANNEEACC6_1;ANNEEACC6_2;ANNEEACC6_3;ANNEEACC6_4;ANNEEACC6_5;NBACC7;ACCFREQUENCE7;ANNEEACC7_1;ANNEEACC7_2;ANNEEACC7_3;ANNEEACC7_4;ANNEEACC7_5;NBACC8;ACCFREQUENCE8;ANNEEACC8_1;ANNEEACC8_2;ANNEEACC8_3;ANNEEACC8_4;ANNEEACC8_5;NBACC9;ACCFREQUENCE9;ANNEEACC9_1;ANNEEACC9_2;ANNEEACC9_3;ANNEEACC9_4;ANNEEACC9_5;NBACC10;ACCFREQUENCE10;ANNEEACC10_1;ANNEEACC10_2;ANNEEACC10_3;ANNEEACC10_4;ANNEEACC10_5;NBACC11;ACCFREQUENCE11;ANNEEACC11_1;ANNEEACC11_2;ANNEEACC11_3;ANNEEACC11_4;ANNEEACC11_5;NBACC12;ACCFREQUENCE12;ANNEEACC12_1;ANNEEACC12_2;ANNEEACC12_3;ANNEEACC12_4;ANNEEACC12_5;NBACC13;ACCFREQUENCE13;ANNEEACC13_1;ANNEEACC13_2;ANNEEACC13_3;ANNEEACC13_4;ANNEEACC13_5;NBACC14;ACCFREQUENCE14;ANNEEACC14_1;ANNEEACC14_2;ANNEEACC14_3;ANNEEACC14_4;ANNEEACC14_5;AUTRESACC;NBAUTRESACC;ANNEEAUTREACC1;ANNEEAUTREACC2;ANNEEAUTREACC3;ANNEEAUTREACC4;ANNEEAUTREACC5;LIEUAUTREACC1;LIEUAUTREACC2;LIEUAUTREACC3;LIEUAUTREACC4;LIEUAUTREACC5;DESCRIPTIONAUTRESACC1;DESCRIPTIONAUTRESACC2;DESCRIPTIONAUTRESACC3;DESCRIPTIONAUTRESACC4;DESCRIPTIONAUTRESACC5;NBAUTRESACCCIRCUIT;NBAUTRESTOUTTERRAIN;EXPCYCLO;EXP125;EXPSUP125;ACCORDNEXTQ;CHOIXACC;RGPMTACC;RECUPANNEE;RECUPLIEU;RECUPANNE;RGPMTAC;CHOIX1;CHOIX2;CHOIX3;CHOIX4;CHOIX5;CHOIX6;CHOIX7;DESCRIPTION;RUPTURE;FAITS;ABS_REACTION;AUTRE_REACTION;PRECISIONREACTIONOUI;RECUL;PRECISIONREACTIONNON;IMPACTCOMPORTEMENT;AUTREUSAGER;REACTIONAUTREUSAGER;CONNAISSANCEREACTIONUSAGER;DIFFICULTES;AGGRAVATION;DIFFICULTES2;EMOTIONS1;EMOTIONS2;EMOTIONS3;EMOTIONS4;EMOTIONS5;EMOTIONS6;AUTRESENTIMENT;CLASSEMENTEMOTIONS1;CLASSEMENTEMOTIONS;CLASSEMENTEMOTIONS5;CLASSEMENTEMOTIONS6;CLASSEMENTEMOTIONS7;CLASSEMENTEMOTIONS8;CLASSEMENTEMOTIONS9;EXPLICATIONRESSENTI;BIENEQUIPE;ALLURE;ALLUREVITEDETAIL;ALLURELENTEDETAIL;SITUATIONPRESSE;SITUATIONDISTRAIT;SITUATIONCONFIANT;SITUATIONCONTROLE;SITUATIONLUDIQUE;SITUATIONPERF;SITUATIONSTRESS;SITUATIONFATIGUE;HUMEURNEUTRE;HUMEURGAI;HUMEURMECONTENT;HUMEURTRISTE;HUMEURCOLERE;CONTRIBUTION1;CONTRIBUTION2;CONTRIBUTION3;CONTRIBUTION4;CONTRIBUTION5;CONTRIBUTION6;CONTRIBUTION7;CONTRIBUTION8;CONTRIBUTION9;ROLEINFRA;ELEMENTINFRA1;ELEMENTINFRA2;ELEMENTINFRA3;ELEMENTINFRA4;ELEMENTINFRA5;ELEMENTINFRA6;ELEMENTINFRA7;ELEMENTINFRA8;ELEMENTINFRA9;ALCOOL;TXALCOOL;STUP;SEMAINE;MOMENTJOURNEE;TEMPS;CAUSEACC1;CAUSEACC2;CAUSEACC3;CAUSEACC4;CAUSEACC5;FORMATIONCAUSE;FORMATION1;FORMATION2;FORMATION3;FORMATION4;FORMATION5;TRAFIC;CHAUSSEE1;CHAUSSEE2;CHAUSSEE3;CHAUSSEE4;TYPEACC;BLESSURE;TETE;COU;THORAX;MEMBRESSUP;COLONNE;BASSIN;MEMBRESINF;HOPITAL;PLUS24H;TRAJET;TYPEROUTE;MOTIF;SENSTRAJET;PASSAGER;VITESSE;DESCEQ1;DESCEQ2;DESCEQ3;DESCEQ4;DESCEQ5;DESCEQ6;DESCEQ7;DESCEQ8;DESCEQ9;DESCEQ10;VEHICULEETE;VEHICULEAUTOMNE;VEHICULEPRINTEMPS;VEHICULEHIVER;VEHICULESEMAINE;VEHICULEWE;VEHMARQUE;VEHCYLINDREE;VEHMODELE;VEHSEGMENT;VEHSIDE;EQ2RMABS;EQ2RMCBS;EQ2RMABSCBS;EQ2RMREGULATEUR;EQ2RMLIMITEUR;EQ2RMPHARESDIRECT;EQ2RMCOUPURE;EQ2RMANTIPATINAGE;EQ2RMANTIXHEELING;EQ2RMSTABILILTE;VEHKM;POINTS;DUREE;AUTRE2RM;VEHPRECMARQUE;VEHPRECCYLINDREE;VEHPRECMODELE;VEHPRECSEGMENT;VEHPRECSIDE;TEMPS2RMPREC;FREQVEHPREC;DATE_NAISS;CSP;SOCIETAIRE;SALARIE;SECTEUR2RM;NBPERSFOYER;SITFAM;NBENF;TRNBENF1;TRNBENF2;TRNBENF3;TRNBENF4;NBAUTOFOYER;NBCYCLOFOYER;NBSCOOTFOYER;NBMOTOFOYER;NBTRIKEFOYER;NB2RMCONDUIT;MARQUE1;CYLINDREE1;MODELE1;SEGMENT1;SIDE1;ANMISECIRCU1;ASS1;FREQ1;USAGE1;NBKM1;GARAGE1;MARQUE2;CYLINDREE2;MODELE2;SEGMENT2;SIDE2;ANMISECIRCU2;ASS2;FREQ2;USAGE2;NBKM2;GARAGE2;MARQUE3;CYLINDREE3;MODELE3;SEGMENT3;SIDE3;ANMISECIRCU3;ASS3;FREQ3;USAGE3;NBKM3;GARAGE3;MARQUE4;CYLINDREE4;MODELE4;SEGMENT4;SIDE4;ANMISECIRCU4;ASS4;FREQ4;USAGE4;NBKM4;GARAGE4;MARQUE5;CYLINDREE5;MODELE5;SEGMENT5;SIDE5;ANMISECIRCU5;ASS5;FREQ5;USAGE5;NBKM5;GARAGE5;NBKMTOT;PERMIS1;PERMIS2;PERMIS3;PERMIS4;PERMIS5;PERMIS6;PERMIS7;PERMIS8;PERMIS9;ANPERMIS1;ANPERMIS6;ANPERMIS7;ANPERMIS2;ANPERMIS3;ANPERMIS8;ANPERMIS9;ANPERMIS4;ANPERMIS5
182;4924;;0;;;;;;;;;;;;;;;;;;;;;;;;;;;;;;;;;;;;;;;;;;;;;;;;;;;;;;;;;;;;;;;;;;;;;;;;;;;;;;;;;;;;;;;;;;;;;;;;;;;;;;;;;;;;;;;;;;;;;;;;;;;;;;;;;;;;;;;;;;;;;;;;;;;;;;;;;;;;;;;;;;;;;;;;;;;;;;;;;;;;;;;;;;;;;;;;;;;;;;;;;;;;;;;;;;;;;;;;;;;;;;;;;;;;;;;;;;;;;;;;;;;;;;;;;;;;;;;;;;;;;;;;;;;;;;;;;;;;;;;;;;11APR1949;9;1;3;2;2;3;;NRP;;;;1;0;0;1;0;1;HONDA;600;VT SHADOW 34CV;CUSTOM;2;1996;37;2;1;4000;7;;;;;;;;;;;;;;;;;;;;;;;;;;;;;;;;;;;;;;;;;;;;;4000;3;4;;;;;;;;NRP;NRP;NRP;NRP;1990;NRP;NRP;1968;NRP
1511;4926;;1;0;6;;;;;;0;6;;;;;;0;5;;;;;;0;4;;;;;;1;2;NSP;;;;;0;5;;;;;;0;6;;;;;;1;5;NSP;;;;;1;4;2014;;;;;0;5;;;;;;0;6;;;;;;0;2;;;;;;0;6;;;;;;0;4;;;;;;0;;;;;;;;;;;;;;;;;;;5;1;5;1;41;9;2014;;;;;;;;;;;;;;;;;;;;;;;;;;;;;;;;;;;;;;;;;;;;;;;;;;;;;;;;;;;;;;;;;;;;;;;;;;;;;;;;;;;;;;;;;;;;;;;;;;;;;;;;;;;;;;;;;;;;;;;;;;;;;;;;;;;;;;;;;;;;;;;;;;;;;;;;;;;;;;26JUL1961;4;1;3;2;3;4;1;NRP;;;;2;0;0;1;0;1;YAMAHA;1300;FJR ABS;Routière / GT;2;2011;37;1;2;10000;7;;;;;;;;;;;;;;;;;;;;;;;;;;;;;;;;;;;;;;;;;;;;;10000;3;4;;;;;;;;NRP;NRP;NRP;NRP;2011;NRP;NRP;1985;NRP
60;4927;;1;0;4;;;;;;0;4;;;;;;0;4;;;;;;0;1;;;;;;0;5;;;;;;0;4;;;;;;0;3;;;;;;0;2;;;;;;1;3;1980;;;;;0;2;;;;;;0;3;;;;;;0;2;;;;;;0;2;;;;;;0;1;;;;;;0;;;;;;;;;;;;;;;;;;;3;4;8;1;41;9;1980;;;;;;;;;;;;;;;;;;;;;;;;;;;;;;;;;;;;;;;;;;;;;;;;;;;;;;;;;;;;;;;;;;;;;;;;;;;;;;;;;;;;;;;;;;;;;;;;;;;;;;;;;;;;;;;;;;;;;;;;;;;;;;;;;;;;;;;;;;;;;;;;;;;;;;;;;;;;;;16SEP1960;7;2;3;2;2;3;;NRP;;;;2;0;0;2;0;2;HONDA;1000;CB-F ABS;ROADSTER;2;2010;29;2;1;8000;7;HONDA;125;CB-F;ROADSTER;2;2010;29;3;1;2000;7;;;;;;;;;;;;;;;;;;;;;;;;;;;;;;;;;;10000;4;3;2;;;;;;;NRP;NRP;NRP;1977;1979;NRP;NRP;1979;NRP
1606;4930;;1;0;4;;;;;;0;5;;;;;;0;5;;;;;;0;2;;;;;;0;4;;;;;;0;5;;;;;;0;3;;;;;;0;3;;;;;;0;3;;;;;;0;5;;;;;;0;5;;;;;;0;2;;;;;;1;4;2009;;;;;0;3;;;;;;0;;;;;;;;;;;;;;;;;;;0;2;8;0;;NRP;;;;;;;;;;;;;;;;;;;;;;;;;;;;;;;;;;;;;;;;;;;;;;;;;;;;;;;;;;;;;;;;;;;;;;;;;;;;;;;;;;;;;;;;;;;;;;;;;;;;;;;;;;;;;;;;;;;;;;;;;;;;;;;;;;;;;;;;;;;;;;;;;;;;;;;;;;;;;;;10JUN1979;5;2;3;2;4;4;2;NRP;;;;2;0;0;1;0;1;KAWASAKI;1000;Z 1000 IE SX;Routière / GT;2;2011;22;1;2;10000;7;;;;;;;;;;;;;;;;;;;;;;;;;;;;;;;;;;;;;;;;;;;;;10000;3;4;;;;;;;;NRP;NRP;NRP;NRP;2007;NRP;NRP;1997;NRP
622;4931;;0;;;;;;;;;;;;;;;;;;;;;;;;;;;;;;;;;;;;;;;;;;;;;;;;;;;;;;;;;;;;;;;;;;;;;;;;;;;;;;;;;;;;;;;;;;;;;;;;;;;;;;;;;;;;;;;;;;;;;;;;;;;;;;;;;;;;;;;;;;;;;;;;;;;;;;;;;;;;;;;;;;;;;;;;;;;;;;;;;;;;;;;;;;;;;;;;;;;;;;;;;;;;;;;;;;;;;;;;;;;;;;;;;;;;;;;;;;;;;;;;;;;;;;;;;;;;;;;;;;;;;;;;;;;;;;;;;;;;;;;;;;24FEB1956;9;2;3;2;3;4;1;NRP;;;;2;0;0;1;0;1;BMW;1200;R1200RT;Routière / GT;2;2009;28;2;1;6000;7;;;;;;;;;;;;;;;;;;;;;;;;;;;;;;;;;;;;;;;;;;;;;6000;3;4;;;;;;;;NRP;NRP;NRP;NRP;1976;NRP;NRP;1976;NRP
190;4932;;0;;;;;;;;;;;;;;;;;;;;;;;;;;;;;;;;;;;;;;;;;;;;;;;;;;;;;;;;;;;;;;;;;;;;;;;;;;;;;;;;;;;;;;;;;;;;;;;;;;;;;;;;;;;;;;;;;;;;;;;;;;;;;;;;;;;;;;;;;;;;;;;;;;;;;;;;;;;;;;;;;;;;;;;;;;;;;;;;;;;;;;;;;;;;;;;;;;;;;;;;;;;;;;;;;;;;;;;;;;;;;;;;;;;;;;;;;;;;;;;;;;;;;;;;;;;;;;;;;;;;;;;;;;;;;;;;;;;;;;;;;;24MAR1988;10;1;3;2;5;5;0;NRP;;;;4;0;0;4;0;2;HARLEY-DAVIDSON;1200;SPORTSTER;ROADSTER;2;1991;37;2;1;3000;4;HONDA;125;CA REBEL;CUSTOM;2;1997;37;4;1;2000;4;;;;;;;;;;;;;;;;;;;;;;;;;;;;;;;;;;5000;3;4;;;;;;;;NRP;NRP;NRP;NRP;2011;NRP;NRP;2006;NRP
729;4936;244;1;0;5;;;;;;0;5;;;;;;2;6;1989;2008;;;;0;3;;;;;;2;5;1989;2008;;;;0;5;;;;;;0;4;;;;;;0;3;;;;;;0;2;;;;;;0;3;;;;;;0;2;;;;;;0;4;;;;;;0;5;;;;;;1;4;1978;;;;;0;;;;;;;;;;;;;;;;;;;15;3;40;1;21;5;1989;;1989;Vous circuliez sur un axe prioritaire. Un véhicule venant d’un axe non prioritaire vous a coupé la route.;3;;;;;;;"refus de priorité à basse vitesse de la part d'une automobliste ""étourdie""... contusions sans gravités, basse vitesse";"tentative d'évitement ; choc léger (jambe) sur pare choc de la voiture";"évitement, freinage car mur en face de la zone ""de fuite""";NRP;1;position différente afin d'avoir meilleure visibilité (suite stage ADFM);j'ai agi...trop tard;;2;1;1;1;"distraction; manque de visibilité";1;distraction;2;3;4;6;;;;;1;2;;;3;;comment expliquer une telle distraction ?;3;3;;;2;1;3;3;1;1;1;1;2;5;4;4;4;10;;;;;;;;;1;2;3;;;;;;;2;2;;2;1;1;1;10;70;0;20;0;2;;;;;;2;1;4;7;;2;1;7;;;;;;;1;0;1;1;1;2;0;30;1;10;2;5;;;;;;;4;4;4;4;4;4;KAWASAKI;500;KLE;TRAIL / SUPERMOTARD;2;1;1;1;1;1;1;1;1;1;1;30000;12;4;1;KAWASAKI;500;KLE;TRAIL / SUPERMOTARD;2;4;4;25JUL1950;4;1;3;2;2;3;;NRP;;;;1;2;0;2;0;2;KAWASAKI;650;VERSYS;ROADSTER;2;2009;37;1;1;15000;7;KAWASAKI;500;KLE;TRAIL / SUPERMOTARD;2;1999;37;4;1;500;7;;;;;;;;;;;;;;;;;;;;;;;;;;;;;;;;;;15500;2;3;4;;;;;;;NRP;NRP;NRP;1974;1974;NRP;NRP;1968;NRP
1870;4938;;1;0;4;;;;;;0;6;;;;;;0;4;;;;;;0;3;;;;;;0;5;;;;;;0;5;;;;;;0;5;;;;;;0;5;;;;;;1;5;2000;;;;;0;6;;;;;;0;6;;;;;;0;2;;;;;;0;3;;;;;;0;4;;;;;;0;;;;;;;;;;;;;;;;;;;0;0;27;1;41;9;2000;;;;;;;;;;;;;;;;;;;;;;;;;;;;;;;;;;;;;;;;;;;;;;;;;;;;;;;;;;;;;;;;;;;;;;;;;;;;;;;;;;;;;;;;;;;;;;;;;;;;;;;;;;;;;;;;;;;;;;;;;;;;;;;;;;;;;;;;;;;;;;;;;;;;;;;;;;;;;;18DEC1967;8;1;3;2;3;2;2;NRP;;;;1;0;0;3;0;2;KAWASAKI;600;ZZR;Routière / GT;2;1991;37;2;1;5000;4;YAMAHA;1000;GTS ABS;Routière / GT;1;1993;37;2;1;7000;4;;;;;;;;;;;;;;;;;;;;;;;;;;;;;;;;;;12000;3;4;;;;;;;;NRP;NRP;NRP;NRP;1988;NRP;NRP;1987;NRP
644;4940;;0;;;;;;;;;;;;;;;;;;;;;;;;;;;;;;;;;;;;;;;;;;;;;;;;;;;;;;;;;;;;;;;;;;;;;;;;;;;;;;;;;;;;;;;;;;;;;;;;;;;;;;;;;;;;;;;;;;;;;;;;;;;;;;;;;;;;;;;;;;;;;;;;;;;;;;;;;;;;;;;;;;;;;;;;;;;;;;;;;;;;;;;;;;;;;;;;;;;;;;;;;;;;;;;;;;;;;;;;;;;;;;;;;;;;;;;;;;;;;;;;;;;;;;;;;;;;;;;;;;;;;;;;;;;;;;;;;;;;;;;;;;26MAY1983;5;2;3;2;3;4;1;NRP;;;;1;0;0;1;0;1;HONDA;500;CB500F;ROADSTER;2;2007;28;1;2;15000;7;;;;;;;;;;;;;;;;;;;;;;;;;;;;;;;;;;;;;;;;;;;;;15000;3;4;;;;;;;;NRP;NRP;NRP;NRP;2009;NRP;NRP;2001;NRP
841;4942;;0;;;;;;;;;;;;;;;;;;;;;;;;;;;;;;;;;;;;;;;;;;;;;;;;;;;;;;;;;;;;;;;;;;;;;;;;;;;;;;;;;;;;;;;;;;;;;;;;;;;;;;;;;;;;;;;;;;;;;;;;;;;;;;;;;;;;;;;;;;;;;;;;;;;;;;;;;;;;;;;;;;;;;;;;;;;;;;;;;;;;;;;;;;;;;;;;;;;;;;;;;;;;;;;;;;;;;;;;;;;;;;;;;;;;;;;;;;;;;;;;;;;;;;;;;;;;;;;;;;;;;;;;;;;;;;;;;;;;;;;;;;17FEB1988;2;1;3;1;2;3;;NRP;;;;1;0;0;3;0;3;SUZUKI;650;SV-N;ROADSTER;2;2002;37;2;1;12000;7;DUCATI;1000;MONSTER S2R;ROADSTER;2;2006;37;2;1;12000;7;YAMAHA;400;XJ;ROADSTER;2;1982;40;4;1;0;7;;;;;;;;;;;;;;;;;;;;;;;24000;3;4;;;;;;;;NRP;NRP;NRP;NRP;2008;NRP;NRP;2006;NRP
745;4943;;0;;;;;;;;;;;;;;;;;;;;;;;;;;;;;;;;;;;;;;;;;;;;;;;;;;;;;;;;;;;;;;;;;;;;;;;;;;;;;;;;;;;;;;;;;;;;;;;;;;;;;;;;;;;;;;;;;;;;;;;;;;;;;;;;;;;;;;;;;;;;;;;;;;;;;;;;;;;;;;;;;;;;;;;;;;;;;;;;;;;;;;;;;;;;;;;;;;;;;;;;;;;;;;;;;;;;;;;;;;;;;;;;;;;;;;;;;;;;;;;;;;;;;;;;;;;;;;;;;;;;;;;;;;;;;;;;;;;;;;;;;;06JAN1978;5;2;3;2;2;3;;NRP;;;;2;0;0;2;0;1;SUZUKI;650;SV-N;ROADSTER;2;2002;28;3;1;2000;7;;;;;;;;;;;;;;;;;;;;;;;;;;;;;;;;;;;;;;;;;;;;;2000;3;4;;;;;;;;NRP;NRP;NRP;NRP;2001;NRP;NRP;1996;NRP
2053;4944;;1;0;6;;;;;;0;6;;;;;;0;6;;;;;;0;6;;;;;;1;6;1973;;;;;0;5;;;;;;0;5;;;;;;0;3;;;;;;1;5;1973;;;;;0;6;;;;;;1;6;1978;;;;;0;4;;;;;;0;4;;;;;;0;4;;;;;;0;;;;;;;;;;;;;;;;;;;3;2;40;1;21;5;1973;;;;;;;;;;;;;;;;;;;;;;;;;;;;;;;;;;;;;;;;;;;;;;;;;;;;;;;;;;;;;;;;;;;;;;;;;;;;;;;;;;;;;;;;;;;;;;;;;;;;;;;;;;;;;;;;;;;;;;;;;;;;;;;;;;;;;;;;;;;;;;;;;;;;;;;;;;;;;;12FEB1957;5;2;3;2;2;3;;NRP;;;;3;1;0;3;0;3;HONDA;750;CB  K2;ROADSTER;2;1971;27;4;1;500;7;HONDA;1300;PAN EUROPEAN C-ABS;Routière / GT;2;2003;28;3;1;6000;7;YAMAHA;600;FZ6-S FAZER;ROADSTER;2;2005;28;2;2;2000;7;;;;;;;;;;;;;;;;;;;;;;;8500;2;3;4;;;;;;;NRP;NRP;NRP;1973;1975;NRP;NRP;1977;NRP
1258;4945;;1;0;4;;;;;;0;4;;;;;;0;4;;;;;;0;3;;;;;;0;5;;;;;;0;4;;;;;;0;3;;;;;;0;3;;;;;;0;3;;;;;;0;4;;;;;;0;5;;;;;;0;5;;;;;;0;3;;;;;;0;5;;;;;;1;1;2012;;;;;La tour du pin;;;;;Le véhicule venant dans le sens opposé circulait à gauche et ma percuté.;;;;;0;0;34;1;34;1;71;15;2012;La tour du pin;;;;;;;;;;;;;;;;;;;;;;;;;;;;;;;;;;;;;;;;;;;;;;;;;;;;;;;;;;;;;;;;;;;;;;;;;;;;;;;;;;;;;;;;;;;;;;;;;;;;;;;;;;;;;;;;;;;;;;;;;;;;;;;;;;;;;;;;;;;;;;;;;;;;;;;;;;;;;19OCT1960;7;2;3;2;2;3;;NRP;;;;2;0;0;1;0;1;BMW;1200;R1200RT;Routière / GT;2;2012;31;3;1;7500;7;;;;;;;;;;;;;;;;;;;;;;;;;;;;;;;;;;;;;;;;;;;;;7500;3;;;;;;;;;NRP;NRP;NRP;NRP;1979;NRP;NRP;NRP;NRP
1854;4946;;1;1;4;1990;;;;;1;5;1989;;;;;1;5;1993;;;;;0;4;;;;;;0;5;;;;;;0;2;;;;;;0;2;;;;;;0;2;;;;;;1;2;1991;;;;;0;2;;;;;;0;6;;;;;;0;3;;;;;;0;4;;;;;;1;5;1990;;;;;0;;;;;;;;;;;;;;;;;;;2;1;25;0;;NRP;;;;;;;;;;;;;;;;;;;;;;;;;;;;;;;;;;;;;;;;;;;;;;;;;;;;;;;;;;;;;;;;;;;;;;;;;;;;;;;;;;;;;;;;;;;;;;;;;;;;;;;;;;;;;;;;;;;;;;;;;;;;;;;;;;;;;;;;;;;;;;;;;;;;;;;;;;;;;;;18APR1972;8;2;3;1;4;4;2;NRP;;;;2;0;0;1;0;1;YAMAHA;600;FZS FAZER;ROADSTER;2;2000;15;1;2;7000;7;;;;;;;;;;;;;;;;;;;;;;;;;;;;;;;;;;;;;;;;;;;;;7000;2;3;4;;;;;;;NRP;NRP;NRP;1989;1990;NRP;NRP;1994;NRP
2182;4947;;1;0;6;;;;;;0;6;;;;;;1;4;NSP;;;;;0;2;;;;;;0;3;;;;;;0;6;;;;;;0;5;;;;;;0;5;;;;;;0;4;;;;;;0;2;;;;;;0;5;;;;;;0;3;;;;;;1;3;NSP;;;;;0;3;;;;;;0;;;;;;;;;;;;;;;;;;;0;0;20;0;;NRP;;;;;;;;;;;;;;;;;;;;;;;;;;;;;;;;;;;;;;;;;;;;;;;;;;;;;;;;;;;;;;;;;;;;;;;;;;;;;;;;;;;;;;;;;;;;;;;;;;;;;;;;;;;;;;;;;;;;;;;;;;;;;;;;;;;;;;;;;;;;;;;;;;;;;;;;;;;;;;;30MAR1956;5;1;3;2;2;3;;NRP;;;;1;0;0;2;0;2;YAMAHA;1700;MT-01;ROADSTER;2;2007;37;2;2;9000;3;HONDA;500;CX500C;CUSTOM;2;2000;40;4;1;500;7;;;;;;;;;;;;;;;;;;;;;;;;;;;;;;;;;;9500;3;4;;;;;;;;NRP;NRP;NRP;NRP;1988;NRP;NRP;1977;NRP
1660;4948;;1;0;5;;;;;;0;4;;;;;;0;4;;;;;;0;3;;;;;;0;5;;;;;;0;2;;;;;;0;2;;;;;;0;5;;;;;;0;4;;;;;;0;1;;;;;;0;3;;;;;;0;2;;;;;;2;3;2000;2001;;;;0;2;;;;;;0;;;;;;;;;;;;;;;;;;;5;0;16;1;61;13;2000;;;;;;;;;;;;;;;;;;;;;;;;;;;;;;;;;;;;;;;;;;;;;;;;;;;;;;;;;;;;;;;;;;;;;;;;;;;;;;;;;;;;;;;;;;;;;;;;;;;;;;;;;;;;;;;;;;;;;;;;;;;;;;;;;;;;;;;;;;;;;;;;;;;;;;;;;;;;;;12SEP1973;7;1;3;2;2;3;;NRP;;;;1;0;0;1;0;1;TRIUMPH;675;STREET TRIPLE;ROADSTER;2;2010;37;1;1;10000;7;;;;;;;;;;;;;;;;;;;;;;;;;;;;;;;;;;;;;;;;;;;;;10000;4;3;2;;;;;;;NRP;NRP;NRP;1994;1994;NRP;NRP;1991;NRP
791;4949;;0;;;;;;;;;;;;;;;;;;;;;;;;;;;;;;;;;;;;;;;;;;;;;;;;;;;;;;;;;;;;;;;;;;;;;;;;;;;;;;;;;;;;;;;;;;;;;;;;;;;;;;;;;;;;;;;;;;;;;;;;;;;;;;;;;;;;;;;;;;;;;;;;;;;;;;;;;;;;;;;;;;;;;;;;;;;;;;;;;;;;;;;;;;;;;;;;;;;;;;;;;;;;;;;;;;;;;;;;;;;;;;;;;;;;;;;;;;;;;;;;;;;;;;;;;;;;;;;;;;;;;;;;;;;;;;;;;;;;;;;;;;02SEP1956;5;2;3;2;2;3;;NRP;;;;2;3;0;3;0;3;HONDA;1800;GOLD WING;Routière / GT;2;2009;21;3;1;12000;7;HONDA;600;VT SHADOW;CUSTOM;2;1993;21;2;1;10000;7;HONDA;125;VT SHADOW;CUSTOM;2;1999;21;4;1;500;7;;;;;;;;;;;;;;;;;;;;;;;22500;3;4;;;;;;;;NRP;NRP;NRP;NRP;2005;NRP;NRP;1975;NRP
1718;4950;;0;;;;;;;;;;;;;;;;;;;;;;;;;;;;;;;;;;;;;;;;;;;;;;;;;;;;;;;;;;;;;;;;;;;;;;;;;;;;;;;;;;;;;;;;;;;;;;;;;;;;;;;;;;;;;;;;;;;;;;;;;;;;;;;;;;;;;;;;;;;;;;;;;;;;;;;;;;;;;;;;;;;;;;;;;;;;;;;;;;;;;;;;;;;;;;;;;;;;;;;;;;;;;;;;;;;;;;;;;;;;;;;;;;;;;;;;;;;;;;;;;;;;;;;;;;;;;;;;;;;;;;;;;;;;;;;;;;;;;;;;;;27NOV1953;5;2;3;2;4;4;2;NRP;;;;1;0;0;1;0;1;HARLEY-DAVIDSON;1690;STREET GLIDE ABS;Routière / GT;2;2013;31;2;1;10000;7;;;;;;;;;;;;;;;;;;;;;;;;;;;;;;;;;;;;;;;;;;;;;10000;3;4;;;;;;;;NRP;NRP;NRP;NRP;1972;NRP;NRP;1972;NRP
834;4951;468;1;0;4;;;;;;0;4;;;;;;0;3;;;;;;0;3;;;;;;0;4;;;;;;0;3;;;;;;1;3;2009;;;;;0;4;;;;;;0;3;;;;;;0;3;;;;;;0;3;;;;;;0;3;;;;;;0;3;;;;;;0;3;;;;;;0;;;;;;;;;;;;;;;;;;;2;1;32;1;31;7;2009;;2009;Vous avez fait une sortie de route, une perte de contrôle ou une glissade puis avez percuté un véhicule arrivant en sens inverse.;4;6;;;;;;J'arrivais dans un virage à droite en montée et au sortir de l'ombre des arbres. Il était environ 9h30 et j'ai été ébloui par le soleil levant, c'était en février. D'après les occupants de la voiture que j'ai percuté sur le coté je ne roulais pas vite, le passager de celle-ci était un policier en retraite. J'ai glissé le long du véhicule puis perdu l'équilibre et fini au fond fu fossé avec la moto sur le dos.;La déconcentration, je regardais le paysage et le virage m'est apparu en même temps que le soleil de face.;NRP;1;1;Il aurait suffi de porter mon regard plus loin et de couper très légèrement les gaz.;Je ne l'explique pas.;;2;1;NSP;;NSP;2;c'est moi qui ait raté mon virage, la voiture était à sa place, je ne roulai pas vite et elle non plus.;1;;;;;;;1;;;;;;;Au moment du choque j'ai compris immédiatement qu'il y aurait de la casse physique et materiel.;4;3;;;1;3;4;4;1;1;1;1;1;1;1;1;1;2;4;;;;;;;;2;;;;;;;;;2;2;;2;2;1;1;100;0;0;0;0;2;;;;;;2;1;;;;2;1;4;7;;;;;;1;1;3;2;3;;0;80;1;2;3;4;9;;;;;;4;4;4;3;NRP;4;APRILIA;1000;CAPONORD (ETV) ABS;TRAIL / SUPERMOTARD;2;0;1;1;1;1;1;0;1;1;1;15000;12;3;1;APRILIA;1000;RS-T FUTURA;Routière / GT;2;4;3;19MAR1961;7;1;3;2;3;4;1;NRP;;;;2;0;0;2;0;2;MOTO GUZZI;1200;SPORT;ROADSTER;2;2007;37;3;1;15000;7;YAMAHA;600;XT;TRAIL / SUPERMOTARD;2;1987;37;4;1;1500;7;;;;;;;;;;;;;;;;;;;;;;;;;;;;;;;;;;16500;2;3;4;;;;;;;NRP;NRP;NRP;1977;1980;NRP;NRP;1979;NRP
179;4953;;0;;;;;;;;;;;;;;;;;;;;;;;;;;;;;;;;;;;;;;;;;;;;;;;;;;;;;;;;;;;;;;;;;;;;;;;;;;;;;;;;;;;;;;;;;;;;;;;;;;;;;;;;;;;;;;;;;;;;;;;;;;;;;;;;;;;;;;;;;;;;;;;;;;;;;;;;;;;;;;;;;;;;;;;;;;;;;;;;;;;;;;;;;;;;;;;;;;;;;;;;;;;;;;;;;;;;;;;;;;;;;;;;;;;;;;;;;;;;;;;;;;;;;;;;;;;;;;;;;;;;;;;;;;;;;;;;;;;;;;;;;;08JUL1967;5;2;3;2;3;4;1;NRP;;;;2;0;0;1;0;1;YAMAHA;800;FAZER8 ABS;ROADSTER;2;2010;28;1;2;10000;7;;;;;;;;;;;;;;;;;;;;;;;;;;;;;;;;;;;;;;;;;;;;;10000;2;3;4;;;;;;;NRP;NRP;NRP;1983;1986;NRP;NRP;1985;NRP
1233;4954;232;1;0;5;;;;;;0;4;;;;;;0;5;;;;;;0;2;;;;;;1;4;2008;;;;;0;4;;;;;;0;3;;;;;;0;4;;;;;;2;4;2011;2013;;;;0;5;;;;;;0;5;;;;;;0;3;;;;;;0;4;;;;;;0;4;;;;;;0;;;;;;;;;;;;;;;;;;;3;2;8;1;41;9;2011;;2011;Vous avez fait une sortie de route, une perte de contrôle ou une glissade sans rien percuter.;4;;;;;;;"Je venais de démarrer, je quitte le trottoir, incline la moto pour prendre la direction voulue vers ma droite, j'accélère pour m'élancer.  J'ai subitement senti que ""quelque chose"" se passait sans avoir le temps d'analyser ni de réagir.  L'accélération au lieu de propulser la moto vers l'avant m'a violemment plaqué au sol côté gauche. Il semblerait qu'il y ait eu perte d'adhérence à la roue arrière.  Le temps était sec et chaud. Par contre, le bateau par lequel j'ai quitté le trottoir est fréquemment souillé en raison du mauvais état de la chaussée et du passage à cet endroit.  Pour autant, la cause exacte de cette chute reste un mystère pour moi.  Je m'élançais juste et je n'avais donc pas de vitesse, pourtant j'ai été plaqué très violemment au sol. ça plus le poids de la moto (250 kg) m'ont valu 4 fractures aux côtes et une petite fracture du pied sans gravité.  Le souvenir le plus vif que je garde est celui de la douleur que j'ai ressenti quand j'ai chuté. Je suis resté au sol tétanisé par la douleur pendant quelques instants avant de me relever.  J'ai pu relever la moto, aller aux urgences, dont je suis parti après une heure d'attente pour reprendre la moto et rentrer chez moi. Le lendemain matin je ne pouvais plus marcher, j'ai vu mon généraliste qui m'a fait passer des radios, puis envoyé en clinique pour plâtrer le pied.";La cause exacte de cette chute reste un mystère pour moi. Je subodore que j'ai ramassé une substance grasse sur le flanc du pneu et que quand j'ai incliné la moto et accéléré, je suis passé dessus et que ça a fait déraper l'arrière.;J'ai incliné la moto et accéléré.   Je l'ai sentie partir mais j'étais au sol avant de réagir. ça été très vite (moins d' 1/2 seconde)  Je n'ai touché à aucune commande, hors la poignée d'accélérateur et un appui à droite pour basculer la moto et prendre la direction voulue;AUT|pas eu le temps, ça a été très vite;0;;;trop rapide. chute quasi immédiate;3;0;;;;;;2;3;6;;;;;;1;2;;;3;;j'étais dans une situation normale, sans danger particulier, répétée des dizaines de fois chaque jour, totalement banale, rien ne pouvais laisser présager d'un problème ou d'un risque;4;3;;;1;1;3;1;3;1;1;3;4;3;4;4;4;4;5;;;;;;;;1;5;;;;;;;;2;1;2;2;2;1;1;25;0;0;75;0;2;;;;;;1;1;;;;2;1;3;7;;;;;;0;;1;1;3;;0;35;1;2;3;4;9;;;;;;4;4;4;4;4;NRP;HONDA;800;VFR-F V-TEC ABS;Routière / GT;2;0;0;0;1;1;1;1;1;1;1;41000;12;2;1;HONDA;600;CB-F S ABS;ROADSTER;2;4;4;22JUL1968;5;2;3;2;1;1;;NRP;;;;0;0;0;1;0;1;HONDA;800;VFR-F;Routière / GT;2;2008;28;1;2;20000;6;;;;;;;;;;;;;;;;;;;;;;;;;;;;;;;;;;;;;;;;;;;;;20000;3;4;;;;;;;;NRP;NRP;NRP;NRP;2007;NRP;NRP;1987;NRP