Ligne;Ligne Q qualif;Ligne approfondissement Accident;ACCIDENT;NBACC1;ACCFREQUENCE1;ANNEEACC1_1;ANNEEACC1_2;ANNEEACC1_3;ANNEEACC1_4;ANNEEACC1_5;NBACC2;ACCFREQUENCE2;ANNEEACC2_1;ANNEEACC2_2;ANNEEACC2_3;ANNEEACC2_4;ANNEEACC2_5;NBACC3;ACCFREQUENCE3;ANNEEACC3_1;ANNEEACC3_2;ANNEEACC3_3;ANNEEACC3_4;ANNEEACC3_5;NBACC4;ACCFREQUENCE4;ANNEEACC4_1;ANNEEACC4_2;ANNEEACC4_3;ANNEEACC4_4;ANNEEACC4_5;NBACC5;ACCFREQUENCE5;ANNEEACC5_1;ANNEEACC5_2;ANNEEACC5_3;ANNEEACC5_4;ANNEEACC5_5;NBACC6;ACCFREQUENCE6;ANNEEACC6_1;ANNEEACC6_2;ANNEEACC6_3;ANNEEACC6_4;ANNEEACC6_5;NBACC7;ACCFREQUENCE7;ANNEEACC7_1;ANNEEACC7_2;ANNEEACC7_3;ANNEEACC7_4;ANNEEACC7_5;NBACC8;ACCFREQUENCE8;ANNEEACC8_1;ANNEEACC8_2;ANNEEACC8_3;ANNEEACC8_4;ANNEEACC8_5;NBACC9;ACCFREQUENCE9;ANNEEACC9_1;ANNEEACC9_2;ANNEEACC9_3;ANNEEACC9_4;ANNEEACC9_5;NBACC10;ACCFREQUENCE10;ANNEEACC10_1;ANNEEACC10_2;ANNEEACC10_3;ANNEEACC10_4;ANNEEACC10_5;NBACC11;ACCFREQUENCE11;ANNEEACC11_1;ANNEEACC11_2;ANNEEACC11_3;ANNEEACC11_4;ANNEEACC11_5;NBACC12;ACCFREQUENCE12;ANNEEACC12_1;ANNEEACC12_2;ANNEEACC12_3;ANNEEACC12_4;ANNEEACC12_5;NBACC13;ACCFREQUENCE13;ANNEEACC13_1;ANNEEACC13_2;ANNEEACC13_3;ANNEEACC13_4;ANNEEACC13_5;NBACC14;ACCFREQUENCE14;ANNEEACC14_1;ANNEEACC14_2;ANNEEACC14_3;ANNEEACC14_4;ANNEEACC14_5;AUTRESACC;NBAUTRESACC;ANNEEAUTREACC1;ANNEEAUTREACC2;ANNEEAUTREACC3;ANNEEAUTREACC4;ANNEEAUTREACC5;LIEUAUTREACC1;LIEUAUTREACC2;LIEUAUTREACC3;LIEUAUTREACC4;LIEUAUTREACC5;DESCRIPTIONAUTRESACC1;DESCRIPTIONAUTRESACC2;DESCRIPTIONAUTRESACC3;DESCRIPTIONAUTRESACC4;DESCRIPTIONAUTRESACC5;NBAUTRESACCCIRCUIT;NBAUTRESTOUTTERRAIN;EXPCYCLO;EXP125;EXPSUP125;ACCORDNEXTQ;CHOIXACC;RGPMTACC;RECUPANNEE;RECUPLIEU;RECUPANNE;RGPMTAC;CHOIX1;CHOIX2;CHOIX3;CHOIX4;CHOIX5;CHOIX6;CHOIX7;DESCRIPTION;RUPTURE;FAITS;ABS_REACTION;AUTRE_REACTION;PRECISIONREACTIONOUI;RECUL;PRECISIONREACTIONNON;IMPACTCOMPORTEMENT;AUTREUSAGER;REACTIONAUTREUSAGER;CONNAISSANCEREACTIONUSAGER;DIFFICULTES;AGGRAVATION;DIFFICULTES2;EMOTIONS1;EMOTIONS2;EMOTIONS3;EMOTIONS4;EMOTIONS5;EMOTIONS6;AUTRESENTIMENT;CLASSEMENTEMOTIONS1;CLASSEMENTEMOTIONS;CLASSEMENTEMOTIONS5;CLASSEMENTEMOTIONS6;CLASSEMENTEMOTIONS7;CLASSEMENTEMOTIONS8;CLASSEMENTEMOTIONS9;EXPLICATIONRESSENTI;BIENEQUIPE;ALLURE;ALLUREVITEDETAIL;ALLURELENTEDETAIL;SITUATIONPRESSE;SITUATIONDISTRAIT;SITUATIONCONFIANT;SITUATIONCONTROLE;SITUATIONLUDIQUE;SITUATIONPERF;SITUATIONSTRESS;SITUATIONFATIGUE;HUMEURNEUTRE;HUMEURGAI;HUMEURMECONTENT;HUMEURTRISTE;HUMEURCOLERE;CONTRIBUTION1;CONTRIBUTION2;CONTRIBUTION3;CONTRIBUTION4;CONTRIBUTION5;CONTRIBUTION6;CONTRIBUTION7;CONTRIBUTION8;CONTRIBUTION9;ROLEINFRA;ELEMENTINFRA1;ELEMENTINFRA2;ELEMENTINFRA3;ELEMENTINFRA4;ELEMENTINFRA5;ELEMENTINFRA6;ELEMENTINFRA7;ELEMENTINFRA8;ELEMENTINFRA9;ALCOOL;TXALCOOL;STUP;SEMAINE;MOMENTJOURNEE;TEMPS;CAUSEACC1;CAUSEACC2;CAUSEACC3;CAUSEACC4;CAUSEACC5;FORMATIONCAUSE;FORMATION1;FORMATION2;FORMATION3;FORMATION4;FORMATION5;TRAFIC;CHAUSSEE1;CHAUSSEE2;CHAUSSEE3;CHAUSSEE4;TYPEACC;BLESSURE;TETE;COU;THORAX;MEMBRESSUP;COLONNE;BASSIN;MEMBRESINF;HOPITAL;PLUS24H;TRAJET;TYPEROUTE;MOTIF;SENSTRAJET;PASSAGER;VITESSE;DESCEQ1;DESCEQ2;DESCEQ3;DESCEQ4;DESCEQ5;DESCEQ6;DESCEQ7;DESCEQ8;DESCEQ9;DESCEQ10;VEHICULEETE;VEHICULEAUTOMNE;VEHICULEPRINTEMPS;VEHICULEHIVER;VEHICULESEMAINE;VEHICULEWE;VEHMARQUE;VEHCYLINDREE;VEHMODELE;VEHSEGMENT;VEHSIDE;EQ2RMABS;EQ2RMCBS;EQ2RMABSCBS;EQ2RMREGULATEUR;EQ2RMLIMITEUR;EQ2RMPHARESDIRECT;EQ2RMCOUPURE;EQ2RMANTIPATINAGE;EQ2RMANTIXHEELING;EQ2RMSTABILILTE;VEHKM;POINTS;DUREE;AUTRE2RM;VEHPRECMARQUE;VEHPRECCYLINDREE;VEHPRECMODELE;VEHPRECSEGMENT;VEHPRECSIDE;TEMPS2RMPREC;FREQVEHPREC;DATE_NAISS;CSP;SOCIETAIRE;SALARIE;SECTEUR2RM;NBPERSFOYER;SITFAM;NBENF;TRNBENF1;TRNBENF2;TRNBENF3;TRNBENF4;NBAUTOFOYER;NBCYCLOFOYER;NBSCOOTFOYER;NBMOTOFOYER;NBTRIKEFOYER;NB2RMCONDUIT;MARQUE1;CYLINDREE1;MODELE1;SEGMENT1;SIDE1;ANMISECIRCU1;ASS1;FREQ1;USAGE1;NBKM1;GARAGE1;MARQUE2;CYLINDREE2;MODELE2;SEGMENT2;SIDE2;ANMISECIRCU2;ASS2;FREQ2;USAGE2;NBKM2;GARAGE2;MARQUE3;CYLINDREE3;MODELE3;SEGMENT3;SIDE3;ANMISECIRCU3;ASS3;FREQ3;USAGE3;NBKM3;GARAGE3;MARQUE4;CYLINDREE4;MODELE4;SEGMENT4;SIDE4;ANMISECIRCU4;ASS4;FREQ4;USAGE4;NBKM4;GARAGE4;MARQUE5;CYLINDREE5;MODELE5;SEGMENT5;SIDE5;ANMISECIRCU5;ASS5;FREQ5;USAGE5;NBKM5;GARAGE5;NBKMTOT;PERMIS1;PERMIS2;PERMIS3;PERMIS4;PERMIS5;PERMIS6;PERMIS7;PERMIS8;PERMIS9;ANPERMIS1;ANPERMIS6;ANPERMIS7;ANPERMIS2;ANPERMIS3;ANPERMIS8;ANPERMIS9;ANPERMIS4;ANPERMIS5
604;4977;238;1;0;3;;;;;;1;5;1990;;;;;3;6;1991;1997;2004;;;0;5;;;;;;1;5;2006;;;;;1;4;2003;;;;;0;3;;;;;;0;4;;;;;;1;5;2009;;;;;0;5;;;;;;1;6;1989;;;;;0;4;;;;;;0;4;;;;;;0;5;;;;;;1;1;2004;;;;;Montrouge;;;;;Le feu passe au vert la camion devant moi demarre puis freine brusquement, je freine et je me fais percuter par le vehicule derriere moi.;;;;;0;0;3;14;23;1;6;2;1990;;1990;Vous circuliez derrière un véhicule. Ce véhicule a ralenti. Vous avez entrepris de dépasser ce véhicule par la gauche et celui-ci vous a coupé la route en tournant à gauche (ou en effectuant un ½ tour;6;;;;;;;Les circonstances de cet accident sont somme toutes assez banales, 4 voitures suivaient un camion, je suppose depuis un certain temps déjà lorsque je suis arrivé derrière le 4ème véhicule en entrée d'un virage à droite. A la sortie de ce virage une opportunité de dépassement s'est présentée, j'ai donc mis mon clignotant, déboité et c'est au moment où j'arrivai au niveau de l'aile arrière gauche (100km/h environ) du véhicule me précédant que celui a déboité brusquement et m'a percuté avec celle-ci, ce qui vu la façon dont la moto s'est couchée sur le coté droit, a du, je suppose,  actionner mon frein avant. J'ai qualifié cet accident de banal, parce qu'il réunit toutes les conditions propices à ce qui s'est passé,  - véhicule lent qui ralentit et agace les usagers coincés derrière,  - moto pas forcément visible du fait de son arrivée derrière le véhicule dans un virage - vigilance altérée par la chaleur et l'énervement  Cette expérience (et l'âge) font que, depuis,je m'assure d'être vu dans le rétro avant d'entreprendre la moindre maneuvre. Je n'en veux pas au conducteur de la voiture en ce qui concerne l'accident à proprement dit, en revanche, ce qui m'a le plus agacé ainsi que les motards de la Police arrivés en premier sur les lieux de l'accident, c'est la mauvaise foi affichée par le conducteur concerné.;Tout est dans la réponse à la question précédente.;Lorsque j'ai vu que le véhicule déboitait alors que j'étais en pleine accélération pour le dépasser, j'ai juste eu le temps de lâcher l'accélérateur avant que son aile arrière actionne mon frein avant.;NRP;0;;;Vue la situation et la vitesse à laquelle les évènements se sont enchainés , aucune échappatoire n'était possible.;2;1;NSP;;agacé car coincé derrière un camion, donc moins vigilant visibilité d'une moto en plein soleil;NSP;NSP;1;2;6;;;;;2;1;;;;3;;J'étais persuadé que le conducteur m'avait vu et entendu et je ne m'attendais pas du tout à ce qu'il fasse ce qu'il a fait.;2;3;;;2;1;3;4;2;1;1;2;1;4;4;4;4;5;;;;;;;;;2;;;;;;;;;2;2;;2;2;1;1;5;95;0;0;0;1;3;;;;;2;1;;;;2;1;4;;;;;;;1;0;3;2;3;;0;100;1;10;2;5;;;;;;;4;4;4;4;4;4;KAWASAKI;500;GPZ-S;Routière / GT;2;1;1;1;1;1;1;1;1;1;1;30000;12;3;1;YAMAHA;250;TDR;Routière / GT;2;4;4;15SEP1966;5;1;3;2;1;1;;NRP;;;;1;0;1;1;0;2;TRIUMPH;955;SPRINT ST;Routière / GT;2;1999;37;2;1;5000;4;APRILIA;125;HABANA;SCOOTER;2;2000;33;1;2;5000;1;;;;;;;;;;;;;;;;;;;;;;;;;;;;;;;;;;10000;3;4;;;;;;;;NRP;NRP;NRP;NRP;1986;NRP;NRP;1985;NRP
234;4979;;0;;;;;;;;;;;;;;;;;;;;;;;;;;;;;;;;;;;;;;;;;;;;;;;;;;;;;;;;;;;;;;;;;;;;;;;;;;;;;;;;;;;;;;;;;;;;;;;;;;;;;;;;;;;;;;;;;;;;;;;;;;;;;;;;;;;;;;;;;;;;;;;;;;;;;;;;;;;;;;;;;;;;;;;;;;;;;;;;;;;;;;;;;;;;;;;;;;;;;;;;;;;;;;;;;;;;;;;;;;;;;;;;;;;;;;;;;;;;;;;;;;;;;;;;;;;;;;;;;;;;;;;;;;;;;;;;;;;;;;;;;;02AUG1957;6;2;3;2;2;3;;NRP;;;;1;0;0;2;0;2;BMW;1200;R1200GS ADVENTURE ABS;TRAIL / SUPERMOTARD;2;2012;16;3;1;7000;7;BMW;1000;R100RS;Routière / GT;2;1976;31;3;1;1500;7;;;;;;;;;;;;;;;;;;;;;;;;;;;;;;;;;;8500;3;4;;;;;;;;NRP;NRP;NRP;NRP;1997;NRP;NRP;1976;NRP
674;4984;462;1;0;5;;;;;;0;4;;;;;;0;5;;;;;;0;4;;;;;;0;5;;;;;;0;4;;;;;;0;3;;;;;;0;3;;;;;;0;3;;;;;;0;5;;;;;;0;5;;;;;;0;5;;;;;;0;3;;;;;;0;5;;;;;;1;2;2005;2011;;;;Clichy;Clichy;;;;Accident non responsable : Une voiture m'a percutée à l'arrière dans un rond-point.;Accident non responsable : je me suis arrêtée pour laisser passer des piétons sur passage cloutés. Une voiture m'a percutée à derrière car elle était au téléphone et ne m'a pas remarquée que je m'étais arrêtée.;;;;0;0;4;2;10;1;71;15;2005;Clichy;2005;Autre(s) type(s) d'accident(s).;2;;;;;;;C'est une voiture qui ne s'est pas arrêtée et m'a taper à l'arrière de la moto. Très vite les personnes qui sont en torts essaient de trouver des arguments contre le 2 roues. Les automobilistes pensent qu'on est toujours en faute de part notre façon de conduire. Ce qui n'est pas toujours le cas.;J'ai freiné pour laisser une voiture arrivant par la droite mais la voiture derrière n'avait pas anticipé la priorité à droite.;Je n'ai pas réagi car je n'ai pas pu voir qu'on me taperait par l'arrière. Je me suis retrouvée par terre sans comprendre sur le moment pourquoi.;3;0;;;Parce que j'étais focalisée sur la priorité à droite et pas sur ce qui se passait derrière moi.;2;1;NSP;;NSP;1;Il n'a pas été vigilant à son environnement;7;;;;;;;;;;;;;;;4;4;;;1;1;3;3;3;1;2;1;1;3;4;4;4;10;;;;;;;;;1;2;;;;;;;;2;2;;2;1;1;1;0;80;0;20;0;2;;;;;;3;1;;;;2;1;4;7;;;;;;1;0;1;1;1;1;0;0;1;2;3;4;7;9;;;;;4;4;4;4;4;2;KAWASAKI;750;Z 750-S IE;ROADSTER;2;1;1;1;1;1;1;1;1;1;1;15000;12;4;1;YAMAHA;600;FZ6-S FAZER;ROADSTER;2;4;4;12APR1970;5;1;3;2;3;4;1;NRP;;;;2;0;0;1;0;1;YAMAHA;800;FAZER8 ABS;ROADSTER;2;2010;37;3;2;12000;2;;;;;;;;;;;;;;;;;;;;;;;;;;;;;;;;;;;;;;;;;;;;;12000;3;4;;;;;;;;NRP;NRP;NRP;NRP;1988;NRP;NRP;2003;NRP
91;4985;;1;0;3;;;;;;0;3;;;;;;0;3;;;;;;0;2;;;;;;1;5;NSP;;;;;0;3;;;;;;0;3;;;;;;0;3;;;;;;0;4;;;;;;0;3;;;;;;0;4;;;;;;0;4;;;;;;0;4;;;;;;2;6;NSP;2010;;;;1;1;NSP;;;;;nevers;;;;;un scooter conduit par un jeune inéxpérimenté (venait d'avoir le BSR) est venu de ma gauche pour me percuter je roulais à 25/30 à l'heure sur un parking le jeune s'est laissé entraîner par le scoot;;;;;0;0;5;4;30;0;;NRP;;;;;;;;;;;;;;;;;;;;;;;;;;;;;;;;;;;;;;;;;;;;;;;;;;;;;;;;;;;;;;;;;;;;;;;;;;;;;;;;;;;;;;;;;;;;;;;;;;;;;;;;;;;;;;;;;;;;;;;;;;;;;;;;;;;;;;;;;;;;;;;;;;;;;;;;;;;;;;;02APR1954;7;2;3;2;2;3;;NRP;;;;2;0;0;2;0;2;YAMAHA;1300;FJR ABS  AS;Routière / GT;2;2011;28;1;2;20000;7;SUZUKI;125;GN125D;CUSTOM;2;2004;28;3;2;500;7;;;;;;;;;;;;;;;;;;;;;;;;;;;;;;;;;;20500;3;4;;;;;;;;NRP;NRP;NRP;NRP;1979;NRP;NRP;1976;NRP
870;4986;341;1;0;3;;;;;;0;5;;;;;;0;6;;;;;;0;3;;;;;;2;6;1997;2007;;;;0;5;;;;;;0;4;;;;;;0;3;;;;;;4;6;NSP;NSP;NSP;NSP;;0;3;;;;;;0;4;;;;;;0;4;;;;;;1;4;1993;;;;;0;4;;;;;;0;;;;;;;;;;;;;;;;;;;3;0;22;1;21;5;1997;;1997;Vous circuliez sur un axe prioritaire. Un véhicule venant d’un axe non prioritaire vous a coupé la route.;2;;;;;;;la voiture (un 90 au cu de puis 15 jours) n' a pas fait son ceder le passage car presse a aller passer son bac moi j'ai glisser sur 20 métres jambe bloque sous la moto . ce s'ai passer dans mon village au mois de juin;pas de temps de reagir car il a grier le ceder de passage, j'ai ete a 2 metre de lui;rien pus faire car surpris que la voiture n'aller pas faire son ceder de passage;1;0;;;car 2 metre est vite parcouru mais à 50Km/h;2;1;1;AUT|arreter;il ont soulever la moto qui bloquer ma jambe des gens dans les maison on appeler la gendarmerie;2;NSP;2;5;6;;;;;;1;;;2;3;;NRP;4;3;;;1;1;1;1;1;1;1;1;1;2;4;4;4;10;;;;;;;;;1;2;;;;;;;;2;2;;2;1;1;1;0;100;0;0;0;NSP;;;;;;3;1;;;;2;1;7;;;;;;;0;;1;1;1;1;0;45;1;2;3;5;;;;;;;4;4;4;4;4;4;YAMAHA;600;XT;TRAIL / SUPERMOTARD;2;1;1;1;1;1;1;1;1;2;1;NSP;NSP;2;0;;;;;;;;15OCT1973;7;1;3;2;1;1;;NRP;;;;1;0;1;1;0;2;HARLEY-DAVIDSON;883;SPORTSTER;ROADSTER;2;1997;37;1;2;7500;7;YAMAHA;250;X-CITY PACK;SCOOTER;2;2007;37;1;2;7500;7;;;;;;;;;;;;;;;;;;;;;;;;;;;;;;;;;;15000;2;3;4;;;;;;;NRP;NRP;NRP;1992;1992;NRP;NRP;1994;NRP
493;4987;;0;;;;;;;;;;;;;;;;;;;;;;;;;;;;;;;;;;;;;;;;;;;;;;;;;;;;;;;;;;;;;;;;;;;;;;;;;;;;;;;;;;;;;;;;;;;;;;;;;;;;;;;;;;;;;;;;;;;;;;;;;;;;;;;;;;;;;;;;;;;;;;;;;;;;;;;;;;;;;;;;;;;;;;;;;;;;;;;;;;;;;;;;;;;;;;;;;;;;;;;;;;;;;;;;;;;;;;;;;;;;;;;;;;;;;;;;;;;;;;;;;;;;;;;;;;;;;;;;;;;;;;;;;;;;;;;;;;;;;;;;;;25FEB1968;4;2;3;2;4;4;2;NRP;;;;1;1;0;2;0;2;KAWASAKI;650;ER-6  F  ABS;Routière / GT;2;2010;40;3;1;2000;7;HONDA;600;HORNET;ROADSTER;2;2011;40;3;1;2000;7;;;;;;;;;;;;;;;;;;;;;;;;;;;;;;;;;;4000;2;3;4;;;;;;;NRP;NRP;NRP;1986;2010;NRP;NRP;1986;NRP
1979;4988;;1;0;2;;;;;;0;2;;;;;;0;3;;;;;;0;2;;;;;;1;3;1985;;;;;0;2;;;;;;0;3;;;;;;0;2;;;;;;1;3;1988;;;;;0;1;;;;;;0;3;;;;;;0;1;;;;;;0;3;;;;;;0;2;;;;;;0;;;;;;;;;;;;;;;;;;;2;2;33;1;21;5;1985;;;;;;;;;;;;;;;;;;;;;;;;;;;;;;;;;;;;;;;;;;;;;;;;;;;;;;;;;;;;;;;;;;;;;;;;;;;;;;;;;;;;;;;;;;;;;;;;;;;;;;;;;;;;;;;;;;;;;;;;;;;;;;;;;;;;;;;;;;;;;;;;;;;;;;;;;;;;;;31AUG1963;11;2;3;2;2;2;1;NRP;;;;1;0;0;1;0;1;YAMAHA;900;TDM;ROADSTER;2;2009;29;1;1;15000;7;;;;;;;;;;;;;;;;;;;;;;;;;;;;;;;;;;;;;;;;;;;;;15000;4;3;2;;;;;;;NRP;NRP;NRP;1979;1982;NRP;NRP;1984;NRP
1614;4989;;1;0;5;;;;;;1;5;1991;;;;;0;6;;;;;;0;5;;;;;;0;5;;;;;;0;4;;;;;;0;4;;;;;;0;5;;;;;;1;5;1990;;;;;0;5;;;;;;0;5;;;;;;0;3;;;;;;0;1;;;;;;0;2;;;;;;0;;;;;;;;;;;;;;;;;;;3;0;30;1;41;9;1990;;;;;;;;;;;;;;;;;;;;;;;;;;;;;;;;;;;;;;;;;;;;;;;;;;;;;;;;;;;;;;;;;;;;;;;;;;;;;;;;;;;;;;;;;;;;;;;;;;;;;;;;;;;;;;;;;;;;;;;;;;;;;;;;;;;;;;;;;;;;;;;;;;;;;;;;;;;;;;30MAR1966;8;2;3;2;3;4;1;NRP;;;;1;0;0;3;0;3;HARLEY-DAVIDSON;1340;HERITAGE SOFTAIL CLASSIC;CUSTOM;2;1993;29;1;2;12000;7;MOTO GUZZI;1100;CALIFORNIA;Routière / GT;1;1996;29;3;1;5000;7;KAWASAKI;500;KLE;TRAIL / SUPERMOTARD;2;2003;29;1;2;18000;7;;;;;;;;;;;;;;;;;;;;;;;35000;3;4;;;;;;;;NRP;NRP;NRP;NRP;1986;NRP;NRP;1985;NRP
1015;4990;;1;0;4;;;;;;0;5;;;;;;0;5;;;;;;0;4;;;;;;0;1;;;;;;1;6;2002;;;;;0;4;;;;;;0;2;;;;;;0;6;;;;;;0;1;;;;;;0;4;;;;;;0;1;;;;;;0;1;;;;;;0;4;;;;;;0;;;;;;;;;;;;;;;;;;;2;2;14;1;26;6;2002;;;;;;;;;;;;;;;;;;;;;;;;;;;;;;;;;;;;;;;;;;;;;;;;;;;;;;;;;;;;;;;;;;;;;;;;;;;;;;;;;;;;;;;;;;;;;;;;;;;;;;;;;;;;;;;;;;;;;;;;;;;;;;;;;;;;;;;;;;;;;;;;;;;;;;;;;;;;;;26OCT1980;7;2;3;1;2;3;;NRP;;;;2;0;0;3;0;3;TRIUMPH;955;DAYTONA IE;SPORTIVE;2;2001;10;2;1;8000;4;YAMAHA;850;TRX;Routière / GT;2;1998;10;3;1;5000;4;SUZUKI;650;SV-N;ROADSTER;2;2006;28;3;1;1500;4;;;;;;;;;;;;;;;;;;;;;;;14500;3;4;;;;;;;;NRP;NRP;NRP;NRP;1999;NRP;NRP;1998;NRP
1639;4991;;0;;;;;;;;;;;;;;;;;;;;;;;;;;;;;;;;;;;;;;;;;;;;;;;;;;;;;;;;;;;;;;;;;;;;;;;;;;;;;;;;;;;;;;;;;;;;;;;;;;;;;;;;;;;;;;;;;;;;;;;;;;;;;;;;;;;;;;;;;;;;;;;;;;;;;;;;;;;;;;;;;;;;;;;;;;;;;;;;;;;;;;;;;;;;;;;;;;;;;;;;;;;;;;;;;;;;;;;;;;;;;;;;;;;;;;;;;;;;;;;;;;;;;;;;;;;;;;;;;;;;;;;;;;;;;;;;;;;;;;;;;;18NOV1959;5;1;3;2;3;4;1;NRP;;;;2;0;0;1;0;1;SUZUKI;650;BANDIT-N IE;ROADSTER;2;2009;37;2;1;8000;7;;;;;;;;;;;;;;;;;;;;;;;;;;;;;;;;;;;;;;;;;;;;;8000;3;4;;;;;;;;NRP;NRP;NRP;NRP;2010;NRP;NRP;1978;NRP
760;4992;287;1;0;4;;;;;;0;6;;;;;;0;4;;;;;;0;2;;;;;;0;5;;;;;;0;3;;;;;;0;3;;;;;;2;3;1980;1980;;;;0;2;;;;;;0;3;;;;;;0;5;;;;;;0;2;;;;;;0;2;;;;;;0;3;;;;;;1;1;2007;;;;;Route départeme;;;;;Un chevreuil qui fuyait devant moi, a fait volte face et m'a percuté alors que je sortait le pied juste avant l'arrêt complet.;;;;;0;0;4;0;38;1;36;8;1980;;1980;Vous avez fait une sortie de route, une perte de contrôle ou une glissade puis avez percuté un obstacle fixe (panneau, arbre poteau …).;2;AUT|En fait, assez comique.;;;;;;"En tout et pour tout, à ce jour, (hum) je n'ai connu  que trois chutes en trente sept ans de moto! Toutes sans gravité. Celle-ci n'est pas très intéressante puisqu'elle s'est déroulée ""off road"" sur une large piste reliant deux routes le long d'un fleuve. Je roulais à 70 km/h sur mon XT 500 lorsque mon casque (intégral cross Nava) fût heurté par une branche basse qui a traversé en dehors des clous!Je me suis retrouvé sur les fesses (jean Levis 501) cependant que mon vaillant mono continuait sa route sans moi puis disparût en contre-bas dans le lit du (petit) fleuve heureusement dans une partie sèche à cette époque de l'année! Aucun dégat pour ma moto, rien pour moi non plus ni pour le casque, ni même pour le pantalon!";"En une fraction de seconde, j'ai compris que cela ne passait pas et je me suis retrouvé sur les fesses! Comme dans ""les choses de la vie"" il y a une foule d'événements qui se déroulent au ralenti; et dans le déroulement du temps ""normal"" tout va très vite!";NRP;AUT|Cas particulier du roulage hors voie de circulation autorisée, mon état d'esprit était différent de ma vigilance habituelle. Et combien même, les branches basses ne font pas partie des dangers potentiels !;0;;;J'étais en ballade sur un large chemin en parfait état (terrain plat, ligne droite terre sèche roulée et gravillonnée) je roulais sans souci depuis plusieurs centaines de mètres...Cette branche était noyée au milieu de beaucoup d'autres et la seule top basse.;3;0;;;;;;7;;;;;;;;;;;;;;;3;3;;;1;3;4;4;3;1;1;1;4;1;4;4;4;8;;;;;;;;;1;AUT|Hors voie de circulation;;;;;;;;2;2;;2;1;1;1;50;0;0;50;0;2;;;;;;AUT|Seul en infraction;1;;;;1;;;;;;;;;;;3;6;3;;0;70;1;10;2;3;5;;;;;;4;4;4;4;4;4;YAMAHA;500;XT;TRAIL / SUPERMOTARD;2;1;1;1;1;1;1;1;1;1;1;NSP;12;3;1;PEUGEOT;50;103;ROADSTER;2;3;4;18OCT1957;8;1;3;2;4;4;2;NRP;;;;2;2;0;4;0;2;MOTO GUZZI;750;NEVADA;CUSTOM;2;2001;37;2;1;4000;7;MOTO GUZZI;1100;BREVA ABS;ROADSTER;2;2006;37;2;1;4000;7;;;;;;;;;;;;;;;;;;;;;;;;;;;;;;;;;;8000;3;4;;;;;;;;NRP;NRP;NRP;NRP;1978;NRP;NRP;1978;NRP
2084;4993;;1;0;4;;;;;;0;4;;;;;;1;4;1988;;;;;0;4;;;;;;1;4;1989;;;;;0;3;;;;;;0;3;;;;;;0;5;;;;;;1;5;1990;;;;;0;4;;;;;;0;4;;;;;;0;3;;;;;;0;3;;;;;;0;3;;;;;;0;;;;;;;;;;;;;;;;;;;3;2;25;1;21;5;1989;;;;;;;;;;;;;;;;;;;;;;;;;;;;;;;;;;;;;;;;;;;;;;;;;;;;;;;;;;;;;;;;;;;;;;;;;;;;;;;;;;;;;;;;;;;;;;;;;;;;;;;;;;;;;;;;;;;;;;;;;;;;;;;;;;;;;;;;;;;;;;;;;;;;;;;;;;;;;;01APR1962;5;1;3;2;5;4;3;NRP;;;;2;2;0;7;0;8;BMW;1100;R1100R;ROADSTER;2;1998;37;1;3;20000;4;YAMAHA;500;XT;TRAIL / SUPERMOTARD;2;1977;40;4;1;2000;7;YAMAHA;500;SR;ROADSTER;2;1980;37;4;1;1000;7;HONDA;200;TL200R;TOUT TERRAIN (TRIAL, ENDURO, CROSS);2;1983;40;4;1;100;7;YAMAHA;125;TY;TOUT TERRAIN (TRIAL, ENDURO, CROSS);2;1978;40;4;1;100;7;23200;2;3;4;;;;;;;NRP;NRP;NRP;1978;1982;NRP;NRP;1980;NRP
771;4994;;1;0;4;;;;;;0;5;;;;;;0;5;;;;;;0;5;;;;;;1;5;2009;;;;;0;5;;;;;;0;4;;;;;;0;4;;;;;;1;5;2008;;;;;0;5;;;;;;0;5;;;;;;0;3;;;;;;0;5;;;;;;0;4;;;;;;0;;;;;;;;;;;;;;;;;;;0;0;7;0;;NRP;;;;;;;;;;;;;;;;;;;;;;;;;;;;;;;;;;;;;;;;;;;;;;;;;;;;;;;;;;;;;;;;;;;;;;;;;;;;;;;;;;;;;;;;;;;;;;;;;;;;;;;;;;;;;;;;;;;;;;;;;;;;;;;;;;;;;;;;;;;;;;;;;;;;;;;;;;;;;;;15NOV1984;5;1;3;1;2;3;;NRP;;;;2;0;0;1;0;1;SUZUKI;650;SV-S RACING EDITION;Routière / GT;2;2002;37;2;2;5000;6;;;;;;;;;;;;;;;;;;;;;;;;;;;;;;;;;;;;;;;;;;;;;5000;4;3;;;;;;;;NRP;NRP;NRP;NRP;2008;NRP;NRP;2005;NRP