Ligne;Ligne Q qualif;Ligne approfondissement Accident;ACCIDENT;NBACC1;ACCFREQUENCE1;ANNEEACC1_1;ANNEEACC1_2;ANNEEACC1_3;ANNEEACC1_4;ANNEEACC1_5;NBACC2;ACCFREQUENCE2;ANNEEACC2_1;ANNEEACC2_2;ANNEEACC2_3;ANNEEACC2_4;ANNEEACC2_5;NBACC3;ACCFREQUENCE3;ANNEEACC3_1;ANNEEACC3_2;ANNEEACC3_3;ANNEEACC3_4;ANNEEACC3_5;NBACC4;ACCFREQUENCE4;ANNEEACC4_1;ANNEEACC4_2;ANNEEACC4_3;ANNEEACC4_4;ANNEEACC4_5;NBACC5;ACCFREQUENCE5;ANNEEACC5_1;ANNEEACC5_2;ANNEEACC5_3;ANNEEACC5_4;ANNEEACC5_5;NBACC6;ACCFREQUENCE6;ANNEEACC6_1;ANNEEACC6_2;ANNEEACC6_3;ANNEEACC6_4;ANNEEACC6_5;NBACC7;ACCFREQUENCE7;ANNEEACC7_1;ANNEEACC7_2;ANNEEACC7_3;ANNEEACC7_4;ANNEEACC7_5;NBACC8;ACCFREQUENCE8;ANNEEACC8_1;ANNEEACC8_2;ANNEEACC8_3;ANNEEACC8_4;ANNEEACC8_5;NBACC9;ACCFREQUENCE9;ANNEEACC9_1;ANNEEACC9_2;ANNEEACC9_3;ANNEEACC9_4;ANNEEACC9_5;NBACC10;ACCFREQUENCE10;ANNEEACC10_1;ANNEEACC10_2;ANNEEACC10_3;ANNEEACC10_4;ANNEEACC10_5;NBACC11;ACCFREQUENCE11;ANNEEACC11_1;ANNEEACC11_2;ANNEEACC11_3;ANNEEACC11_4;ANNEEACC11_5;NBACC12;ACCFREQUENCE12;ANNEEACC12_1;ANNEEACC12_2;ANNEEACC12_3;ANNEEACC12_4;ANNEEACC12_5;NBACC13;ACCFREQUENCE13;ANNEEACC13_1;ANNEEACC13_2;ANNEEACC13_3;ANNEEACC13_4;ANNEEACC13_5;NBACC14;ACCFREQUENCE14;ANNEEACC14_1;ANNEEACC14_2;ANNEEACC14_3;ANNEEACC14_4;ANNEEACC14_5;AUTRESACC;NBAUTRESACC;ANNEEAUTREACC1;ANNEEAUTREACC2;ANNEEAUTREACC3;ANNEEAUTREACC4;ANNEEAUTREACC5;LIEUAUTREACC1;LIEUAUTREACC2;LIEUAUTREACC3;LIEUAUTREACC4;LIEUAUTREACC5;DESCRIPTIONAUTRESACC1;DESCRIPTIONAUTRESACC2;DESCRIPTIONAUTRESACC3;DESCRIPTIONAUTRESACC4;DESCRIPTIONAUTRESACC5;NBAUTRESACCCIRCUIT;NBAUTRESTOUTTERRAIN;EXPCYCLO;EXP125;EXPSUP125;ACCORDNEXTQ;CHOIXACC;RGPMTACC;RECUPANNEE;RECUPLIEU;RECUPANNE;RGPMTAC;CHOIX1;CHOIX2;CHOIX3;CHOIX4;CHOIX5;CHOIX6;CHOIX7;DESCRIPTION;RUPTURE;FAITS;ABS_REACTION;AUTRE_REACTION;PRECISIONREACTIONOUI;RECUL;PRECISIONREACTIONNON;IMPACTCOMPORTEMENT;AUTREUSAGER;REACTIONAUTREUSAGER;CONNAISSANCEREACTIONUSAGER;DIFFICULTES;AGGRAVATION;DIFFICULTES2;EMOTIONS1;EMOTIONS2;EMOTIONS3;EMOTIONS4;EMOTIONS5;EMOTIONS6;AUTRESENTIMENT;CLASSEMENTEMOTIONS1;CLASSEMENTEMOTIONS;CLASSEMENTEMOTIONS5;CLASSEMENTEMOTIONS6;CLASSEMENTEMOTIONS7;CLASSEMENTEMOTIONS8;CLASSEMENTEMOTIONS9;EXPLICATIONRESSENTI;BIENEQUIPE;ALLURE;ALLUREVITEDETAIL;ALLURELENTEDETAIL;SITUATIONPRESSE;SITUATIONDISTRAIT;SITUATIONCONFIANT;SITUATIONCONTROLE;SITUATIONLUDIQUE;SITUATIONPERF;SITUATIONSTRESS;SITUATIONFATIGUE;HUMEURNEUTRE;HUMEURGAI;HUMEURMECONTENT;HUMEURTRISTE;HUMEURCOLERE;CONTRIBUTION1;CONTRIBUTION2;CONTRIBUTION3;CONTRIBUTION4;CONTRIBUTION5;CONTRIBUTION6;CONTRIBUTION7;CONTRIBUTION8;CONTRIBUTION9;ROLEINFRA;ELEMENTINFRA1;ELEMENTINFRA2;ELEMENTINFRA3;ELEMENTINFRA4;ELEMENTINFRA5;ELEMENTINFRA6;ELEMENTINFRA7;ELEMENTINFRA8;ELEMENTINFRA9;ALCOOL;TXALCOOL;STUP;SEMAINE;MOMENTJOURNEE;TEMPS;CAUSEACC1;CAUSEACC2;CAUSEACC3;CAUSEACC4;CAUSEACC5;FORMATIONCAUSE;FORMATION1;FORMATION2;FORMATION3;FORMATION4;FORMATION5;TRAFIC;CHAUSSEE1;CHAUSSEE2;CHAUSSEE3;CHAUSSEE4;TYPEACC;BLESSURE;TETE;COU;THORAX;MEMBRESSUP;COLONNE;BASSIN;MEMBRESINF;HOPITAL;PLUS24H;TRAJET;TYPEROUTE;MOTIF;SENSTRAJET;PASSAGER;VITESSE;DESCEQ1;DESCEQ2;DESCEQ3;DESCEQ4;DESCEQ5;DESCEQ6;DESCEQ7;DESCEQ8;DESCEQ9;DESCEQ10;VEHICULEETE;VEHICULEAUTOMNE;VEHICULEPRINTEMPS;VEHICULEHIVER;VEHICULESEMAINE;VEHICULEWE;VEHMARQUE;VEHCYLINDREE;VEHMODELE;VEHSEGMENT;VEHSIDE;EQ2RMABS;EQ2RMCBS;EQ2RMABSCBS;EQ2RMREGULATEUR;EQ2RMLIMITEUR;EQ2RMPHARESDIRECT;EQ2RMCOUPURE;EQ2RMANTIPATINAGE;EQ2RMANTIXHEELING;EQ2RMSTABILILTE;VEHKM;POINTS;DUREE;AUTRE2RM;VEHPRECMARQUE;VEHPRECCYLINDREE;VEHPRECMODELE;VEHPRECSEGMENT;VEHPRECSIDE;TEMPS2RMPREC;FREQVEHPREC;DATE_NAISS;CSP;SOCIETAIRE;SALARIE;SECTEUR2RM;NBPERSFOYER;SITFAM;NBENF;TRNBENF1;TRNBENF2;TRNBENF3;TRNBENF4;NBAUTOFOYER;NBCYCLOFOYER;NBSCOOTFOYER;NBMOTOFOYER;NBTRIKEFOYER;NB2RMCONDUIT;MARQUE1;CYLINDREE1;MODELE1;SEGMENT1;SIDE1;ANMISECIRCU1;ASS1;FREQ1;USAGE1;NBKM1;GARAGE1;MARQUE2;CYLINDREE2;MODELE2;SEGMENT2;SIDE2;ANMISECIRCU2;ASS2;FREQ2;USAGE2;NBKM2;GARAGE2;MARQUE3;CYLINDREE3;MODELE3;SEGMENT3;SIDE3;ANMISECIRCU3;ASS3;FREQ3;USAGE3;NBKM3;GARAGE3;MARQUE4;CYLINDREE4;MODELE4;SEGMENT4;SIDE4;ANMISECIRCU4;ASS4;FREQ4;USAGE4;NBKM4;GARAGE4;MARQUE5;CYLINDREE5;MODELE5;SEGMENT5;SIDE5;ANMISECIRCU5;ASS5;FREQ5;USAGE5;NBKM5;GARAGE5;NBKMTOT;PERMIS1;PERMIS2;PERMIS3;PERMIS4;PERMIS5;PERMIS6;PERMIS7;PERMIS8;PERMIS9;ANPERMIS1;ANPERMIS6;ANPERMIS7;ANPERMIS2;ANPERMIS3;ANPERMIS8;ANPERMIS9;ANPERMIS4;ANPERMIS5
440;4995;392;1;0;5;;;;;;0;5;;;;;;0;4;;;;;;0;2;;;;;;0;5;;;;;;0;3;;;;;;0;2;;;;;;0;4;;;;;;0;5;;;;;;0;2;;;;;;0;5;;;;;;0;2;;;;;;0;2;;;;;;0;3;;;;;;1;1;2014;;;;;Tolouse;;;;;3 voies, une pour aller à droite, 2 pour aller tout droit. Je remonte par la droite et m'arrête devant un véhicule à l'arrêt en tête de file. Les feux sont décalés. Le véhicule démarre alors que seule la voie tournant à droite est autorisée. Il me fait tomber au sol. Pas de dégâts sur la moto ni sur le véhicule m'ayant percuté. Nous sommes repartis de notre côté.;;;;;0;0;1;0;10;1;71;15;2014;Tolouse;2014;Autre(s) type(s) d'accident(s).;1;;;;;;;"Configuration: 3 voies de circulations dont une pour tourner à droite, les deux autres pour aller tout droit. Un feu tricolore avec un ""orange clignotant' pour tourner à droite. Déroulement de la situation, le feu est au rouge, ne pouvant pas remonter entre les deux voies de gauche, je remonte entre les deux voies de droite, le feu est au rouge. Arrivant à la hauteur du feu, je vais pour me rabattre sur la voie du milieu lorsque le feu orange passe clignotant pour les personnes désireuses de tourner à droite (voie de droite uniquement). Le véhicule à gauche, voyant ceux de droite démarrer démarre avec un feu rouge, me percute par l'arrière et me fait tomber. Etant à l'arrêt, il y a peu de dégats sur mon véhicule ainsi que pour moi.";Le fait que le véhicule arrêté démarre au feu rouge.;"Je ralenti, me rabat sur le côté avec une vitesse faible pour m'arrêter. A ce moment là, je ""vois"" le véhicule démarré, j'essaye de bouger le mien mais avec un trafic sur ma droite, je n'ai pas pu me dégager sachant que le feu est rouge. Ma réaction a été de chercher à garder l'équilibre de mon véhicule.";NRP;1;En avançant un peu mais dans ce acs, la prise de risque aurait été plus forte (passage du feu rouge avec le risque de couper la  route à d'autres véhicules).;Le fait d'une certaine incrédulité  sur le démarrage du véhicule sur ma gauche.;;2;1;NSP;;NSP;1;"C'est l'usager qui m'a renversé ;)";3;4;6;;;;;;;1;3;;2;;Feu rouge donc arrêt, pas compris le pourquoi du démarrage du véhicule;4;4;;;2;1;4;3;1;1;2;2;1;4;4;4;4;5;;;;;;;;;1;AUT|Feu rticolore avec faible visibilité sur la droite ne permettant pas de voir la couleur du feu et précente d'un autre feu  20 m plus loin en décallé (1er à être vert puis le suivant);;;;;;;;2;2;;2;1;1;1;15;75;0;10;0;2;;;;;;4;1;;;;1;;;;;;;;;;;1;1;1;1;0;0;1;2;3;4;9;;;;;;4;4;4;4;4;2;BMW;1200;"R1200GS ADVENTURE""TRIBLAK""PACK";TRAIL / SUPERMOTARD;2;0;0;0;1;1;1;1;0;0;0;29000;12;4;1;BMW;1150;R1150RT;Routière / GT;null;3;4;02DEC1968;5;1;3;2;5;4;3;NRP;;;;2;1;0;1;0;1;BMW;1200;R1200GS;TRAIL / SUPERMOTARD;2;2011;37;1;2;18000;7;;;;;;;;;;;;;;;;;;;;;;;;;;;;;;;;;;;;;;;;;;;;;18000;4;3;;;;;;;;NRP;NRP;NRP;NRP;1994;NRP;NRP;1987;NRP
1620;4999;;1;0;6;;;;;;1;6;1984;;;;;0;6;;;;;;0;4;;;;;;0;6;;;;;;0;4;;;;;;0;5;;;;;;0;6;;;;;;1;6;1980;;;;;0;3;;;;;;0;4;;;;;;0;3;;;;;;1;6;NSP;;;;;0;3;;;;;;0;;;;;;;;;;;;;;;;;;;5;0;30;1;6;2;1984;;;;;;;;;;;;;;;;;;;;;;;;;;;;;;;;;;;;;;;;;;;;;;;;;;;;;;;;;;;;;;;;;;;;;;;;;;;;;;;;;;;;;;;;;;;;;;;;;;;;;;;;;;;;;;;;;;;;;;;;;;;;;;;;;;;;;;;;;;;;;;;;;;;;;;;;;;;;;;25MAR1961;4;1;3;2;6;4;4;NRP;;;;4;0;0;2;0;1;SUZUKI;750;GSX-R;SPORTIVE;2;2000;37;3;1;1200;7;;;;;;;;;;;;;;;;;;;;;;;;;;;;;;;;;;;;;;;;;;;;;1200;3;4;;;;;;;;NRP;NRP;NRP;NRP;1979;NRP;NRP;1979;NRP
756;5000;;1;0;6;;;;;;0;5;;;;;;0;5;;;;;;0;4;;;;;;0;5;;;;;;0;4;;;;;;0;2;;;;;;0;4;;;;;;1;4;1975;;;;;0;5;;;;;;0;4;;;;;;0;2;;;;;;0;4;;;;;;0;5;;;;;;1;1;1974;;;;;MARSEILLE;;;;;Sur route, un véhicule s'est déporté complètement sur sa gauche en plein virage pour me percuter de face.;;;;;0;0;4;30;12;1;71;15;1974;MARSEILLE;;;;;;;;;;;;;;;;;;;;;;;;;;;;;;;;;;;;;;;;;;;;;;;;;;;;;;;;;;;;;;;;;;;;;;;;;;;;;;;;;;;;;;;;;;;;;;;;;;;;;;;;;;;;;;;;;;;;;;;;;;;;;;;;;;;;;;;;;;;;;;;;;;;;;;;;;;;;;08DEC1954;6;1;3;2;2;3;;NRP;;;;2;0;0;1;0;1;HONDA;750;VT SHADOW;CUSTOM;2;1999;37;3;1;2000;7;;;;;;;;;;;;;;;;;;;;;;;;;;;;;;;;;;;;;;;;;;;;;2000;3;4;;;;;;;;NRP;NRP;NRP;NRP;1990;NRP;NRP;1974;NRP
1058;5001;;1;0;4;;;;;;1;5;2009;;;;;1;4;2009;;;;;0;4;;;;;;0;4;;;;;;0;5;;;;;;0;4;;;;;;0;5;;;;;;4;5;2010;2014;2014;2014;;0;5;;;;;;0;4;;;;;;0;3;;;;;;0;2;;;;;;1;5;2010;;;;;1;2;2014;2013;;;;Pessac;Mérignac;;;;un oiseau a percuté mon casque et a entraîné une chute.;Un véhicule est venu me percuter alors que j'étais arrêté à un cédez le passage;;;;1;2;2;2;4;1;41;9;2010;;;;;;;;;;;;;;;;;;;;;;;;;;;;;;;;;;;;;;;;;;;;;;;;;;;;;;;;;;;;;;;;;;;;;;;;;;;;;;;;;;;;;;;;;;;;;;;;;;;;;;;;;;;;;;;;;;;;;;;;;;;;;;;;;;;;;;;;;;;;;;;;;;;;;;;;;;;;;;20NOV1991;10;1;3;2;3;5;0;NRP;;;;3;0;0;2;0;2;APRILIA;750;DORSODURO (SMV);TRAIL / SUPERMOTARD;2;2009;37;1;2;15000;4;SUZUKI;350;DR-S;TRAIL / SUPERMOTARD;2;1991;37;3;1;3000;4;;;;;;;;;;;;;;;;;;;;;;;;;;;;;;;;;;18000;1;2;3;4;;;;;;2006;NRP;NRP;2008;2010;NRP;NRP;2010;NRP
1241;5002;;0;;;;;;;;;;;;;;;;;;;;;;;;;;;;;;;;;;;;;;;;;;;;;;;;;;;;;;;;;;;;;;;;;;;;;;;;;;;;;;;;;;;;;;;;;;;;;;;;;;;;;;;;;;;;;;;;;;;;;;;;;;;;;;;;;;;;;;;;;;;;;;;;;;;;;;;;;;;;;;;;;;;;;;;;;;;;;;;;;;;;;;;;;;;;;;;;;;;;;;;;;;;;;;;;;;;;;;;;;;;;;;;;;;;;;;;;;;;;;;;;;;;;;;;;;;;;;;;;;;;;;;;;;;;;;;;;;;;;;;;;;;28NOV1967;5;1;3;2;3;4;1;NRP;;;;2;0;0;2;0;2;HONDA;1200;CROSSTOURER;TRAIL / SUPERMOTARD;2;2012;37;2;2;4000;7;GAS GAS;280;TXT PRO RAGA REPLICA;TOUT TERRAIN (TRIAL, ENDURO, CROSS);2;2008;37;3;1;1000;7;;;;;;;;;;;;;;;;;;;;;;;;;;;;;;;;;;5000;2;3;4;;;;;;;NRP;NRP;NRP;1985;1986;NRP;NRP;1985;NRP
1043;5005;;0;;;;;;;;;;;;;;;;;;;;;;;;;;;;;;;;;;;;;;;;;;;;;;;;;;;;;;;;;;;;;;;;;;;;;;;;;;;;;;;;;;;;;;;;;;;;;;;;;;;;;;;;;;;;;;;;;;;;;;;;;;;;;;;;;;;;;;;;;;;;;;;;;;;;;;;;;;;;;;;;;;;;;;;;;;;;;;;;;;;;;;;;;;;;;;;;;;;;;;;;;;;;;;;;;;;;;;;;;;;;;;;;;;;;;;;;;;;;;;;;;;;;;;;;;;;;;;;;;;;;;;;;;;;;;;;;;;;;;;;;;;01DEC1961;7;1;3;2;3;4;1;NRP;;;;1;0;0;2;0;2;BMW;1000;K100LT ABS;Routière / GT;2;1988;37;1;2;15000;4;KAWASAKI;500;KLE;TRAIL / SUPERMOTARD;2;1996;37;4;1;2000;7;;;;;;;;;;;;;;;;;;;;;;;;;;;;;;;;;;17000;2;3;4;;;;;;;NRP;NRP;NRP;1978;2002;NRP;NRP;1980;NRP
331;5006;165;1;0;5;;;;;;0;5;;;;;;1;5;NSP;;;;;0;2;;;;;;0;5;;;;;;0;5;;;;;;0;3;;;;;;0;5;;;;;;0;5;;;;;;0;2;;;;;;0;5;;;;;;0;2;;;;;;0;5;;;;;;1;5;NSP;;;;;0;;;;;;;;;;;;;;;;;;;10;0;25;1;11;3;0;;-1;Vous remontiez une file de véhicules (à l’arrêt ou au ralenti) par la gauche. Un véhicule de cette file vous a coupé la route en tournant à gauche.;1;;;;;;;Un ralentissement avait lieu. Je remontais la file de voitures relativement lentement. J'aperçu une voiture qui était juste derrière un camion qui été en train de tourner à droite.Cette dernière avait le clignotant à gauche. J'ai cru que la voiture avait le clignotant à gauche pour signifier qu'elle éviter l'arrière du camion qui s'éloignait à droite. Je pensais qu'elle allait reprendre rapidement son chemin tout droit et donc j'ai continué à remonter  la file jusqu'à la dépasser. En fait la voiture tournait complètement à gauche, sur un chemin privé. J'ai donc percuté à faible vitesse l'avant de la voiture et chuté sans gravité. Les assurances ont attribué l'entière responsabilité au conducteur de la voiture (changement de direction), pourtant j'estime être entièrement responsable de cet accident par manque d'expérience. Ce cas de figure est particulièrement accidentogène mais je l'ai découvert que ce jour là !!;Impossibilité de stopper la moto pour éviter le choc. Freinage trop fort (pas d'ABS à cette époque), un peu de gravillons et donc chute.;"Le conducteur de la voiture ne m'a pas vu arriver. J'ai pris conscience de mon erreur d'interprétation de la situation,j'ai donc freiner fort pour tenter d'éviter le choc en ayant la certitude que ""ça ne passerait pas"".";NRP;0;;;J'ai pris conscience trop tard de la situation. Il n'y avait plus de distance de sécurité.;2;1;2;;Je devais être invisible pour lui.;2;Le conducteur avait dû regardé dans son rétro avant de tourner, il avait mis son clignotant et a dû tourner sans avoir la possibilité de me voir. A un moment donné, il faut bien regarder devant, même si on tourne...;1;;;;;;;1;;;;;;;J'imaginais déjà le choc et les éventuelles blessures + dégats à la motos (bien que la vitesse soit faible).;2;1;3;;1;1;4;4;2;1;1;1;1;1;4;4;4;1;5;;;;;;;;2;;;;;;;;;2;2;;2;1;1;1;100;0;0;0;0;1;AUT|archétype de situation accidentogène, non sensibilisé pendant la formation;;;;;4;1;;;;2;1;7;;;;;;;0;;1;2;1;2;0;30;1;10;2;5;;;;;;;4;4;4;4;4;4;YAMAHA;600;XTZ TENERE;TRAIL / SUPERMOTARD;2;1;1;1;1;1;1;1;1;1;1;NSP;12;4;0;;;;;;;;16JAN1965;6;1;3;2;5;4;3;NRP;;;;3;1;0;2;0;3;YAMAHA;600;XTZ TENERE;TRAIL / SUPERMOTARD;2;1989;37;3;1;1000;7;MOTOBECANE;125;Z57C;NRP;2;1956;40;3;1;200;7;JONWAY;50;MONZA;SCOOTER;2;2009;37;2;2;1500;7;;;;;;;;;;;;;;;;;;;;;;;2700;3;4;;;;;;;;NRP;NRP;NRP;NRP;1988;NRP;NRP;1983;NRP
291;5009;;1;0;3;;;;;;0;5;;;;;;0;4;;;;;;0;2;;;;;;0;5;;;;;;0;4;;;;;;0;3;;;;;;0;4;;;;;;1;5;1981;;;;;0;4;;;;;;0;4;;;;;;0;3;;;;;;0;4;;;;;;0;2;;;;;;0;;;;;;;;;;;;;;;;;;;0;4;4;1;41;9;1981;;;;;;;;;;;;;;;;;;;;;;;;;;;;;;;;;;;;;;;;;;;;;;;;;;;;;;;;;;;;;;;;;;;;;;;;;;;;;;;;;;;;;;;;;;;;;;;;;;;;;;;;;;;;;;;;;;;;;;;;;;;;;;;;;;;;;;;;;;;;;;;;;;;;;;;;;;;;;;14JUN1962;5;2;3;2;2;3;;NRP;;;;2;0;0;2;0;2;HONDA;1000;VARADERO;TRAIL / SUPERMOTARD;2;2006;16;2;1;12000;7;KTM;400;EXC MTT1;TOUT TERRAIN (TRIAL, ENDURO, CROSS);2;2006;16;3;1;500;7;;;;;;;;;;;;;;;;;;;;;;;;;;;;;;;;;;12500;2;3;4;;;;;;;NRP;NRP;NRP;1979;2010;NRP;NRP;1982;NRP
1120;5011;363;1;0;3;;;;;;0;4;;;;;;0;4;;;;;;0;5;;;;;;0;4;;;;;;0;4;;;;;;0;5;;;;;;0;5;;;;;;1;4;2013;;;;;0;4;;;;;;0;5;;;;;;0;2;;;;;;0;4;;;;;;0;3;;;;;;1;1;2007;;;;;Rouen;;;;;En repartant d'un Stop, en tournant à gauche, perte de contrôle, glissade et accident contre un véhicule en stationnement.;;;;;0;0;15;15;15;1;71;15;2007;Rouen;2007;Autre(s) type(s) d'accident(s).;2;;;;;;;Bonjour, je roule avec une R 1150 Gs de chez BMW. Voilà trois que je roule avec cette moto. Ce jour là, la météo était bonne. Je sortais de mon travail et je devais déposer un document administratif. Pour rentrée chez moi je décide de passer par une route que je connaissais mais il y avais longtemps que je ne l'avais pas prise. Je m'aperçois rapidement que tout à changer. Quand j'arrive à l'endroit où j'ai eu mon accident,je suis à un stop. Connaissant la rue, je sais qu'il y a beaucoup de circulation et surtout que sa roule vite. Je prends le temps de bien regarder à droite et à gauche avant de m'engager à gauche. J'étais tellement focaliser sur la circulation dans la rue que j'ai omis de prendre un temps d'observation de l'état de la route. Quand j'ai tourné à gauche, à ce moment là, je m'aperçois qu'il y a un nid de poule. Etant lancé et en légère inclinaison je n'arrive pas à modifier ma trajectoire et là c'est  la chute. Comme c'est la première fois, je m'accroche au guidon et je donne par ce fait un coup de gaz. Quand la roue arrière de la moto touche le sol, la moto part en glissade puis s'arrête dans une voiture en stationnement.;"Ce qui a fait basculer ma situation de conduite ""normale"" en accident,c'est le changement d'environnement et ma focalisation sur la circulation dans la rue. Du moins, c'est ce que je pense.";Ma réaction a été de m'accrocher au guidon et de tourner la poignée d'accélération.;NRP;1;Si j'avais pris un temps d'observation de la route, j'aurais certainement modifier ma trajectoire et ainsi éviter la chute.;Je savais que la rue était dangereuse et je me suis tellement focaliser sur la circulation que je n'ai pas pris le temps de regarder l'état de la route.;;2;0;;;;;;9;;;;;;un sentiment de non maîtrise.;;;;;;;1;NRP;4;3;;;1;1;3;3;4;1;1;1;1;2;4;4;4;4;5;;;;;;;;1;5;;;;;;;;2;2;;2;1;1;1;50;0;0;50;0;2;;;;;;2;1;AUT|nid de poule;;;1;;;;;;;;;;;2;1;1;2;0;20;1;10;2;3;4;7;;;;;3;3;3;3;3;3;BMW;1150;R1150GS;TRAIL / SUPERMOTARD;2;1;1;1;1;1;0;1;1;1;1;8000;12;1;1;BMW;650;R65 RT;ROADSTER;2;4;3;29JUL1974;7;1;3;2;5;4;3;NRP;;;;1;1;0;2;0;3;BMW;1150;R1150GS;TRAIL / SUPERMOTARD;2;2002;37;2;1;2000;AUT|chez moi;BMW;650;R65 RT;ROADSTER;2;1987;37;4;1;1000;AUT|chez moi;MOTOBECANE;50;M7;NRP;2;1976;16;4;1;500;AUT|chez moi;;;;;;;;;;;;;;;;;;;;;;;3500;2;3;4;;;;;;;NRP;NRP;NRP;1995;2000;NRP;NRP;1995;NRP
2211;5012;;1;0;4;;;;;;1;5;1989;;;;;0;5;;;;;;0;2;;;;;;0;4;;;;;;0;2;;;;;;0;5;;;;;;0;6;;;;;;2;3;1985;1988;;;;0;5;;;;;;0;3;;;;;;0;2;;;;;;0;4;;;;;;0;3;;;;;;1;1;1985;;;;;Arzon (56);;;;;J'ai commencé le dépassement d'une voiture en ligne droite, à vitesse moyenne, mais sans regarder dans mon rétro : fatal error ! Le motard qui me suivait a fait de même, mais avec un petit temps d'avance et m'a doublé en même temps que la voiture. Il a touché ma roue avant : déséquilibre, chute et glissade pour moi, mais sans rien percuter ...Ouf !;;;;;0;0;3;4;32;1;71;15;1985;Arzon (56);;;;;;;;;;;;;;;;;;;;;;;;;;;;;;;;;;;;;;;;;;;;;;;;;;;;;;;;;;;;;;;;;;;;;;;;;;;;;;;;;;;;;;;;;;;;;;;;;;;;;;;;;;;;;;;;;;;;;;;;;;;;;;;;;;;;;;;;;;;;;;;;;;;;;;;;;;;;;08JAN1960;7;1;3;2;4;4;2;NRP;;;;4;0;0;2;0;2;TRIUMPH;955;SPEED TRIPLE;ROADSTER;2;2001;37;3;1;3000;7;BMW;900;R90S;Routière / GT;2;1996;37;4;1;1000;7;;;;;;;;;;;;;;;;;;;;;;;;;;;;;;;;;;4000;2;3;4;;;;;;;NRP;NRP;NRP;1978;1983;NRP;NRP;1978;NRP
1456;5013;;0;;;;;;;;;;;;;;;;;;;;;;;;;;;;;;;;;;;;;;;;;;;;;;;;;;;;;;;;;;;;;;;;;;;;;;;;;;;;;;;;;;;;;;;;;;;;;;;;;;;;;;;;;;;;;;;;;;;;;;;;;;;;;;;;;;;;;;;;;;;;;;;;;;;;;;;;;;;;;;;;;;;;;;;;;;;;;;;;;;;;;;;;;;;;;;;;;;;;;;;;;;;;;;;;;;;;;;;;;;;;;;;;;;;;;;;;;;;;;;;;;;;;;;;;;;;;;;;;;;;;;;;;;;;;;;;;;;;;;;;;;;03MAR1952;9;2;3;2;2;3;;NRP;;;;1;0;0;1;0;1;BMW;1200;R1200RT;Routière / GT;2;2010;28;1;1;15000;7;;;;;;;;;;;;;;;;;;;;;;;;;;;;;;;;;;;;;;;;;;;;;15000;3;4;;;;;;;;NRP;NRP;NRP;NRP;1974;NRP;NRP;1972;NRP
2178;5014;;0;;;;;;;;;;;;;;;;;;;;;;;;;;;;;;;;;;;;;;;;;;;;;;;;;;;;;;;;;;;;;;;;;;;;;;;;;;;;;;;;;;;;;;;;;;;;;;;;;;;;;;;;;;;;;;;;;;;;;;;;;;;;;;;;;;;;;;;;;;;;;;;;;;;;;;;;;;;;;;;;;;;;;;;;;;;;;;;;;;;;;;;;;;;;;;;;;;;;;;;;;;;;;;;;;;;;;;;;;;;;;;;;;;;;;;;;;;;;;;;;;;;;;;;;;;;;;;;;;;;;;;;;;;;;;;;;;;;;;;;;;;31MAY1969;7;1;3;2;5;4;3;NRP;;;;3;0;0;1;0;1;KAWASAKI;750;ZR-7 S;ROADSTER;2;2001;37;2;1;3500;7;;;;;;;;;;;;;;;;;;;;;;;;;;;;;;;;;;;;;;;;;;;;;3500;4;3;;;;;;;;NRP;NRP;NRP;NRP;1999;NRP;NRP;1987;NRP
1859;5015;;1;1;6;1995;;;;;0;6;;;;;;0;6;;;;;;0;5;;;;;;0;6;;;;;;0;5;;;;;;0;3;;;;;;0;4;;;;;;0;3;;;;;;0;5;;;;;;0;6;;;;;;0;2;;;;;;0;4;;;;;;0;4;;;;;;0;;;;;;;;;;;;;;;;;;;0;5;35;1;1;1;1995;;;;;;;;;;;;;;;;;;;;;;;;;;;;;;;;;;;;;;;;;;;;;;;;;;;;;;;;;;;;;;;;;;;;;;;;;;;;;;;;;;;;;;;;;;;;;;;;;;;;;;;;;;;;;;;;;;;;;;;;;;;;;;;;;;;;;;;;;;;;;;;;;;;;;;;;;;;;;;23AUG1956;7;2;3;2;3;4;1;NRP;;;;1;0;1;2;0;4;YAMAHA;1200;V-MAX;CUSTOM;2;1990;29;3;1;1000;6;YAMAHA;600;FZS FAZER;ROADSTER;2;2001;29;1;2;9000;6;YAMAHA;125;CYGNUS;SCOOTER;2;2002;29;3;1;1500;6;YAMAHA;250;WR;TOUT TERRAIN (TRIAL, ENDURO, CROSS);2;2002;41;4;1;500;7;;;;;;;;;;;;12000;3;4;;;;;;;;NRP;NRP;NRP;NRP;1979;NRP;NRP;1975;NRP