Ligne;Ligne Q qualif;Ligne approfondissement Accident;ACCIDENT;NBACC1;ACCFREQUENCE1;ANNEEACC1_1;ANNEEACC1_2;ANNEEACC1_3;ANNEEACC1_4;ANNEEACC1_5;NBACC2;ACCFREQUENCE2;ANNEEACC2_1;ANNEEACC2_2;ANNEEACC2_3;ANNEEACC2_4;ANNEEACC2_5;NBACC3;ACCFREQUENCE3;ANNEEACC3_1;ANNEEACC3_2;ANNEEACC3_3;ANNEEACC3_4;ANNEEACC3_5;NBACC4;ACCFREQUENCE4;ANNEEACC4_1;ANNEEACC4_2;ANNEEACC4_3;ANNEEACC4_4;ANNEEACC4_5;NBACC5;ACCFREQUENCE5;ANNEEACC5_1;ANNEEACC5_2;ANNEEACC5_3;ANNEEACC5_4;ANNEEACC5_5;NBACC6;ACCFREQUENCE6;ANNEEACC6_1;ANNEEACC6_2;ANNEEACC6_3;ANNEEACC6_4;ANNEEACC6_5;NBACC7;ACCFREQUENCE7;ANNEEACC7_1;ANNEEACC7_2;ANNEEACC7_3;ANNEEACC7_4;ANNEEACC7_5;NBACC8;ACCFREQUENCE8;ANNEEACC8_1;ANNEEACC8_2;ANNEEACC8_3;ANNEEACC8_4;ANNEEACC8_5;NBACC9;ACCFREQUENCE9;ANNEEACC9_1;ANNEEACC9_2;ANNEEACC9_3;ANNEEACC9_4;ANNEEACC9_5;NBACC10;ACCFREQUENCE10;ANNEEACC10_1;ANNEEACC10_2;ANNEEACC10_3;ANNEEACC10_4;ANNEEACC10_5;NBACC11;ACCFREQUENCE11;ANNEEACC11_1;ANNEEACC11_2;ANNEEACC11_3;ANNEEACC11_4;ANNEEACC11_5;NBACC12;ACCFREQUENCE12;ANNEEACC12_1;ANNEEACC12_2;ANNEEACC12_3;ANNEEACC12_4;ANNEEACC12_5;NBACC13;ACCFREQUENCE13;ANNEEACC13_1;ANNEEACC13_2;ANNEEACC13_3;ANNEEACC13_4;ANNEEACC13_5;NBACC14;ACCFREQUENCE14;ANNEEACC14_1;ANNEEACC14_2;ANNEEACC14_3;ANNEEACC14_4;ANNEEACC14_5;AUTRESACC;NBAUTRESACC;ANNEEAUTREACC1;ANNEEAUTREACC2;ANNEEAUTREACC3;ANNEEAUTREACC4;ANNEEAUTREACC5;LIEUAUTREACC1;LIEUAUTREACC2;LIEUAUTREACC3;LIEUAUTREACC4;LIEUAUTREACC5;DESCRIPTIONAUTRESACC1;DESCRIPTIONAUTRESACC2;DESCRIPTIONAUTRESACC3;DESCRIPTIONAUTRESACC4;DESCRIPTIONAUTRESACC5;NBAUTRESACCCIRCUIT;NBAUTRESTOUTTERRAIN;EXPCYCLO;EXP125;EXPSUP125;ACCORDNEXTQ;CHOIXACC;RGPMTACC;RECUPANNEE;RECUPLIEU;RECUPANNE;RGPMTAC;CHOIX1;CHOIX2;CHOIX3;CHOIX4;CHOIX5;CHOIX6;CHOIX7;DESCRIPTION;RUPTURE;FAITS;ABS_REACTION;AUTRE_REACTION;PRECISIONREACTIONOUI;RECUL;PRECISIONREACTIONNON;IMPACTCOMPORTEMENT;AUTREUSAGER;REACTIONAUTREUSAGER;CONNAISSANCEREACTIONUSAGER;DIFFICULTES;AGGRAVATION;DIFFICULTES2;EMOTIONS1;EMOTIONS2;EMOTIONS3;EMOTIONS4;EMOTIONS5;EMOTIONS6;AUTRESENTIMENT;CLASSEMENTEMOTIONS1;CLASSEMENTEMOTIONS;CLASSEMENTEMOTIONS5;CLASSEMENTEMOTIONS6;CLASSEMENTEMOTIONS7;CLASSEMENTEMOTIONS8;CLASSEMENTEMOTIONS9;EXPLICATIONRESSENTI;BIENEQUIPE;ALLURE;ALLUREVITEDETAIL;ALLURELENTEDETAIL;SITUATIONPRESSE;SITUATIONDISTRAIT;SITUATIONCONFIANT;SITUATIONCONTROLE;SITUATIONLUDIQUE;SITUATIONPERF;SITUATIONSTRESS;SITUATIONFATIGUE;HUMEURNEUTRE;HUMEURGAI;HUMEURMECONTENT;HUMEURTRISTE;HUMEURCOLERE;CONTRIBUTION1;CONTRIBUTION2;CONTRIBUTION3;CONTRIBUTION4;CONTRIBUTION5;CONTRIBUTION6;CONTRIBUTION7;CONTRIBUTION8;CONTRIBUTION9;ROLEINFRA;ELEMENTINFRA1;ELEMENTINFRA2;ELEMENTINFRA3;ELEMENTINFRA4;ELEMENTINFRA5;ELEMENTINFRA6;ELEMENTINFRA7;ELEMENTINFRA8;ELEMENTINFRA9;ALCOOL;TXALCOOL;STUP;SEMAINE;MOMENTJOURNEE;TEMPS;CAUSEACC1;CAUSEACC2;CAUSEACC3;CAUSEACC4;CAUSEACC5;FORMATIONCAUSE;FORMATION1;FORMATION2;FORMATION3;FORMATION4;FORMATION5;TRAFIC;CHAUSSEE1;CHAUSSEE2;CHAUSSEE3;CHAUSSEE4;TYPEACC;BLESSURE;TETE;COU;THORAX;MEMBRESSUP;COLONNE;BASSIN;MEMBRESINF;HOPITAL;PLUS24H;TRAJET;TYPEROUTE;MOTIF;SENSTRAJET;PASSAGER;VITESSE;DESCEQ1;DESCEQ2;DESCEQ3;DESCEQ4;DESCEQ5;DESCEQ6;DESCEQ7;DESCEQ8;DESCEQ9;DESCEQ10;VEHICULEETE;VEHICULEAUTOMNE;VEHICULEPRINTEMPS;VEHICULEHIVER;VEHICULESEMAINE;VEHICULEWE;VEHMARQUE;VEHCYLINDREE;VEHMODELE;VEHSEGMENT;VEHSIDE;EQ2RMABS;EQ2RMCBS;EQ2RMABSCBS;EQ2RMREGULATEUR;EQ2RMLIMITEUR;EQ2RMPHARESDIRECT;EQ2RMCOUPURE;EQ2RMANTIPATINAGE;EQ2RMANTIXHEELING;EQ2RMSTABILILTE;VEHKM;POINTS;DUREE;AUTRE2RM;VEHPRECMARQUE;VEHPRECCYLINDREE;VEHPRECMODELE;VEHPRECSEGMENT;VEHPRECSIDE;TEMPS2RMPREC;FREQVEHPREC;DATE_NAISS;CSP;SOCIETAIRE;SALARIE;SECTEUR2RM;NBPERSFOYER;SITFAM;NBENF;TRNBENF1;TRNBENF2;TRNBENF3;TRNBENF4;NBAUTOFOYER;NBCYCLOFOYER;NBSCOOTFOYER;NBMOTOFOYER;NBTRIKEFOYER;NB2RMCONDUIT;MARQUE1;CYLINDREE1;MODELE1;SEGMENT1;SIDE1;ANMISECIRCU1;ASS1;FREQ1;USAGE1;NBKM1;GARAGE1;MARQUE2;CYLINDREE2;MODELE2;SEGMENT2;SIDE2;ANMISECIRCU2;ASS2;FREQ2;USAGE2;NBKM2;GARAGE2;MARQUE3;CYLINDREE3;MODELE3;SEGMENT3;SIDE3;ANMISECIRCU3;ASS3;FREQ3;USAGE3;NBKM3;GARAGE3;MARQUE4;CYLINDREE4;MODELE4;SEGMENT4;SIDE4;ANMISECIRCU4;ASS4;FREQ4;USAGE4;NBKM4;GARAGE4;MARQUE5;CYLINDREE5;MODELE5;SEGMENT5;SIDE5;ANMISECIRCU5;ASS5;FREQ5;USAGE5;NBKM5;GARAGE5;NBKMTOT;PERMIS1;PERMIS2;PERMIS3;PERMIS4;PERMIS5;PERMIS6;PERMIS7;PERMIS8;PERMIS9;ANPERMIS1;ANPERMIS6;ANPERMIS7;ANPERMIS2;ANPERMIS3;ANPERMIS8;ANPERMIS9;ANPERMIS4;ANPERMIS5
2061;5035;;1;0;4;;;;;;0;4;;;;;;0;5;;;;;;0;5;;;;;;0;4;;;;;;0;4;;;;;;0;4;;;;;;0;6;;;;;;0;6;;;;;;0;5;;;;;;0;5;;;;;;0;2;;;;;;0;4;;;;;;1;6;2009;;;;;0;;;;;;;;;;;;;;;;;;;3;1;28;1;66;14;2009;;;;;;;;;;;;;;;;;;;;;;;;;;;;;;;;;;;;;;;;;;;;;;;;;;;;;;;;;;;;;;;;;;;;;;;;;;;;;;;;;;;;;;;;;;;;;;;;;;;;;;;;;;;;;;;;;;;;;;;;;;;;;;;;;;;;;;;;;;;;;;;;;;;;;;;;;;;;;;20NOV1963;6;1;3;2;3;4;1;NRP;;;;1;0;0;1;0;1;YAMAHA;600;FZ6-S FAZER;ROADSTER;2;2009;37;1;2;20000;4;;;;;;;;;;;;;;;;;;;;;;;;;;;;;;;;;;;;;;;;;;;;;20000;3;4;;;;;;;;NRP;NRP;NRP;NRP;1997;NRP;NRP;1988;NRP
704;5037;;1;0;3;;;;;;0;4;;;;;;0;5;;;;;;0;5;;;;;;0;2;;;;;;0;4;;;;;;0;3;;;;;;0;3;;;;;;0;5;;;;;;0;6;;;;;;0;6;;;;;;0;2;;;;;;0;5;;;;;;0;2;;;;;;1;1;NSP;;;;;MAISONS-ALFORT;;;;;L'autre véhicule a été surpris par le feu passant au rouge et est venu me percuter.;;;;;0;0;0;0;17;0;;NRP;;;;;;;;;;;;;;;;;;;;;;;;;;;;;;;;;;;;;;;;;;;;;;;;;;;;;;;;;;;;;;;;;;;;;;;;;;;;;;;;;;;;;;;;;;;;;;;;;;;;;;;;;;;;;;;;;;;;;;;;;;;;;;;;;;;;;;;;;;;;;;;;;;;;;;;;;;;;;;;10JUN1973;5;1;3;2;4;4;2;NRP;;;;2;0;0;1;0;1;HONDA;700;DEAUVILLE ABS;Routière / GT;2;2012;37;1;2;13000;4;;;;;;;;;;;;;;;;;;;;;;;;;;;;;;;;;;;;;;;;;;;;;13000;3;4;;;;;;;;NRP;NRP;NRP;NRP;1997;NRP;NRP;1992;NRP
553;5038;;0;;;;;;;;;;;;;;;;;;;;;;;;;;;;;;;;;;;;;;;;;;;;;;;;;;;;;;;;;;;;;;;;;;;;;;;;;;;;;;;;;;;;;;;;;;;;;;;;;;;;;;;;;;;;;;;;;;;;;;;;;;;;;;;;;;;;;;;;;;;;;;;;;;;;;;;;;;;;;;;;;;;;;;;;;;;;;;;;;;;;;;;;;;;;;;;;;;;;;;;;;;;;;;;;;;;;;;;;;;;;;;;;;;;;;;;;;;;;;;;;;;;;;;;;;;;;;;;;;;;;;;;;;;;;;;;;;;;;;;;;;;03APR1960;9;1;3;2;2;3;;NRP;;;;4;0;2;2;0;4;DUCATI;900;MONSTER DARK;ROADSTER;2;1999;37;2;1;3000;7;SUZUKI;125;AN SCOOTER;SCOOTER;2;1999;37;1;1;1500;7;HONDA;500;XL-S (MTT2);TRAIL / SUPERMOTARD;2;1983;37;4;1;500;7;PIAGGIO;125;VESPA PX;SCOOTER;2;1982;37;2;1;500;7;;;;;;;;;;;;5500;3;;;;;;;;;NRP;NRP;NRP;NRP;1980;NRP;NRP;NRP;NRP
1992;5040;;1;0;2;;;;;;0;3;;;;;;0;3;;;;;;0;2;;;;;;0;4;;;;;;0;2;;;;;;0;2;;;;;;0;3;;;;;;1;4;2011;;;;;0;5;;;;;;0;4;;;;;;0;2;;;;;;0;5;;;;;;0;3;;;;;;0;;;;;;;;;;;;;;;;;;;1;2;8;1;41;9;2011;;;;;;;;;;;;;;;;;;;;;;;;;;;;;;;;;;;;;;;;;;;;;;;;;;;;;;;;;;;;;;;;;;;;;;;;;;;;;;;;;;;;;;;;;;;;;;;;;;;;;;;;;;;;;;;;;;;;;;;;;;;;;;;;;;;;;;;;;;;;;;;;;;;;;;;;;;;;;;22FEB1981;8;2;3;2;5;4;3;NRP;;;;1;0;0;1;0;1;SUZUKI;650;BANDIT-S;ROADSTER;2;2008;9;1;2;3000;4;;;;;;;;;;;;;;;;;;;;;;;;;;;;;;;;;;;;;;;;;;;;;3000;3;4;;;;;;;;NRP;NRP;NRP;NRP;2008;NRP;NRP;1999;NRP
410;5042;19;1;0;3;;;;;;0;5;;;;;;1;5;1993;;;;;0;5;;;;;;1;4;1990;;;;;0;3;;;;;;1;3;1993;;;;;0;2;;;;;;0;2;;;;;;0;2;;;;;;0;2;;;;;;0;2;;;;;;1;4;1992;;;;;0;2;;;;;;1;1;2013;;;;;Versailles;;;;;Sur l'autoroute, je remonte en interfile entre les deux files de gauche. Une voiture déboite de la gauche vers la droite et je la percute.;;;;;0;0;26;0;26;1;71;15;2013;Versailles;2013;Autre(s) type(s) d'accident(s).;3;;;;;;;Rien de spécial.  Sur l'A13, je faisai de la remontée interfile avec les warninga et les plein phares (a cause du soleil de face). La vitesse etait moderée (max 40/50 km ) car les voitures etaient à l'arret.  Au momment ou je doublai une voiture, celle ci a deboitée sans controle ni clignotants. Je l'ai percutée et j'ai perdu le controle.  Compte tenu de la faible vitesse et de la moto (BMW 1200RT) je n'ai rien, meme pas un bleu. La moto quelques rayures. La voiture a elle perdue sa route avant.  Ensuite l'assurance a jugée que 100% de la responsabilité etait pour l'automobile.  J'ai pu aussi juger de la solidarité motard. En 2mn, 6/8 motards se sont arretes. On bloqués l'A13 pour nous mettre en sécurité. On releve la moto. Nous nous avons pu tous aller tranquillement sur la bande d'arret d'urgence pour faire un constat.;Peut etre que c'etait une trop belle journée de juillet et que j'etait trop détendu. Manque d'attention disons.;J'ai juste eu le temps de freiner.  Pas d'envisager un evitement.  Voir texte initial.;AUT|pas eu le temps de réagir.;1;Ne plus conduire de facon calme et surtout detendue.;Comment dire. Quand vous faites l'effort de suivre toutes les recommandations en terme de sécurité, vitesse et visibilité.  Vous etes moins stressé par le risque puisque vous ne prenez aucun risque.;;2;1;2;;Voir texte initial;1;NRP;6;9;;;;;"Je me suis dit ""quel con celui la"".";;;;;;2;1;NRP;4;3;;;1;2;4;4;1;1;1;1;1;1;4;4;4;10;5;;;;;;;;2;;;;;;;;;2;2;;2;1;1;1;0;100;0;0;0;2;;;;;;4;1;;;;1;;;;;;;;;;;1;3;1;1;0;40;1;2;3;4;;;;;;;4;4;4;4;4;4;BMW;1200;R1200RT;Routière / GT;2;0;0;0;0;1;1;1;0;1;1;NSP;5;3;1;HONDA;700;DEAUVILLE ABS;Routière / GT;2;4;4;02JUN1964;5;2;3;2;4;4;2;NRP;;;;2;1;0;1;0;2;BMW;1200;R1200RT;Routière / GT;2;2010;10;1;2;20000;7;PEUGEOT;50;V CLIC;SCOOTER;2;2009;33;2;2;1000;7;;;;;;;;;;;;;;;;;;;;;;;;;;;;;;;;;;21000;3;4;;;;;;;;NRP;NRP;NRP;NRP;1988;NRP;NRP;1982;NRP
754;5044;;0;;;;;;;;;;;;;;;;;;;;;;;;;;;;;;;;;;;;;;;;;;;;;;;;;;;;;;;;;;;;;;;;;;;;;;;;;;;;;;;;;;;;;;;;;;;;;;;;;;;;;;;;;;;;;;;;;;;;;;;;;;;;;;;;;;;;;;;;;;;;;;;;;;;;;;;;;;;;;;;;;;;;;;;;;;;;;;;;;;;;;;;;;;;;;;;;;;;;;;;;;;;;;;;;;;;;;;;;;;;;;;;;;;;;;;;;;;;;;;;;;;;;;;;;;;;;;;;;;;;;;;;;;;;;;;;;;;;;;;;;;;28NOV1982;7;1;3;2;4;5;1;NRP;;;;1;0;1;1;0;1;PEUGEOT;125;ELYSTAR;SCOOTER;2;2006;37;3;1;2500;7;;;;;;;;;;;;;;;;;;;;;;;;;;;;;;;;;;;;;;;;;;;;;2500;4;5;;;;;;;;NRP;NRP;NRP;NRP;NRP;NRP;NRP;2003;2011
1671;5046;;0;;;;;;;;;;;;;;;;;;;;;;;;;;;;;;;;;;;;;;;;;;;;;;;;;;;;;;;;;;;;;;;;;;;;;;;;;;;;;;;;;;;;;;;;;;;;;;;;;;;;;;;;;;;;;;;;;;;;;;;;;;;;;;;;;;;;;;;;;;;;;;;;;;;;;;;;;;;;;;;;;;;;;;;;;;;;;;;;;;;;;;;;;;;;;;;;;;;;;;;;;;;;;;;;;;;;;;;;;;;;;;;;;;;;;;;;;;;;;;;;;;;;;;;;;;;;;;;;;;;;;;;;;;;;;;;;;;;;;;;;;;28SEP1964;5;2;3;2;3;4;1;NRP;;;;3;0;2;0;0;2;PIAGGIO;125;X EVO;SCOOTER;2;2012;2;2;1;3000;7;BMW;650;C650 GT;SCOOTER;2;2012;2;1;2;9000;7;;;;;;;;;;;;;;;;;;;;;;;;;;;;;;;;;;12000;3;4;;;;;;;;NRP;NRP;NRP;NRP;2009;NRP;NRP;1982;NRP
1648;5047;;1;0;4;;;;;;0;4;;;;;;0;4;;;;;;0;4;;;;;;0;4;;;;;;0;4;;;;;;0;3;;;;;;0;3;;;;;;0;3;;;;;;0;4;;;;;;0;5;;;;;;0;1;;;;;;0;3;;;;;;0;3;;;;;;1;0;;;;;;;;;;;;;;;;0;0;0;1;17;1;;NRP;;;;;;;;;;;;;;;;;;;;;;;;;;;;;;;;;;;;;;;;;;;;;;;;;;;;;;;;;;;;;;;;;;;;;;;;;;;;;;;;;;;;;;;;;;;;;;;;;;;;;;;;;;;;;;;;;;;;;;;;;;;;;;;;;;;;;;;;;;;;;;;;;;;;;;;;;;;;;;;12DEC1960;7;2;3;2;2;3;;NRP;;;;1;0;0;2;0;2;YAMAHA;1300;XJR-SP;ROADSTER;2;1999;29;2;2;1000;7;HONDA;1100;PAN EUROPEAN;Routière / GT;2;1999;29;2;1;1000;7;;;;;;;;;;;;;;;;;;;;;;;;;;;;;;;;;;2000;3;4;;;;;;;;NRP;NRP;NRP;NRP;1998;NRP;NRP;1979;NRP
853;5048;;1;0;3;;;;;;0;5;;;;;;0;5;;;;;;0;4;;;;;;0;5;;;;;;0;4;;;;;;0;4;;;;;;0;5;;;;;;1;4;2013;;;;;0;2;;;;;;0;5;;;;;;0;3;;;;;;0;3;;;;;;0;2;;;;;;0;;;;;;;;;;;;;;;;;;;3;1;6;1;41;9;2013;;;;;;;;;;;;;;;;;;;;;;;;;;;;;;;;;;;;;;;;;;;;;;;;;;;;;;;;;;;;;;;;;;;;;;;;;;;;;;;;;;;;;;;;;;;;;;;;;;;;;;;;;;;;;;;;;;;;;;;;;;;;;;;;;;;;;;;;;;;;;;;;;;;;;;;;;;;;;;17OCT1985;11;1;3;2;1;1;;NRP;;;;3;1;0;2;0;2;KAWASAKI;650;ER-6  N;ROADSTER;2;2006;37;3;1;6000;7;SUZUKI;600;GSX-R;SPORTIVE;2;2001;41;4;1;2000;7;;;;;;;;;;;;;;;;;;;;;;;;;;;;;;;;;;8000;1;2;3;4;;;;;;2000;NRP;NRP;2006;2008;NRP;NRP;2004;NRP
929;5049;;0;;;;;;;;;;;;;;;;;;;;;;;;;;;;;;;;;;;;;;;;;;;;;;;;;;;;;;;;;;;;;;;;;;;;;;;;;;;;;;;;;;;;;;;;;;;;;;;;;;;;;;;;;;;;;;;;;;;;;;;;;;;;;;;;;;;;;;;;;;;;;;;;;;;;;;;;;;;;;;;;;;;;;;;;;;;;;;;;;;;;;;;;;;;;;;;;;;;;;;;;;;;;;;;;;;;;;;;;;;;;;;;;;;;;;;;;;;;;;;;;;;;;;;;;;;;;;;;;;;;;;;;;;;;;;;;;;;;;;;;;;;10OCT1974;5;1;3;2;2;3;;NRP;;;;1;3;0;3;0;3;BMW;1200;R1200GS  PACK;TRAIL / SUPERMOTARD;2;2008;37;2;1;8000;7;HONDA;650;DOMINATOR;TRAIL / SUPERMOTARD;2;1998;37;1;2;3000;7;TRIUMPH;800;TIGER ABS;ROADSTER;2;2010;28;3;1;3000;7;;;;;;;;;;;;;;;;;;;;;;;14000;3;4;;;;;;;;NRP;NRP;NRP;NRP;2006;NRP;NRP;1993;NRP
1976;5056;;0;;;;;;;;;;;;;;;;;;;;;;;;;;;;;;;;;;;;;;;;;;;;;;;;;;;;;;;;;;;;;;;;;;;;;;;;;;;;;;;;;;;;;;;;;;;;;;;;;;;;;;;;;;;;;;;;;;;;;;;;;;;;;;;;;;;;;;;;;;;;;;;;;;;;;;;;;;;;;;;;;;;;;;;;;;;;;;;;;;;;;;;;;;;;;;;;;;;;;;;;;;;;;;;;;;;;;;;;;;;;;;;;;;;;;;;;;;;;;;;;;;;;;;;;;;;;;;;;;;;;;;;;;;;;;;;;;;;;;;;;;;26JUN1962;6;1;3;2;2;3;;NRP;;;;2;0;0;1;0;1;YAMAHA;125;YZF-R;Routière / GT;2;2010;37;2;1;3000;7;;;;;;;;;;;;;;;;;;;;;;;;;;;;;;;;;;;;;;;;;;;;;3000;4;;;;;;;;;NRP;NRP;NRP;NRP;NRP;NRP;NRP;1984;NRP
749;5058;339;1;0;3;;;;;;0;3;;;;;;0;5;;;;;;0;3;;;;;;0;6;;;;;;0;5;;;;;;0;4;;;;;;0;5;;;;;;0;4;;;;;;0;6;;;;;;0;5;;;;;;0;3;;;;;;0;4;;;;;;0;3;;;;;;1;2;1997;2013;;;;Bourg-Lastic;St Paul des Lan;;;;J'ai heurté un chien qui était sur le route et je sur sorti de la route dans un talus mais je ne suis pas tombé et la moto n'a rien eu et le chien pas grand chose non plus.;La moto était stationné et un automobiliste en sortant du parking l'a accrochée.;;;;0;0;5;0;21;1;71;15;1997;Bourg-Lastic;1997;Autre(s) type(s) d'accident(s).;2;;;;;;;Bonjour  lors de cette accident c'est un chien que j'ai percuté, il m'a marqué car c'était mon premier accident et qu'il aurait pu se finir beaucoup plus mal.  J'ai passé mion permis moto en 1994 et après un an j'ai achété ma première moto que j'ai gardé un mois suite à un vol, puis un an plus tard je reprends une moto et lors d'un de mes trajets de retour à la maison. Je quitte Clermont Ferrand et je roule tranquillement en me refaisant la main doucement sur cette moto ancienne (1978) et là  en bas de la descente du Chavanon après Bourg-Lastic (63) en sortie de virage un chien traverse la route et vient de ma gauche je n'ai pas trop le temps de l'éviter et le percute sur l'arrière gauche de la moto, ce choque me déséquilibre et manque de tomber, par contre je sors de la route sur la droite jusqu'au talus devant moi et m'arrête in-extrémiste.  Je descends de la moto, je vais voir le chien et les propriétaires me disent que tout va bien  pour l'animal qu'il finira par se faire écraser?  Je fais le tour de la moto pour voir s'il y a des dégats mais rien, je reprnds mes esprits essaie de me calmer et après une demi heure je poursuit ma route en me méfiant encore plus des impondérable de la conduite sur route.;c'était en sortie de virage, j'essaie de me concentrer sue le trajectoire du prochain virage et là sortant de la gauche le chien se met à traverser la route et je me fixe sur lui et me dit que je vais le percuter, je me précipite sur les freins et c'est trop tard le choc à lieu et je continue d'essayer de m'arrêter.;A la vue du chein traversant la chaussée j'ai commencé par prendre les freins et tourner vers la droite pour éviter le choc, un fois le choc je me suis demander si j'allais tomber et je crois que pendant quelques fractions de secondes je n'ai pas eu de réaction et puis j'ai repris les freins pour m'arrêter voyant le talus devant moi arrivé rapidement. Je ne sais pas si j'ai embrayé en même temps ou après, je diais en même temps car lors du passage du permis j'avais tendance à le faire lors des freinage d'urgence.;1;0;;;Parce que c'était tellemnt soudain et que je n'avais quasiment aucune expérience de la conduite sur route, très peu de roulage entre la formation au permis et le jour de l'accident.  même si le fait de travailler le freinage d'urgence et l'évitement à la moto-école, la mise en situation réelle est bien différente et les repères sont quasi inexistants ou je n'ai pas réussit à me les fixer.;2;0;;;;;;1;6;;;;;;2;;;;;1;;Pour moi je n'avais pas le temps de pouvoir faire quelque chose pour éviter le choc, il était inévitable;2;3;;;1;2;2;2;1;1;3;2;3;1;4;4;4;1;;;;;;;;;2;;;;;;;;;2;2;;2;1;1;1;25;0;75;0;0;2;;;;;;1;1;;;;1;;;;;;;;;;;2;2;1;2;0;70;1;10;2;5;;;;;;;4;4;4;4;4;4;YAMAHA;750;XS (DOHC);ROADSTER;2;1;1;1;1;1;1;1;1;1;1;128000;12;2;1;KAWASAKI;600;GPZ-R (GPX);Routière / GT;2;3;3;22MAR1973;6;1;3;2;4;4;2;NRP;;;;2;0;0;4;0;2;VOXAN;1000;CAFE RACER V2;Routière / GT;2;2001;37;2;1;5000;7;SUZUKI;1000;V-STROM;TRAIL / SUPERMOTARD;2;2007;37;2;1;5000;7;;;;;;;;;;;;;;;;;;;;;;;;;;;;;;;;;;10000;3;4;;;;;;;;NRP;NRP;NRP;NRP;1994;NRP;NRP;1999;NRP