Ligne;Ligne Q qualif;Ligne approfondissement Accident;ACCIDENT;NBACC1;ACCFREQUENCE1;ANNEEACC1_1;ANNEEACC1_2;ANNEEACC1_3;ANNEEACC1_4;ANNEEACC1_5;NBACC2;ACCFREQUENCE2;ANNEEACC2_1;ANNEEACC2_2;ANNEEACC2_3;ANNEEACC2_4;ANNEEACC2_5;NBACC3;ACCFREQUENCE3;ANNEEACC3_1;ANNEEACC3_2;ANNEEACC3_3;ANNEEACC3_4;ANNEEACC3_5;NBACC4;ACCFREQUENCE4;ANNEEACC4_1;ANNEEACC4_2;ANNEEACC4_3;ANNEEACC4_4;ANNEEACC4_5;NBACC5;ACCFREQUENCE5;ANNEEACC5_1;ANNEEACC5_2;ANNEEACC5_3;ANNEEACC5_4;ANNEEACC5_5;NBACC6;ACCFREQUENCE6;ANNEEACC6_1;ANNEEACC6_2;ANNEEACC6_3;ANNEEACC6_4;ANNEEACC6_5;NBACC7;ACCFREQUENCE7;ANNEEACC7_1;ANNEEACC7_2;ANNEEACC7_3;ANNEEACC7_4;ANNEEACC7_5;NBACC8;ACCFREQUENCE8;ANNEEACC8_1;ANNEEACC8_2;ANNEEACC8_3;ANNEEACC8_4;ANNEEACC8_5;NBACC9;ACCFREQUENCE9;ANNEEACC9_1;ANNEEACC9_2;ANNEEACC9_3;ANNEEACC9_4;ANNEEACC9_5;NBACC10;ACCFREQUENCE10;ANNEEACC10_1;ANNEEACC10_2;ANNEEACC10_3;ANNEEACC10_4;ANNEEACC10_5;NBACC11;ACCFREQUENCE11;ANNEEACC11_1;ANNEEACC11_2;ANNEEACC11_3;ANNEEACC11_4;ANNEEACC11_5;NBACC12;ACCFREQUENCE12;ANNEEACC12_1;ANNEEACC12_2;ANNEEACC12_3;ANNEEACC12_4;ANNEEACC12_5;NBACC13;ACCFREQUENCE13;ANNEEACC13_1;ANNEEACC13_2;ANNEEACC13_3;ANNEEACC13_4;ANNEEACC13_5;NBACC14;ACCFREQUENCE14;ANNEEACC14_1;ANNEEACC14_2;ANNEEACC14_3;ANNEEACC14_4;ANNEEACC14_5;AUTRESACC;NBAUTRESACC;ANNEEAUTREACC1;ANNEEAUTREACC2;ANNEEAUTREACC3;ANNEEAUTREACC4;ANNEEAUTREACC5;LIEUAUTREACC1;LIEUAUTREACC2;LIEUAUTREACC3;LIEUAUTREACC4;LIEUAUTREACC5;DESCRIPTIONAUTRESACC1;DESCRIPTIONAUTRESACC2;DESCRIPTIONAUTRESACC3;DESCRIPTIONAUTRESACC4;DESCRIPTIONAUTRESACC5;NBAUTRESACCCIRCUIT;NBAUTRESTOUTTERRAIN;EXPCYCLO;EXP125;EXPSUP125;ACCORDNEXTQ;CHOIXACC;RGPMTACC;RECUPANNEE;RECUPLIEU;RECUPANNE;RGPMTAC;CHOIX1;CHOIX2;CHOIX3;CHOIX4;CHOIX5;CHOIX6;CHOIX7;DESCRIPTION;RUPTURE;FAITS;ABS_REACTION;AUTRE_REACTION;PRECISIONREACTIONOUI;RECUL;PRECISIONREACTIONNON;IMPACTCOMPORTEMENT;AUTREUSAGER;REACTIONAUTREUSAGER;CONNAISSANCEREACTIONUSAGER;DIFFICULTES;AGGRAVATION;DIFFICULTES2;EMOTIONS1;EMOTIONS2;EMOTIONS3;EMOTIONS4;EMOTIONS5;EMOTIONS6;AUTRESENTIMENT;CLASSEMENTEMOTIONS1;CLASSEMENTEMOTIONS;CLASSEMENTEMOTIONS5;CLASSEMENTEMOTIONS6;CLASSEMENTEMOTIONS7;CLASSEMENTEMOTIONS8;CLASSEMENTEMOTIONS9;EXPLICATIONRESSENTI;BIENEQUIPE;ALLURE;ALLUREVITEDETAIL;ALLURELENTEDETAIL;SITUATIONPRESSE;SITUATIONDISTRAIT;SITUATIONCONFIANT;SITUATIONCONTROLE;SITUATIONLUDIQUE;SITUATIONPERF;SITUATIONSTRESS;SITUATIONFATIGUE;HUMEURNEUTRE;HUMEURGAI;HUMEURMECONTENT;HUMEURTRISTE;HUMEURCOLERE;CONTRIBUTION1;CONTRIBUTION2;CONTRIBUTION3;CONTRIBUTION4;CONTRIBUTION5;CONTRIBUTION6;CONTRIBUTION7;CONTRIBUTION8;CONTRIBUTION9;ROLEINFRA;ELEMENTINFRA1;ELEMENTINFRA2;ELEMENTINFRA3;ELEMENTINFRA4;ELEMENTINFRA5;ELEMENTINFRA6;ELEMENTINFRA7;ELEMENTINFRA8;ELEMENTINFRA9;ALCOOL;TXALCOOL;STUP;SEMAINE;MOMENTJOURNEE;TEMPS;CAUSEACC1;CAUSEACC2;CAUSEACC3;CAUSEACC4;CAUSEACC5;FORMATIONCAUSE;FORMATION1;FORMATION2;FORMATION3;FORMATION4;FORMATION5;TRAFIC;CHAUSSEE1;CHAUSSEE2;CHAUSSEE3;CHAUSSEE4;TYPEACC;BLESSURE;TETE;COU;THORAX;MEMBRESSUP;COLONNE;BASSIN;MEMBRESINF;HOPITAL;PLUS24H;TRAJET;TYPEROUTE;MOTIF;SENSTRAJET;PASSAGER;VITESSE;DESCEQ1;DESCEQ2;DESCEQ3;DESCEQ4;DESCEQ5;DESCEQ6;DESCEQ7;DESCEQ8;DESCEQ9;DESCEQ10;VEHICULEETE;VEHICULEAUTOMNE;VEHICULEPRINTEMPS;VEHICULEHIVER;VEHICULESEMAINE;VEHICULEWE;VEHMARQUE;VEHCYLINDREE;VEHMODELE;VEHSEGMENT;VEHSIDE;EQ2RMABS;EQ2RMCBS;EQ2RMABSCBS;EQ2RMREGULATEUR;EQ2RMLIMITEUR;EQ2RMPHARESDIRECT;EQ2RMCOUPURE;EQ2RMANTIPATINAGE;EQ2RMANTIXHEELING;EQ2RMSTABILILTE;VEHKM;POINTS;DUREE;AUTRE2RM;VEHPRECMARQUE;VEHPRECCYLINDREE;VEHPRECMODELE;VEHPRECSEGMENT;VEHPRECSIDE;TEMPS2RMPREC;FREQVEHPREC;DATE_NAISS;CSP;SOCIETAIRE;SALARIE;SECTEUR2RM;NBPERSFOYER;SITFAM;NBENF;TRNBENF1;TRNBENF2;TRNBENF3;TRNBENF4;NBAUTOFOYER;NBCYCLOFOYER;NBSCOOTFOYER;NBMOTOFOYER;NBTRIKEFOYER;NB2RMCONDUIT;MARQUE1;CYLINDREE1;MODELE1;SEGMENT1;SIDE1;ANMISECIRCU1;ASS1;FREQ1;USAGE1;NBKM1;GARAGE1;MARQUE2;CYLINDREE2;MODELE2;SEGMENT2;SIDE2;ANMISECIRCU2;ASS2;FREQ2;USAGE2;NBKM2;GARAGE2;MARQUE3;CYLINDREE3;MODELE3;SEGMENT3;SIDE3;ANMISECIRCU3;ASS3;FREQ3;USAGE3;NBKM3;GARAGE3;MARQUE4;CYLINDREE4;MODELE4;SEGMENT4;SIDE4;ANMISECIRCU4;ASS4;FREQ4;USAGE4;NBKM4;GARAGE4;MARQUE5;CYLINDREE5;MODELE5;SEGMENT5;SIDE5;ANMISECIRCU5;ASS5;FREQ5;USAGE5;NBKM5;GARAGE5;NBKMTOT;PERMIS1;PERMIS2;PERMIS3;PERMIS4;PERMIS5;PERMIS6;PERMIS7;PERMIS8;PERMIS9;ANPERMIS1;ANPERMIS6;ANPERMIS7;ANPERMIS2;ANPERMIS3;ANPERMIS8;ANPERMIS9;ANPERMIS4;ANPERMIS5
1217;5060;241;1;0;4;;;;;;0;4;;;;;;0;4;;;;;;0;4;;;;;;2;4;2012;2013;;;;0;4;;;;;;0;3;;;;;;0;4;;;;;;0;3;;;;;;0;2;;;;;;0;5;;;;;;0;3;;;;;;0;3;;;;;;0;3;;;;;;1;2;2012;2013;;;;LA POSSESSION;LA POSSESSION;;;;Un véhicule a démarré d'un stop sur ma droite à mon passage.;Un véhicule arrivant sur la voie inverse circulait sur la voie de gauche sans visibilité juste avant un virage à gauche pour lui.;;;;0;0;5;1;4;1;21;5;2012;;2012;Vous circuliez sur un axe prioritaire. Un véhicule venant d’un axe non prioritaire vous a coupé la route.;2;5;;;;;;Il est difficile à froid de revenir sur un accident lointain. Une première analyse c'est le manque de temps de réaction dû au temps d'analyse. Avec le recul, on se dit : j'aurais dû faire cela, mais c'est quasiment impossible sur le moment. La deuxième chose c'est l'impuissance devant l'erreur de l'autre conducteur.;La surprise de la situation et le manque de temps pour apporter une réponse appropriée, même à très basse vitesse.;En sortie de giratoire, à basse vitesse, je suis un véhicule utilitaire. 50 mètres plus loin, il prend une rue à droite, sans indiquer son changement de direction. Mon trajet continue tout droit. Le véhicule arrêté au stop, qui ne m'a pas vu démarre. Je l'ai vu à l'arrêt avant que le véhicule qui me précède ne tourne, donc je ne me méfie pas. Lorsque je découvre que la voiture à démarré, je suis à moins de 10 mètres. M'apercevant, il stoppe au milieu de ma voie. Je freine brutalement en obliquant vers la droite, vers la rue et je percute le côté arrière de la voiture.;1;1;Voyant que la voiture s'est arrêtée au milieu de la voie, j'aurais dû essayer de la contourner par la gauche, en accélérant et non par la droite en freinant.;Manque de pratique et trop peu de temps pour analyser correctement la situation.;;2;1;1;1;Ne sachant pas quoi faire, il a sauté sur ses freins.;NSP;Probablement, mais c'est difficile à quantifier.;2;3;6;;;;;;1;3;;;2;;Comme j'avais vu le véhicule à l'arrêt, je n'ai pas compris ce qu'il faisait là.;4;3;;;1;2;3;3;2;1;1;2;1;5;5;5;5;5;6;;;;;;;;2;;;;;;;;;2;2;;2;1;1;1;25;75;0;0;0;1;1;3;4;;;2;1;;;;1;;;;;;;;;;;1;1;1;2;0;30;1;10;2;3;4;;;;;;4;4;4;4;4;4;BMW;850;R850GS;TRAIL / SUPERMOTARD;2;1;1;1;1;1;1;1;1;1;1;50000;12;3;1;HONDA;125;S-WING ABS;SCOOTER;2;3;3;19MAY1960;7;1;3;2;3;4;1;NRP;;;;2;0;1;1;0;2;BMW;850;R850GS;TRAIL / SUPERMOTARD;2;2001;37;1;2;8000;4;HONDA;125;S-WING;SCOOTER;2;2010;31;1;2;4000;4;;;;;;;;;;;;;;;;;;;;;;;;;;;;;;;;;;12000;3;4;;;;;;;;NRP;NRP;NRP;NRP;2010;NRP;NRP;1978;NRP
62;5061;21;1;0;3;;;;;;0;3;;;;;;0;5;;;;;;0;2;;;;;;1;4;1987;;;;;0;2;;;;;;0;5;;;;;;0;4;;;;;;0;6;;;;;;0;4;;;;;;1;4;2006;;;;;0;2;;;;;;0;2;;;;;;0;4;;;;;;0;;;;;;;;;;;;;;;;;;;4;12;25;1;51;11;2006;;2006;"Vous circuliez sur un axe constitué d’au moins "" 2 X 2 voies "" (en urbain, périph, autoroute, RN …). Un véhicule vous a coupé la route en changeant de voie pour se placer sur celle de gauche.";1;4;;;;;;"périphérique à Paris 8h30 le matin circulation interfiles dans trafic très dense comme tous les jours entre les deux files de gauches (voies 3 & 4) voiture de la voie 3 déboîte sans clignotant ni regarder vers voie 4, me tape poursuit sa route et se rabat sur voie 3 pour bloquer la voiture qui était devant elle le conducteur en sort et insulte celui de l'autre voiture il prend ensuite conscience du fait qu'il m'a renversé (sans gravité physique pour moi) ; d'autres personnes m'aident à relever la moto dont la fourche est cassée mais qui demeure roulante (à 10 km/h) nous convenons avec le conducteur fautif de sortir du périphérique pour faire le constat il va plus vite que moi et ne sort pas j'avais mal noté le N° de plaque, il n'est pas retrouvé";déboîtement brutal et non contrôlé de la voiture;pas possible d'éviter sous peine de taper la voiture arrière gauche ou droite, finage d'urgence insuffisant la voiture responsable fauche la roue avant de la moto;NRP;0;;;conditions de circulation rendant impossible l'évitement;3;1;2;;il était manifestement énervé par la voiture qui était devant lui;1;voir descriptif ci-dessus;2;9;;;;;de la fureur;;1;;;;;2;même si c'est le genre de risque auquel je suis quotidiennement exposé, l'absence totale de tout indicateur habituel (trajectoire qui commence à se décaler, regard du conducteur de la voiture dans son rétro, etc, sans même parler des clignotants) m'a surpris;2;3;;;2;2;4;4;1;1;2;1;1;4;4;4;4;10;;;;;;;;;2;;;;;;;;;2;2;;2;1;1;1;20;80;0;0;0;2;;;;;;3;1;;;;1;;;;;;;;;;;1;4;1;1;0;60;1;2;4;;;;;;;;4;4;4;4;4;4;BMW;1200;K1200RS;Routière / GT;2;0;1;1;2;1;1;2;1;1;2;30000;9;3;1;BMW;1200;K1200RS;Routière / GT;2;3;4;11JUL1958;3;1;3;2;3;4;1;NRP;;;;2;1;0;1;0;2;BMW;1600;K1600GT PACK 1;Routière / GT;2;2012;37;1;3;28000;7;MBK;50;FLIPPER;SCOOTER;2;2010;37;3;1;500;7;;;;;;;;;;;;;;;;;;;;;;;;;;;;;;;;;;28500;3;4;;;;;;;;NRP;NRP;NRP;NRP;1990;NRP;NRP;1977;NRP
1062;5062;;1;0;2;;;;;;0;3;;;;;;1;4;1990;;;;;0;2;;;;;;1;4;1983;;;;;0;2;;;;;;0;3;;;;;;0;4;;;;;;2;5;1980;2014;;;;0;3;;;;;;0;5;;;;;;0;2;;;;;;1;4;1978;;;;;1;2;2008;;;;;0;;;;;;;;;;;;;;;;;;;4;2;37;1;66;14;2008;;;;;;;;;;;;;;;;;;;;;;;;;;;;;;;;;;;;;;;;;;;;;;;;;;;;;;;;;;;;;;;;;;;;;;;;;;;;;;;;;;;;;;;;;;;;;;;;;;;;;;;;;;;;;;;;;;;;;;;;;;;;;;;;;;;;;;;;;;;;;;;;;;;;;;;;;;;;;;13AUG1959;5;2;3;2;2;3;;NRP;;;;2;0;0;3;0;3;HONDA;1300;CB-S C-ABS;ROADSTER;2;2005;29;3;1;10000;7;APRILIA;1000;SL-V FALCO;SPORTIVE;2;2002;29;3;1;6000;7;HONDA;125;VARADERO;TRAIL / SUPERMOTARD;2;2004;29;2;2;12000;7;;;;;;;;;;;;;;;;;;;;;;;28000;2;3;4;;;;;;;NRP;NRP;NRP;1977;1978;NRP;NRP;1980;NRP
158;5063;;1;0;5;;;;;;0;4;;;;;;0;4;;;;;;0;4;;;;;;0;4;;;;;;0;4;;;;;;0;4;;;;;;1;5;2009;;;;;0;5;;;;;;0;5;;;;;;0;4;;;;;;0;3;;;;;;0;2;;;;;;0;4;;;;;;0;;;;;;;;;;;;;;;;;;;5;0;17;1;36;8;2009;;;;;;;;;;;;;;;;;;;;;;;;;;;;;;;;;;;;;;;;;;;;;;;;;;;;;;;;;;;;;;;;;;;;;;;;;;;;;;;;;;;;;;;;;;;;;;;;;;;;;;;;;;;;;;;;;;;;;;;;;;;;;;;;;;;;;;;;;;;;;;;;;;;;;;;;;;;;;;13APR1972;5;2;3;1;5;4;3;NRP;;;;2;0;0;1;0;1;HONDA;500;CB;ROADSTER;2;1998;29;2;2;6000;7;;;;;;;;;;;;;;;;;;;;;;;;;;;;;;;;;;;;;;;;;;;;;6000;2;3;4;;;;;;;NRP;NRP;NRP;1990;1998;NRP;NRP;1990;NRP
2065;5064;;0;;;;;;;;;;;;;;;;;;;;;;;;;;;;;;;;;;;;;;;;;;;;;;;;;;;;;;;;;;;;;;;;;;;;;;;;;;;;;;;;;;;;;;;;;;;;;;;;;;;;;;;;;;;;;;;;;;;;;;;;;;;;;;;;;;;;;;;;;;;;;;;;;;;;;;;;;;;;;;;;;;;;;;;;;;;;;;;;;;;;;;;;;;;;;;;;;;;;;;;;;;;;;;;;;;;;;;;;;;;;;;;;;;;;;;;;;;;;;;;;;;;;;;;;;;;;;;;;;;;;;;;;;;;;;;;;;;;;;;;;;;01OCT1968;7;2;3;2;4;4;2;NRP;;;;2;0;0;1;0;1;SUZUKI;600;GSR;ROADSTER;2;2007;25;2;1;3000;7;;;;;;;;;;;;;;;;;;;;;;;;;;;;;;;;;;;;;;;;;;;;;3000;3;4;;;;;;;;NRP;NRP;NRP;NRP;2005;NRP;NRP;1990;NRP
792;5065;;0;;;;;;;;;;;;;;;;;;;;;;;;;;;;;;;;;;;;;;;;;;;;;;;;;;;;;;;;;;;;;;;;;;;;;;;;;;;;;;;;;;;;;;;;;;;;;;;;;;;;;;;;;;;;;;;;;;;;;;;;;;;;;;;;;;;;;;;;;;;;;;;;;;;;;;;;;;;;;;;;;;;;;;;;;;;;;;;;;;;;;;;;;;;;;;;;;;;;;;;;;;;;;;;;;;;;;;;;;;;;;;;;;;;;;;;;;;;;;;;;;;;;;;;;;;;;;;;;;;;;;;;;;;;;;;;;;;;;;;;;;;28JUL1951;5;1;3;2;2;3;;NRP;;;;2;0;0;1;0;1;HONDA;1000;CB-F C-ABS;ROADSTER;2;2012;37;2;1;5000;7;;;;;;;;;;;;;;;;;;;;;;;;;;;;;;;;;;;;;;;;;;;;;5000;3;4;;;;;;;;NRP;NRP;NRP;NRP;1973;NRP;NRP;1970;NRP
1588;5066;;0;;;;;;;;;;;;;;;;;;;;;;;;;;;;;;;;;;;;;;;;;;;;;;;;;;;;;;;;;;;;;;;;;;;;;;;;;;;;;;;;;;;;;;;;;;;;;;;;;;;;;;;;;;;;;;;;;;;;;;;;;;;;;;;;;;;;;;;;;;;;;;;;;;;;;;;;;;;;;;;;;;;;;;;;;;;;;;;;;;;;;;;;;;;;;;;;;;;;;;;;;;;;;;;;;;;;;;;;;;;;;;;;;;;;;;;;;;;;;;;;;;;;;;;;;;;;;;;;;;;;;;;;;;;;;;;;;;;;;;;;;;21AUG1967;5;2;3;2;3;4;1;NRP;;;;2;0;0;1;0;1;BMW;1200;R1200GS ADVENTURE ABS;TRAIL / SUPERMOTARD;2;2012;9;2;1;7500;7;;;;;;;;;;;;;;;;;;;;;;;;;;;;;;;;;;;;;;;;;;;;;7500;2;3;4;;;;;;;NRP;NRP;NRP;1987;1987;NRP;NRP;1991;NRP
688;5068;;1;0;3;;;;;;1;5;1995;;;;;0;4;;;;;;0;5;;;;;;0;4;;;;;;0;3;;;;;;0;2;;;;;;0;3;;;;;;0;4;;;;;;1;5;1997;;;;;1;5;1993;;;;;0;1;;;;;;0;2;;;;;;0;4;;;;;;0;;;;;;;;;;;;;;;;;;;5;0;32;1;46;10;1997;;;;;;;;;;;;;;;;;;;;;;;;;;;;;;;;;;;;;;;;;;;;;;;;;;;;;;;;;;;;;;;;;;;;;;;;;;;;;;;;;;;;;;;;;;;;;;;;;;;;;;;;;;;;;;;;;;;;;;;;;;;;;;;;;;;;;;;;;;;;;;;;;;;;;;;;;;;;;;15OCT1958;5;1;3;2;3;4;1;NRP;;;;2;0;0;2;0;2;SUZUKI;1250;GSX-F GRAND TOURING EDITION;Routière / GT;2;2010;37;1;2;9000;6;HONDA;650;SLR;ROADSTER;2;1999;37;3;1;1500;6;;;;;;;;;;;;;;;;;;;;;;;;;;;;;;;;;;10500;2;3;4;;;;;;;NRP;NRP;NRP;1978;1993;NRP;NRP;1978;NRP
1747;5069;;1;0;4;;;;;;0;4;;;;;;0;6;;;;;;0;1;;;;;;0;4;;;;;;0;4;;;;;;0;3;;;;;;0;5;;;;;;0;4;;;;;;0;2;;;;;;0;4;;;;;;0;4;;;;;;0;2;;;;;;0;3;;;;;;1;1;2014;;;;;issy-les-moulin;;;;;Un véhicule est sorti de son stationnement et est venu me percuter sur la droite alors que je roulais lentement à sa hauteur. Cet accident a eu lieu en 2015 mais la réponse n'est pas acceptée.;;;;;0;0;0;0;6;1;71;15;2014;issy-les-moulin;;;;;;;;;;;;;;;;;;;;;;;;;;;;;;;;;;;;;;;;;;;;;;;;;;;;;;;;;;;;;;;;;;;;;;;;;;;;;;;;;;;;;;;;;;;;;;;;;;;;;;;;;;;;;;;;;;;;;;;;;;;;;;;;;;;;;;;;;;;;;;;;;;;;;;;;;;;;;08NOV1979;5;2;3;2;1;1;;NRP;;;;1;0;0;1;0;1;KAWASAKI;650;ER-6  N;ROADSTER;2;2008;31;2;1;4000;7;;;;;;;;;;;;;;;;;;;;;;;;;;;;;;;;;;;;;;;;;;;;;4000;4;3;;;;;;;;NRP;NRP;NRP;NRP;2009;NRP;NRP;1997;NRP
1906;5071;;0;;;;;;;;;;;;;;;;;;;;;;;;;;;;;;;;;;;;;;;;;;;;;;;;;;;;;;;;;;;;;;;;;;;;;;;;;;;;;;;;;;;;;;;;;;;;;;;;;;;;;;;;;;;;;;;;;;;;;;;;;;;;;;;;;;;;;;;;;;;;;;;;;;;;;;;;;;;;;;;;;;;;;;;;;;;;;;;;;;;;;;;;;;;;;;;;;;;;;;;;;;;;;;;;;;;;;;;;;;;;;;;;;;;;;;;;;;;;;;;;;;;;;;;;;;;;;;;;;;;;;;;;;;;;;;;;;;;;;;;;;;04OCT1968;7;2;3;2;3;5;0;NRP;;;;1;0;0;1;0;1;HONDA;1300;PAN EUROPEAN C-ABS;Routière / GT;2;2011;10;1;1;32000;7;;;;;;;;;;;;;;;;;;;;;;;;;;;;;;;;;;;;;;;;;;;;;32000;3;4;;;;;;;;NRP;NRP;NRP;NRP;2008;NRP;NRP;1991;NRP
1481;5072;;0;;;;;;;;;;;;;;;;;;;;;;;;;;;;;;;;;;;;;;;;;;;;;;;;;;;;;;;;;;;;;;;;;;;;;;;;;;;;;;;;;;;;;;;;;;;;;;;;;;;;;;;;;;;;;;;;;;;;;;;;;;;;;;;;;;;;;;;;;;;;;;;;;;;;;;;;;;;;;;;;;;;;;;;;;;;;;;;;;;;;;;;;;;;;;;;;;;;;;;;;;;;;;;;;;;;;;;;;;;;;;;;;;;;;;;;;;;;;;;;;;;;;;;;;;;;;;;;;;;;;;;;;;;;;;;;;;;;;;;;;;;28JAN1981;7;1;3;2;4;4;2;NRP;;;;1;0;0;4;0;3;SUZUKI;650;SV-S;Routière / GT;2;2006;37;1;2;11650;5;DUCATI;1000;ST3;Routière / GT;2;2004;37;4;2;80;5;HONDA;600;CBR-RR IE;SPORTIVE;2;2005;37;4;1;150;4;;;;;;;;;;;;;;;;;;;;;;;11880;3;4;;;;;;;;NRP;NRP;NRP;NRP;2008;NRP;NRP;2012;NRP
826;5073;256;1;0;3;;;;;;0;3;;;;;;0;4;;;;;;0;1;;;;;;0;3;;;;;;0;2;;;;;;1;4;1973;;;;;0;3;;;;;;1;4;1980;;;;;0;4;;;;;;0;2;;;;;;0;2;;;;;;0;4;;;;;;0;3;;;;;;1;1;2001;;;;;amiens;;;;;"percuter par l""arriére ;par une voiture alors que je ralentissai pour laisser passé un véhicule a droite qui avait la priorité";;;;;0;1;2;1;43;1;31;7;1973;;1973;Vous avez fait une sortie de route, une perte de contrôle ou une glissade puis avez percuté un véhicule arrivant en sens inverse.;2;;;;;;;a l'époque le permis était 16 ans,je pilotais depuis l'age de 14 ans des cyclos sportifs genre malaguti,itom,frandria,125 peugeot! puis 1 an aprés permis en revenant des 24h du Mans accident dans une courbe pris trops vite,la moto c'est encastré sous une voiture qui arrivée en sens  inverse et a pris feu avec la voiture(c'etait une triumph bonneville,le bouchon du réservoir ne fermer pas bien)bilan 2 véhicules hs,pas de bléssè parmi les occupands de la voiture,moi main cassée, je pense que la fatigue des 2 jours au 24 DU MANS et j'ai voulu faire comme les pilotes du circuit en sont la cause,nous étions une 15e de motards qui remontions sur Amiens,j'ai vu le virage j'ai doublé mes copains j'ai penché,( trops penché,vitesse trops élevée,c pas passer!)voila manque d'expérience pour un gamin de 17 ans sur une 650,j'ai eu de la chance,ca m'a calmer,j'ai appris par la suite a piloter en suivant les Anciens;"quand j'étais en début de courbe ;j'ai vu que j'arrivais trops vite,trops tard j'ai penché quand même,j'ai senti la moto glisser ,j'ai alors tout lacher,la moto a glisser de son coté moi de l'autre";NRP;2;1;en réduisant ma vitesse,en voyant cette courbe trops fermée,j'aurais dû freiner avant de renter dans ce virage;l'inconcience de la jeunesse,j'ai voulu je pense épater mes copains qui étaient plus vieux que moi!;;2;1;NSP;;NSP;2;non tout c'est passer trés vite,;2;6;;;;;;;1;;;;2;;j'avais déja fait frotter les repose-pieds avec cette machine,sur le moment je n'ai pas compris pourquoi elle partait en glisse;3;1;3;;1;2;3;3;1;3;1;4;1;3;4;4;4;1;5;9;;;;;;;1;5;;;;;;;;2;2;;2;2;1;1;70;0;0;30;0;1;1;4;;;;1;1;7;;;2;1;4;;;;;;;0;;3;2;3;;0;140;1;10;2;3;4;;;;;;4;4;4;3;4;4;TRIUMPH;650;BONNEVILLE;ROADSTER;2;1;1;1;1;1;1;1;1;1;1;30000;12;2;1;YAMAHA;250;RD;ROADSTER;2;3;3;28FEB1955;9;1;3;2;2;3;;NRP;;;;1;0;0;2;0;2;TRIUMPH;900;DAYTONA;Routière / GT;2;1995;37;2;1;5000;7;YAMAHA;350;RD;Routière / GT;2;1973;34;3;1;1000;7;;;;;;;;;;;;;;;;;;;;;;;;;;;;;;;;;;6000;3;4;;;;;;;;NRP;NRP;NRP;NRP;1971;NRP;NRP;1973;NRP
1508;5075;;1;0;4;;;;;;0;4;;;;;;0;4;;;;;;0;5;;;;;;2;5;1983;1980;;;;0;5;;;;;;0;4;;;;;;0;4;;;;;;0;3;;;;;;1;4;1986;;;;;0;4;;;;;;0;4;;;;;;0;5;;;;;;0;6;;;;;;0;;;;;;;;;;;;;;;;;;;37;2;35;1;21;5;1983;;;;;;;;;;;;;;;;;;;;;;;;;;;;;;;;;;;;;;;;;;;;;;;;;;;;;;;;;;;;;;;;;;;;;;;;;;;;;;;;;;;;;;;;;;;;;;;;;;;;;;;;;;;;;;;;;;;;;;;;;;;;;;;;;;;;;;;;;;;;;;;;;;;;;;;;;;;;;;09JUL1962;5;1;3;2;2;2;1;NRP;;;;1;0;0;2;0;2;MOTO GUZZI;1100;GRISO;ROADSTER;2;2006;37;2;1;15000;7;HONDA;125;CBR;Routière / GT;2;2004;37;3;1;3000;7;;;;;;;;;;;;;;;;;;;;;;;;;;;;;;;;;;18000;2;3;4;;;;;;;NRP;NRP;NRP;1978;1982;NRP;NRP;1980;NRP
97;5076;449;1;0;3;;;;;;1;4;2002;;;;;0;3;;;;;;0;2;;;;;;0;5;;;;;;0;3;;;;;;0;2;;;;;;0;3;;;;;;1;5;2001;;;;;0;5;;;;;;0;5;;;;;;0;3;;;;;;0;2;;;;;;0;2;;;;;;1;1;2011;;;;;Toulouse;;;;;Je circule sur la file de droite d'un sens giratoire quand un véhicule circulant sur la file de gauche décide de sortir, change de file et me percute.;;;;;0;0;4;0;15;1;71;15;2011;Toulouse;2011;Autre(s) type(s) d'accident(s).;1;;;;;;;En faisant le tour d'un rond point à 2 voies par la file extérieure, un véhicule, entré en même temps que moi et circulant sur la file du milieu, à décider de sortir du rond point au moment où j'étais à sa hauteur. Il a ralenti ce qui a fait que je me suis retrouvé dans l'axe de la voiture au moment où il a choisi de changer de file. Le contact à eu lieu sur mon pot d'échappement gauche et m'a fait chuter. Cette sortie du rond point comporte 2 voies et est donc considérée par de nombreux conducteurs comme son prolongement naturel et sa sortie principale.;Le conducteur de la voiture n'a pas effectué de contrôle latéral et n'a donc pas pu me voir au moment où il a décidé de changé de voie pour sortir. Cette absence de vérification est, pour moi, l'origine de l'accident.;NRP;AUT|je ne m'attendais vraiment pas à le voir effectué cette manoeuvre, n'ayant pas de clignotant en fonction;1;Simplement ne pas emprunter la file extérieure pour accomplir le tour du rond point comme je le fais désormais.;La circulation était extrêmement dense et je n'ai pas souhaité effectuer un changement de voie au milieu de celle-ci;;2;1;2;;Il était en conversation avec son passager, ce qui l'a sans doute empêcher d'effectuer toutes les manœuvres nécessaires avant un changement de file sur le rond point;1;Il était concentré sur autre chose que son environnement;1;2;3;;;;;2;1;3;;;;;Je ne m'attendais vraiment pas à trouver ce véhicule dans cette position-là par rapport à moi;4;3;;;1;1;4;4;1;1;1;2;1;3;4;4;4;10;;;;;;;;;2;;;;;;;;;2;2;;2;1;3;1;2;98;0;0;0;2;;;;;;3;1;;;;1;;;;;;;;;;;1;1;1;1;0;30;1;10;2;3;4;7;;;;;4;4;4;4;4;4;SUZUKI;1000;SV-S;SPORTIVE;2;1;1;1;1;1;1;1;1;1;1;85000;12;4;1;SUZUKI;1000;SV-S;SPORTIVE;null;3;4;22MAY1977;7;1;3;2;3;4;1;NRP;;;;1;0;0;1;0;1;BMW;1200;R1200R ABS;ROADSTER;2;2011;37;1;2;18000;7;;;;;;;;;;;;;;;;;;;;;;;;;;;;;;;;;;;;;;;;;;;;;18000;3;4;;;;;;;;NRP;NRP;NRP;NRP;1995;NRP;NRP;1996;NRP