Ligne;Ligne Q qualif;Ligne approfondissement Accident;ACCIDENT;NBACC1;ACCFREQUENCE1;ANNEEACC1_1;ANNEEACC1_2;ANNEEACC1_3;ANNEEACC1_4;ANNEEACC1_5;NBACC2;ACCFREQUENCE2;ANNEEACC2_1;ANNEEACC2_2;ANNEEACC2_3;ANNEEACC2_4;ANNEEACC2_5;NBACC3;ACCFREQUENCE3;ANNEEACC3_1;ANNEEACC3_2;ANNEEACC3_3;ANNEEACC3_4;ANNEEACC3_5;NBACC4;ACCFREQUENCE4;ANNEEACC4_1;ANNEEACC4_2;ANNEEACC4_3;ANNEEACC4_4;ANNEEACC4_5;NBACC5;ACCFREQUENCE5;ANNEEACC5_1;ANNEEACC5_2;ANNEEACC5_3;ANNEEACC5_4;ANNEEACC5_5;NBACC6;ACCFREQUENCE6;ANNEEACC6_1;ANNEEACC6_2;ANNEEACC6_3;ANNEEACC6_4;ANNEEACC6_5;NBACC7;ACCFREQUENCE7;ANNEEACC7_1;ANNEEACC7_2;ANNEEACC7_3;ANNEEACC7_4;ANNEEACC7_5;NBACC8;ACCFREQUENCE8;ANNEEACC8_1;ANNEEACC8_2;ANNEEACC8_3;ANNEEACC8_4;ANNEEACC8_5;NBACC9;ACCFREQUENCE9;ANNEEACC9_1;ANNEEACC9_2;ANNEEACC9_3;ANNEEACC9_4;ANNEEACC9_5;NBACC10;ACCFREQUENCE10;ANNEEACC10_1;ANNEEACC10_2;ANNEEACC10_3;ANNEEACC10_4;ANNEEACC10_5;NBACC11;ACCFREQUENCE11;ANNEEACC11_1;ANNEEACC11_2;ANNEEACC11_3;ANNEEACC11_4;ANNEEACC11_5;NBACC12;ACCFREQUENCE12;ANNEEACC12_1;ANNEEACC12_2;ANNEEACC12_3;ANNEEACC12_4;ANNEEACC12_5;NBACC13;ACCFREQUENCE13;ANNEEACC13_1;ANNEEACC13_2;ANNEEACC13_3;ANNEEACC13_4;ANNEEACC13_5;NBACC14;ACCFREQUENCE14;ANNEEACC14_1;ANNEEACC14_2;ANNEEACC14_3;ANNEEACC14_4;ANNEEACC14_5;AUTRESACC;NBAUTRESACC;ANNEEAUTREACC1;ANNEEAUTREACC2;ANNEEAUTREACC3;ANNEEAUTREACC4;ANNEEAUTREACC5;LIEUAUTREACC1;LIEUAUTREACC2;LIEUAUTREACC3;LIEUAUTREACC4;LIEUAUTREACC5;DESCRIPTIONAUTRESACC1;DESCRIPTIONAUTRESACC2;DESCRIPTIONAUTRESACC3;DESCRIPTIONAUTRESACC4;DESCRIPTIONAUTRESACC5;NBAUTRESACCCIRCUIT;NBAUTRESTOUTTERRAIN;EXPCYCLO;EXP125;EXPSUP125;ACCORDNEXTQ;CHOIXACC;RGPMTACC;RECUPANNEE;RECUPLIEU;RECUPANNE;RGPMTAC;CHOIX1;CHOIX2;CHOIX3;CHOIX4;CHOIX5;CHOIX6;CHOIX7;DESCRIPTION;RUPTURE;FAITS;ABS_REACTION;AUTRE_REACTION;PRECISIONREACTIONOUI;RECUL;PRECISIONREACTIONNON;IMPACTCOMPORTEMENT;AUTREUSAGER;REACTIONAUTREUSAGER;CONNAISSANCEREACTIONUSAGER;DIFFICULTES;AGGRAVATION;DIFFICULTES2;EMOTIONS1;EMOTIONS2;EMOTIONS3;EMOTIONS4;EMOTIONS5;EMOTIONS6;AUTRESENTIMENT;CLASSEMENTEMOTIONS1;CLASSEMENTEMOTIONS;CLASSEMENTEMOTIONS5;CLASSEMENTEMOTIONS6;CLASSEMENTEMOTIONS7;CLASSEMENTEMOTIONS8;CLASSEMENTEMOTIONS9;EXPLICATIONRESSENTI;BIENEQUIPE;ALLURE;ALLUREVITEDETAIL;ALLURELENTEDETAIL;SITUATIONPRESSE;SITUATIONDISTRAIT;SITUATIONCONFIANT;SITUATIONCONTROLE;SITUATIONLUDIQUE;SITUATIONPERF;SITUATIONSTRESS;SITUATIONFATIGUE;HUMEURNEUTRE;HUMEURGAI;HUMEURMECONTENT;HUMEURTRISTE;HUMEURCOLERE;CONTRIBUTION1;CONTRIBUTION2;CONTRIBUTION3;CONTRIBUTION4;CONTRIBUTION5;CONTRIBUTION6;CONTRIBUTION7;CONTRIBUTION8;CONTRIBUTION9;ROLEINFRA;ELEMENTINFRA1;ELEMENTINFRA2;ELEMENTINFRA3;ELEMENTINFRA4;ELEMENTINFRA5;ELEMENTINFRA6;ELEMENTINFRA7;ELEMENTINFRA8;ELEMENTINFRA9;ALCOOL;TXALCOOL;STUP;SEMAINE;MOMENTJOURNEE;TEMPS;CAUSEACC1;CAUSEACC2;CAUSEACC3;CAUSEACC4;CAUSEACC5;FORMATIONCAUSE;FORMATION1;FORMATION2;FORMATION3;FORMATION4;FORMATION5;TRAFIC;CHAUSSEE1;CHAUSSEE2;CHAUSSEE3;CHAUSSEE4;TYPEACC;BLESSURE;TETE;COU;THORAX;MEMBRESSUP;COLONNE;BASSIN;MEMBRESINF;HOPITAL;PLUS24H;TRAJET;TYPEROUTE;MOTIF;SENSTRAJET;PASSAGER;VITESSE;DESCEQ1;DESCEQ2;DESCEQ3;DESCEQ4;DESCEQ5;DESCEQ6;DESCEQ7;DESCEQ8;DESCEQ9;DESCEQ10;VEHICULEETE;VEHICULEAUTOMNE;VEHICULEPRINTEMPS;VEHICULEHIVER;VEHICULESEMAINE;VEHICULEWE;VEHMARQUE;VEHCYLINDREE;VEHMODELE;VEHSEGMENT;VEHSIDE;EQ2RMABS;EQ2RMCBS;EQ2RMABSCBS;EQ2RMREGULATEUR;EQ2RMLIMITEUR;EQ2RMPHARESDIRECT;EQ2RMCOUPURE;EQ2RMANTIPATINAGE;EQ2RMANTIXHEELING;EQ2RMSTABILILTE;VEHKM;POINTS;DUREE;AUTRE2RM;VEHPRECMARQUE;VEHPRECCYLINDREE;VEHPRECMODELE;VEHPRECSEGMENT;VEHPRECSIDE;TEMPS2RMPREC;FREQVEHPREC;DATE_NAISS;CSP;SOCIETAIRE;SALARIE;SECTEUR2RM;NBPERSFOYER;SITFAM;NBENF;TRNBENF1;TRNBENF2;TRNBENF3;TRNBENF4;NBAUTOFOYER;NBCYCLOFOYER;NBSCOOTFOYER;NBMOTOFOYER;NBTRIKEFOYER;NB2RMCONDUIT;MARQUE1;CYLINDREE1;MODELE1;SEGMENT1;SIDE1;ANMISECIRCU1;ASS1;FREQ1;USAGE1;NBKM1;GARAGE1;MARQUE2;CYLINDREE2;MODELE2;SEGMENT2;SIDE2;ANMISECIRCU2;ASS2;FREQ2;USAGE2;NBKM2;GARAGE2;MARQUE3;CYLINDREE3;MODELE3;SEGMENT3;SIDE3;ANMISECIRCU3;ASS3;FREQ3;USAGE3;NBKM3;GARAGE3;MARQUE4;CYLINDREE4;MODELE4;SEGMENT4;SIDE4;ANMISECIRCU4;ASS4;FREQ4;USAGE4;NBKM4;GARAGE4;MARQUE5;CYLINDREE5;MODELE5;SEGMENT5;SIDE5;ANMISECIRCU5;ASS5;FREQ5;USAGE5;NBKM5;GARAGE5;NBKMTOT;PERMIS1;PERMIS2;PERMIS3;PERMIS4;PERMIS5;PERMIS6;PERMIS7;PERMIS8;PERMIS9;ANPERMIS1;ANPERMIS6;ANPERMIS7;ANPERMIS2;ANPERMIS3;ANPERMIS8;ANPERMIS9;ANPERMIS4;ANPERMIS5
872;5077;;1;1;5;2006;;;;;0;4;;;;;;0;4;;;;;;0;5;;;;;;1;4;2006;;;;;0;4;;;;;;0;4;;;;;;0;4;;;;;;0;5;;;;;;0;4;;;;;;0;4;;;;;;0;3;;;;;;0;5;;;;;;0;3;;;;;;0;;;;;;;;;;;;;;;;;;;0;3;6;1;1;1;2006;;;;;;;;;;;;;;;;;;;;;;;;;;;;;;;;;;;;;;;;;;;;;;;;;;;;;;;;;;;;;;;;;;;;;;;;;;;;;;;;;;;;;;;;;;;;;;;;;;;;;;;;;;;;;;;;;;;;;;;;;;;;;;;;;;;;;;;;;;;;;;;;;;;;;;;;;;;;;;18JUL1963;11;1;3;2;3;2;2;NRP;;;;1;1;0;2;0;3;VASTRO;50;SCOOTER;SCOOTER;2;2007;16;2;2;500;7;KAWASAKI;500;GPZ-S;Routière / GT;2;1992;37;2;2;10000;7;DAELIM;125;VT EVOLUTION;CUSTOM;2;2002;41;4;1;0;7;;;;;;;;;;;;;;;;;;;;;;;10500;3;4;;;;;;;;NRP;NRP;NRP;NRP;2008;NRP;NRP;1982;NRP
1298;5078;415;1;0;6;;;;;;1;6;1965;;;;;0;4;;;;;;0;3;;;;;;1;6;1965;;;;;0;5;;;;;;0;3;;;;;;0;5;;;;;;0;5;;;;;;0;3;;;;;;0;5;;;;;;0;1;;;;;;0;2;;;;;;1;2;2008;;;;;1;1;2009;;;;;Prats de Mollo;;;;;De nuit, à la frontière au col d'Arès, venant d'Espagne, glissade sur gravillons français non signalés en plein virage.;;;;;0;0;0;1;40;1;21;5;1965;;1965;Vous circuliez sur un axe prioritaire. Un véhicule venant d’un axe non prioritaire vous a coupé la route.;2;;;;;;;"Un automobiliste venant d'une route à ma gauche a choisi de traverser la route sur laquelle je circulais juste au moment où j'abordais le croisement. A l'époque pas d'ABS et freinage un peu juste sur les motos, et, bien que ne roulant pas vite, je n'avais plus le temps de  m'arrêter normalement. Il s'agissait de petites routes de campagne, et ""heureusement"" le revêtement au croisement était assez sale. Donc roues bloquées, la moto a glissé sur le sol est s'est couchée, ce qui fait que le freinage par glissement a finalement été suffisant pour que la moto, ma passagère et moi nous arrêtions juste avant de toucher la voiture... qui s'était arrêtée au milieu du croisement et nous regardait arriver ! N'ayant pas été touché, l'automobiliste s'est contenté de nous eng... copieusement et a continué sa route sans chercher à savoir si nous avions besoin d'aide, de soin ou de secours. J'étais plus préoccupé par me relever, relever ma passagère, puis la moto, et vérifier qu'il n'y a avait pas trop de dégât corporel ou matériel, et l'automobiliste était déjà loin. Bilan: vêtements râpés par la glissade, un cale-pied brisé sur la moto, et un coup au moral... Nous avons pu continuer notre route.";"- Automobiliste ne vérifiant pas la présence d'un usager sur un croisement ou/et ne respectant pas la priorité; - stoppant au milieu du croisement plutôt que de le dégager rapidement.";"- Freinage désespéré dès que j'ai vu l'automobiliste s'engager; - Manœuvre d'évitement par la gauche complètement ratée puisque la moto a glissé et s'est couchée; - Mais qui de toute façon aurait été inefficace, puisque l'automobiliste s'était immobilisé";NRP;0;;;Je ne vois pas d'autre manœuvre à tenter dans une telle situation.;3;1;2;;A priori aucun. Croisement en rase campagne sans construction ni végétation bloquante, pas de circulation. Distraction au volant ?;1;Rester immobilisé sur le croisement plutôt que de le dégager rapidement.;2;6;;;;;;;2;;;;1;;Je savais que j'aurais beaucoup de mal à stopper avant de percuter l'automobile qui restait immobile devant moi.;3;3;;;1;2;3;4;1;1;2;2;1;3;4;4;4;10;;;;;;;;;1;4;5;AUT|pas de signalisation particulière sur aucune des routes à ce croisement selon mon souvenir;;;;;;2;2;;2;2;3;1;0;100;0;0;0;2;;;;;;1;1;4;;;1;;;;;;;;;;;2;2;3;;1;60;1;2;5;;;;;;;;3;3;3;1;2;3;PUCH;250;BASIQUE;ROADSTER;2;1;1;1;1;1;1;1;1;1;1;NSP;12;4;0;;;;;;;;12JUL1943;9;2;3;2;2;3;;NRP;;;;1;0;0;1;0;1;BMW;1200;R1200GS;TRAIL / SUPERMOTARD;2;2009;31;3;1;18000;7;;;;;;;;;;;;;;;;;;;;;;;;;;;;;;;;;;;;;;;;;;;;;18000;4;3;;;;;;;;NRP;NRP;NRP;NRP;1962;NRP;NRP;1962;NRP
1867;5079;;0;;;;;;;;;;;;;;;;;;;;;;;;;;;;;;;;;;;;;;;;;;;;;;;;;;;;;;;;;;;;;;;;;;;;;;;;;;;;;;;;;;;;;;;;;;;;;;;;;;;;;;;;;;;;;;;;;;;;;;;;;;;;;;;;;;;;;;;;;;;;;;;;;;;;;;;;;;;;;;;;;;;;;;;;;;;;;;;;;;;;;;;;;;;;;;;;;;;;;;;;;;;;;;;;;;;;;;;;;;;;;;;;;;;;;;;;;;;;;;;;;;;;;;;;;;;;;;;;;;;;;;;;;;;;;;;;;;;;;;;;;;29DEC1971;8;2;3;2;5;4;3;NRP;;;;2;0;0;1;0;1;BMW;1200;K1200R ABS;ROADSTER;2;2005;14;2;2;13000;7;;;;;;;;;;;;;;;;;;;;;;;;;;;;;;;;;;;;;;;;;;;;;13000;2;3;4;;;;;;;NRP;NRP;NRP;1991;2007;NRP;NRP;1991;NRP
957;5082;474;1;0;5;;;;;;1;6;2005;;;;;0;5;;;;;;0;2;;;;;;0;4;;;;;;0;5;;;;;;0;4;;;;;;0;3;;;;;;1;3;1983;;;;;0;2;;;;;;0;2;;;;;;0;1;;;;;;0;3;;;;;;0;2;;;;;;0;;;;;;;;;;;;;;;;;;;4;2;30;1;41;9;1983;;1983;Vous avez fait une sortie de route, une perte de contrôle ou une glissade sans rien percuter.;1;2;3;4;5;6;;"Simplement :  > Un motard qui roule un peu , pas beaucoup au dessus de ses pompes, très tard le soir sur une route qu'il croit connaitre par coeur.  > Un aléa imprévisible, que seule la prudence et l'anticipation pouvaient éliminer en tant que risque ; en l'occurrence une réfection de chaussée toute neuve . un peu de gravillons tout frais sur le milieu de la chaussée, et près de 10 cm de graviers entassés sur les bords de chaussée.  >  Et donc un motard qui perd tout seul le contrôle de sa machine pour cause d'entrée en virage franche et optimiste, censément contrôlée mais... trop vite juste parce qu'il y a des graviers inconnus de lui sur sa traj', mal visualisés avec le faible pinceau lumineux de nos motos la nuit.  Bilan, trauma crânien et perte de connaissance assez longue, moult contusions sévères, quelques brûlures. Rien de plus, pas de séquelles à terme.Ouf!  Les causes à postériori? facile, pas assez d'anticipation, trop de confiance sur une route très ( trop? ) connue, pas de prise en compte des imprévus, des impondérables.   Une bonne leçon presque gratuite que j'ai peut être  retenue , à moins que je ne sois très chanceux car je vais fêter mes ... 32 ans sans aucune pelle même minime en Aout.  En roulant entre 12 et 20 000 kms/an depuis, sans interruption, et sans me priver d'envoyer un peu du frottage de cale pieds mais en connaissance de cause.";Travaux récents et non signalés sur une route .   Trop de confiance .;Aucune réaction en temps et heure possible, à un instant T+ une microsdeconde ma moto perdait les deux pneus simultanément .   j'aurais pu et du anticiper, arriver moins confiant, mais à partir du moment ou je ne l'avais pas fait, il était trop tard pur quelque réaction que ce soit, seule la méfiance à priori aurait pu m'éviter la chute.  En arrivant sur l'angle et pas lentement sur une épaisse nappe de graviers frais ( en pleine nuit en campagne) que mes phares n'éclairaient pas une fraction de seconda avant de rouler dessus, je ne pouvais plus me sauver au moment ou simultanément mes yeux les ont perçus et mes roues se sont dérobées.  fallait anticiper !;2;0;;;Trop tard ! le danger était masqué jusqu'à la dernière seconde me privant de toute réaction possible.   J'aurais pu, et j'aurais du, être plus méfiant, moins optimiste, anticiper mieux, point.;2;0;;;;;;2;6;;;;;;;1;;;;2;;Une route connue jusqu'au bout des doigts et une circonstance qui elle était inédite: j'ai appris ce jour là que même la route la plus limée était source potentielle de dangers nouveaux.;3;1;1;;1;1;4;3;3;2;1;2;3;3;4;4;4;1;2;5;8;;;;;;1;5;;;;;;;;2;1;1;2;2;2;1;50;0;0;50;0;NSP;;;;;;1;4;;;;2;1;2;3;4;7;;;;1;0;2;2;3;;0;75;1;10;2;5;;;;;;;4;4;4;4;4;4;YAMAHA;125;RDLC;SPORTIVE;2;1;1;1;1;1;1;1;1;1;1;10000;12;3;1;HUSQVARNA;350;FC CROSS;TOUT TERRAIN (TRIAL / ENDURO / CROSS);2;3;3;07DEC1964;4;1;3;2;2;3;;NRP;;;;1;0;0;2;0;2;HONDA;1000;CB 1000R ABS;ROADSTER;2;2011;37;2;1;16000;4;HONDA;1000;CB 1000R;ROADSTER;2;2009;37;3;1;4000;4;;;;;;;;;;;;;;;;;;;;;;;;;;;;;;;;;;20000;4;3;;;;;;;;NRP;NRP;NRP;NRP;2000;NRP;NRP;1985;NRP
2147;5085;;0;;;;;;;;;;;;;;;;;;;;;;;;;;;;;;;;;;;;;;;;;;;;;;;;;;;;;;;;;;;;;;;;;;;;;;;;;;;;;;;;;;;;;;;;;;;;;;;;;;;;;;;;;;;;;;;;;;;;;;;;;;;;;;;;;;;;;;;;;;;;;;;;;;;;;;;;;;;;;;;;;;;;;;;;;;;;;;;;;;;;;;;;;;;;;;;;;;;;;;;;;;;;;;;;;;;;;;;;;;;;;;;;;;;;;;;;;;;;;;;;;;;;;;;;;;;;;;;;;;;;;;;;;;;;;;;;;;;;;;;;;;15MAR1966;7;2;3;2;7;4;5;NRP;;;;2;0;0;1;0;1;HONDA;600;TRANSALP;TRAIL / SUPERMOTARD;2;1990;40;3;1;5000;7;;;;;;;;;;;;;;;;;;;;;;;;;;;;;;;;;;;;;;;;;;;;;5000;3;4;;;;;;;;NRP;NRP;NRP;NRP;1985;NRP;NRP;1989;NRP
1773;5087;;1;0;1;;;;;;0;5;;;;;;0;4;;;;;;0;2;;;;;;1;6;NSP;;;;;0;4;;;;;;0;5;;;;;;0;4;;;;;;0;2;;;;;;0;2;;;;;;0;5;;;;;;0;2;;;;;;0;2;;;;;;0;2;;;;;;0;;;;;;;;;;;;;;;;;;;2;1;33;1;21;5;0;;;;;;;;;;;;;;;;;;;;;;;;;;;;;;;;;;;;;;;;;;;;;;;;;;;;;;;;;;;;;;;;;;;;;;;;;;;;;;;;;;;;;;;;;;;;;;;;;;;;;;;;;;;;;;;;;;;;;;;;;;;;;;;;;;;;;;;;;;;;;;;;;;;;;;;;;;;;;;28MAY1963;7;2;3;2;4;4;2;NRP;;;;3;0;0;1;0;1;YAMAHA;1600;WILD STAR;CUSTOM;2;2003;2;3;1;5000;7;;;;;;;;;;;;;;;;;;;;;;;;;;;;;;;;;;;;;;;;;;;;;5000;2;3;4;;;;;;;NRP;NRP;NRP;1981;1984;NRP;NRP;1981;NRP
1845;5088;;1;0;5;;;;;;0;5;;;;;;0;6;;;;;;0;4;;;;;;0;4;;;;;;0;4;;;;;;0;4;;;;;;1;5;2003;;;;;4;5;1973;1974;1974;2003;;0;3;;;;;;0;6;;;;;;0;4;;;;;;0;4;;;;;;1;5;1974;;;;;0;;;;;;;;;;;;;;;;;;;3;1;45;1;44;9;2003;;;;;;;;;;;;;;;;;;;;;;;;;;;;;;;;;;;;;;;;;;;;;;;;;;;;;;;;;;;;;;;;;;;;;;;;;;;;;;;;;;;;;;;;;;;;;;;;;;;;;;;;;;;;;;;;;;;;;;;;;;;;;;;;;;;;;;;;;;;;;;;;;;;;;;;;;;;;;;06JAN1952;5;2;3;2;2;3;;NRP;;;;2;0;0;1;1;2;SUZUKI;1200;BANDIT-S;ROADSTER;2;2006;28;3;1;4000;7;inconnue, fabriqué en Allemagn;1100;inconnu;NRP;2;2000;25;4;1;1000;7;;;;;;;;;;;;;;;;;;;;;;;;;;;;;;;;;;5000;3;4;;;;;;;;NRP;NRP;NRP;NRP;1973;NRP;NRP;1970;NRP
895;5089;371;1;0;4;;;;;;1;4;2007;;;;;0;2;;;;;;0;1;;;;;;0;5;;;;;;0;2;;;;;;0;2;;;;;;0;3;;;;;;0;3;;;;;;0;1;;;;;;0;4;;;;;;0;3;;;;;;0;4;;;;;;0;3;;;;;;0;;;;;;;;;;;;;;;;;;;3;5;30;1;6;2;2007;;2007;Vous circuliez derrière un véhicule. Ce véhicule a ralenti. Vous avez entrepris de dépasser ce véhicule par la gauche et celui-ci vous a coupé la route en tournant à gauche (ou en effectuant un ½ tour;1;;;;;;;"sortie de ville (campagne); j'ai commencé à doubler lorsque la voiture a tournée à gauche, sans clignotant, pour rentrer dans une station essence située de l'autre coté de la chaussée. au moment de la manoeuvre de l'auto je me trouvais encore juste à l'arrière du véhicule qui roulait à env 50 km/h et moi guère plus vit; avec un freinage plus appuyé de ma part dès que j'ai vu la manoeuvre il est fort possible que je n'aurais pas heurté la voiture. j'étais quasi à l'arrêt au moment du choc";"tourne à gauche sans clignotant; pas de vérification visuelle dans son rétroviseur, l'automobiliste a dit ne pas m'avoir vu bien j'ai roulé près de 2km derrière lui il faut noté qu'il a décidé de tourner au dernier moment;";"lorsque le véhicule a tourné j'ai freiné en suivant sa trajectoire pour éviter l'impact; par contre mon freinage s'est fait en 2 temps > d'abord normal puis appuyé après env 2s le temps que je réalise que l'automobiliste tournait plutôt que se déportait par contre l'automobiliste n'a eu aucune réaction avant l'impact; à aucun moment avant ou pendant sa manoeuvre il s'est préoccupé de son environnement";2;1;un freinage d'urgence immédiat m'aurait probablement permis de m'arrêter à temps;"rien ne laissait voir que cette manoeuvre allait se produire… l'automobiliste lui meme a manoeuvré ""sur un coup de tete""";;3;1;2;;aucune préoccupation de son environnement;NSP;aggraver non;6;;;;;;;;;;;;1;;je suis sur les freins, presque à l'arrêt, mais ma moto s'arrête 30 à 50cm trop loin;4;3;;;2;2;4;3;3;1;1;2;1;4;4;4;4;5;;;;;;;;;2;;;;;;;;;2;2;;2;1;1;1;0;100;0;0;0;2;;;;;;1;1;;;;1;;;;;;;;;;;1;2;1;2;0;60;1;2;3;4;7;9;;;;;4;4;4;4;4;4;YAMAHA;850;TDM;ROADSTER;2;0;1;1;1;1;1;1;1;1;1;30000;12;4;1;YAMAHA;600;XTE;TRAIL / SUPERMOTARD;2;4;4;15APR1958;5;2;3;2;4;4;2;NRP;;;;3;0;0;1;0;1;YAMAHA;900;TDM;ROADSTER;2;2008;28;2;1;10000;AUT|sous sol;;;;;;;;;;;;;;;;;;;;;;;;;;;;;;;;;;;;;;;;;;;;;10000;3;4;;;;;;;;NRP;NRP;NRP;NRP;1978;NRP;NRP;1978;NRP
1584;5090;;0;;;;;;;;;;;;;;;;;;;;;;;;;;;;;;;;;;;;;;;;;;;;;;;;;;;;;;;;;;;;;;;;;;;;;;;;;;;;;;;;;;;;;;;;;;;;;;;;;;;;;;;;;;;;;;;;;;;;;;;;;;;;;;;;;;;;;;;;;;;;;;;;;;;;;;;;;;;;;;;;;;;;;;;;;;;;;;;;;;;;;;;;;;;;;;;;;;;;;;;;;;;;;;;;;;;;;;;;;;;;;;;;;;;;;;;;;;;;;;;;;;;;;;;;;;;;;;;;;;;;;;;;;;;;;;;;;;;;;;;;;;05AUG1984;7;2;3;2;2;3;;NRP;;;;1;0;0;2;0;1;HARLEY-DAVIDSON;883;SPORTSTER IRON;ROADSTER;2;2009;29;1;2;10000;7;;;;;;;;;;;;;;;;;;;;;;;;;;;;;;;;;;;;;;;;;;;;;10000;3;4;;;;;;;;NRP;NRP;NRP;NRP;2006;NRP;NRP;2004;NRP
892;5091;;0;;;;;;;;;;;;;;;;;;;;;;;;;;;;;;;;;;;;;;;;;;;;;;;;;;;;;;;;;;;;;;;;;;;;;;;;;;;;;;;;;;;;;;;;;;;;;;;;;;;;;;;;;;;;;;;;;;;;;;;;;;;;;;;;;;;;;;;;;;;;;;;;;;;;;;;;;;;;;;;;;;;;;;;;;;;;;;;;;;;;;;;;;;;;;;;;;;;;;;;;;;;;;;;;;;;;;;;;;;;;;;;;;;;;;;;;;;;;;;;;;;;;;;;;;;;;;;;;;;;;;;;;;;;;;;;;;;;;;;;;;;23JUN1965;5;1;3;2;1;1;;NRP;;;;0;0;1;0;0;1;MBK;125;FLAME-X;SCOOTER;2;2010;37;1;2;4200;1;;;;;;;;;;;;;;;;;;;;;;;;;;;;;;;;;;;;;;;;;;;;;4200;4;;;;;;;;;NRP;NRP;NRP;NRP;NRP;NRP;NRP;1983;NRP
300;5092;336;1;0;6;;;;;;0;5;;;;;;0;6;;;;;;0;2;;;;;;0;5;;;;;;0;6;;;;;;0;2;;;;;;0;4;;;;;;1;4;1994;;;;;0;2;;;;;;0;6;;;;;;0;3;;;;;;0;4;;;;;;0;2;;;;;;1;1;2013;;;;;mont de marsan;;;;;Un camion garé à contre sens à la sortie d'un virage en train de charger du bois. Freinage en courbe, empietement bas coté, chute (arrêt à 2 metres du camion);;;;;0;0;4;0;22;1;71;15;2013;mont de marsan;2013;Autre(s) type(s) d'accident(s).;3;;;;;;;Absence de signalisation d'un camion en train de charger du bois. Freinage glissade et chute. Bien qu'ayant chuté sans contact, les tords ont été reporté sur le camion. Super bien defendu par la mut. Cool.  Premier reflexe du chauffeur: vous arriviez comme un fou (il ne pouvait me voir et je roule en djebel de 1991). Petite mise au point ferme et fin des pourparlers.;La surprise (le camion était garé à la sortie du virage). La chute était innévitable. Ma vitesse raisonnable a évité que je me retrouve sous ses roues.  Obligé de freiner en virage (évitement quasi impossible), la moto s'est redressée et direction le fossé.;Décélération freinage tentative de garder l'équilibre chute demi salto choc sur la roue avant à plat (merci la dorsale) Pilote debout dans la foulée et inspection des lésions Défense du chauffeur (vous rouliez trop vite) Ma part (vous auriez pu signaler votre présence) relevage de la moto constat amiable;NRP;0;;;Effet de surprise et pas d'autre alternative que de freiner en urgence.;2;0;;;;;;2;9;;;;;Apres la surprise, concentration pour éviter la chute. Ensuite colere (modérée). La peur n'est venu que le soir, au moment du coucher en revivant la situation. Nuit pourrie. en s'améliorant.;;1;;;;;2;Se retrouver face à un camion en sortie de virage, celà surprend;4;3;;;1;1;4;4;4;1;1;1;1;4;4;4;4;10;;;;;;;;;2;;;;;;;;;2;2;;2;1;1;1;0;100;0;0;0;2;;;;;;1;1;;;;2;1;7;;;;;;;1;0;2;2;1;2;0;60;1;10;2;3;4;7;8;;;;3;2;2;2;3;2;SUZUKI;650;DR 650 RL DJEBEL;TRAIL / SUPERMOTARD;2;1;1;1;1;1;1;1;1;1;1;65000;12;4;1;BMW;650;F650 FUNDURO;TRAIL / SUPERMOTARD;2;4;2;09APR1968;7;1;3;2;5;4;3;NRP;;;;2;0;0;1;0;1;SUZUKI;650;DR 650 RL DJEBEL;TRAIL / SUPERMOTARD;2;1991;37;3;1;2500;AUT|Dans jardin privatif sous abri non clos;;;;;;;;;;;;;;;;;;;;;;;;;;;;;;;;;;;;;;;;;;;;;2500;3;4;;;;;;;;NRP;NRP;NRP;NRP;1993;NRP;NRP;1986;NRP