Ligne;Ligne Q qualif;Ligne approfondissement Accident;ACCIDENT;NBACC1;ACCFREQUENCE1;ANNEEACC1_1;ANNEEACC1_2;ANNEEACC1_3;ANNEEACC1_4;ANNEEACC1_5;NBACC2;ACCFREQUENCE2;ANNEEACC2_1;ANNEEACC2_2;ANNEEACC2_3;ANNEEACC2_4;ANNEEACC2_5;NBACC3;ACCFREQUENCE3;ANNEEACC3_1;ANNEEACC3_2;ANNEEACC3_3;ANNEEACC3_4;ANNEEACC3_5;NBACC4;ACCFREQUENCE4;ANNEEACC4_1;ANNEEACC4_2;ANNEEACC4_3;ANNEEACC4_4;ANNEEACC4_5;NBACC5;ACCFREQUENCE5;ANNEEACC5_1;ANNEEACC5_2;ANNEEACC5_3;ANNEEACC5_4;ANNEEACC5_5;NBACC6;ACCFREQUENCE6;ANNEEACC6_1;ANNEEACC6_2;ANNEEACC6_3;ANNEEACC6_4;ANNEEACC6_5;NBACC7;ACCFREQUENCE7;ANNEEACC7_1;ANNEEACC7_2;ANNEEACC7_3;ANNEEACC7_4;ANNEEACC7_5;NBACC8;ACCFREQUENCE8;ANNEEACC8_1;ANNEEACC8_2;ANNEEACC8_3;ANNEEACC8_4;ANNEEACC8_5;NBACC9;ACCFREQUENCE9;ANNEEACC9_1;ANNEEACC9_2;ANNEEACC9_3;ANNEEACC9_4;ANNEEACC9_5;NBACC10;ACCFREQUENCE10;ANNEEACC10_1;ANNEEACC10_2;ANNEEACC10_3;ANNEEACC10_4;ANNEEACC10_5;NBACC11;ACCFREQUENCE11;ANNEEACC11_1;ANNEEACC11_2;ANNEEACC11_3;ANNEEACC11_4;ANNEEACC11_5;NBACC12;ACCFREQUENCE12;ANNEEACC12_1;ANNEEACC12_2;ANNEEACC12_3;ANNEEACC12_4;ANNEEACC12_5;NBACC13;ACCFREQUENCE13;ANNEEACC13_1;ANNEEACC13_2;ANNEEACC13_3;ANNEEACC13_4;ANNEEACC13_5;NBACC14;ACCFREQUENCE14;ANNEEACC14_1;ANNEEACC14_2;ANNEEACC14_3;ANNEEACC14_4;ANNEEACC14_5;AUTRESACC;NBAUTRESACC;ANNEEAUTREACC1;ANNEEAUTREACC2;ANNEEAUTREACC3;ANNEEAUTREACC4;ANNEEAUTREACC5;LIEUAUTREACC1;LIEUAUTREACC2;LIEUAUTREACC3;LIEUAUTREACC4;LIEUAUTREACC5;DESCRIPTIONAUTRESACC1;DESCRIPTIONAUTRESACC2;DESCRIPTIONAUTRESACC3;DESCRIPTIONAUTRESACC4;DESCRIPTIONAUTRESACC5;NBAUTRESACCCIRCUIT;NBAUTRESTOUTTERRAIN;EXPCYCLO;EXP125;EXPSUP125;ACCORDNEXTQ;CHOIXACC;RGPMTACC;RECUPANNEE;RECUPLIEU;RECUPANNE;RGPMTAC;CHOIX1;CHOIX2;CHOIX3;CHOIX4;CHOIX5;CHOIX6;CHOIX7;DESCRIPTION;RUPTURE;FAITS;ABS_REACTION;AUTRE_REACTION;PRECISIONREACTIONOUI;RECUL;PRECISIONREACTIONNON;IMPACTCOMPORTEMENT;AUTREUSAGER;REACTIONAUTREUSAGER;CONNAISSANCEREACTIONUSAGER;DIFFICULTES;AGGRAVATION;DIFFICULTES2;EMOTIONS1;EMOTIONS2;EMOTIONS3;EMOTIONS4;EMOTIONS5;EMOTIONS6;AUTRESENTIMENT;CLASSEMENTEMOTIONS1;CLASSEMENTEMOTIONS;CLASSEMENTEMOTIONS5;CLASSEMENTEMOTIONS6;CLASSEMENTEMOTIONS7;CLASSEMENTEMOTIONS8;CLASSEMENTEMOTIONS9;EXPLICATIONRESSENTI;BIENEQUIPE;ALLURE;ALLUREVITEDETAIL;ALLURELENTEDETAIL;SITUATIONPRESSE;SITUATIONDISTRAIT;SITUATIONCONFIANT;SITUATIONCONTROLE;SITUATIONLUDIQUE;SITUATIONPERF;SITUATIONSTRESS;SITUATIONFATIGUE;HUMEURNEUTRE;HUMEURGAI;HUMEURMECONTENT;HUMEURTRISTE;HUMEURCOLERE;CONTRIBUTION1;CONTRIBUTION2;CONTRIBUTION3;CONTRIBUTION4;CONTRIBUTION5;CONTRIBUTION6;CONTRIBUTION7;CONTRIBUTION8;CONTRIBUTION9;ROLEINFRA;ELEMENTINFRA1;ELEMENTINFRA2;ELEMENTINFRA3;ELEMENTINFRA4;ELEMENTINFRA5;ELEMENTINFRA6;ELEMENTINFRA7;ELEMENTINFRA8;ELEMENTINFRA9;ALCOOL;TXALCOOL;STUP;SEMAINE;MOMENTJOURNEE;TEMPS;CAUSEACC1;CAUSEACC2;CAUSEACC3;CAUSEACC4;CAUSEACC5;FORMATIONCAUSE;FORMATION1;FORMATION2;FORMATION3;FORMATION4;FORMATION5;TRAFIC;CHAUSSEE1;CHAUSSEE2;CHAUSSEE3;CHAUSSEE4;TYPEACC;BLESSURE;TETE;COU;THORAX;MEMBRESSUP;COLONNE;BASSIN;MEMBRESINF;HOPITAL;PLUS24H;TRAJET;TYPEROUTE;MOTIF;SENSTRAJET;PASSAGER;VITESSE;DESCEQ1;DESCEQ2;DESCEQ3;DESCEQ4;DESCEQ5;DESCEQ6;DESCEQ7;DESCEQ8;DESCEQ9;DESCEQ10;VEHICULEETE;VEHICULEAUTOMNE;VEHICULEPRINTEMPS;VEHICULEHIVER;VEHICULESEMAINE;VEHICULEWE;VEHMARQUE;VEHCYLINDREE;VEHMODELE;VEHSEGMENT;VEHSIDE;EQ2RMABS;EQ2RMCBS;EQ2RMABSCBS;EQ2RMREGULATEUR;EQ2RMLIMITEUR;EQ2RMPHARESDIRECT;EQ2RMCOUPURE;EQ2RMANTIPATINAGE;EQ2RMANTIXHEELING;EQ2RMSTABILILTE;VEHKM;POINTS;DUREE;AUTRE2RM;VEHPRECMARQUE;VEHPRECCYLINDREE;VEHPRECMODELE;VEHPRECSEGMENT;VEHPRECSIDE;TEMPS2RMPREC;FREQVEHPREC;DATE_NAISS;CSP;SOCIETAIRE;SALARIE;SECTEUR2RM;NBPERSFOYER;SITFAM;NBENF;TRNBENF1;TRNBENF2;TRNBENF3;TRNBENF4;NBAUTOFOYER;NBCYCLOFOYER;NBSCOOTFOYER;NBMOTOFOYER;NBTRIKEFOYER;NB2RMCONDUIT;MARQUE1;CYLINDREE1;MODELE1;SEGMENT1;SIDE1;ANMISECIRCU1;ASS1;FREQ1;USAGE1;NBKM1;GARAGE1;MARQUE2;CYLINDREE2;MODELE2;SEGMENT2;SIDE2;ANMISECIRCU2;ASS2;FREQ2;USAGE2;NBKM2;GARAGE2;MARQUE3;CYLINDREE3;MODELE3;SEGMENT3;SIDE3;ANMISECIRCU3;ASS3;FREQ3;USAGE3;NBKM3;GARAGE3;MARQUE4;CYLINDREE4;MODELE4;SEGMENT4;SIDE4;ANMISECIRCU4;ASS4;FREQ4;USAGE4;NBKM4;GARAGE4;MARQUE5;CYLINDREE5;MODELE5;SEGMENT5;SIDE5;ANMISECIRCU5;ASS5;FREQ5;USAGE5;NBKM5;GARAGE5;NBKMTOT;PERMIS1;PERMIS2;PERMIS3;PERMIS4;PERMIS5;PERMIS6;PERMIS7;PERMIS8;PERMIS9;ANPERMIS1;ANPERMIS6;ANPERMIS7;ANPERMIS2;ANPERMIS3;ANPERMIS8;ANPERMIS9;ANPERMIS4;ANPERMIS5
2117;5094;;1;0;3;;;;;;0;3;;;;;;0;5;;;;;;0;3;;;;;;0;5;;;;;;0;3;;;;;;0;4;;;;;;1;5;2013;;;;;0;5;;;;;;0;5;;;;;;0;4;;;;;;0;3;;;;;;0;3;;;;;;0;3;;;;;;0;;;;;;;;;;;;;;;;;;;4;0;3;1;36;8;2013;;;;;;;;;;;;;;;;;;;;;;;;;;;;;;;;;;;;;;;;;;;;;;;;;;;;;;;;;;;;;;;;;;;;;;;;;;;;;;;;;;;;;;;;;;;;;;;;;;;;;;;;;;;;;;;;;;;;;;;;;;;;;;;;;;;;;;;;;;;;;;;;;;;;;;;;;;;;;;31MAR1989;5;1;3;1;4;5;0;NRP;;;;4;1;0;1;0;1;SUZUKI;650;SV-N;ROADSTER;2;2008;37;2;2;15000;7;;;;;;;;;;;;;;;;;;;;;;;;;;;;;;;;;;;;;;;;;;;;;15000;1;3;4;;;;;;;2003;NRP;NRP;NRP;2012;NRP;NRP;2007;NRP
301;5096;164;1;1;4;1988;;;;;0;4;;;;;;1;6;1992;;;;;0;3;;;;;;0;4;;;;;;0;4;;;;;;0;4;;;;;;0;4;;;;;;0;3;;;;;;0;4;;;;;;0;3;;;;;;0;1;;;;;;0;4;;;;;;1;4;1989;;;;;0;;;;;;;;;;;;;;;;;;;4;0;20;1;66;14;1989;;1989;Alors que vous étiez en train de rouler, un piéton a traversé devant vous.;AUT|Le plus inévitable;;;;;;;Je circulais sur un boulevard parisien. Ce boulevard comprenait 3 voies dans un sens et 3 voies dans l'autre. La circulation était dense, je me trouvais sur la 2ème file, un camion me cachait le panneau de passage piéton. Et les voitures devant moi me cachait le marquage au sol. Le piéton s'est engagé en courant sur le passage piéton et passant devant le camion , je l'ai vu trop tard et je l'ai percuté. Ma vitesse de circulation était de l'ordre de 25 km/h. Pas de blessures ni pour le piéton, ni pour moi et la moto au sol un peu rayée. Résultat des courses: J'ai eu tort à 100% comme le dit le code de la route ! M'enfin ?!! Est-ce vraiment cohérent ? j'en doute, mais bon c'est comme ça. @+ Fred;Le trafic dense, un piéton stressé d'arriver à l'heure,et moi qui ne prévoit pas cette situation, fait basculer cet évènement en accident. @+ Fred;Embrayage, freins, et bing !!!!;2;0;;;La conjoncture fait que ce genre de situation est inévitable. Depuis ce temps, je crois qu'un feux tricolore a été mis en place.;3;1;2;;NSP;1;NSP;6;;;;;;;;;;;;1;;Il m'a été impossible de passer de 25km/h à 0km/h en 2m;4;3;;;NSP;NSP;2;3;2;1;1;1;1;4;4;4;4;1;5;;;;;;;;1;2;;;;;;;;2;2;;2;2;1;1;20;20;0;60;0;2;;;;;;3;1;;;;1;;;;;;;;;;;2;1;3;;0;25;1;10;2;3;5;;;;;;4;4;4;4;4;4;HONDA;500;VT-C;CUSTOM;2;1;1;1;1;1;1;1;1;1;1;5000;12;3;1;HONDA;125;XL-S;TRAIL / SUPERMOTARD;2;3;4;14APR1963;12;1;3;2;3;4;1;NRP;;;;1;0;0;1;0;1;HONDA;600;CBR 600F C-ABS;Routière / GT;2;2011;37;3;1;4000;7;;;;;;;;;;;;;;;;;;;;;;;;;;;;;;;;;;;;;;;;;;;;;4000;3;4;;;;;;;;NRP;NRP;NRP;NRP;1988;NRP;NRP;1981;NRP
1230;5097;;1;0;3;;;;;;0;6;;;;;;0;5;;;;;;0;1;;;;;;0;3;;;;;;0;4;;;;;;0;4;;;;;;0;5;;;;;;1;5;2014;;;;;0;3;;;;;;0;4;;;;;;0;2;;;;;;0;6;;;;;;0;4;;;;;;0;;;;;;;;;;;;;;;;;;;1;6;26;1;41;9;2014;;;;;;;;;;;;;;;;;;;;;;;;;;;;;;;;;;;;;;;;;;;;;;;;;;;;;;;;;;;;;;;;;;;;;;;;;;;;;;;;;;;;;;;;;;;;;;;;;;;;;;;;;;;;;;;;;;;;;;;;;;;;;;;;;;;;;;;;;;;;;;;;;;;;;;;;;;;;;;31MAY1963;5;1;3;2;4;4;2;NRP;;;;1;1;0;1;0;1;DUCATI;916;ST4;Routière / GT;2;2000;37;1;3;8000;7;;;;;;;;;;;;;;;;;;;;;;;;;;;;;;;;;;;;;;;;;;;;;8000;2;3;4;;;;;;;NRP;NRP;NRP;1980;1989;NRP;NRP;1995;NRP
1270;5098;212;1;0;5;;;;;;0;5;;;;;;0;6;;;;;;0;5;;;;;;1;6;1996;;;;;0;5;;;;;;0;4;;;;;;0;6;;;;;;0;4;;;;;;0;5;;;;;;0;4;;;;;;0;2;;;;;;3;5;1996;1997;1998;;;0;2;;;;;;1;2;1997;1998;;;;MONTPELLIER;MONTPELLIER;;;;je suivais une voiture, le véhicule qui la précédait a tourné à droite sans clignotant le véhicule me précédant a pilé et je me suis encastré dedans;Je me suis fait renversé volontairement par un automobiliste dans une rue  nous roulions tous 2 dans le même sens. il a tenté de fuir et a été arrété par un autre véhicule ayant assité à la scène. je n'ai jamais compris pourquoi il m'a heurté volontairement. la connerie humaine surement..;;;;0;0;3;3;16;1;72;15;1998;MONTPELLIER;1998;Autre(s) type(s) d'accident(s).;6;;;;;;;Une voiture m'a volontairement renversé sur un boulevard montpellierain en double voie urbaine en mettant un coup de volant en ma direction alors que je n'avais rien fait de spécial en son encontre.  s'en est suivi une glissade d'une 10aine de metres.. Merci le cuir..  Le conducteur a ensuite tenté de s'enfuir et a été arrété par un autre motard qui roulait en ma compagnie.  Nous avons été obligé de faire appel à la police nationale car le conducteur a fait preuve de mauvaise fois et refusait de remplir le constat;l'élément, son comportement auquel je ne m'attendais pas (coup de volant)  Les difficulté, aucunes manoeuvre d'évitement ou de freinage possible tant le choc a été rapide et violent;en action sur le véhicule, une tentative d'évitement avortée par le choc venant de ma gauche trop rapidement.  Ma réaction, une fois mes esprits retrouvés, je me souviens du choc mais plus de la glissade, j'ai repris mes esprit une fois la moto arrétée dans sa glisse étant coincé dessous par le pied.. (merci mes bottes..)  Donc ma premiere réaction, aller aider mon ami à faire s'arreter l'automobiliste afin de remplir le constat.  La réaction de l'automobiliste est la mauvaise fois et le refus d'obtempérer à remplir et à signer le constat, malgré les témoins de l'accident qui se sont également arrété du fait du caractère hors du commun et chocant de la situation.  Nous avons fait appel à la police nationale afin que l'automobiliste accepte de remplir le constat avec les faits;NRP;0;;;la réaction de l'automobiliste qui m'a volotairement renversé  le calme à garder malgré la situation;2;1;2;;la connerie humaine;1;toujours sa débilité;2;3;6;;;;;;1;3;;;2;;situation exceptionnelle, à laquelle je n'étais pas préparée et qui n'est pas préparable au permis..;3;3;;;1;1;3;4;2;1;1;1;1;3;4;4;4;10;;;;;;;;;2;;;;;;;;;2;2;;2;2;1;1;0;100;0;0;0;2;;;;;;2;1;;;;2;1;4;6;7;;;;;0;;2;1;3;;0;30;1;10;2;3;4;;;;;;4;4;4;4;4;4;BMW;800;R80RT;Routière / GT;2;1;1;1;1;1;1;1;1;1;1;160000;10;3;1;HONDA;650;DOMINATOR;TRAIL / SUPERMOTARD;2;4;4;07SEP1978;7;2;3;2;4;4;2;NRP;;;;2;0;0;1;0;2;YAMAHA;600;FZS FAZER;ROADSTER;2;1998;31;1;2;20000;7;HONDA;650;DOMINATOR;TRAIL / SUPERMOTARD;2;1988;28;4;1;2000;7;;;;;;;;;;;;;;;;;;;;;;;;;;;;;;;;;;22000;2;3;4;;;;;;;NRP;NRP;NRP;1994;1996;NRP;NRP;1996;NRP
2116;5099;;1;0;3;;;;;;0;3;;;;;;0;3;;;;;;0;3;;;;;;1;3;2003;;;;;0;3;;;;;;0;3;;;;;;1;3;2001;;;;;0;3;;;;;;0;3;;;;;;0;3;;;;;;0;3;;;;;;1;3;2006;;;;;0;3;;;;;;0;;;;;;;;;;;;;;;;;;;2;3;17;1;61;13;2006;;;;;;;;;;;;;;;;;;;;;;;;;;;;;;;;;;;;;;;;;;;;;;;;;;;;;;;;;;;;;;;;;;;;;;;;;;;;;;;;;;;;;;;;;;;;;;;;;;;;;;;;;;;;;;;;;;;;;;;;;;;;;;;;;;;;;;;;;;;;;;;;;;;;;;;;;;;;;;27MAY1976;7;1;2;2;2;3;;NRP;;;;2;1;0;1;0;2;MOTOCONFORT;125;D45S;ROADSTER;2;1953;37;4;1;200;7;HONDA;1000;"CB1 ""BIG ONE""";ROADSTER;2;1993;37;1;2;8000;7;;;;;;;;;;;;;;;;;;;;;;;;;;;;;;;;;;8200;2;3;4;;;;;;;NRP;NRP;NRP;1999;1999;NRP;NRP;1997;NRP
905;5103;98;1;0;4;;;;;;0;5;;;;;;0;5;;;;;;0;3;;;;;;0;5;;;;;;0;3;;;;;;0;3;;;;;;0;3;;;;;;0;3;;;;;;0;3;;;;;;0;6;;;;;;0;4;;;;;;1;5;NSP;;;;;0;4;;;;;;1;2;1987;1992;;;;Manosque;Manosquie;;;;Le véhicule que je suivais a freiné subitement pour se rabattre alors qu'il doublait et que je le suivais, j'ai vu ses feux stop trop tard car lancé également dans le dépassement.;Un véhicule sortant d'une place de stationnement en marche arrière m'a coupé la route. Il ne m'a pas vu arriver, pourtant doucement en ville.;;;;0;0;0;2;29;1;61;13;0;;-1;Vous circuliez derrière un véhicule. Ce véhicule a freiné ou a ralenti et vous l’avez percuté par l’arrière.;1;;;;;;;Je roulais derrière le véhicule quand ce dernier a voulu dépasser celui qui était devant lui, je l'ai suivi pensant avoir le temps de le doubler sur ma lancée, mais il a hésité à dépasser voyant arriver une voiture en face mais qui était très loin. Il a subitement freiné pour se rabattre, cette manoeuvre m'a totalement surpris, car dans mon analyse il avait largement le temps de doubler, et moi de le dépasser également. Une mauvaise appréciation des distances de sa part a abouti à l'annulation de sa manoeuvre. Jamais je n'aurai imaginé la possibilité de se rabattre si brusquement. Comme quoi en moto il faut envisager même l'inimaginable ! Quand j'ai vu ses feux de stop s'allumer il était trop tard car j'étais en pleine accélération.;Je me suis imaginé à la place de la voiture qui me précédait, et je n'aurai jamais effectué la même manoeuvre? D'où ma surprise totale ayant amené l'accident.;Assez en colère car cette manoeuvre n'était pas logique et prévue. J'ai naturellement freiné, mais sans ABS à l'époque la roue arrière s'est bloquée, entrainant ma chute. La conductrice du véhicule n'a rien vu, et a seulement entendu le choc provenant de l'arrière de son véhicule.;NRP;1;Cette mauvaise expérience m'a servi de leçon et avec le recul j'aurai attendu que le véhicule ait terminé sa manoeuvre avant de vouloir le dépasser à mon tour.;Comme je l'ai dit l'analyse du conducteur et la mienne étaient totalement différente, je pense qu'elle a eu peur de ne pas pouvoir doubler, alors que pour moi elle avait largement le temps de le faire et moi de la dépasser à mon tour. A mon avis sa réaction dénotait un manque d'expérience de la conduite.;;2;1;NSP;;Manque d'expérience et mauvaise analyse de la situation.;1;Mauvaise analyse de la situation.;2;;;;;;;;1;;;;;;Je ne m'attendais pas à cette manoeuvre totalement illogique.;4;3;;;3;2;3;3;1;1;1;2;1;4;4;4;4;5;;;;;;;;;2;;;;;;;;;2;2;;2;1;1;1;60;40;0;0;0;2;;;;;;1;1;;;;2;1;2;4;;;;;;1;0;1;2;1;1;0;80;1;10;2;3;4;7;;;;;4;4;4;4;4;2;HONDA;1000;VF-F2;Routière / GT;2;1;1;1;1;1;1;1;1;1;1;NSP;12;4;0;;;;;;;;14MAY1949;9;1;3;2;2;3;;NRP;;;;2;0;0;1;0;1;BMW;1200;R1200RT;Routière / GT;2;2008;37;2;1;10000;7;;;;;;;;;;;;;;;;;;;;;;;;;;;;;;;;;;;;;;;;;;;;;10000;3;4;;;;;;;;NRP;NRP;NRP;NRP;1967;NRP;NRP;1980;NRP
1723;5104;;0;;;;;;;;;;;;;;;;;;;;;;;;;;;;;;;;;;;;;;;;;;;;;;;;;;;;;;;;;;;;;;;;;;;;;;;;;;;;;;;;;;;;;;;;;;;;;;;;;;;;;;;;;;;;;;;;;;;;;;;;;;;;;;;;;;;;;;;;;;;;;;;;;;;;;;;;;;;;;;;;;;;;;;;;;;;;;;;;;;;;;;;;;;;;;;;;;;;;;;;;;;;;;;;;;;;;;;;;;;;;;;;;;;;;;;;;;;;;;;;;;;;;;;;;;;;;;;;;;;;;;;;;;;;;;;;;;;;;;;;;;;19APR1978;7;2;3;2;4;4;2;NRP;;;;2;0;0;1;0;1;HONDA;600;CB-F  N  IE ABS;ROADSTER;2;2004;10;2;2;4000;7;;;;;;;;;;;;;;;;;;;;;;;;;;;;;;;;;;;;;;;;;;;;;4000;3;4;;;;;;;;NRP;NRP;NRP;NRP;2010;NRP;NRP;2005;NRP
718;5110;346;1;0;5;;;;;;0;6;;;;;;0;5;;;;;;1;5;2002;;;;;0;5;;;;;;0;3;;;;;;0;3;;;;;;0;5;;;;;;0;4;;;;;;0;5;;;;;;0;6;;;;;;0;3;;;;;;1;5;NSP;;;;;0;5;;;;;;0;;;;;;;;;;;;;;;;;;;6;4;25;1;16;4;2002;;2002;Vous circuliez derrière un véhicule. Vous avez entrepris de dépasser ce véhicule par la droite et celui-ci vous a coupé la route en tournant à droite.;1;2;;;;;;Ce véhicule circulait sur la file du milieu, moi sur celle de droite à allure modérée, il à bifurqué sans clignotant à droite, je l'ai vu trop tard.;J'ai été surpris et j'ai freiné fortement sans aller jusqu'au blocage mais c'était trop tard.;J'ai freiné fortement et klaxonné, l'autre usager n'a eu aucune réaction à part la surprise au moment du choc.;NRP;0;;;Difficile d'anticiper ce genre d'accident.;1;1;2;;NRP;1;Si ce véhicule avait regardé dans ses rétroviseurs et mis son clignotant cela ne serait pas arrivé.;1;2;;;;;;2;1;;;;;;Ce véhicule n'était pas dans mon esprit sensé tourné à droite brusquement.;4;3;;;1;1;3;4;2;1;1;1;1;1;4;4;4;5;;;;;;;;;2;;;;;;;;;2;2;;2;1;1;1;0;100;0;0;0;2;;;;;;2;1;;;;1;;;;;;;;;;;2;1;1;1;0;50;1;10;2;3;4;7;;;;;4;4;4;4;4;4;HONDA;750;AFRICA TWIN;TRAIL / SUPERMOTARD;2;1;1;1;1;1;1;1;1;1;1;70000;12;4;1;YAMAHA;600;XT;TRAIL / SUPERMOTARD;2;4;4;27FEB1958;7;1;3;2;3;4;1;NRP;;;;1;1;0;1;0;1;BMW;1200;R1200GS ABS  PACK;TRAIL / SUPERMOTARD;2;2007;37;1;2;12000;7;;;;;;;;;;;;;;;;;;;;;;;;;;;;;;;;;;;;;;;;;;;;;12000;4;3;;;;;;;;NRP;NRP;NRP;NRP;1978;NRP;NRP;1978;NRP
1680;5111;;1;0;4;;;;;;0;6;;;;;;0;5;;;;;;0;2;;;;;;0;5;;;;;;0;4;;;;;;0;3;;;;;;0;4;;;;;;1;5;NSP;;;;;1;4;NSP;;;;;0;4;;;;;;0;2;;;;;;2;3;NSP;NSP;;;;0;2;;;;;;1;4;NSP;NSP;NSP;NSP;;Sartrouville;Rueil Malmaison;Paris;Bois colombes;;Plaque de verglas;Neige déjà un peu limite, et grand coup de vent en passant le pont sur la seine.;"Je me suis arrêté au feu passant rouge, le conducteur qui me suivait s'imaginait qu'un motard allait forcément bruler un feu ""aussi peu mur""";Je me suis arrêté au feu rouge, un conducteur pressé a décidé de la griller quand même avec trop peu de place pour passer et m'a envoyé valdinguer au passage.;;0;0;39;38;36;1;46;10;0;;;;;;;;;;;;;;;;;;;;;;;;;;;;;;;;;;;;;;;;;;;;;;;;;;;;;;;;;;;;;;;;;;;;;;;;;;;;;;;;;;;;;;;;;;;;;;;;;;;;;;;;;;;;;;;;;;;;;;;;;;;;;;;;;;;;;;;;;;;;;;;;;;;;;;;;;;;;;;15APR1960;5;1;3;2;2;3;;NRP;;;;1;1;0;2;0;3;YAMAHA;1300;FJR ABS  AS;Routière / GT;2;2011;37;2;1;20000;7;PIAGGIO;50;TYPHOON XR;SCOOTER;2;2009;37;2;2;1000;7;SIDE BIKE;2000;ZEUS;SIDE-CAR / TRIKE;1;2008;37;4;1;7500;7;;;;;;;;;;;;;;;;;;;;;;;28500;3;4;;;;;;;;NRP;NRP;NRP;NRP;1978;NRP;NRP;1978;NRP
1316;5113;;0;;;;;;;;;;;;;;;;;;;;;;;;;;;;;;;;;;;;;;;;;;;;;;;;;;;;;;;;;;;;;;;;;;;;;;;;;;;;;;;;;;;;;;;;;;;;;;;;;;;;;;;;;;;;;;;;;;;;;;;;;;;;;;;;;;;;;;;;;;;;;;;;;;;;;;;;;;;;;;;;;;;;;;;;;;;;;;;;;;;;;;;;;;;;;;;;;;;;;;;;;;;;;;;;;;;;;;;;;;;;;;;;;;;;;;;;;;;;;;;;;;;;;;;;;;;;;;;;;;;;;;;;;;;;;;;;;;;;;;;;;;08JUL1950;9;1;3;2;2;3;;NRP;;;;2;0;0;2;1;3;KYMCO;500;QUAD MXU IRS GREEN LINE;QUAD;2;2012;39;1;3;2000;7;YAMAHA;535;XV;CUSTOM;2;1988;16;2;1;2000;7;BMW;1200;K1200GT;Routière / GT;2;2007;37;2;1;12000;7;;;;;;;;;;;;;;;;;;;;;;;16000;3;4;;;;;;;;NRP;NRP;NRP;NRP;1998;NRP;NRP;1968;NRP
2057;5114;;1;0;6;;;;;;1;6;2014;;;;;1;6;NSP;;;;;0;5;;;;;;1;5;2003;;;;;0;5;;;;;;0;4;;;;;;0;5;;;;;;2;6;1988;2011;;;;0;4;;;;;;0;6;;;;;;0;2;;;;;;0;5;;;;;;0;4;;;;;;0;;;;;;;;;;;;;;;;;;;28;2;26;1;21;5;2003;;;;;;;;;;;;;;;;;;;;;;;;;;;;;;;;;;;;;;;;;;;;;;;;;;;;;;;;;;;;;;;;;;;;;;;;;;;;;;;;;;;;;;;;;;;;;;;;;;;;;;;;;;;;;;;;;;;;;;;;;;;;;;;;;;;;;;;;;;;;;;;;;;;;;;;;;;;;;;01FEB1971;2;1;3;2;3;4;1;NRP;;;;1;0;1;1;0;2;BMW;850;R850R;ROADSTER;2;1999;37;3;1;8000;1;SYM;125;JOYRIDE;SCOOTER;2;2012;37;2;2;4000;7;;;;;;;;;;;;;;;;;;;;;;;;;;;;;;;;;;12000;2;3;4;;;;;;;NRP;NRP;NRP;1987;1989;NRP;NRP;1989;NRP
152;5115;;0;;;;;;;;;;;;;;;;;;;;;;;;;;;;;;;;;;;;;;;;;;;;;;;;;;;;;;;;;;;;;;;;;;;;;;;;;;;;;;;;;;;;;;;;;;;;;;;;;;;;;;;;;;;;;;;;;;;;;;;;;;;;;;;;;;;;;;;;;;;;;;;;;;;;;;;;;;;;;;;;;;;;;;;;;;;;;;;;;;;;;;;;;;;;;;;;;;;;;;;;;;;;;;;;;;;;;;;;;;;;;;;;;;;;;;;;;;;;;;;;;;;;;;;;;;;;;;;;;;;;;;;;;;;;;;;;;;;;;;;;;;17NOV1964;7;2;3;2;4;4;2;NRP;;;;2;0;0;2;0;1;YAMAHA;1200;XTZ SUPER TENERE FIRST EDITION;TRAIL / SUPERMOTARD;2;2010;18;3;1;15000;5;;;;;;;;;;;;;;;;;;;;;;;;;;;;;;;;;;;;;;;;;;;;;15000;4;3;;;;;;;;NRP;NRP;NRP;NRP;2009;NRP;NRP;1983;NRP