Ligne;Ligne Q qualif;Ligne approfondissement Accident;ACCIDENT;NBACC1;ACCFREQUENCE1;ANNEEACC1_1;ANNEEACC1_2;ANNEEACC1_3;ANNEEACC1_4;ANNEEACC1_5;NBACC2;ACCFREQUENCE2;ANNEEACC2_1;ANNEEACC2_2;ANNEEACC2_3;ANNEEACC2_4;ANNEEACC2_5;NBACC3;ACCFREQUENCE3;ANNEEACC3_1;ANNEEACC3_2;ANNEEACC3_3;ANNEEACC3_4;ANNEEACC3_5;NBACC4;ACCFREQUENCE4;ANNEEACC4_1;ANNEEACC4_2;ANNEEACC4_3;ANNEEACC4_4;ANNEEACC4_5;NBACC5;ACCFREQUENCE5;ANNEEACC5_1;ANNEEACC5_2;ANNEEACC5_3;ANNEEACC5_4;ANNEEACC5_5;NBACC6;ACCFREQUENCE6;ANNEEACC6_1;ANNEEACC6_2;ANNEEACC6_3;ANNEEACC6_4;ANNEEACC6_5;NBACC7;ACCFREQUENCE7;ANNEEACC7_1;ANNEEACC7_2;ANNEEACC7_3;ANNEEACC7_4;ANNEEACC7_5;NBACC8;ACCFREQUENCE8;ANNEEACC8_1;ANNEEACC8_2;ANNEEACC8_3;ANNEEACC8_4;ANNEEACC8_5;NBACC9;ACCFREQUENCE9;ANNEEACC9_1;ANNEEACC9_2;ANNEEACC9_3;ANNEEACC9_4;ANNEEACC9_5;NBACC10;ACCFREQUENCE10;ANNEEACC10_1;ANNEEACC10_2;ANNEEACC10_3;ANNEEACC10_4;ANNEEACC10_5;NBACC11;ACCFREQUENCE11;ANNEEACC11_1;ANNEEACC11_2;ANNEEACC11_3;ANNEEACC11_4;ANNEEACC11_5;NBACC12;ACCFREQUENCE12;ANNEEACC12_1;ANNEEACC12_2;ANNEEACC12_3;ANNEEACC12_4;ANNEEACC12_5;NBACC13;ACCFREQUENCE13;ANNEEACC13_1;ANNEEACC13_2;ANNEEACC13_3;ANNEEACC13_4;ANNEEACC13_5;NBACC14;ACCFREQUENCE14;ANNEEACC14_1;ANNEEACC14_2;ANNEEACC14_3;ANNEEACC14_4;ANNEEACC14_5;AUTRESACC;NBAUTRESACC;ANNEEAUTREACC1;ANNEEAUTREACC2;ANNEEAUTREACC3;ANNEEAUTREACC4;ANNEEAUTREACC5;LIEUAUTREACC1;LIEUAUTREACC2;LIEUAUTREACC3;LIEUAUTREACC4;LIEUAUTREACC5;DESCRIPTIONAUTRESACC1;DESCRIPTIONAUTRESACC2;DESCRIPTIONAUTRESACC3;DESCRIPTIONAUTRESACC4;DESCRIPTIONAUTRESACC5;NBAUTRESACCCIRCUIT;NBAUTRESTOUTTERRAIN;EXPCYCLO;EXP125;EXPSUP125;ACCORDNEXTQ;CHOIXACC;RGPMTACC;RECUPANNEE;RECUPLIEU;RECUPANNE;RGPMTAC;CHOIX1;CHOIX2;CHOIX3;CHOIX4;CHOIX5;CHOIX6;CHOIX7;DESCRIPTION;RUPTURE;FAITS;ABS_REACTION;AUTRE_REACTION;PRECISIONREACTIONOUI;RECUL;PRECISIONREACTIONNON;IMPACTCOMPORTEMENT;AUTREUSAGER;REACTIONAUTREUSAGER;CONNAISSANCEREACTIONUSAGER;DIFFICULTES;AGGRAVATION;DIFFICULTES2;EMOTIONS1;EMOTIONS2;EMOTIONS3;EMOTIONS4;EMOTIONS5;EMOTIONS6;AUTRESENTIMENT;CLASSEMENTEMOTIONS1;CLASSEMENTEMOTIONS;CLASSEMENTEMOTIONS5;CLASSEMENTEMOTIONS6;CLASSEMENTEMOTIONS7;CLASSEMENTEMOTIONS8;CLASSEMENTEMOTIONS9;EXPLICATIONRESSENTI;BIENEQUIPE;ALLURE;ALLUREVITEDETAIL;ALLURELENTEDETAIL;SITUATIONPRESSE;SITUATIONDISTRAIT;SITUATIONCONFIANT;SITUATIONCONTROLE;SITUATIONLUDIQUE;SITUATIONPERF;SITUATIONSTRESS;SITUATIONFATIGUE;HUMEURNEUTRE;HUMEURGAI;HUMEURMECONTENT;HUMEURTRISTE;HUMEURCOLERE;CONTRIBUTION1;CONTRIBUTION2;CONTRIBUTION3;CONTRIBUTION4;CONTRIBUTION5;CONTRIBUTION6;CONTRIBUTION7;CONTRIBUTION8;CONTRIBUTION9;ROLEINFRA;ELEMENTINFRA1;ELEMENTINFRA2;ELEMENTINFRA3;ELEMENTINFRA4;ELEMENTINFRA5;ELEMENTINFRA6;ELEMENTINFRA7;ELEMENTINFRA8;ELEMENTINFRA9;ALCOOL;TXALCOOL;STUP;SEMAINE;MOMENTJOURNEE;TEMPS;CAUSEACC1;CAUSEACC2;CAUSEACC3;CAUSEACC4;CAUSEACC5;FORMATIONCAUSE;FORMATION1;FORMATION2;FORMATION3;FORMATION4;FORMATION5;TRAFIC;CHAUSSEE1;CHAUSSEE2;CHAUSSEE3;CHAUSSEE4;TYPEACC;BLESSURE;TETE;COU;THORAX;MEMBRESSUP;COLONNE;BASSIN;MEMBRESINF;HOPITAL;PLUS24H;TRAJET;TYPEROUTE;MOTIF;SENSTRAJET;PASSAGER;VITESSE;DESCEQ1;DESCEQ2;DESCEQ3;DESCEQ4;DESCEQ5;DESCEQ6;DESCEQ7;DESCEQ8;DESCEQ9;DESCEQ10;VEHICULEETE;VEHICULEAUTOMNE;VEHICULEPRINTEMPS;VEHICULEHIVER;VEHICULESEMAINE;VEHICULEWE;VEHMARQUE;VEHCYLINDREE;VEHMODELE;VEHSEGMENT;VEHSIDE;EQ2RMABS;EQ2RMCBS;EQ2RMABSCBS;EQ2RMREGULATEUR;EQ2RMLIMITEUR;EQ2RMPHARESDIRECT;EQ2RMCOUPURE;EQ2RMANTIPATINAGE;EQ2RMANTIXHEELING;EQ2RMSTABILILTE;VEHKM;POINTS;DUREE;AUTRE2RM;VEHPRECMARQUE;VEHPRECCYLINDREE;VEHPRECMODELE;VEHPRECSEGMENT;VEHPRECSIDE;TEMPS2RMPREC;FREQVEHPREC;DATE_NAISS;CSP;SOCIETAIRE;SALARIE;SECTEUR2RM;NBPERSFOYER;SITFAM;NBENF;TRNBENF1;TRNBENF2;TRNBENF3;TRNBENF4;NBAUTOFOYER;NBCYCLOFOYER;NBSCOOTFOYER;NBMOTOFOYER;NBTRIKEFOYER;NB2RMCONDUIT;MARQUE1;CYLINDREE1;MODELE1;SEGMENT1;SIDE1;ANMISECIRCU1;ASS1;FREQ1;USAGE1;NBKM1;GARAGE1;MARQUE2;CYLINDREE2;MODELE2;SEGMENT2;SIDE2;ANMISECIRCU2;ASS2;FREQ2;USAGE2;NBKM2;GARAGE2;MARQUE3;CYLINDREE3;MODELE3;SEGMENT3;SIDE3;ANMISECIRCU3;ASS3;FREQ3;USAGE3;NBKM3;GARAGE3;MARQUE4;CYLINDREE4;MODELE4;SEGMENT4;SIDE4;ANMISECIRCU4;ASS4;FREQ4;USAGE4;NBKM4;GARAGE4;MARQUE5;CYLINDREE5;MODELE5;SEGMENT5;SIDE5;ANMISECIRCU5;ASS5;FREQ5;USAGE5;NBKM5;GARAGE5;NBKMTOT;PERMIS1;PERMIS2;PERMIS3;PERMIS4;PERMIS5;PERMIS6;PERMIS7;PERMIS8;PERMIS9;ANPERMIS1;ANPERMIS6;ANPERMIS7;ANPERMIS2;ANPERMIS3;ANPERMIS8;ANPERMIS9;ANPERMIS4;ANPERMIS5
276;5147;177;1;0;4;;;;;;1;5;NSP;;;;;1;3;2005;;;;;0;2;;;;;;0;4;;;;;;0;3;;;;;;0;4;;;;;;0;4;;;;;;1;4;1992;;;;;1;3;2003;;;;;0;3;;;;;;0;4;;;;;;0;4;;;;;;0;2;;;;;;0;;;;;;;;;;;;;;;;;;;8;5;8;1;11;3;2005;;2005;Vous remontiez une file de véhicules (à l’arrêt ou au ralenti) par la gauche. Un véhicule de cette file vous a coupé la route en tournant à gauche.;5;;;;;;;le conducteur a déboité de la file pour tourner à gauche alors que je remontais lentement cette meme file, phares allumée bien sur, ( ma moto est de 2008 ) . J'etais très pret du véhicule mais pas dans son angle mort, il aurait du me voir en regardant dans son retro exterieur gauche car rien ne masquait ma présence ( poid lourd ou autres ) .  Ce véhicule devait etre impatient de s'extirper du bouchon dans lequel il se trouvait et à probablement décidé de tourner à gauche, sur un coup de tete, sans reflechir si une moto pouvait doubler en remontant la file . Il n'y avait personne en face .  Je remontait lentement la file ( 5 à 10km/h ) , j'ai senti que ce véhicule avait un comportement à ne pas rester en file mais je ne pensais pas qu'il pourrait brusquement me couper la route .  j'ai pu freiner, toucher le vehicule . La moto est tombé, moi aussi mais ayant de grande jambe, j'ai pu éviter d'etre aplati par la moto par terre .;la personne qui conduisait le véhicule a tourné brusquement à gauche alors que j'arrivai à proximité  . meme en arrivant lentement, le fait d'etre proche ne m'a pas permis d'eviter le vehicule completement .;j'ai senti que le vehicule presentait des signes qui indiquait un compoortement d'attente agace dans celle file de voitures bloquées .  Inconsciemment, j'ai commencé à couper les gaz juste avant son changement de direction  . J'ai ensuite actionné le frein arrière, bougé le corps et le guidon pour essayer de faire pivoter la moto de droite à gauche ( comme en cross ) avec la roue arriere .  cela n'a pas suffit pour eviter completement le vehicule mais m'a permis d'arriver sur son flanc gauche, quasiment en parralele .  J'ai donc touché la voiture, ce qui m'a desiquilibré, sachant que celui ci ne s'est pas arreté de suite, il a parcouru 1 a 2 metres avant de s'immobiliser . Ce qui a fait que j'ai suivi le mouvement a cause du retro gauche qui ne se repliait pas et qui s'est coincé derriere mon bras droit .  une fois arreté, je suis tombé en desequilibre, j'ai laché la moto, ecarté loin la jambe droite durant sa chute, bien raffermie la gauche pour eviter de basculer moi aussi . J'a pu eviter de tomber sous la moto mais pas de tomber à la renverse .  Le conduteur est sortie par la porte droite, a cause de la moto qui bloquait la gauche, m'ai aidé à me relever en douceur . D'autres temoins ont securisé la zone .;NRP;0;;;le vehicule a changé de direction alors que j'etais tres pret .;2;1;2;;a part le fait de ne pas avoir regardé son retro gauche avant de deboiter, je ne vois pas .;2;La personne aurait regardé dans son retro, l'accident n'aurait pas eu lieu .;6;;;;;;;;;;;;1;;Meme si je pense avoir eu une bonne réaction au guidon, ja savais que je toucherai le vehicule d'une maniere ou d'un autre . J'ai essayé de limité tres vite et au maximum l'impact . Mais cela se joue en quelques milliemes de seconde je pense .;4;3;;;1;1;4;4;1;1;1;1;1;4;4;4;4;10;;;;;;;;;2;;;;;;;;;2;2;;2;1;1;1;2;98;0;0;0;2;;;;;;4;1;;;;1;;;;;;;;;;;1;1;1;2;0;10;1;10;2;3;4;;;;;;4;4;4;3;4;4;YAMAHA;850;TDM;ROADSTER;2;1;1;1;1;1;1;1;1;1;1;20000;12;3;1;HONDA;125;VARADERO;TRAIL / SUPERMOTARD;2;4;3;29NOV1968;5;2;3;2;4;4;2;NRP;;;;2;0;0;1;0;1;TRIUMPH;955;TIGER;TRAIL / SUPERMOTARD;2;2004;28;2;2;6000;7;;;;;;;;;;;;;;;;;;;;;;;;;;;;;;;;;;;;;;;;;;;;;6000;4;3;;;;;;;;NRP;NRP;NRP;NRP;2005;NRP;NRP;1987;NRP
1520;5148;;1;0;4;;;;;;2;5;1977;2005;;;;1;3;1977;;;;;0;3;;;;;;0;4;;;;;;0;4;;;;;;0;2;;;;;;1;3;1975;;;;;1;3;1974;;;;;0;6;;;;;;1;5;1977;;;;;0;2;;;;;;1;3;2000;;;;;0;4;;;;;;0;;;;;;;;;;;;;;;;;;;2;2;38;1;11;3;1977;;;;;;;;;;;;;;;;;;;;;;;;;;;;;;;;;;;;;;;;;;;;;;;;;;;;;;;;;;;;;;;;;;;;;;;;;;;;;;;;;;;;;;;;;;;;;;;;;;;;;;;;;;;;;;;;;;;;;;;;;;;;;;;;;;;;;;;;;;;;;;;;;;;;;;;;;;;;;;14FEB1956;9;1;3;2;3;4;1;NRP;;;;1;0;0;2;0;2;SUZUKI;1000;V-STROM;TRAIL / SUPERMOTARD;2;2003;37;2;1;8000;7;SUZUKI;650;GR;CUSTOM;2;1984;37;2;2;6000;7;;;;;;;;;;;;;;;;;;;;;;;;;;;;;;;;;;14000;3;4;;;;;;;;NRP;NRP;NRP;NRP;1977;NRP;NRP;1974;NRP
2028;5149;;0;;;;;;;;;;;;;;;;;;;;;;;;;;;;;;;;;;;;;;;;;;;;;;;;;;;;;;;;;;;;;;;;;;;;;;;;;;;;;;;;;;;;;;;;;;;;;;;;;;;;;;;;;;;;;;;;;;;;;;;;;;;;;;;;;;;;;;;;;;;;;;;;;;;;;;;;;;;;;;;;;;;;;;;;;;;;;;;;;;;;;;;;;;;;;;;;;;;;;;;;;;;;;;;;;;;;;;;;;;;;;;;;;;;;;;;;;;;;;;;;;;;;;;;;;;;;;;;;;;;;;;;;;;;;;;;;;;;;;;;;;;06FEB1971;5;1;3;2;4;4;2;NRP;;;;2;0;0;1;0;1;YAMAHA;600;FZ6-S FAZER;ROADSTER;2;2007;37;2;1;7000;7;;;;;;;;;;;;;;;;;;;;;;;;;;;;;;;;;;;;;;;;;;;;;7000;3;4;;;;;;;;NRP;NRP;NRP;NRP;2009;NRP;NRP;1989;NRP
987;5150;472;1;0;4;;;;;;0;5;;;;;;0;5;;;;;;0;2;;;;;;0;5;;;;;;0;2;;;;;;0;3;;;;;;0;5;;;;;;1;4;2003;;;;;0;4;;;;;;0;5;;;;;;0;2;;;;;;0;6;;;;;;0;3;;;;;;0;;;;;;;;;;;;;;;;;;;2;3;30;1;41;9;2003;;2003;Vous avez fait une sortie de route, une perte de contrôle ou une glissade sans rien percuter.;3;;;;;;;sur un rond point je suivais un vehicule automobile je réfléchissais a autre chose  le vehicule devant moi a freiné ... j'ai freine de suite et j'ai glissé sans taper le vehicule ce rond point, j'ai appris cela plus tard , avait une chaussée tres glissante (j'ai meme vu une autre fois un vehicule automobile , sous la pluie , qui est parti en rotation);ne pas avoir fait attention a la route et aux autres vehicules;j'ai freine et j'ai chuté mais je ne sais plus si c'est la roue avant qui est partie ou autre chose;NRP;1;si j'avais fait plus attention j'aurai ralenti sans doute avant et je n'aurais pas eu a freiné brutalement;je réfléchissais a autre chose;;2;1;2;;NSP;2;NRP;2;;;;;;;;1;;;;;;j'ai repris conscience que j'etais sur la route alors que je reflechissais;4;3;;;2;4;4;4;NSP;1;NSP;NSP;5;5;5;5;5;4;;;;;;;;;1;3;;;;;;;;2;2;;2;1;1;1;80;0;0;20;0;2;;;;;;2;1;;;;1;;;;;;;;;;;1;1;3;;0;60;1;10;2;3;4;;;;;;3;3;3;2;3;2;HONDA;500;CB;ROADSTER;2;1;1;1;1;1;1;1;1;1;1;20000;12;4;1;BULTACO;250;PUR SANG MK8;TOUT TERRAIN (TRIAL / ENDURO / CROSS);2;4;3;14MAY1959;5;1;3;2;2;3;;NRP;;;;2;0;0;2;0;2;DUCATI;1000;MONSTER S2R;ROADSTER;2;2006;37;3;2;5000;4;DUCATI;620;MONSTER IE;ROADSTER;2;2003;37;4;1;2000;4;;;;;;;;;;;;;;;;;;;;;;;;;;;;;;;;;;7000;2;3;4;;;;;;;NRP;NRP;NRP;1975;1977;NRP;NRP;1978;NRP
1757;5151;;0;;;;;;;;;;;;;;;;;;;;;;;;;;;;;;;;;;;;;;;;;;;;;;;;;;;;;;;;;;;;;;;;;;;;;;;;;;;;;;;;;;;;;;;;;;;;;;;;;;;;;;;;;;;;;;;;;;;;;;;;;;;;;;;;;;;;;;;;;;;;;;;;;;;;;;;;;;;;;;;;;;;;;;;;;;;;;;;;;;;;;;;;;;;;;;;;;;;;;;;;;;;;;;;;;;;;;;;;;;;;;;;;;;;;;;;;;;;;;;;;;;;;;;;;;;;;;;;;;;;;;;;;;;;;;;;;;;;;;;;;;;11JUL1967;8;1;3;2;3;4;1;NRP;;;;2;0;0;1;0;1;MOTO GUZZI;1000;CALIFORNIA III;Routière / GT;2;1990;37;1;2;10000;7;;;;;;;;;;;;;;;;;;;;;;;;;;;;;;;;;;;;;;;;;;;;;10000;4;3;;;;;;;;NRP;NRP;NRP;NRP;1998;NRP;NRP;1988;NRP
543;5153;253;1;0;3;;;;;;0;5;;;;;;0;4;;;;;;0;2;;;;;;0;5;;;;;;0;4;;;;;;0;6;;;;;;0;6;;;;;;1;5;1990;;;;;0;1;;;;;;0;1;;;;;;0;2;;;;;;0;2;;;;;;0;2;;;;;;0;;;;;;;;;;;;;;;;;;;4;1;33;1;41;9;1990;;1990;Vous avez fait une sortie de route, une perte de contrôle ou une glissade sans rien percuter.;2;;;;;;;NRP;NRP;NRP;NRP;1;NRP;NRP;;2;1;2;;NSP;2;NRP;6;;;;;;;;;;;;1;;Entrée de virage avec une vitesse trop grande , freinage mal controlé , et percussion avec le rail de sécurité.;4;1;4;;1;1;4;4;1;4;1;2;3;3;4;4;4;1;5;9;;;;;;;2;;;;;;;;;2;2;;2;1;1;1;100;0;0;0;0;1;AUT|trop confiant;;;;;1;1;;;;1;;;;;;;;;;;3;2;3;;1;70;1;10;2;3;5;;;;;;4;4;4;4;4;4;BMW;1000;K100RS;Routière / GT;2;1;1;1;1;1;1;1;1;1;1;70000;NSP;4;0;;;;;;;;28FEB1955;9;1;3;2;2;3;;NRP;;;;1;0;0;1;0;1;BMW;1000;R100RT;Routière / GT;2;1994;37;2;1;10000;7;;;;;;;;;;;;;;;;;;;;;;;;;;;;;;;;;;;;;;;;;;;;;10000;3;4;;;;;;;;NRP;NRP;NRP;NRP;1982;NRP;NRP;1973;NRP
1692;5154;;1;0;5;;;;;;0;5;;;;;;1;6;NSP;;;;;0;4;;;;;;0;5;;;;;;0;6;;;;;;0;4;;;;;;0;5;;;;;;0;4;;;;;;0;5;;;;;;1;6;1994;;;;;0;1;;;;;;0;2;;;;;;0;4;;;;;;0;;;;;;;;;;;;;;;;;;;2;2;30;0;;NRP;;;;;;;;;;;;;;;;;;;;;;;;;;;;;;;;;;;;;;;;;;;;;;;;;;;;;;;;;;;;;;;;;;;;;;;;;;;;;;;;;;;;;;;;;;;;;;;;;;;;;;;;;;;;;;;;;;;;;;;;;;;;;;;;;;;;;;;;;;;;;;;;;;;;;;;;;;;;;;;05APR1966;7;1;3;2;4;4;2;NRP;;;;3;1;0;2;0;2;BMW;1000;K1 ABS;Routière / GT;2;1990;37;3;1;3500;7;TRIUMPH;1700;THUNDERBIRD;CUSTOM;2;2011;37;1;2;12000;7;;;;;;;;;;;;;;;;;;;;;;;;;;;;;;;;;;15500;4;9;;;;;;;;NRP;NRP;NRP;NRP;NRP;NRP;1984;1991;NRP
2202;5155;;0;;;;;;;;;;;;;;;;;;;;;;;;;;;;;;;;;;;;;;;;;;;;;;;;;;;;;;;;;;;;;;;;;;;;;;;;;;;;;;;;;;;;;;;;;;;;;;;;;;;;;;;;;;;;;;;;;;;;;;;;;;;;;;;;;;;;;;;;;;;;;;;;;;;;;;;;;;;;;;;;;;;;;;;;;;;;;;;;;;;;;;;;;;;;;;;;;;;;;;;;;;;;;;;;;;;;;;;;;;;;;;;;;;;;;;;;;;;;;;;;;;;;;;;;;;;;;;;;;;;;;;;;;;;;;;;;;;;;;;;;;;28MAY1972;5;1;3;2;4;4;2;NRP;;;;1;0;0;1;0;1;DUCATI;750;SUPER SPORT;Routière / GT;2;1993;37;2;2;2000;7;;;;;;;;;;;;;;;;;;;;;;;;;;;;;;;;;;;;;;;;;;;;;2000;3;4;;;;;;;;NRP;NRP;NRP;NRP;1991;NRP;NRP;1991;NRP
1800;5157;;1;0;2;;;;;;0;2;;;;;;0;2;;;;;;0;2;;;;;;1;2;2002;;;;;0;2;;;;;;0;3;;;;;;0;2;;;;;;0;3;;;;;;0;3;;;;;;0;3;;;;;;0;2;;;;;;0;3;;;;;;0;3;;;;;;0;;;;;;;;;;;;;;;;;;;2;1;34;1;21;5;2002;;;;;;;;;;;;;;;;;;;;;;;;;;;;;;;;;;;;;;;;;;;;;;;;;;;;;;;;;;;;;;;;;;;;;;;;;;;;;;;;;;;;;;;;;;;;;;;;;;;;;;;;;;;;;;;;;;;;;;;;;;;;;;;;;;;;;;;;;;;;;;;;;;;;;;;;;;;;;;11SEP1954;7;2;3;2;2;3;;NRP;;;;1;0;1;0;0;1;GILERA;500;FUOCO;SCOOTER;2;2011;10;1;1;6000;4;;;;;;;;;;;;;;;;;;;;;;;;;;;;;;;;;;;;;;;;;;;;;6000;3;;;;;;;;;NRP;NRP;NRP;NRP;1973;NRP;NRP;NRP;NRP
777;5158;;1;0;3;;;;;;0;3;;;;;;0;3;;;;;;0;2;;;;;;0;4;;;;;;0;3;;;;;;0;2;;;;;;0;3;;;;;;1;5;2010;;;;;0;4;;;;;;0;4;;;;;;0;2;;;;;;0;4;;;;;;0;4;;;;;;0;;;;;;;;;;;;;;;;;;;5;0;5;1;41;9;2010;;;;;;;;;;;;;;;;;;;;;;;;;;;;;;;;;;;;;;;;;;;;;;;;;;;;;;;;;;;;;;;;;;;;;;;;;;;;;;;;;;;;;;;;;;;;;;;;;;;;;;;;;;;;;;;;;;;;;;;;;;;;;;;;;;;;;;;;;;;;;;;;;;;;;;;;;;;;;;05MAR1982;7;2;3;2;1;1;;NRP;;;;1;0;0;1;0;1;KAWASAKI;650;VERSYS;ROADSTER;2;2008;28;1;2;15000;4;;;;;;;;;;;;;;;;;;;;;;;;;;;;;;;;;;;;;;;;;;;;;15000;4;3;;;;;;;;NRP;NRP;NRP;NRP;2009;NRP;NRP;2000;NRP
910;5160;;1;0;2;;;;;;0;4;;;;;;0;3;;;;;;0;2;;;;;;0;3;;;;;;0;3;;;;;;0;3;;;;;;0;4;;;;;;1;6;NSP;;;;;0;2;;;;;;0;1;;;;;;0;2;;;;;;1;4;NSP;;;;;0;3;;;;;;1;1;1998;;;;;nice;;;;;"une voiture venant en sens inverse et en descente a râtée son virage et est venu me percuter de plein fouet alors que je montait; je n'ai eu la vie sauve que parce que j'ai sauté de mon scooter qui est allé s'encastrer sous la voiture. le conducteur avait pris des médicaments.";;;;;0;0;3;25;0;1;41;9;0;;;;;;;;;;;;;;;;;;;;;;;;;;;;;;;;;;;;;;;;;;;;;;;;;;;;;;;;;;;;;;;;;;;;;;;;;;;;;;;;;;;;;;;;;;;;;;;;;;;;;;;;;;;;;;;;;;;;;;;;;;;;;;;;;;;;;;;;;;;;;;;;;;;;;;;;;;;;;;29SEP1962;4;1;3;2;2;3;;NRP;;;;1;0;1;0;0;1;YAMAHA;125;X-MAX;SCOOTER;2;2012;37;1;3;10000;7;;;;;;;;;;;;;;;;;;;;;;;;;;;;;;;;;;;;;;;;;;;;;10000;4;;;;;;;;;NRP;NRP;NRP;NRP;NRP;NRP;NRP;1980;NRP
527;5161;59;1;1;5;1981;;;;;0;3;;;;;;1;4;2001;;;;;0;5;;;;;;0;4;;;;;;0;4;;;;;;0;3;;;;;;0;4;;;;;;0;4;;;;;;0;6;;;;;;0;4;;;;;;1;5;1982;;;;;0;5;;;;;;1;4;1989;;;;;1;1;2003;;;;;bezons;;;;;venant de la droite d'un véhicule, j'ai voulu me rabattre devant lui pour prendre l'auto-pont. La moto a dérapé et j'en ai perdu le contrôle. Elle a tapé le véhicule sur le coté droit et a ricoché sur un autre véhicule venant de la droite.;;;;;0;1;1;7;26;1;1;1;1981;;1981;Vous circuliez sur un axe prioritaire. Un autre véhicule arrivant sur le même axe en sens opposé vous a coupé la route en tournant à gauche.;5;;;;;;;"Le mot qui définit le plus cet accident est ; incompréhension de ma part, sur la réaction illogique de l'automobiliste (une femme et sa fille) qui venait en sens inverse. Elle laisse passer les deux voitures qui me précédaient, puis sans aucune raison, tourne à gauche juste devant ma roue, estimant sans doute que j'étais encore suffisamment loin pour passer. Bien des années plus tard, je me pose encore la question ; Pourquoi un tel comportement ? Même si je connais la réponse par l'intermédiaire de mon assurance de l'époque : ALCOOL au volant ! Depuis que je connais la vérité, je n'ai plus aucune indulgence vis-à-vis de l'alcool au volant ou du téléphone portable à la main. Je suis passé par-dessus la voiture et j'ai atterri à l'autre bout de l'intersection dans une camionnette en stationnement. La voiture est reparti sur une remorque, ma moto (une Suzuki 125 TS rouge) morte, et le coté gauche de la camionnette enfoncé. Un beau trou sur le tibia droit en guise de souvenir... Femme irresponsable avec une gamine dans la voiture. Un peu sonné, je me suis réveillé avec le sourire d'une passante venue à mon secours. Je me souviendrai toute ma vie de ce jolie sourire... Rien que pour lui j'aurai refait cette culbute à l'infini...";"Imprévu et distance trop courte pour réagir. Juste eu le temps de pousser un cri : ""NOOON !"" et puis BOUM ! Je n'ai rien vu venir.";Pas eu le temps de voir venir cet accident. Aucune réaction de ma part et de celle de l'autre conducteur. Me suis retrouvé par terre sans m'en rendre compte.;3;0;;;La voiture m'a carrément coupé la route à 2 mètres devant moi. Impossible donc de l'éviter même à faible allure.;3;0;;;;;;2;3;;;;;;;1;2;;;;;Les voitures me précédant sont passées sans encombres. La voiture en sens inverse m'a coupé la route sans raison derrière elles.;4;3;;;3;1;4;4;1;1;1;1;1;1;4;4;4;10;;;;;;;;;2;;;;;;;;;2;2;;2;1;1;1;0;100;0;0;0;2;;;;;;2;1;;;;2;1;7;;;;;;;1;0;1;1;1;2;0;45;1;10;2;3;;;;;;;4;4;4;4;4;4;SUZUKI;125;TS (+15CV);TRAIL / SUPERMOTARD;2;1;1;1;1;1;1;1;1;1;1;NSP;12;1;1;HONDA;125;XL-S;TRAIL / SUPERMOTARD;2;3;4;27JUN1962;5;2;3;2;3;4;1;NRP;;;;2;0;0;1;0;1;BMW;1200;R1200GS;TRAIL / SUPERMOTARD;2;2011;28;1;2;12000;6;;;;;;;;;;;;;;;;;;;;;;;;;;;;;;;;;;;;;;;;;;;;;12000;4;3;;;;;;;;NRP;NRP;NRP;NRP;1987;NRP;NRP;1992;NRP
1214;5162;;1;1;5;NSP;;;;;0;5;;;;;;0;5;;;;;;0;5;;;;;;1;5;NSP;;;;;0;5;;;;;;0;4;;;;;;0;5;;;;;;1;5;2010;;;;;0;4;;;;;;0;6;;;;;;0;3;;;;;;0;4;;;;;;1;5;NSP;;;;;1;1;2014;;;;;paris;;;;;un véhicule circulant sur le meme axe que moi venant d'en face m'a coupé la route pour tourner à sa gauche, donc en traversant ma voie. nous avions tous les deux franchi un feu orange.;;;;;0;0;1;0;24;1;1;1;0;;;;;;;;;;;;;;;;;;;;;;;;;;;;;;;;;;;;;;;;;;;;;;;;;;;;;;;;;;;;;;;;;;;;;;;;;;;;;;;;;;;;;;;;;;;;;;;;;;;;;;;;;;;;;;;;;;;;;;;;;;;;;;;;;;;;;;;;;;;;;;;;;;;;;;;;;;;;;;24JUN1966;7;2;3;1;2;3;;NRP;;;;2;0;0;3;0;2;BMW;800;F800GS;TRAIL / SUPERMOTARD;2;2011;29;1;2;12000;7;HONDA;750;AFRICA TWIN;TRAIL / SUPERMOTARD;2;1992;29;3;1;1000;7;;;;;;;;;;;;;;;;;;;;;;;;;;;;;;;;;;13000;3;4;;;;;;;;NRP;NRP;NRP;NRP;1991;NRP;NRP;1988;NRP