Ligne;Ligne Q qualif;Ligne approfondissement Accident;ACCIDENT;NBACC1;ACCFREQUENCE1;ANNEEACC1_1;ANNEEACC1_2;ANNEEACC1_3;ANNEEACC1_4;ANNEEACC1_5;NBACC2;ACCFREQUENCE2;ANNEEACC2_1;ANNEEACC2_2;ANNEEACC2_3;ANNEEACC2_4;ANNEEACC2_5;NBACC3;ACCFREQUENCE3;ANNEEACC3_1;ANNEEACC3_2;ANNEEACC3_3;ANNEEACC3_4;ANNEEACC3_5;NBACC4;ACCFREQUENCE4;ANNEEACC4_1;ANNEEACC4_2;ANNEEACC4_3;ANNEEACC4_4;ANNEEACC4_5;NBACC5;ACCFREQUENCE5;ANNEEACC5_1;ANNEEACC5_2;ANNEEACC5_3;ANNEEACC5_4;ANNEEACC5_5;NBACC6;ACCFREQUENCE6;ANNEEACC6_1;ANNEEACC6_2;ANNEEACC6_3;ANNEEACC6_4;ANNEEACC6_5;NBACC7;ACCFREQUENCE7;ANNEEACC7_1;ANNEEACC7_2;ANNEEACC7_3;ANNEEACC7_4;ANNEEACC7_5;NBACC8;ACCFREQUENCE8;ANNEEACC8_1;ANNEEACC8_2;ANNEEACC8_3;ANNEEACC8_4;ANNEEACC8_5;NBACC9;ACCFREQUENCE9;ANNEEACC9_1;ANNEEACC9_2;ANNEEACC9_3;ANNEEACC9_4;ANNEEACC9_5;NBACC10;ACCFREQUENCE10;ANNEEACC10_1;ANNEEACC10_2;ANNEEACC10_3;ANNEEACC10_4;ANNEEACC10_5;NBACC11;ACCFREQUENCE11;ANNEEACC11_1;ANNEEACC11_2;ANNEEACC11_3;ANNEEACC11_4;ANNEEACC11_5;NBACC12;ACCFREQUENCE12;ANNEEACC12_1;ANNEEACC12_2;ANNEEACC12_3;ANNEEACC12_4;ANNEEACC12_5;NBACC13;ACCFREQUENCE13;ANNEEACC13_1;ANNEEACC13_2;ANNEEACC13_3;ANNEEACC13_4;ANNEEACC13_5;NBACC14;ACCFREQUENCE14;ANNEEACC14_1;ANNEEACC14_2;ANNEEACC14_3;ANNEEACC14_4;ANNEEACC14_5;AUTRESACC;NBAUTRESACC;ANNEEAUTREACC1;ANNEEAUTREACC2;ANNEEAUTREACC3;ANNEEAUTREACC4;ANNEEAUTREACC5;LIEUAUTREACC1;LIEUAUTREACC2;LIEUAUTREACC3;LIEUAUTREACC4;LIEUAUTREACC5;DESCRIPTIONAUTRESACC1;DESCRIPTIONAUTRESACC2;DESCRIPTIONAUTRESACC3;DESCRIPTIONAUTRESACC4;DESCRIPTIONAUTRESACC5;NBAUTRESACCCIRCUIT;NBAUTRESTOUTTERRAIN;EXPCYCLO;EXP125;EXPSUP125;ACCORDNEXTQ;CHOIXACC;RGPMTACC;RECUPANNEE;RECUPLIEU;RECUPANNE;RGPMTAC;CHOIX1;CHOIX2;CHOIX3;CHOIX4;CHOIX5;CHOIX6;CHOIX7;DESCRIPTION;RUPTURE;FAITS;ABS_REACTION;AUTRE_REACTION;PRECISIONREACTIONOUI;RECUL;PRECISIONREACTIONNON;IMPACTCOMPORTEMENT;AUTREUSAGER;REACTIONAUTREUSAGER;CONNAISSANCEREACTIONUSAGER;DIFFICULTES;AGGRAVATION;DIFFICULTES2;EMOTIONS1;EMOTIONS2;EMOTIONS3;EMOTIONS4;EMOTIONS5;EMOTIONS6;AUTRESENTIMENT;CLASSEMENTEMOTIONS1;CLASSEMENTEMOTIONS;CLASSEMENTEMOTIONS5;CLASSEMENTEMOTIONS6;CLASSEMENTEMOTIONS7;CLASSEMENTEMOTIONS8;CLASSEMENTEMOTIONS9;EXPLICATIONRESSENTI;BIENEQUIPE;ALLURE;ALLUREVITEDETAIL;ALLURELENTEDETAIL;SITUATIONPRESSE;SITUATIONDISTRAIT;SITUATIONCONFIANT;SITUATIONCONTROLE;SITUATIONLUDIQUE;SITUATIONPERF;SITUATIONSTRESS;SITUATIONFATIGUE;HUMEURNEUTRE;HUMEURGAI;HUMEURMECONTENT;HUMEURTRISTE;HUMEURCOLERE;CONTRIBUTION1;CONTRIBUTION2;CONTRIBUTION3;CONTRIBUTION4;CONTRIBUTION5;CONTRIBUTION6;CONTRIBUTION7;CONTRIBUTION8;CONTRIBUTION9;ROLEINFRA;ELEMENTINFRA1;ELEMENTINFRA2;ELEMENTINFRA3;ELEMENTINFRA4;ELEMENTINFRA5;ELEMENTINFRA6;ELEMENTINFRA7;ELEMENTINFRA8;ELEMENTINFRA9;ALCOOL;TXALCOOL;STUP;SEMAINE;MOMENTJOURNEE;TEMPS;CAUSEACC1;CAUSEACC2;CAUSEACC3;CAUSEACC4;CAUSEACC5;FORMATIONCAUSE;FORMATION1;FORMATION2;FORMATION3;FORMATION4;FORMATION5;TRAFIC;CHAUSSEE1;CHAUSSEE2;CHAUSSEE3;CHAUSSEE4;TYPEACC;BLESSURE;TETE;COU;THORAX;MEMBRESSUP;COLONNE;BASSIN;MEMBRESINF;HOPITAL;PLUS24H;TRAJET;TYPEROUTE;MOTIF;SENSTRAJET;PASSAGER;VITESSE;DESCEQ1;DESCEQ2;DESCEQ3;DESCEQ4;DESCEQ5;DESCEQ6;DESCEQ7;DESCEQ8;DESCEQ9;DESCEQ10;VEHICULEETE;VEHICULEAUTOMNE;VEHICULEPRINTEMPS;VEHICULEHIVER;VEHICULESEMAINE;VEHICULEWE;VEHMARQUE;VEHCYLINDREE;VEHMODELE;VEHSEGMENT;VEHSIDE;EQ2RMABS;EQ2RMCBS;EQ2RMABSCBS;EQ2RMREGULATEUR;EQ2RMLIMITEUR;EQ2RMPHARESDIRECT;EQ2RMCOUPURE;EQ2RMANTIPATINAGE;EQ2RMANTIXHEELING;EQ2RMSTABILILTE;VEHKM;POINTS;DUREE;AUTRE2RM;VEHPRECMARQUE;VEHPRECCYLINDREE;VEHPRECMODELE;VEHPRECSEGMENT;VEHPRECSIDE;TEMPS2RMPREC;FREQVEHPREC;DATE_NAISS;CSP;SOCIETAIRE;SALARIE;SECTEUR2RM;NBPERSFOYER;SITFAM;NBENF;TRNBENF1;TRNBENF2;TRNBENF3;TRNBENF4;NBAUTOFOYER;NBCYCLOFOYER;NBSCOOTFOYER;NBMOTOFOYER;NBTRIKEFOYER;NB2RMCONDUIT;MARQUE1;CYLINDREE1;MODELE1;SEGMENT1;SIDE1;ANMISECIRCU1;ASS1;FREQ1;USAGE1;NBKM1;GARAGE1;MARQUE2;CYLINDREE2;MODELE2;SEGMENT2;SIDE2;ANMISECIRCU2;ASS2;FREQ2;USAGE2;NBKM2;GARAGE2;MARQUE3;CYLINDREE3;MODELE3;SEGMENT3;SIDE3;ANMISECIRCU3;ASS3;FREQ3;USAGE3;NBKM3;GARAGE3;MARQUE4;CYLINDREE4;MODELE4;SEGMENT4;SIDE4;ANMISECIRCU4;ASS4;FREQ4;USAGE4;NBKM4;GARAGE4;MARQUE5;CYLINDREE5;MODELE5;SEGMENT5;SIDE5;ANMISECIRCU5;ASS5;FREQ5;USAGE5;NBKM5;GARAGE5;NBKMTOT;PERMIS1;PERMIS2;PERMIS3;PERMIS4;PERMIS5;PERMIS6;PERMIS7;PERMIS8;PERMIS9;ANPERMIS1;ANPERMIS6;ANPERMIS7;ANPERMIS2;ANPERMIS3;ANPERMIS8;ANPERMIS9;ANPERMIS4;ANPERMIS5
561;5166;;0;;;;;;;;;;;;;;;;;;;;;;;;;;;;;;;;;;;;;;;;;;;;;;;;;;;;;;;;;;;;;;;;;;;;;;;;;;;;;;;;;;;;;;;;;;;;;;;;;;;;;;;;;;;;;;;;;;;;;;;;;;;;;;;;;;;;;;;;;;;;;;;;;;;;;;;;;;;;;;;;;;;;;;;;;;;;;;;;;;;;;;;;;;;;;;;;;;;;;;;;;;;;;;;;;;;;;;;;;;;;;;;;;;;;;;;;;;;;;;;;;;;;;;;;;;;;;;;;;;;;;;;;;;;;;;;;;;;;;;;;;;11APR1986;5;1;3;2;1;1;;NRP;;;;0;1;0;1;0;1;HONDA;750;VT SHADOW;CUSTOM;2;2011;37;3;1;12000;6;;;;;;;;;;;;;;;;;;;;;;;;;;;;;;;;;;;;;;;;;;;;;12000;4;3;;;;;;;;NRP;NRP;NRP;NRP;2011;NRP;NRP;2004;NRP
40;5167;;1;0;3;;;;;;0;5;;;;;;0;3;;;;;;0;5;;;;;;0;4;;;;;;0;5;;;;;;0;3;;;;;;0;6;;;;;;0;5;;;;;;0;3;;;;;;0;5;;;;;;0;3;;;;;;0;2;;;;;;0;2;;;;;;1;2;2008;2012;;;;Saint Ouen;Bourg la Reine;;;;Sortie d'un virege en ville, camion poubelles à l'arret. J'arrete, la voiture roulant derrière moi me percute.;Feu rouge, je m'arrête, la voiture venant derrière moi ne s'arrête pas elle me percute.;;;;0;0;4;2;10;1;72;15;2012;Bourg la Reine;;;;;;;;;;;;;;;;;;;;;;;;;;;;;;;;;;;;;;;;;;;;;;;;;;;;;;;;;;;;;;;;;;;;;;;;;;;;;;;;;;;;;;;;;;;;;;;;;;;;;;;;;;;;;;;;;;;;;;;;;;;;;;;;;;;;;;;;;;;;;;;;;;;;;;;;;;;;;09NOV1971;4;2;3;2;3;5;1;NRP;;;;1;0;0;1;0;1;BMW;850;R850RT;Routière / GT;2;2003;20;2;2;10000;4;;;;;;;;;;;;;;;;;;;;;;;;;;;;;;;;;;;;;;;;;;;;;10000;4;3;;;;;;;;NRP;NRP;NRP;NRP;2002;NRP;NRP;2002;NRP
528;5168;187;1;1;4;2005;;;;;2;4;1992;1996;;;;0;3;;;;;;0;3;;;;;;0;3;;;;;;0;2;;;;;;0;3;;;;;;0;4;;;;;;5;5;NSP;NSP;NSP;NSP;2013;1;3;2007;;;;;0;3;;;;;;0;3;;;;;;2;5;1974;NSP;;;;2;4;1985;1993;;;;1;1;1982;;;;;Paris;;;;;Percuté une voiture qui sortait d'un parking d'immeuble;;;;;0;0;6;3;30;1;1;1;2005;;2005;Vous circuliez sur un axe prioritaire. Un autre véhicule arrivant sur le même axe en sens opposé vous a coupé la route en tournant à gauche.;AUT|leplus stupide....;;;;;;;J'arrive au croisement à une allure très raisonnable et je vois la voiture en face qui attend pour tourner. Le carrefour est assez fréquenté et compliqué (deux rue très proches l'une après l'autre) et pas mal de piétons, donc je ralentis encore un peu en réduisant les gaz, et le conducteur qui attendait interprète mal mon ralentissement, pense que je vais m'arrêter, et redémarre aussi sec en me coupant la route.  Je m'attendais à tout sauf naturellement à ça, on peut dire que je l'avais dans le point aveugle de mon cerveau.... plus classé comme danger potentiel.;La réaction complètement inattendue du conducteur de la voiture.;Je pense que je n'ai même pas eu le temps de commencer à envisager de freiner.;2;0;;;Parce que je n'ai pas vraiment réagi...;2;1;2;;Erreur d'interprétation de mon comportement;1;S'il était resté arrêté et avait attendu que je sois passé comme le code de la route lui demande, rien ne se serait passé.;7;;;;;;;;;;;;;;;3;3;;;1;1;3;4;1;1;1;1;3;4;4;4;4;5;;;;;;;;;2;;;;;;;;;2;2;;2;2;1;1;10;90;0;0;0;2;;;;;;2;1;;;;1;;;;;;;;;;;1;1;3;;0;40;1;10;2;3;4;;;;;;4;4;4;4;4;3;YAMAHA;850;TDM;ROADSTER;2;1;1;1;1;1;1;1;1;1;1;30000;12;3;1;YAMAHA;660;XT-Z TENERE;TRAIL / SUPERMOTARD;2;4;4;25AUG1955;5;1;3;2;4;4;2;NRP;;;;1;0;0;1;0;2;YAMAHA;900;TDM;ROADSTER;2;2009;37;1;2;8000;2;BULTACO;125;SHERPA;TOUT TERRAIN (TRIAL, ENDURO, CROSS);2;1976;40;4;1;30;7;;;;;;;;;;;;;;;;;;;;;;;;;;;;;;;;;;8030;3;4;;;;;;;;NRP;NRP;NRP;NRP;1983;NRP;NRP;1979;NRP
2107;5170;;1;0;4;;;;;;1;5;2002;;;;;0;4;;;;;;0;2;;;;;;0;2;;;;;;0;4;;;;;;0;3;;;;;;0;2;;;;;;0;2;;;;;;0;5;;;;;;2;6;1996;1999;;;;0;2;;;;;;0;2;;;;;;0;5;;;;;;0;;;;;;;;;;;;;;;;;;;0;4;19;1;51;11;1996;;;;;;;;;;;;;;;;;;;;;;;;;;;;;;;;;;;;;;;;;;;;;;;;;;;;;;;;;;;;;;;;;;;;;;;;;;;;;;;;;;;;;;;;;;;;;;;;;;;;;;;;;;;;;;;;;;;;;;;;;;;;;;;;;;;;;;;;;;;;;;;;;;;;;;;;;;;;;;22JUL1964;6;1;3;2;5;4;3;NRP;;;;4;0;0;1;0;1;KAWASAKI;1200;ZZR;Routière / GT;2;2003;37;3;1;8000;7;;;;;;;;;;;;;;;;;;;;;;;;;;;;;;;;;;;;;;;;;;;;;8000;3;4;;;;;;;;NRP;NRP;NRP;NRP;1996;NRP;NRP;1982;NRP
2049;5174;;0;;;;;;;;;;;;;;;;;;;;;;;;;;;;;;;;;;;;;;;;;;;;;;;;;;;;;;;;;;;;;;;;;;;;;;;;;;;;;;;;;;;;;;;;;;;;;;;;;;;;;;;;;;;;;;;;;;;;;;;;;;;;;;;;;;;;;;;;;;;;;;;;;;;;;;;;;;;;;;;;;;;;;;;;;;;;;;;;;;;;;;;;;;;;;;;;;;;;;;;;;;;;;;;;;;;;;;;;;;;;;;;;;;;;;;;;;;;;;;;;;;;;;;;;;;;;;;;;;;;;;;;;;;;;;;;;;;;;;;;;;;18MAR1981;5;1;3;2;3;4;1;NRP;;;;2;0;0;1;0;1;HONDA;700;NC700X;ROADSTER;2;2012;37;1;2;6000;7;;;;;;;;;;;;;;;;;;;;;;;;;;;;;;;;;;;;;;;;;;;;;6000;3;4;;;;;;;;NRP;NRP;NRP;NRP;2012;NRP;NRP;1999;NRP
2205;5175;;0;;;;;;;;;;;;;;;;;;;;;;;;;;;;;;;;;;;;;;;;;;;;;;;;;;;;;;;;;;;;;;;;;;;;;;;;;;;;;;;;;;;;;;;;;;;;;;;;;;;;;;;;;;;;;;;;;;;;;;;;;;;;;;;;;;;;;;;;;;;;;;;;;;;;;;;;;;;;;;;;;;;;;;;;;;;;;;;;;;;;;;;;;;;;;;;;;;;;;;;;;;;;;;;;;;;;;;;;;;;;;;;;;;;;;;;;;;;;;;;;;;;;;;;;;;;;;;;;;;;;;;;;;;;;;;;;;;;;;;;;;;10MAY1980;7;1;3;2;1;1;;NRP;;;;1;1;0;1;0;1;KAWASAKI;1000;VERSYS;ROADSTER;2;2012;37;3;1;12000;7;;;;;;;;;;;;;;;;;;;;;;;;;;;;;;;;;;;;;;;;;;;;;12000;3;4;;;;;;;;NRP;NRP;NRP;NRP;2010;NRP;NRP;1998;NRP
837;5176;130;1;0;5;;;;;;0;5;;;;;;0;5;;;;;;0;4;;;;;;0;5;;;;;;0;3;;;;;;0;2;;;;;;0;5;;;;;;1;5;2012;;;;;0;5;;;;;;0;5;;;;;;0;2;;;;;;0;3;;;;;;0;4;;;;;;0;;;;;;;;;;;;;;;;;;;2;1;21;1;41;9;2012;;2012;Vous avez fait une sortie de route, une perte de contrôle ou une glissade sans rien percuter.;4;;;;;;;Petite balade d'hiver avec un 1/2 douzaine d'amis motards en mode décontracté (soleil, 15°). Après 1 h, je prends la tête du groupe car je connaissais mieux le coin. Dans une courbe  à droite peu prononcée négociée à 80-90 km/h, j'ai soudain senti la moto se dérober sous mes fesses et partir en glissage. Je me souviens de m'être demandé pourquoi le moteur gueulait si fort avant de réaliser que c'est moi qui tenait encore la poignée d'accélérateur en suivant, en drapeau. Glissade sur plusieurs mètres, ma moto qui traverse la route en produisant un panache de poussière et le collègue qui, me suivant, se retrouve dans le brouillard et croyant m'éviter à gauche percute ma moto et passe par dessus le guidon. Premier réflexe bouger les mains et les pieds, ok pas de problème mais quand j'ai essayé de me relever, là j'ai bien compris que je ne rentrerai pas à moto. Les copains organisent la circulation, sécurisent la zone, s'enquièrent de mon état, préviennent les secours (efficaces, non?). Ils me racontent ensuite que j'ai roulé en plein milieu d'un lit de gravier de 2 ou 3 cm d'épaisseur laissé par la DDE suite aux chutes de neige de la semaine précédente.  Résultat, fin du voyage en ambulance à 2 à l'heure avec une fracture du sacrum pour moi et des contusions de partout pour mon ami. Première action des gendarmes prévenus par le Samu, soufflez dans le ballon, m'sieur, svp. Pas facile de rire quand on a le bassin qui coince.;Perte d'adhérence des deux roues simultanément suite au passage dans un lit de gravier.;Incompréhension du phénomène, maintien de la poignée d'accélérateur en glissant avec la moto (vieux réflexe d'équitation?), ma moto qui traverse la route masquée par le nuage de poussière dégagée par l'accident et le blocage sur le coté de la chaussée. Les copains ont très bien réagi en sécurisant les abords pendant que d'autres s'occupaient de mon copain et de moi. Je suis resté conscient du début à la fin.;2;0;;;La différence de texture et de couleur de la route étaient indiscernables avec l'alternance de soleil et d'ombre.;1;1;1;3;Visibilité réduite à zéro par l'écran de poussière dégagée.;2;Victime comme moi;3;;;;;;;;;1;;;;;"Roulant en mode balade tranquille sur une route , à priori, dégagée et à l'allure adaptée (confirmée par un témoin extérieur), je me retrouve par terre. Donc , première question , ""pourquoi"".";4;3;;;2;1;4;4;1;1;1;1;1;1;4;4;4;10;;;;;;;;;1;3;5;;;;;;;2;2;;2;2;1;1;10;0;0;90;0;2;;;;;;2;1;AUT|fortement gravillonée sur une courte zone;;;2;1;6;;;;;;;1;1;3;2;3;;0;90;1;2;3;4;7;9;;;;;4;4;4;4;4;4;BMW;1300;K1300R ABS PACK;ROADSTER;2;0;0;0;1;1;1;1;1;1;1;25000;12;4;1;TRIUMPH;1050;TIGER ABS;ROADSTER;2;3;3;18FEB1955;5;1;3;2;4;4;2;NRP;;;;5;0;0;1;0;1;BMW;1300;K1300R;ROADSTER;2;2010;37;2;1;12000;7;;;;;;;;;;;;;;;;;;;;;;;;;;;;;;;;;;;;;;;;;;;;;12000;3;4;;;;;;;;NRP;NRP;NRP;NRP;1972;NRP;NRP;1976;NRP
1624;5177;;1;0;4;;;;;;0;3;;;;;;0;5;;;;;;0;4;;;;;;1;5;2007;;;;;0;2;;;;;;0;3;;;;;;0;2;;;;;;0;4;;;;;;0;3;;;;;;1;4;2010;;;;;0;3;;;;;;0;2;;;;;;0;3;;;;;;0;;;;;;;;;;;;;;;;;;;0;4;9;1;21;5;2007;;;;;;;;;;;;;;;;;;;;;;;;;;;;;;;;;;;;;;;;;;;;;;;;;;;;;;;;;;;;;;;;;;;;;;;;;;;;;;;;;;;;;;;;;;;;;;;;;;;;;;;;;;;;;;;;;;;;;;;;;;;;;;;;;;;;;;;;;;;;;;;;;;;;;;;;;;;;;;19MAY1983;5;2;3;1;2;3;;NRP;;;;2;0;0;2;0;2;KAWASAKI;650;ER-6  F  ABS;Routière / GT;2;2009;29;3;1;2000;7;AJP;125;PR4 ENDURO;TRAIL / SUPERMOTARD;2;2011;29;3;1;800;7;;;;;;;;;;;;;;;;;;;;;;;;;;;;;;;;;;2800;3;4;;;;;;;;NRP;NRP;NRP;NRP;2006;NRP;NRP;2001;NRP
274;5178;128;1;0;5;;;;;;0;5;;;;;;0;5;;;;;;0;5;;;;;;1;4;2002;;;;;0;5;;;;;;0;5;;;;;;0;5;;;;;;2;1;1996;1996;;;;0;5;;;;;;0;5;;;;;;0;3;;;;;;0;3;;;;;;0;3;;;;;;0;;;;;;;;;;;;;;;;;;;5;0;25;1;21;5;2002;;2002;Vous circuliez sur un axe prioritaire. Un véhicule venant d’un axe non prioritaire vous a coupé la route.;1;;;;;;;quand j ai démarré au feu vert une voiture  m a coupé la route.? elle n avait pas vu le feu rouge. heureusement nos trajectoires n'étaient pas tout a fait perpendiculaires.  J ai tapé l'aile arrière de la voiture et ai fait un joli vol plané sans rien heurter. cela me motive à toujours porter des protections et a anticiper les erreurs des autres conducteurs. En particulier les gens qui telephonent en conduisant... J ai lu avec beaucoup d'attention votre article sur la visibilité des motards.  je reflechi à l equipement de petits phares additionnels sur la voiture et au port de vetements plus visibles;non respect de la signalisation par un autre conducteur.;C est trop vieux pour me souvenir avec précision. A mon avis ni moi ni le conducteur n'avons eu le temps de réagir.;3;1;quand je démarre au feu je regarde systématiquement à gauche et à droite, un peu comme si je redémarrait d'un stop.;le manque d'ezxperience. mon permis date de 1974, la formation était plus que légere... maintenant que j ai du temps j'envisage de faire un stage de recyclage.;;2;1;NSP;;je pense que la personne etait distraite et n a pas vu le feu. heureusement elle roulait doucement.;NSP;NRP;7;;;;;;;;;;;;;;;3;3;;;3;3;3;3;2;1;1;2;2;4;4;4;4;4;5;;;;;;;;2;;;;;;;;;2;2;;2;1;1;1;20;80;0;0;0;1;AUT|En 1974 pour avoir le permis il suffisat de decrire un 8 avec la moto sans mettre le pied par terre...;;;;;3;1;;;;1;;;;;;;;;;;1;1;1;1;0;25;1;10;2;4;7;;;;;;4;4;4;4;4;4;BMW;650;F650 FUNDURO;TRAIL / SUPERMOTARD;2;0;1;1;1;1;1;1;1;1;1;10000;12;3;0;;;;;;;;26NOV1955;2;1;3;2;2;3;;NRP;;;;2;0;0;1;0;1;KAWASAKI;650;VERSYS;ROADSTER;2;2008;37;1;2;10000;7;;;;;;;;;;;;;;;;;;;;;;;;;;;;;;;;;;;;;;;;;;;;;10000;3;4;;;;;;;;NRP;NRP;NRP;NRP;1974;NRP;NRP;1974;NRP
207;5180;133;1;1;5;2013;;;;;0;6;;;;;;0;5;;;;;;0;6;;;;;;0;4;;;;;;0;5;;;;;;0;3;;;;;;0;3;;;;;;0;3;;;;;;0;5;;;;;;2;5;2010;2013;;;;0;3;;;;;;1;4;2010;;;;;0;5;;;;;;0;;;;;;;;;;;;;;;;;;;16;16;2;1;1;1;2013;;2013;Vous circuliez sur un axe prioritaire. Un autre véhicule arrivant sur le même axe en sens opposé vous a coupé la route en tournant à gauche.;4;6;;;;;;"L'accident s'est déroulé en fin d'après-midi d'une journée de début Juin sur mon trajet habituel Travail-Domicile. Beau temps, route sèche, soleil non aveuglant dans les 2 direction sur l'axe emprunté. C'est une route départementale qui traverse une zone urbaine avec de nombreuses priorités à droite. Je circule à  50-55 km/h à l'approche d'une priorité à droite. J'ai vu qu'en face de moi à environ 20m une voiture est arretée, clignotant gauche allumé, en attente de tourner à gauche. Pendant que je regarde à droite,cette voiture s'engage. Quand mon regard revient sur la route, la voiture est au milieu de la chaussée devant moi à environ 5 m. Je freine sans pouvoir stopper avant le choc. Ma roue avant tape l'aile avant droite de la voiture, je passe par dessus le guidon et vient percuter le pare-brise avec le casque. Puis je tombe dos sur le capot et repose les 2 pieds sur la route après une glissade sur le capot. Pas de perte de conscience, pas de douleur sur le moment. La conductrice sort de son véhicule et me dit "" Je suis désolée. Ce n'est pas que je ne vous avais pas vu mais j'ai un problème de frein. Ca m'est déjà arrivé la semaine dernière !"". Au bilan: pas de traumatisme cranien; pas de fracture; contusion pouce gauche (qui a du etre retenu par la poignée gauche pendant que je volais au dessus de la moto et hématome du scrotum (choc contre le support GPS ? Un rétroviseur?). Mes conclusions:  1/Avoir un bon équipement (mon casque SCHUBERT C3 m'a sauvé la vie par contre mes bottines TCX  n'ont pas protégé mes tibias) 2/ Rouler à une vitesse adaptée ( je n'ose pas imaginer mon état si j'avais roulé 30 ou 40 km/h plus vite. 3/ Vérifier que l'on a été vu est important mais n'évite pas tout. De plus le gilet jaune n'aurait rien changé à l'ffaire. 4/ Entretenir et développer ses compétences à réagir en situation d'urgence.(J'aurai sans doute pu éviter le choc en obliquant sur ma droite)";Impossible de passer de 45 à 0 km/h en 5m.;frein arriere puis frein avant. Pas de rétrogradage.Regard droit devant. Le véhicule responsable a stoppé au milieu de la route.;NRP;1;J'aurais sans doute pu bifurquer dans la rue à droite pour éviter le choc.;manque d'expérience de cette situation. Manque d'expérience de la conduite moto (3 mois de permis);;2;1;NSP;;mauvaise aprréciation des vitesses et distances;2;l'autre usager est responsable de l'accident sans avoir eu d'action pouvant l'aggraver;6;;;;;;;;;;;;1;;freins serrés au maximum (sans blocage car ABS) mais pas d'arret;3;3;;;1;1;3;4;1;1;1;2;1;4;4;4;4;5;7;;;;;;;;2;;;;;;;;;2;2;;2;1;1;1;0;100;0;0;0;1;AUT|la formation des automobilistes est insuffisante pour ces situations;;;;;2;1;;;;2;1;4;6;;;;;;1;0;1;1;1;2;0;50;1;10;2;3;4;7;;;;;4;2;3;2;4;3;APRILIA;750;SHIVER ABS;ROADSTER;2;0;1;1;1;1;1;1;1;1;1;3000;9;1;1;YAMAHA;125;X-MAX;SCOOTER;2;4;4;14APR1965;6;2;3;2;4;4;2;NRP;;;;2;0;1;0;0;1;YAMAHA;125;X-MAX;SCOOTER;2;2010;31;1;2;7000;7;;;;;;;;;;;;;;;;;;;;;;;;;;;;;;;;;;;;;;;;;;;;;7000;2;4;;;;;;;;NRP;NRP;NRP;1989;NRP;NRP;NRP;1989;NRP