Ligne;Ligne Q qualif;Ligne approfondissement Accident;ACCIDENT;NBACC1;ACCFREQUENCE1;ANNEEACC1_1;ANNEEACC1_2;ANNEEACC1_3;ANNEEACC1_4;ANNEEACC1_5;NBACC2;ACCFREQUENCE2;ANNEEACC2_1;ANNEEACC2_2;ANNEEACC2_3;ANNEEACC2_4;ANNEEACC2_5;NBACC3;ACCFREQUENCE3;ANNEEACC3_1;ANNEEACC3_2;ANNEEACC3_3;ANNEEACC3_4;ANNEEACC3_5;NBACC4;ACCFREQUENCE4;ANNEEACC4_1;ANNEEACC4_2;ANNEEACC4_3;ANNEEACC4_4;ANNEEACC4_5;NBACC5;ACCFREQUENCE5;ANNEEACC5_1;ANNEEACC5_2;ANNEEACC5_3;ANNEEACC5_4;ANNEEACC5_5;NBACC6;ACCFREQUENCE6;ANNEEACC6_1;ANNEEACC6_2;ANNEEACC6_3;ANNEEACC6_4;ANNEEACC6_5;NBACC7;ACCFREQUENCE7;ANNEEACC7_1;ANNEEACC7_2;ANNEEACC7_3;ANNEEACC7_4;ANNEEACC7_5;NBACC8;ACCFREQUENCE8;ANNEEACC8_1;ANNEEACC8_2;ANNEEACC8_3;ANNEEACC8_4;ANNEEACC8_5;NBACC9;ACCFREQUENCE9;ANNEEACC9_1;ANNEEACC9_2;ANNEEACC9_3;ANNEEACC9_4;ANNEEACC9_5;NBACC10;ACCFREQUENCE10;ANNEEACC10_1;ANNEEACC10_2;ANNEEACC10_3;ANNEEACC10_4;ANNEEACC10_5;NBACC11;ACCFREQUENCE11;ANNEEACC11_1;ANNEEACC11_2;ANNEEACC11_3;ANNEEACC11_4;ANNEEACC11_5;NBACC12;ACCFREQUENCE12;ANNEEACC12_1;ANNEEACC12_2;ANNEEACC12_3;ANNEEACC12_4;ANNEEACC12_5;NBACC13;ACCFREQUENCE13;ANNEEACC13_1;ANNEEACC13_2;ANNEEACC13_3;ANNEEACC13_4;ANNEEACC13_5;NBACC14;ACCFREQUENCE14;ANNEEACC14_1;ANNEEACC14_2;ANNEEACC14_3;ANNEEACC14_4;ANNEEACC14_5;AUTRESACC;NBAUTRESACC;ANNEEAUTREACC1;ANNEEAUTREACC2;ANNEEAUTREACC3;ANNEEAUTREACC4;ANNEEAUTREACC5;LIEUAUTREACC1;LIEUAUTREACC2;LIEUAUTREACC3;LIEUAUTREACC4;LIEUAUTREACC5;DESCRIPTIONAUTRESACC1;DESCRIPTIONAUTRESACC2;DESCRIPTIONAUTRESACC3;DESCRIPTIONAUTRESACC4;DESCRIPTIONAUTRESACC5;NBAUTRESACCCIRCUIT;NBAUTRESTOUTTERRAIN;EXPCYCLO;EXP125;EXPSUP125;ACCORDNEXTQ;CHOIXACC;RGPMTACC;RECUPANNEE;RECUPLIEU;RECUPANNE;RGPMTAC;CHOIX1;CHOIX2;CHOIX3;CHOIX4;CHOIX5;CHOIX6;CHOIX7;DESCRIPTION;RUPTURE;FAITS;ABS_REACTION;AUTRE_REACTION;PRECISIONREACTIONOUI;RECUL;PRECISIONREACTIONNON;IMPACTCOMPORTEMENT;AUTREUSAGER;REACTIONAUTREUSAGER;CONNAISSANCEREACTIONUSAGER;DIFFICULTES;AGGRAVATION;DIFFICULTES2;EMOTIONS1;EMOTIONS2;EMOTIONS3;EMOTIONS4;EMOTIONS5;EMOTIONS6;AUTRESENTIMENT;CLASSEMENTEMOTIONS1;CLASSEMENTEMOTIONS;CLASSEMENTEMOTIONS5;CLASSEMENTEMOTIONS6;CLASSEMENTEMOTIONS7;CLASSEMENTEMOTIONS8;CLASSEMENTEMOTIONS9;EXPLICATIONRESSENTI;BIENEQUIPE;ALLURE;ALLUREVITEDETAIL;ALLURELENTEDETAIL;SITUATIONPRESSE;SITUATIONDISTRAIT;SITUATIONCONFIANT;SITUATIONCONTROLE;SITUATIONLUDIQUE;SITUATIONPERF;SITUATIONSTRESS;SITUATIONFATIGUE;HUMEURNEUTRE;HUMEURGAI;HUMEURMECONTENT;HUMEURTRISTE;HUMEURCOLERE;CONTRIBUTION1;CONTRIBUTION2;CONTRIBUTION3;CONTRIBUTION4;CONTRIBUTION5;CONTRIBUTION6;CONTRIBUTION7;CONTRIBUTION8;CONTRIBUTION9;ROLEINFRA;ELEMENTINFRA1;ELEMENTINFRA2;ELEMENTINFRA3;ELEMENTINFRA4;ELEMENTINFRA5;ELEMENTINFRA6;ELEMENTINFRA7;ELEMENTINFRA8;ELEMENTINFRA9;ALCOOL;TXALCOOL;STUP;SEMAINE;MOMENTJOURNEE;TEMPS;CAUSEACC1;CAUSEACC2;CAUSEACC3;CAUSEACC4;CAUSEACC5;FORMATIONCAUSE;FORMATION1;FORMATION2;FORMATION3;FORMATION4;FORMATION5;TRAFIC;CHAUSSEE1;CHAUSSEE2;CHAUSSEE3;CHAUSSEE4;TYPEACC;BLESSURE;TETE;COU;THORAX;MEMBRESSUP;COLONNE;BASSIN;MEMBRESINF;HOPITAL;PLUS24H;TRAJET;TYPEROUTE;MOTIF;SENSTRAJET;PASSAGER;VITESSE;DESCEQ1;DESCEQ2;DESCEQ3;DESCEQ4;DESCEQ5;DESCEQ6;DESCEQ7;DESCEQ8;DESCEQ9;DESCEQ10;VEHICULEETE;VEHICULEAUTOMNE;VEHICULEPRINTEMPS;VEHICULEHIVER;VEHICULESEMAINE;VEHICULEWE;VEHMARQUE;VEHCYLINDREE;VEHMODELE;VEHSEGMENT;VEHSIDE;EQ2RMABS;EQ2RMCBS;EQ2RMABSCBS;EQ2RMREGULATEUR;EQ2RMLIMITEUR;EQ2RMPHARESDIRECT;EQ2RMCOUPURE;EQ2RMANTIPATINAGE;EQ2RMANTIXHEELING;EQ2RMSTABILILTE;VEHKM;POINTS;DUREE;AUTRE2RM;VEHPRECMARQUE;VEHPRECCYLINDREE;VEHPRECMODELE;VEHPRECSEGMENT;VEHPRECSIDE;TEMPS2RMPREC;FREQVEHPREC;DATE_NAISS;CSP;SOCIETAIRE;SALARIE;SECTEUR2RM;NBPERSFOYER;SITFAM;NBENF;TRNBENF1;TRNBENF2;TRNBENF3;TRNBENF4;NBAUTOFOYER;NBCYCLOFOYER;NBSCOOTFOYER;NBMOTOFOYER;NBTRIKEFOYER;NB2RMCONDUIT;MARQUE1;CYLINDREE1;MODELE1;SEGMENT1;SIDE1;ANMISECIRCU1;ASS1;FREQ1;USAGE1;NBKM1;GARAGE1;MARQUE2;CYLINDREE2;MODELE2;SEGMENT2;SIDE2;ANMISECIRCU2;ASS2;FREQ2;USAGE2;NBKM2;GARAGE2;MARQUE3;CYLINDREE3;MODELE3;SEGMENT3;SIDE3;ANMISECIRCU3;ASS3;FREQ3;USAGE3;NBKM3;GARAGE3;MARQUE4;CYLINDREE4;MODELE4;SEGMENT4;SIDE4;ANMISECIRCU4;ASS4;FREQ4;USAGE4;NBKM4;GARAGE4;MARQUE5;CYLINDREE5;MODELE5;SEGMENT5;SIDE5;ANMISECIRCU5;ASS5;FREQ5;USAGE5;NBKM5;GARAGE5;NBKMTOT;PERMIS1;PERMIS2;PERMIS3;PERMIS4;PERMIS5;PERMIS6;PERMIS7;PERMIS8;PERMIS9;ANPERMIS1;ANPERMIS6;ANPERMIS7;ANPERMIS2;ANPERMIS3;ANPERMIS8;ANPERMIS9;ANPERMIS4;ANPERMIS5
59;5181;381;1;0;4;;;;;;0;1;;;;;;0;5;;;;;;0;1;;;;;;0;4;;;;;;0;2;;;;;;0;4;;;;;;1;6;2006;;;;;5;6;2004;2007;2010;2013;2014;0;2;;;;;;0;5;;;;;;0;2;;;;;;1;5;2014;;;;;0;1;;;;;;0;;;;;;;;;;;;;;;;;;;0;0;14;1;61;13;2014;;2014;Vous circuliez derrière un véhicule. Ce véhicule a freiné ou a ralenti et vous l’avez percuté par l’arrière.;3;;;;;;;La voiture a freiné, il pleuvait, mes nouveaux pneus n'étaient pas aussi bien que les anciens sous la pluie, la roue avant a bloqué et j'ai chuté.;"pluie, ma vitesse excessive, mon inattention de ses feux stop et pneus ""de merde"".";J'ai freiné jusqu'au blocage des roues, cela a provoqué l'aquaplanning;NRP;1;Mieux anticiper;Distrait;;2;0;;;;;;6;;;;;;;;;;;;1;;"Je me suis dit ""et merde !""";4;1;1;;3;3;3;3;2;1;1;3;5;5;5;5;5;1;4;;;;;;;;2;;;;;;;;;2;2;;2;1;1;2;50;0;0;0;50;2;;;;;;2;2;;;;1;;;;;;;;;;;1;1;1;2;0;60;1;10;2;3;4;7;;;;;4;4;4;4;4;2;HONDA;250;CBR-R;SPORTIVE;2;1;1;1;1;1;1;1;1;1;1;30000;12;4;1;BETAMOTOR;350;M4 SM;TRAIL / SUPERMOTARD;2;4;4;08OCT1979;7;2;3;2;2;3;;NRP;;;;1;0;0;2;0;2;BETAMOTOR;350;M4 SM;TRAIL / SUPERMOTARD;2;2010;29;2;2;10000;6;HONDA;250;CB-RS;ROADSTER;2;2012;29;3;1;5000;6;;;;;;;;;;;;;;;;;;;;;;;;;;;;;;;;;;15000;3;4;;;;;;;;NRP;NRP;NRP;NRP;2002;NRP;NRP;1997;NRP
960;5183;9;1;0;4;;;;;;1;5;2000;;;;;0;5;;;;;;0;3;;;;;;0;4;;;;;;0;4;;;;;;2;6;2000;2001;;;;0;3;;;;;;0;3;;;;;;0;5;;;;;;0;5;;;;;;0;3;;;;;;0;5;;;;;;0;5;;;;;;1;1;2001;;;;;VANNES;;;;;je roulais en ville par beau temps, avec une moto jaune, phare allumé, en ligne droite à env. 40 km/h pour me rendre au travail, et une voiture venant d'un stop à droite m'a coupé la route en tournant à gauche. La femme avait regardé à droite mais pas à gauche avant de démarrer du stop.;;;;;2;0;0;0;15;1;71;15;2001;VANNES;2001;Autre(s) type(s) d'accident(s).;1;;;;;;;J'allais tranquillement au travail en moto en été (moto jaune, casque jaune, blouson jaune et feux allumés), roulant à environ 40 km/h au lieu de 50, en ville, grand boulevard en ligne droite, pas de circulation...  et d'un stop sur la droite, une voiture m'a coupée la route en tournant à gauche... j'ai bien vu que la personne avait regardé à droite mais pas à gauche... j'ai freiné, ai tapé au niveau de son pneu et tombé sur le coté, mais en étant presque arrêté.. mais pas mal de dégât sur la moto (flanc, sélecteur vitesse, cale pied...)  et heureusement que j'avais des témoins (bus de la ville) car la personne ne voulait pas reconnaitre ses tords, de plus pas de marque sur la voiture, pour elle, j'étais tombé tout seul... et que selon elle, je roulais à vitesse excessive....  avec les témoins, elle a été 100% en tord au niveau de l'assurance;manque de contrôle visuel de la part de la conductrice;réaction : sauter sur les freins...;NRP;0;;;même en anticipant, en essayant de prévoir toutes les situations... avec un refus de priorité, on ne peut pas faire grand chose...;2;0;;;;;;1;;;;;;;1;;;;;;;NRP;4;3;;;1;1;1;4;4;1;1;1;1;1;4;4;4;10;;;;;;;;;2;;;;;;;;;2;2;;2;1;1;1;0;100;0;0;0;2;;;;;;1;1;;;;1;;;;;;;;;;;1;1;1;1;0;40;1;10;2;3;4;;;;;;4;4;4;4;4;4;SUZUKI;650;SV-S;SPORTIVE;2;1;1;1;1;1;1;1;1;1;1;5000;12;2;1;HONDA;500;CB;ROADSTER;2;3;4;17MAR1979;6;2;3;2;2;3;;NRP;;;;2;0;0;1;0;1;YAMAHA;1000;FZ1  N;ROADSTER;2;2006;29;3;1;10000;7;;;;;;;;;;;;;;;;;;;;;;;;;;;;;;;;;;;;;;;;;;;;;10000;4;3;;;;;;;;NRP;NRP;NRP;NRP;1999;NRP;NRP;1997;NRP
982;5186;173;1;0;2;;;;;;0;3;;;;;;0;4;;;;;;0;4;;;;;;0;3;;;;;;0;2;;;;;;0;2;;;;;;0;2;;;;;;1;4;1984;;;;;1;6;2014;;;;;0;5;;;;;;0;3;;;;;;0;5;;;;;;0;2;;;;;;1;1;2002;;;;;Angervilliers;;;;;Dans un rond-point en entrée d'agglomération, un véhicule circulant à grande vitesse m'a percuté par l'arrière et a pris la fuite;;;;;0;0;34;4;30;1;46;10;2014;;2014;"Vous circuliez sur un axe constitué d’au moins "" 2 X 2 voies "" (en urbain, périphérique, autoroute, RN …). Un véhicule vous a coupé la route en changeant de voie pour se placer sur celle de droite.";3;4;;;;;;Le matin en me rendant à mon travail, je circulais sur l'A86 en direction de Vélizy, au sein d'une circulation dense.  Arrivé aux environ du PK 56 (Chatenay-Malabry), le trafic s'est immobilisé. Je me suis alors placé entre les 2° et 3° files de circulation, j'ai allumé mes warnings et j'ai réduit ma vitesse (estimation +/- 60 km/h).  Quelques dizaines de mètres plus loin, alors que les 3 voies de circulations étaient à l'arrêt complet, une voiture à déboité quelques mètres devant moi, de la voie la plus à gauche vers la voie centrale. Je n'ai pas eu le temps de réagir et j'ai percuté son avant droit. J'ai alors été projeté dans l'angle arrière gauche d'une fourgonnette immobilisée sur la voie du milieu  J'avais toujours pensé être plus exposé au risque lors de la remontée de files en mouvement, notamment lors du redémarrage de ces dernières, propices aux changement intempestifs de file. Je pensais que le risque était moindre lorsque les files sont stoppées, immobilisant les véhicules dans leurs voies...  Je circule en moto depuis 34 ans, et depuis 15 en région parisienne. Je ne roule qu'avec un casque fermé, un blouson avec protections complètes et des bottes + gants. Mon casque à encaissé le premier impact et je suis heureux de ma prudence à le porter fermé en circulation bien qu'il s'agisse d'un modulable (Shark Evoline 2)  Je pense que les protections intégrées à mon blouson(épaule et dorsale - veste Revitt) ont limité mes autres blessures (1 clavicule à droite et 5 cotes dorsales). En revanche, la forte décélération à généré une contusion pulmonaire avec hémo/pneumo-thorax;La survenue d'un obstacle (véhicule qui déboite), sans solution de dégagement ni d'évitement (circulation en inter-file) associée à une vitesse excessive (+/- 60km/h);Je n'ai eu le temps que de couper les gaz, je ne pense pas avoir eu le temps de freiner, ni de l'arrière ni de l'avant. L'automobiliste qui déboitait dit ne pas m'avoir vu. Je ne sais pas si il avait activé un clignotant, que je n'aurais probablement pas aperçu en raison de le distance très courte en lui et moi au moment de son changement brusque de direction;AUT|Pas le temps de réagir, la voiture à déboité quasiment à mon passage à sa hauteur;1;J'aurais du réduire d'avantage ma vitesse.   Cela aurait limité la force de l'impact et cela m'aurait peut être permis d'amorcer un freinage;L'habitude de ce parcours, dans des conditions de circulations identiques, voire pires. Un sol sec et une bonne adhérence mettent en confiance, sur un sol humide et/ou sous la pluie, ma vitesse aurait été moindre;;2;1;2;;NSP;1;La méconnaissance de nombreux automobilistes des règles du code de la route qui stipulent l'interdiction de changer de file lorsque le flot de circulation est ininterrompu;2;6;;;;;;;1;;;;2;;Lorsque les files sont arrêtées sur 3 voies de circulation, je ne pensais pas qu'un automobiliste puisse tenter de changer de file!;3;1;2;;2;1;3;4;1;1;2;1;1;2;4;4;4;1;5;;;;;;;;2;;;;;;;;;2;2;;2;1;1;1;35;65;0;0;0;1;3;;;;;4;1;;;;2;1;3;4;;;;;;1;1;1;4;1;1;0;60;1;10;2;3;4;7;;;;;4;4;4;4;4;4;BMW;1600;K1600GTL PACK;Routière / GT;2;0;0;0;0;0;0;1;0;1;0;50000;12;1;1;BMW;1200;K1200LT;Routière / GT;2;4;4;06DEC1963;5;2;3;2;5;4;3;NRP;;;;3;0;0;1;0;1;BMW;1200;K1200LT;Routière / GT;2;2002;10;2;2;10000;7;;;;;;;;;;;;;;;;;;;;;;;;;;;;;;;;;;;;;;;;;;;;;10000;2;3;4;;;;;;;NRP;NRP;NRP;1979;1984;NRP;NRP;1982;NRP
1634;5189;;1;0;6;;;;;;1;3;1974;;;;;0;3;;;;;;0;2;;;;;;0;2;;;;;;0;4;;;;;;0;5;;;;;;0;2;;;;;;1;4;1973;;;;;0;3;;;;;;0;2;;;;;;0;2;;;;;;0;2;;;;;;0;1;;;;;;1;0;;;;;;;;;;;;;;;;0;0;4;2;40;0;;NRP;;;;;;;;;;;;;;;;;;;;;;;;;;;;;;;;;;;;;;;;;;;;;;;;;;;;;;;;;;;;;;;;;;;;;;;;;;;;;;;;;;;;;;;;;;;;;;;;;;;;;;;;;;;;;;;;;;;;;;;;;;;;;;;;;;;;;;;;;;;;;;;;;;;;;;;;;;;;;;;28MAR1954;9;1;3;2;1;1;;NRP;;;;1;0;1;0;0;1;HONDA;300;SH IE C-ABS;SCOOTER;2;2009;37;1;1;6500;7;;;;;;;;;;;;;;;;;;;;;;;;;;;;;;;;;;;;;;;;;;;;;6500;3;4;;;;;;;;NRP;NRP;NRP;NRP;1972;NRP;NRP;1975;NRP
2158;5190;;1;0;5;;;;;;1;6;1980;;;;;1;5;1985;;;;;0;4;;;;;;1;5;1979;;;;;0;5;;;;;;0;5;;;;;;0;4;;;;;;0;5;;;;;;0;3;;;;;;0;5;;;;;;0;4;;;;;;1;5;2008;;;;;0;3;;;;;;1;1;1979;;;;;Fontenay Trésig;;;;;Un camion de 38 T roulant à 80 km/h n'a pu s'arrêter au feu rouge d'un croisement. Heureusement il n'a embarqué que la roue avant mais nous a mis violemment au tapis.;;;;;0;1;3;3;36;1;11;3;1985;;;;;;;;;;;;;;;;;;;;;;;;;;;;;;;;;;;;;;;;;;;;;;;;;;;;;;;;;;;;;;;;;;;;;;;;;;;;;;;;;;;;;;;;;;;;;;;;;;;;;;;;;;;;;;;;;;;;;;;;;;;;;;;;;;;;;;;;;;;;;;;;;;;;;;;;;;;;;;29MAY1959;5;1;3;2;5;4;3;NRP;;;;2;1;0;1;0;2;KTM;990;ADVENTURE;TRAIL / SUPERMOTARD;2;2009;37;2;1;2500;7;SOLEX (IMPEX);50;SOLEX 96-> VENDU PAR IMPEX;ROADSTER;2;2010;37;3;1;200;7;;;;;;;;;;;;;;;;;;;;;;;;;;;;;;;;;;2700;2;3;4;;;;;;;NRP;NRP;NRP;1976;1979;NRP;NRP;1978;NRP
1420;5191;;1;0;3;;;;;;0;2;;;;;;0;2;;;;;;0;2;;;;;;1;3;1980;;;;;0;2;;;;;;0;3;;;;;;0;2;;;;;;0;2;;;;;;0;2;;;;;;0;2;;;;;;0;1;;;;;;0;3;;;;;;0;2;;;;;;0;;;;;;;;;;;;;;;;;;;3;3;18;1;21;5;1980;;;;;;;;;;;;;;;;;;;;;;;;;;;;;;;;;;;;;;;;;;;;;;;;;;;;;;;;;;;;;;;;;;;;;;;;;;;;;;;;;;;;;;;;;;;;;;;;;;;;;;;;;;;;;;;;;;;;;;;;;;;;;;;;;;;;;;;;;;;;;;;;;;;;;;;;;;;;;;08SEP1963;6;1;3;2;4;4;2;NRP;;;;2;0;0;2;0;2;KAWASAKI;650;VERSYS;ROADSTER;2;2003;37;2;1;6000;7;YAMAHA;600;XJ6;ROADSTER;2;2009;37;2;1;5000;7;;;;;;;;;;;;;;;;;;;;;;;;;;;;;;;;;;11000;3;4;;;;;;;;NRP;NRP;NRP;NRP;1983;NRP;NRP;1997;NRP
2189;5192;;0;;;;;;;;;;;;;;;;;;;;;;;;;;;;;;;;;;;;;;;;;;;;;;;;;;;;;;;;;;;;;;;;;;;;;;;;;;;;;;;;;;;;;;;;;;;;;;;;;;;;;;;;;;;;;;;;;;;;;;;;;;;;;;;;;;;;;;;;;;;;;;;;;;;;;;;;;;;;;;;;;;;;;;;;;;;;;;;;;;;;;;;;;;;;;;;;;;;;;;;;;;;;;;;;;;;;;;;;;;;;;;;;;;;;;;;;;;;;;;;;;;;;;;;;;;;;;;;;;;;;;;;;;;;;;;;;;;;;;;;;;;08JUN1974;6;1;3;2;2;3;;NRP;;;;2;0;0;1;0;1;HONDA;1100;CBR-XX SUPER BLACKBIRD;Routière / GT;2;2001;37;2;2;5000;7;;;;;;;;;;;;;;;;;;;;;;;;;;;;;;;;;;;;;;;;;;;;;5000;3;4;;;;;;;;NRP;NRP;NRP;NRP;1996;NRP;NRP;1992;NRP
1052;5198;125;1;0;4;;;;;;0;4;;;;;;0;4;;;;;;0;4;;;;;;0;4;;;;;;0;4;;;;;;0;4;;;;;;0;4;;;;;;2;4;2000;2007;;;;0;4;;;;;;0;5;;;;;;0;3;;;;;;0;4;;;;;;0;3;;;;;;1;1;2006;;;;;Paris;;;;;Je ralentis en abordant un rond-point, la voiture qui me suit m'a percuté par l'arrière, le conducteur accélérait pour entrer sur le rond point.;;;;;1;1;42;40;38;1;71;15;2006;Paris;2006;Autre(s) type(s) d'accident(s).;6;;;;;;;Arrivant sur un rond point, je relâche mon accélération, sans toucher aux freins, car le conducteur de la voiture juste devant moi semblait hésiter avant d'aborder le rond point. J'ai alors été violemment percuté par la voiture qui me suivait, à tel point que lc choc m'a envoyé sur la roue arrière, au point que j'ai cassé les deux phares de la voiture avec l'arrière de ma moto qui a percuté le centre de son capot avant ! Par miracle, je n'ai été que déséquilibré, et ai fini ma course sur le terre plain en béton central, sans chute. Mes cervicales ont nécessité deux bonnes séances d'ostéo pour se remettre du coup du lapin, donc au vu de la violence, je ne m'en suis pas mal tiré... Bien entendu, le conducteur me disait fautif car j'avais ralenti au lieu d'accélérer pour aborder le rond point... MEeci au témoin qui a relaté la réalité des faits...;L'inattention du conducteur qui me suivait.;Ma seule action a été d'avoir coupé les gaz pour conserver mes distances vis-à-vis de la voiture qui me précédait. La conséquence de l'inaction du véhicule suiveur a été l'accident.;3;0;;;Parce que l'action était dans mon dos et que mon attention était portée sur le véhicule qui me précédait, dont le conducteur était plus occupé à vérifier son GPS qu'à aborder le rond point, d'où mon ralentissement...fatal !, la seule solution aurait été de rouler décalé, donc au bord de la voie...;2;1;2;;Il ne regardait pas dans ma direction alors que je le précédais, et était en train d'accélérer d'après mon témoin.;1;Un minimum d'attention lui aurait montré mon ralentissement;7;;;;;;;;;;;;;;;4;3;;;1;1;1;4;1;1;1;1;1;4;4;4;4;10;7;;;;;;;;2;;;;;;;;;2;2;;2;1;3;1;10;90;0;0;0;2;;;;;;2;1;;;;1;;;;;;;;;;;2;1;1;2;0;30;1;10;2;3;4;7;;;;;4;4;4;4;4;4;BMW;650;F650GS;TRAIL / SUPERMOTARD;2;0;1;1;1;1;1;1;1;1;1;20000;10;3;1;VOXAN;1000;ROADSTER V2;ROADSTER;2;4;4;06JAN1960;11;1;3;1;3;4;1;NRP;;;;1;0;0;3;0;3;KAWASAKI;550;GPZ;Routière / GT;2;1982;18;2;1;2000;4;VOXAN;1000;ROADSTER V2;ROADSTER;2;2000;18;4;1;1000;4;APRILIA;300;TX 300;TOUT TERRAIN (TRIAL, ENDURO, CROSS);2;1986;37;2;1;500;4;;;;;;;;;;;;;;;;;;;;;;;3500;2;3;4;;;;;;;NRP;NRP;NRP;1977;1990;NRP;NRP;1980;NRP
1287;5199;;1;0;3;;;;;;0;5;;;;;;0;5;;;;;;0;2;;;;;;0;5;;;;;;0;5;;;;;;0;2;;;;;;0;5;;;;;;1;5;1994;;;;;0;4;;;;;;0;5;;;;;;0;2;;;;;;0;2;;;;;;0;2;;;;;;1;1;1999;;;;;Alès;;;;;J'ai freiné à un carrefour et la voiture derrière m'a touché;;;;;0;0;5;0;28;0;;NRP;;;;;;;;;;;;;;;;;;;;;;;;;;;;;;;;;;;;;;;;;;;;;;;;;;;;;;;;;;;;;;;;;;;;;;;;;;;;;;;;;;;;;;;;;;;;;;;;;;;;;;;;;;;;;;;;;;;;;;;;;;;;;;;;;;;;;;;;;;;;;;;;;;;;;;;;;;;;;;;20OCT1965;5;1;3;2;1;1;;NRP;;;;1;0;0;1;0;1;HONDA;650;NTV (REVERE);ROADSTER;2;1989;37;2;2;5000;4;;;;;;;;;;;;;;;;;;;;;;;;;;;;;;;;;;;;;;;;;;;;;5000;3;4;;;;;;;;NRP;NRP;NRP;NRP;1987;NRP;NRP;1984;NRP
1254;5201;;1;0;5;;;;;;0;5;;;;;;0;4;;;;;;0;3;;;;;;0;4;;;;;;0;3;;;;;;0;3;;;;;;0;4;;;;;;1;5;2013;;;;;0;4;;;;;;0;5;;;;;;0;3;;;;;;0;3;;;;;;0;3;;;;;;0;;;;;;;;;;;;;;;;;;;0;2;0;1;41;9;2013;;;;;;;;;;;;;;;;;;;;;;;;;;;;;;;;;;;;;;;;;;;;;;;;;;;;;;;;;;;;;;;;;;;;;;;;;;;;;;;;;;;;;;;;;;;;;;;;;;;;;;;;;;;;;;;;;;;;;;;;;;;;;;;;;;;;;;;;;;;;;;;;;;;;;;;;;;;;;;30MAR1980;11;1;3;2;2;3;;NRP;;;;2;2;0;2;0;1;KAWASAKI;125;ELIMINATOR;CUSTOM;2;2001;37;3;1;1000;7;;;;;;;;;;;;;;;;;;;;;;;;;;;;;;;;;;;;;;;;;;;;;1000;5;4;;;;;;;;NRP;NRP;NRP;NRP;NRP;NRP;NRP;2001;2012
1643;5202;;1;0;5;;;;;;1;5;2007;;;;;0;4;;;;;;0;1;;;;;;0;5;;;;;;0;4;;;;;;0;4;;;;;;0;4;;;;;;0;4;;;;;;0;3;;;;;;0;3;;;;;;0;2;;;;;;0;2;;;;;;1;4;1973;;;;;0;;;;;;;;;;;;;;;;;;;2;1;41;1;6;2;2007;;;;;;;;;;;;;;;;;;;;;;;;;;;;;;;;;;;;;;;;;;;;;;;;;;;;;;;;;;;;;;;;;;;;;;;;;;;;;;;;;;;;;;;;;;;;;;;;;;;;;;;;;;;;;;;;;;;;;;;;;;;;;;;;;;;;;;;;;;;;;;;;;;;;;;;;;;;;;;21FEB1956;6;1;3;2;2;3;;NRP;;;;2;0;0;1;0;1;BMW;1200;R1200RT;Routière / GT;2;2009;37;2;2;15000;7;;;;;;;;;;;;;;;;;;;;;;;;;;;;;;;;;;;;;;;;;;;;;15000;3;4;;;;;;;;NRP;NRP;NRP;NRP;1972;NRP;NRP;1977;NRP