Ligne;Ligne Q qualif;Ligne approfondissement Accident;ACCIDENT;NBACC1;ACCFREQUENCE1;ANNEEACC1_1;ANNEEACC1_2;ANNEEACC1_3;ANNEEACC1_4;ANNEEACC1_5;NBACC2;ACCFREQUENCE2;ANNEEACC2_1;ANNEEACC2_2;ANNEEACC2_3;ANNEEACC2_4;ANNEEACC2_5;NBACC3;ACCFREQUENCE3;ANNEEACC3_1;ANNEEACC3_2;ANNEEACC3_3;ANNEEACC3_4;ANNEEACC3_5;NBACC4;ACCFREQUENCE4;ANNEEACC4_1;ANNEEACC4_2;ANNEEACC4_3;ANNEEACC4_4;ANNEEACC4_5;NBACC5;ACCFREQUENCE5;ANNEEACC5_1;ANNEEACC5_2;ANNEEACC5_3;ANNEEACC5_4;ANNEEACC5_5;NBACC6;ACCFREQUENCE6;ANNEEACC6_1;ANNEEACC6_2;ANNEEACC6_3;ANNEEACC6_4;ANNEEACC6_5;NBACC7;ACCFREQUENCE7;ANNEEACC7_1;ANNEEACC7_2;ANNEEACC7_3;ANNEEACC7_4;ANNEEACC7_5;NBACC8;ACCFREQUENCE8;ANNEEACC8_1;ANNEEACC8_2;ANNEEACC8_3;ANNEEACC8_4;ANNEEACC8_5;NBACC9;ACCFREQUENCE9;ANNEEACC9_1;ANNEEACC9_2;ANNEEACC9_3;ANNEEACC9_4;ANNEEACC9_5;NBACC10;ACCFREQUENCE10;ANNEEACC10_1;ANNEEACC10_2;ANNEEACC10_3;ANNEEACC10_4;ANNEEACC10_5;NBACC11;ACCFREQUENCE11;ANNEEACC11_1;ANNEEACC11_2;ANNEEACC11_3;ANNEEACC11_4;ANNEEACC11_5;NBACC12;ACCFREQUENCE12;ANNEEACC12_1;ANNEEACC12_2;ANNEEACC12_3;ANNEEACC12_4;ANNEEACC12_5;NBACC13;ACCFREQUENCE13;ANNEEACC13_1;ANNEEACC13_2;ANNEEACC13_3;ANNEEACC13_4;ANNEEACC13_5;NBACC14;ACCFREQUENCE14;ANNEEACC14_1;ANNEEACC14_2;ANNEEACC14_3;ANNEEACC14_4;ANNEEACC14_5;AUTRESACC;NBAUTRESACC;ANNEEAUTREACC1;ANNEEAUTREACC2;ANNEEAUTREACC3;ANNEEAUTREACC4;ANNEEAUTREACC5;LIEUAUTREACC1;LIEUAUTREACC2;LIEUAUTREACC3;LIEUAUTREACC4;LIEUAUTREACC5;DESCRIPTIONAUTRESACC1;DESCRIPTIONAUTRESACC2;DESCRIPTIONAUTRESACC3;DESCRIPTIONAUTRESACC4;DESCRIPTIONAUTRESACC5;NBAUTRESACCCIRCUIT;NBAUTRESTOUTTERRAIN;EXPCYCLO;EXP125;EXPSUP125;ACCORDNEXTQ;CHOIXACC;RGPMTACC;RECUPANNEE;RECUPLIEU;RECUPANNE;RGPMTAC;CHOIX1;CHOIX2;CHOIX3;CHOIX4;CHOIX5;CHOIX6;CHOIX7;DESCRIPTION;RUPTURE;FAITS;ABS_REACTION;AUTRE_REACTION;PRECISIONREACTIONOUI;RECUL;PRECISIONREACTIONNON;IMPACTCOMPORTEMENT;AUTREUSAGER;REACTIONAUTREUSAGER;CONNAISSANCEREACTIONUSAGER;DIFFICULTES;AGGRAVATION;DIFFICULTES2;EMOTIONS1;EMOTIONS2;EMOTIONS3;EMOTIONS4;EMOTIONS5;EMOTIONS6;AUTRESENTIMENT;CLASSEMENTEMOTIONS1;CLASSEMENTEMOTIONS;CLASSEMENTEMOTIONS5;CLASSEMENTEMOTIONS6;CLASSEMENTEMOTIONS7;CLASSEMENTEMOTIONS8;CLASSEMENTEMOTIONS9;EXPLICATIONRESSENTI;BIENEQUIPE;ALLURE;ALLUREVITEDETAIL;ALLURELENTEDETAIL;SITUATIONPRESSE;SITUATIONDISTRAIT;SITUATIONCONFIANT;SITUATIONCONTROLE;SITUATIONLUDIQUE;SITUATIONPERF;SITUATIONSTRESS;SITUATIONFATIGUE;HUMEURNEUTRE;HUMEURGAI;HUMEURMECONTENT;HUMEURTRISTE;HUMEURCOLERE;CONTRIBUTION1;CONTRIBUTION2;CONTRIBUTION3;CONTRIBUTION4;CONTRIBUTION5;CONTRIBUTION6;CONTRIBUTION7;CONTRIBUTION8;CONTRIBUTION9;ROLEINFRA;ELEMENTINFRA1;ELEMENTINFRA2;ELEMENTINFRA3;ELEMENTINFRA4;ELEMENTINFRA5;ELEMENTINFRA6;ELEMENTINFRA7;ELEMENTINFRA8;ELEMENTINFRA9;ALCOOL;TXALCOOL;STUP;SEMAINE;MOMENTJOURNEE;TEMPS;CAUSEACC1;CAUSEACC2;CAUSEACC3;CAUSEACC4;CAUSEACC5;FORMATIONCAUSE;FORMATION1;FORMATION2;FORMATION3;FORMATION4;FORMATION5;TRAFIC;CHAUSSEE1;CHAUSSEE2;CHAUSSEE3;CHAUSSEE4;TYPEACC;BLESSURE;TETE;COU;THORAX;MEMBRESSUP;COLONNE;BASSIN;MEMBRESINF;HOPITAL;PLUS24H;TRAJET;TYPEROUTE;MOTIF;SENSTRAJET;PASSAGER;VITESSE;DESCEQ1;DESCEQ2;DESCEQ3;DESCEQ4;DESCEQ5;DESCEQ6;DESCEQ7;DESCEQ8;DESCEQ9;DESCEQ10;VEHICULEETE;VEHICULEAUTOMNE;VEHICULEPRINTEMPS;VEHICULEHIVER;VEHICULESEMAINE;VEHICULEWE;VEHMARQUE;VEHCYLINDREE;VEHMODELE;VEHSEGMENT;VEHSIDE;EQ2RMABS;EQ2RMCBS;EQ2RMABSCBS;EQ2RMREGULATEUR;EQ2RMLIMITEUR;EQ2RMPHARESDIRECT;EQ2RMCOUPURE;EQ2RMANTIPATINAGE;EQ2RMANTIXHEELING;EQ2RMSTABILILTE;VEHKM;POINTS;DUREE;AUTRE2RM;VEHPRECMARQUE;VEHPRECCYLINDREE;VEHPRECMODELE;VEHPRECSEGMENT;VEHPRECSIDE;TEMPS2RMPREC;FREQVEHPREC;DATE_NAISS;CSP;SOCIETAIRE;SALARIE;SECTEUR2RM;NBPERSFOYER;SITFAM;NBENF;TRNBENF1;TRNBENF2;TRNBENF3;TRNBENF4;NBAUTOFOYER;NBCYCLOFOYER;NBSCOOTFOYER;NBMOTOFOYER;NBTRIKEFOYER;NB2RMCONDUIT;MARQUE1;CYLINDREE1;MODELE1;SEGMENT1;SIDE1;ANMISECIRCU1;ASS1;FREQ1;USAGE1;NBKM1;GARAGE1;MARQUE2;CYLINDREE2;MODELE2;SEGMENT2;SIDE2;ANMISECIRCU2;ASS2;FREQ2;USAGE2;NBKM2;GARAGE2;MARQUE3;CYLINDREE3;MODELE3;SEGMENT3;SIDE3;ANMISECIRCU3;ASS3;FREQ3;USAGE3;NBKM3;GARAGE3;MARQUE4;CYLINDREE4;MODELE4;SEGMENT4;SIDE4;ANMISECIRCU4;ASS4;FREQ4;USAGE4;NBKM4;GARAGE4;MARQUE5;CYLINDREE5;MODELE5;SEGMENT5;SIDE5;ANMISECIRCU5;ASS5;FREQ5;USAGE5;NBKM5;GARAGE5;NBKMTOT;PERMIS1;PERMIS2;PERMIS3;PERMIS4;PERMIS5;PERMIS6;PERMIS7;PERMIS8;PERMIS9;ANPERMIS1;ANPERMIS6;ANPERMIS7;ANPERMIS2;ANPERMIS3;ANPERMIS8;ANPERMIS9;ANPERMIS4;ANPERMIS5
972;5203;432;1;0;5;;;;;;0;5;;;;;;0;4;;;;;;0;2;;;;;;1;3;1998;;;;;0;1;;;;;;0;3;;;;;;0;5;;;;;;1;3;2007;;;;;0;2;;;;;;0;4;;;;;;0;2;;;;;;0;5;;;;;;0;2;;;;;;0;;;;;;;;;;;;;;;;;;;4;0;23;1;41;9;2007;;2007;Vous avez fait une sortie de route, une perte de contrôle ou une glissade sans rien percuter.;1;;;;;;;"Je circulais avec ma moto en duo, de jour, sur une route de campagne (rd) en Haute Garonne. Un ami qui circulait aussi en duo me suivait. Je connais bien cette route. Circulation nulle. J' aborde une série de virages, en côte, soleil de face, à vitesse réglementaire. Avant dernier virage , - un gauche-, je ralentis - j'estime à 50 km/h -en coupant les gaz car il est prononcé.  Dans la courbe, alors que je suis sur l 'angle je sens l'avant se dérober. Je n 'ai pas le temps de faire quoi que ce soit. Il n'y a pas de choc car l'angle est important et la moto se couche en portant sur le cylindre gauche - BMW flat-twin - et sur le top-case. Elle glisse jusque sur le bas côté herbeux et s'arrête . Moi même et ma passagère restons solidaire de la moto, assis sur nos sièges....... En me relevant et regardant vers l 'arrière, je constate une trainée d' huile moteur sur la route, large de pas plus de 4 cms. J'ai roulé dessus avec la roue avant, sans la voir en raison du soleil rasant.........  Conséquence : je suis totalement indemne, mon équipement m'a protégé:  mon blouson en cuir est rappé à l'épaule et coude gauche, ma botte gauche aussi sur la pointe du pied - elles ont juste un mois ou deux !!!- Ma femme est trés lègèrement rappée au genou gauche, le ""jean"" normal n'a pas résisté..  La moto: le cache culbuteur gauche est très fortement rayé - presque percé ! dans sa partie inférieure mais aussi supérieure, car la moto a pivoté sur lui : impressionnant !  la bulle haute adaptable est rappée à gauche jusque sur sa partie supérieure, le top case est rappé sur le flan gauche , cale pied passager et embout guidon gauche rappés.......... Conclusion: environ 16 ans de moto gros-cube à l'époque, perso et professionnellement et je me suis fait piégé comme un bleu ! La casse physique est quasi nulle grâce au bi-cylindre flat-twin qui a porté la moto et encaissé les dommage...-merci pour nos jambes!! -.et à notre équipement pas parfait mais adapté quand même....... Enseignement: tout motard est un jour rattrapé par la loi première de physique.....même sans prise de risque....il faut un équipement mini...quand à la moto, j' aime le caractère du flat, et sa protection naturelle passive n'est pas négligeable !!";soleil rasant éblouissant huile sur la route;pas eu le tps de réagir pas de tiers en cause mon pote sur sa moto derrière moi a évité de rouler dessus;3;0;;;huile invisible;3;0;;;;;;7;;;;;;;;;;;;;;;4;3;;;1;1;2;4;1;1;1;1;3;3;4;4;4;10;;;;;;;;;1;AUT|huile sur la chausée NON SIGNALEE;;;;;;;;2;2;;2;2;1;1;10;0;0;90;0;2;;;;;;AUT|NUL;6;;;;1;;;;;;;;;;;2;2;3;;1;50;1;10;2;3;4;7;;;;;4;4;4;3;3;3;BMW;1150;R1150R;ROADSTER;null;1;1;1;1;1;1;1;1;1;1;NSP;12;4;1;BMW;1100;R1100R;ROADSTER;2;4;3;25JUN1965;7;2;3;1;2;3;;NRP;;;;1;0;0;1;0;2;BMW;1200;R1200RT;Routière / GT;2;2007;16;3;1;9000;7;YAMAHA;1300;FJR ABS;Routière / GT;2;2004;40;2;3;7000;6;;;;;;;;;;;;;;;;;;;;;;;;;;;;;;;;;;16000;3;4;;;;;;;;NRP;NRP;NRP;NRP;1991;NRP;NRP;1985;NRP
950;5204;;0;;;;;;;;;;;;;;;;;;;;;;;;;;;;;;;;;;;;;;;;;;;;;;;;;;;;;;;;;;;;;;;;;;;;;;;;;;;;;;;;;;;;;;;;;;;;;;;;;;;;;;;;;;;;;;;;;;;;;;;;;;;;;;;;;;;;;;;;;;;;;;;;;;;;;;;;;;;;;;;;;;;;;;;;;;;;;;;;;;;;;;;;;;;;;;;;;;;;;;;;;;;;;;;;;;;;;;;;;;;;;;;;;;;;;;;;;;;;;;;;;;;;;;;;;;;;;;;;;;;;;;;;;;;;;;;;;;;;;;;;;;27DEC1971;8;1;3;2;2;3;;NRP;;;;2;0;0;2;0;2;BMW;1000;R100RS;Routière / GT;2;1979;37;3;1;3000;7;BMW;800;R80GS MONOLEVER;TRAIL / SUPERMOTARD;2;1983;37;3;1;3000;7;;;;;;;;;;;;;;;;;;;;;;;;;;;;;;;;;;6000;3;4;;;;;;;;NRP;NRP;NRP;NRP;2001;NRP;NRP;1989;NRP
1572;5205;;1;0;4;;;;;;0;3;;;;;;0;4;;;;;;0;6;;;;;;0;5;;;;;;0;5;;;;;;0;5;;;;;;1;3;1988;;;;;0;3;;;;;;0;2;;;;;;0;6;;;;;;0;2;;;;;;0;3;;;;;;0;4;;;;;;0;;;;;;;;;;;;;;;;;;;4;22;34;1;36;8;1988;;;;;;;;;;;;;;;;;;;;;;;;;;;;;;;;;;;;;;;;;;;;;;;;;;;;;;;;;;;;;;;;;;;;;;;;;;;;;;;;;;;;;;;;;;;;;;;;;;;;;;;;;;;;;;;;;;;;;;;;;;;;;;;;;;;;;;;;;;;;;;;;;;;;;;;;;;;;;;07MAR1951;9;1;2;2;3;4;1;NRP;;;;4;0;0;3;0;3;BMW;1300;K1300GT;Routière / GT;2;2009;37;2;1;20000;7;KAWASAKI;650;KLR;TRAIL / SUPERMOTARD;2;1999;37;2;1;3000;7;TRIUMPH;900;BONNEVILLE;ROADSTER;2;2012;37;2;1;5000;7;;;;;;;;;;;;;;;;;;;;;;;28000;3;4;;;;;;;;NRP;NRP;NRP;NRP;1969;NRP;NRP;1981;NRP
360;5206;;0;;;;;;;;;;;;;;;;;;;;;;;;;;;;;;;;;;;;;;;;;;;;;;;;;;;;;;;;;;;;;;;;;;;;;;;;;;;;;;;;;;;;;;;;;;;;;;;;;;;;;;;;;;;;;;;;;;;;;;;;;;;;;;;;;;;;;;;;;;;;;;;;;;;;;;;;;;;;;;;;;;;;;;;;;;;;;;;;;;;;;;;;;;;;;;;;;;;;;;;;;;;;;;;;;;;;;;;;;;;;;;;;;;;;;;;;;;;;;;;;;;;;;;;;;;;;;;;;;;;;;;;;;;;;;;;;;;;;;;;;;;29MAY1958;5;1;3;2;4;4;2;NRP;;;;4;0;1;1;0;2;KAWASAKI;1700;VN CLASSIC TOURER;CUSTOM;2;2010;37;3;1;5000;7;HONDA;700;INTEGRA;SCOOTER;2;2012;37;1;2;17000;7;;;;;;;;;;;;;;;;;;;;;;;;;;;;;;;;;;22000;2;3;4;;;;;;;NRP;NRP;NRP;1974;1978;NRP;NRP;1977;NRP
2035;5210;;1;0;4;;;;;;0;5;;;;;;0;4;;;;;;0;5;;;;;;1;4;2001;;;;;0;3;;;;;;0;4;;;;;;0;5;;;;;;0;3;;;;;;1;5;2001;;;;;0;3;;;;;;0;3;;;;;;0;3;;;;;;0;4;;;;;;0;;;;;;;;;;;;;;;;;;;2;0;22;1;21;5;2001;;;;;;;;;;;;;;;;;;;;;;;;;;;;;;;;;;;;;;;;;;;;;;;;;;;;;;;;;;;;;;;;;;;;;;;;;;;;;;;;;;;;;;;;;;;;;;;;;;;;;;;;;;;;;;;;;;;;;;;;;;;;;;;;;;;;;;;;;;;;;;;;;;;;;;;;;;;;;;05SEP1972;5;1;3;2;4;4;2;NRP;;;;1;0;0;3;0;3;BMW;1200;R1200R;ROADSTER;2;2012;37;1;1;14000;7;BMW;650;F650CS SCARVER;ROADSTER;2;2003;37;3;1;5000;7;HONDA;125;CB-F;ROADSTER;2;2010;37;2;1;2000;7;;;;;;;;;;;;;;;;;;;;;;;21000;3;4;;;;;;;;NRP;NRP;NRP;NRP;1993;NRP;NRP;1991;NRP
1063;5211;303;1;0;4;;;;;;1;4;1984;;;;;0;5;;;;;;0;4;;;;;;1;6;1977;;;;;0;2;;;;;;0;3;;;;;;0;3;;;;;;1;5;1988;;;;;0;3;;;;;;0;6;;;;;;0;2;;;;;;0;1;;;;;;0;2;;;;;;0;;;;;;;;;;;;;;;;;;;2;1;37;1;6;2;1984;;1984;Vous circuliez derrière un véhicule. Ce véhicule a ralenti. Vous avez entrepris de dépasser ce véhicule par la gauche et celui-ci vous a coupé la route en tournant à gauche (ou en effectuant un ½ tour;5;6;;;;;;Dans Mantes la Jolie,vers 9H00, sur une voie assez importante,  je suivais une 2Cv depuis un certain temps. Elle circulait assez lentement sans savoir trop où elle allait. J'en ai eu assez de suivre ce véhicule au comportement instable et j'entrepris de le dépasser. A l'époque je roulais sur une BMW R100RT et le feux de croisement était allumé. J'arrivais pratiquement à la hauteur du conducteur  lorsque ce dernier tourna à gauche. Bien évidemment, déjà à l'époque, le clignotant n'avait pas été mis. Grâce à une certaine pratique de la moto, je réussi à faire mon évitement, mais heureusement que le véhicule était une 2CV, car dans la manoeuvre, mon pare-cylindre s'est accroché dans le pare-choc de la voiture et par chance a arraché l'avant de la 2CV. J'ai pu ainsi éviter la chute. En revanche ma passagère, dans la collision, a eu le pied qui s'est tordu. Heureusement elle portait de grosses bottes, néanmoins depuis, elle ne peut plus mettre de chaussures montantes assez serrées. ( ex chaussures de ski). Quant à la moto rien de cassé hormis le repose arrière droit tordu.  Au moment de faire le constat, le conducteur m'avoue qu'il ne m'avait absolument pas vu, qu'il sortait de son poste de nuit,qu'il n'avait pas dormi et qu'il rentrait chez lui pour se reposer. Il a entièrement reconnu les faits. Moralité: Le conducteur de la voiture: est fatigué, ne sait pas à quoi sert un rétroviseur ni un clignotant.  Le pilote de la moto: depuis, je ne double plus lorsqu'une route se présente sur la gauche.;Vitesse de la voiture trop lente avec un comportement anormal. j'ai entrepris le dépassement et le véhicule a tourné à gauche lorsque je suis arrivé à sa hauteur.;Contre braquage pour faire la manoeuvre d'évitement et j'ai pu éviter la chute.   Au moment du choc, le conducteur de la voiture a freiné jusqu'à l'arrêt du véhicule.;NRP;1;Je n'aurai pas doublé car une rue se présentait sur la gauche.;Malgré 7 ans de conduite moto au moment des faits, il me manquait encore de l'expérience.  Ne jamais doubler lorsqu'une route se présente sur la gauche. On en apprend tous les jours.;;2;1;2;;Il n'a rien vu. Il était en état de somnolence.;1;pas en état de conduire vu sa fatigue. N'a pas fait usage du rétroviseur car avant de le doubler je le suivais depuis un certain temps. Pas d'utilisation du clignotant.;2;4;;;;;;;1;;2;;;;Je n'avais pas imaginé un seul instant qu'il allait tourner. La vitesse de la voiture était constante même au moment de tourner.;4;3;;;1;1;4;4;1;1;1;1;3;3;1;4;4;2;;;;;;;;;2;;;;;;;;;2;2;;2;1;1;1;10;90;0;0;0;2;;;;;;1;1;;;;2;0;;;;;;;;;;3;1;3;;1;50;1;2;3;5;;;;;;;4;4;4;4;4;4;BMW;1000;R100RT;Routière / GT;2;1;1;1;1;1;1;1;1;1;1;30000;NSP;4;1;BMW;750;R75/5;ROADSTER;2;4;4;01OCT1959;5;1;3;2;2;3;;NRP;;;;2;0;0;1;0;1;BMW;1200;K1200LT;Routière / GT;2;2009;37;3;1;20000;7;;;;;;;;;;;;;;;;;;;;;;;;;;;;;;;;;;;;;;;;;;;;;20000;2;3;4;;;;;;;NRP;NRP;NRP;1977;1978;NRP;NRP;1979;NRP
1101;5212;37;1;0;5;;;;;;0;4;;;;;;0;5;;;;;;0;4;;;;;;0;6;;;;;;0;4;;;;;;0;4;;;;;;1;4;1971;;;;;2;6;1992;1997;;;;0;5;;;;;;0;4;;;;;;0;3;;;;;;0;4;;;;;;0;5;;;;;;0;;;;;;;;;;;;;;;;;;;2;0;47;1;42;9;1997;;1997;Vous avez fait une sortie de route, une perte de contrôle ou une glissade sans rien percuter.;5;;;;;;;En plein milieu du Cantal, sur une belle route, par beau temps, dans un enchaînement de virages pris à bonne allure, toutefois raisonnable, un carrefour simple et large m'a paru infranchissable. La route était en courbe. Au lieu de tourner, ce qui était pourtant tout à fait possible compte tenu de ma vitesse, j'ai essayé de freiner et je suis allé tout droit. Je suis sorti de la route après avoir été arrêté par une clôture de barbelés. La moto a fait un looping et est retombée à l'envers sur la clôture. Je suis passé par dessus la clôture en question, entre un arbre et un poteau électrique et je suis retombé dans un champ 15m plus bas. Contre toute attente, la moto a subi peu de dommages(bulle cassée, pneu avant crevé, un joint spi de fourche explosé et quelques égratignures)et je n'ai eu, pour ce qui me concerne, qu'un gros hématome au bras gauche (qui a sans doute été provoqué par la bulle que j'ai explosée lorsque j'ai été éjecté).   J'étais parfaitement équipé (déjà, pour l'époque!), ce qui a sans doute contribué à l'absence de blessure.  Je ne me suis jamais vraiment expliqué pourquoi je n'ai pas tourné. J'étais concentré et attentif mais je ne m'attendais absolument pas à voir ce carrefour à cet endroit. Nous roulions en groupe et j'étais le 1er. La surprise et le temps de réaction ont certainement contribué à mon absence de réaction appropriée.  Pourtant, à l'époque, j'avais déjà 29 ans de moto et de très nombreux km derrière moi.   Cet accident m'a marqué, en grande partie, parce que je n'ai jamais pu l'expliquer vraiment et aussi, il faut le dire, parce qu'un mètre plus à gauche (l'arbre)ou à droite (le poteau, j'étais mort!;- La surprise - La route en courbe - Trop de réflexion, pas assez de réflexe;"J'ai juste attrapé les freins et essayé de m'arrêter. Ma moto (une BMW K1100RS) avait l'ABS. Cette action lui a permis de rester sur ses roues jusqu''à la sortie de route sans glisser ni chuter, mais la distance nécessaire à l'arrêt total était trop courte.  Cette action ""désespérée"" sur les freins a empêché toute éventuelle tentative de reprendre une trajectoire normale (c'est à dire: de tourner et rester sur la route).";1;1;Je n'aurais pas dû freiner, tout au plus couper les gaz et j'aurais dû prendre le (léger) virage tout à fait normalement.;Effet de surprise causé par un profil de route totalement inattendu et freinage réflexe à la place de quelques dizièmes de seconde de réflexion;;2;0;;;;;;3;6;;;;;;;;1;;;2;;"Pourquoi étais-je là en train d'essayer désespérément de m'arrêter alors qu'il aurait été si facile de tourner (je n'étais pas, loin s'en faut, ""à la limite"")";4;3;;;1;1;4;4;4;1;1;3;3;3;4;4;4;10;;;;;;;;;1;2;4;;;;;;;2;2;;2;2;1;1;90;0;0;10;0;2;;;;;;1;1;;;;1;;;;;;;;;;;3;2;3;;0;70;1;2;3;4;7;9;;;;;4;4;4;3;4;4;BMW;1100;K1100RS ABS;Routière / GT;2;0;1;1;1;1;1;1;1;1;1;25000;12;4;1;HONDA;750;"VFR-F ""CARAT""";Routière / GT;2;4;4;06JUN1952;5;1;3;2;2;2;1;NRP;;;;1;0;0;2;0;2;YAMAHA;1300;FJR ABS  AS;Routière / GT;2;2008;37;1;2;14000;7;TRIUMPH;900;BONNEVILLE IE;ROADSTER;2;2011;37;2;1;5000;7;;;;;;;;;;;;;;;;;;;;;;;;;;;;;;;;;;19000;3;4;;;;;;;;NRP;NRP;NRP;NRP;1968;NRP;NRP;1970;NRP
2082;5213;;1;0;5;;;;;;0;5;;;;;;1;4;2001;;;;;0;3;;;;;;0;5;;;;;;0;3;;;;;;1;3;1991;;;;;1;3;1989;;;;;1;3;1990;;;;;0;4;;;;;;0;5;;;;;;0;2;;;;;;0;3;;;;;;0;3;;;;;;0;;;;;;;;;;;;;;;;;;;5;2;30;1;11;3;2001;;;;;;;;;;;;;;;;;;;;;;;;;;;;;;;;;;;;;;;;;;;;;;;;;;;;;;;;;;;;;;;;;;;;;;;;;;;;;;;;;;;;;;;;;;;;;;;;;;;;;;;;;;;;;;;;;;;;;;;;;;;;;;;;;;;;;;;;;;;;;;;;;;;;;;;;;;;;;;10AUG1954;6;1;3;2;2;3;;NRP;;;;2;0;0;1;0;1;BMW;1200;K1200GT;Routière / GT;2;2007;37;2;1;15000;7;;;;;;;;;;;;;;;;;;;;;;;;;;;;;;;;;;;;;;;;;;;;;15000;2;3;4;;;;;;;NRP;NRP;NRP;1974;1977;NRP;NRP;1974;NRP
734;5214;25;1;0;4;;;;;;0;5;;;;;;0;5;;;;;;0;4;;;;;;0;5;;;;;;0;2;;;;;;0;5;;;;;;0;5;;;;;;0;5;;;;;;0;4;;;;;;0;6;;;;;;0;3;;;;;;0;3;;;;;;0;3;;;;;;1;1;1998;;;;;Saint-Laurent;;;;;Voiture arrivant en sens inverse sur ma voie après un carrefour récemment réaménagé (incompréhension du nouveau carrefour par le conducteur de la voiture ?). Évitement de justesse du choc frontal car j'arrivais dans une courbe longue et j'ai été surpris par la présence de la voiture sur ma voie mais choc avec le côté gauche de la voiture (notamment rétroviseur), pas de chute mais arrachement du carénage de la moto et hématome et plaie au genou gauche, plâtre effectué pour immobilisation du genou. Je roulais à une centaine de km/h.;;;;;0;0;4;0;8;1;71;15;1998;Saint-Laurent;1998;Autre(s) type(s) d'accident(s).;1;;;;;;;Deux ans de moto, 600 transalp, retour de Poitiers (fac), pratiquement arrivé chez mes parents (10 min après 1h30 de trajet) et dans une large courbe à droite, une voiture jaillit, sur ma file en  face de moi... Juste le temps d'éviter, le carénage et mon genou touchent le côté gauche et le rétro de la voiture. Je m'immobilise une centaine de mètres plus loin sans tomber. Je tremble, j'ai eu peur, je ne peux pas bouger j'ai mal à la jambe gauche, le carénage à exploser. Je lève la main sans descendre de ma moto (j'en suis incapable), espérant qu'un automobiliste va comprendre. Quelques voitures passent, enfin une s'arrête, un gars sympa me demande comment ça va, je lui explique, il m'aide à descendre de la moto. Il me propose d'appeler les pompiers ou les gendarmes, je ne sais pas, je suis à côté de chez moi, il me ramène, ma jambe ne me fait plus mal. Arrivé à la maison j'explique ce qui s'est passé à mon père en lui disant que ma jambe ça va. il demande à jeter un œil, en fait il y a du sang partout, le genou est ouvert. Direction l'hôpital où le chirurgien décide de plâtrer le genou. En attendant, du fond de mon lit d'hôpital, je vois surgir un gendarme qui vient m'interroger suite à une plainte déposée par un couple qui a vu surgir une moto face à lui et l'a évité de justesse. Je suis choqué et j'ai beau m'expliquer, je suis mal barré, vingt piges, cheveux longs et boucles d'oreille ne plaident pas en ma faveur face à un couple de paisible retraités. Finalement, chacun va s'en tirer à 50/50 de responsabilité grâce à la personne qui m'a aidé et qui a témoigné que je n'avais pas fait de délit de fuite, (mal)heureusement pour moi, pas de chute donc pas de trace sur la route prouvant que ce sont les p'tits vieux qui étaient du mauvais côté... Ils auraient pu me tuer, je les maudis encore.;Belle courbe à droite et surprise de se trouver face à un véhicule à contresens à cet endroit. Je tente l'évitement mais sans y parvenir complètement. Je touche légèrement la voiture mais à 80 ou 90 km/h le choc est quand même présent.;Surprise puis tentative d'évitement de mon côté, en face je ne sais pas, c'est allé trop vite. Puis pas de nouvelles de l'autre véhicule qui arrivait à contresens jusqu'à ce que j'apprenne par le gendarme que ses occupants avaient porter plainte en disant que moi je roulais à contresens.;NRP;0;;;Je pense avoir fait le max et sauver ma peau ce jour-là...;3;1;NSP;;NSP;NSP;NSP;1;2;4;;;;;3;1;;2;;;;Tout est allé très vite, la voiture n'avait rien à faire à contresens, je l'ai vue au dernier moment (grande courbe en bas d'une terrasse).;3;3;;;3;1;4;4;4;2;1;3;1;1;4;4;4;10;;;;;;;;;2;;;;;;;;;2;2;;1;1;3;1;0;100;0;0;0;2;;;;;;1;1;;;;2;1;7;;;;;;;1;1;1;2;1;2;0;90;1;10;2;3;5;;;;;;3;3;3;3;3;NRP;HONDA;600;TRANSALP +35KW;TRAIL / SUPERMOTARD;2;1;1;1;1;1;1;2;1;1;1;30000;12;3;0;;;;;;;;12MAR1974;6;1;3;2;2;3;;NRP;;;;1;0;0;1;0;1;HONDA;500;CX;ROADSTER;2;1979;37;2;2;4000;7;;;;;;;;;;;;;;;;;;;;;;;;;;;;;;;;;;;;;;;;;;;;;4000;4;3;;;;;;;;NRP;NRP;NRP;NRP;1994;NRP;NRP;1992;NRP