Ligne;Ligne Q qualif;Ligne approfondissement Accident;ACCIDENT;NBACC1;ACCFREQUENCE1;ANNEEACC1_1;ANNEEACC1_2;ANNEEACC1_3;ANNEEACC1_4;ANNEEACC1_5;NBACC2;ACCFREQUENCE2;ANNEEACC2_1;ANNEEACC2_2;ANNEEACC2_3;ANNEEACC2_4;ANNEEACC2_5;NBACC3;ACCFREQUENCE3;ANNEEACC3_1;ANNEEACC3_2;ANNEEACC3_3;ANNEEACC3_4;ANNEEACC3_5;NBACC4;ACCFREQUENCE4;ANNEEACC4_1;ANNEEACC4_2;ANNEEACC4_3;ANNEEACC4_4;ANNEEACC4_5;NBACC5;ACCFREQUENCE5;ANNEEACC5_1;ANNEEACC5_2;ANNEEACC5_3;ANNEEACC5_4;ANNEEACC5_5;NBACC6;ACCFREQUENCE6;ANNEEACC6_1;ANNEEACC6_2;ANNEEACC6_3;ANNEEACC6_4;ANNEEACC6_5;NBACC7;ACCFREQUENCE7;ANNEEACC7_1;ANNEEACC7_2;ANNEEACC7_3;ANNEEACC7_4;ANNEEACC7_5;NBACC8;ACCFREQUENCE8;ANNEEACC8_1;ANNEEACC8_2;ANNEEACC8_3;ANNEEACC8_4;ANNEEACC8_5;NBACC9;ACCFREQUENCE9;ANNEEACC9_1;ANNEEACC9_2;ANNEEACC9_3;ANNEEACC9_4;ANNEEACC9_5;NBACC10;ACCFREQUENCE10;ANNEEACC10_1;ANNEEACC10_2;ANNEEACC10_3;ANNEEACC10_4;ANNEEACC10_5;NBACC11;ACCFREQUENCE11;ANNEEACC11_1;ANNEEACC11_2;ANNEEACC11_3;ANNEEACC11_4;ANNEEACC11_5;NBACC12;ACCFREQUENCE12;ANNEEACC12_1;ANNEEACC12_2;ANNEEACC12_3;ANNEEACC12_4;ANNEEACC12_5;NBACC13;ACCFREQUENCE13;ANNEEACC13_1;ANNEEACC13_2;ANNEEACC13_3;ANNEEACC13_4;ANNEEACC13_5;NBACC14;ACCFREQUENCE14;ANNEEACC14_1;ANNEEACC14_2;ANNEEACC14_3;ANNEEACC14_4;ANNEEACC14_5;AUTRESACC;NBAUTRESACC;ANNEEAUTREACC1;ANNEEAUTREACC2;ANNEEAUTREACC3;ANNEEAUTREACC4;ANNEEAUTREACC5;LIEUAUTREACC1;LIEUAUTREACC2;LIEUAUTREACC3;LIEUAUTREACC4;LIEUAUTREACC5;DESCRIPTIONAUTRESACC1;DESCRIPTIONAUTRESACC2;DESCRIPTIONAUTRESACC3;DESCRIPTIONAUTRESACC4;DESCRIPTIONAUTRESACC5;NBAUTRESACCCIRCUIT;NBAUTRESTOUTTERRAIN;EXPCYCLO;EXP125;EXPSUP125;ACCORDNEXTQ;CHOIXACC;RGPMTACC;RECUPANNEE;RECUPLIEU;RECUPANNE;RGPMTAC;CHOIX1;CHOIX2;CHOIX3;CHOIX4;CHOIX5;CHOIX6;CHOIX7;DESCRIPTION;RUPTURE;FAITS;ABS_REACTION;AUTRE_REACTION;PRECISIONREACTIONOUI;RECUL;PRECISIONREACTIONNON;IMPACTCOMPORTEMENT;AUTREUSAGER;REACTIONAUTREUSAGER;CONNAISSANCEREACTIONUSAGER;DIFFICULTES;AGGRAVATION;DIFFICULTES2;EMOTIONS1;EMOTIONS2;EMOTIONS3;EMOTIONS4;EMOTIONS5;EMOTIONS6;AUTRESENTIMENT;CLASSEMENTEMOTIONS1;CLASSEMENTEMOTIONS;CLASSEMENTEMOTIONS5;CLASSEMENTEMOTIONS6;CLASSEMENTEMOTIONS7;CLASSEMENTEMOTIONS8;CLASSEMENTEMOTIONS9;EXPLICATIONRESSENTI;BIENEQUIPE;ALLURE;ALLUREVITEDETAIL;ALLURELENTEDETAIL;SITUATIONPRESSE;SITUATIONDISTRAIT;SITUATIONCONFIANT;SITUATIONCONTROLE;SITUATIONLUDIQUE;SITUATIONPERF;SITUATIONSTRESS;SITUATIONFATIGUE;HUMEURNEUTRE;HUMEURGAI;HUMEURMECONTENT;HUMEURTRISTE;HUMEURCOLERE;CONTRIBUTION1;CONTRIBUTION2;CONTRIBUTION3;CONTRIBUTION4;CONTRIBUTION5;CONTRIBUTION6;CONTRIBUTION7;CONTRIBUTION8;CONTRIBUTION9;ROLEINFRA;ELEMENTINFRA1;ELEMENTINFRA2;ELEMENTINFRA3;ELEMENTINFRA4;ELEMENTINFRA5;ELEMENTINFRA6;ELEMENTINFRA7;ELEMENTINFRA8;ELEMENTINFRA9;ALCOOL;TXALCOOL;STUP;SEMAINE;MOMENTJOURNEE;TEMPS;CAUSEACC1;CAUSEACC2;CAUSEACC3;CAUSEACC4;CAUSEACC5;FORMATIONCAUSE;FORMATION1;FORMATION2;FORMATION3;FORMATION4;FORMATION5;TRAFIC;CHAUSSEE1;CHAUSSEE2;CHAUSSEE3;CHAUSSEE4;TYPEACC;BLESSURE;TETE;COU;THORAX;MEMBRESSUP;COLONNE;BASSIN;MEMBRESINF;HOPITAL;PLUS24H;TRAJET;TYPEROUTE;MOTIF;SENSTRAJET;PASSAGER;VITESSE;DESCEQ1;DESCEQ2;DESCEQ3;DESCEQ4;DESCEQ5;DESCEQ6;DESCEQ7;DESCEQ8;DESCEQ9;DESCEQ10;VEHICULEETE;VEHICULEAUTOMNE;VEHICULEPRINTEMPS;VEHICULEHIVER;VEHICULESEMAINE;VEHICULEWE;VEHMARQUE;VEHCYLINDREE;VEHMODELE;VEHSEGMENT;VEHSIDE;EQ2RMABS;EQ2RMCBS;EQ2RMABSCBS;EQ2RMREGULATEUR;EQ2RMLIMITEUR;EQ2RMPHARESDIRECT;EQ2RMCOUPURE;EQ2RMANTIPATINAGE;EQ2RMANTIXHEELING;EQ2RMSTABILILTE;VEHKM;POINTS;DUREE;AUTRE2RM;VEHPRECMARQUE;VEHPRECCYLINDREE;VEHPRECMODELE;VEHPRECSEGMENT;VEHPRECSIDE;TEMPS2RMPREC;FREQVEHPREC;DATE_NAISS;CSP;SOCIETAIRE;SALARIE;SECTEUR2RM;NBPERSFOYER;SITFAM;NBENF;TRNBENF1;TRNBENF2;TRNBENF3;TRNBENF4;NBAUTOFOYER;NBCYCLOFOYER;NBSCOOTFOYER;NBMOTOFOYER;NBTRIKEFOYER;NB2RMCONDUIT;MARQUE1;CYLINDREE1;MODELE1;SEGMENT1;SIDE1;ANMISECIRCU1;ASS1;FREQ1;USAGE1;NBKM1;GARAGE1;MARQUE2;CYLINDREE2;MODELE2;SEGMENT2;SIDE2;ANMISECIRCU2;ASS2;FREQ2;USAGE2;NBKM2;GARAGE2;MARQUE3;CYLINDREE3;MODELE3;SEGMENT3;SIDE3;ANMISECIRCU3;ASS3;FREQ3;USAGE3;NBKM3;GARAGE3;MARQUE4;CYLINDREE4;MODELE4;SEGMENT4;SIDE4;ANMISECIRCU4;ASS4;FREQ4;USAGE4;NBKM4;GARAGE4;MARQUE5;CYLINDREE5;MODELE5;SEGMENT5;SIDE5;ANMISECIRCU5;ASS5;FREQ5;USAGE5;NBKM5;GARAGE5;NBKMTOT;PERMIS1;PERMIS2;PERMIS3;PERMIS4;PERMIS5;PERMIS6;PERMIS7;PERMIS8;PERMIS9;ANPERMIS1;ANPERMIS6;ANPERMIS7;ANPERMIS2;ANPERMIS3;ANPERMIS8;ANPERMIS9;ANPERMIS4;ANPERMIS5
864;5217;;1;1;4;1992;;;;;0;4;;;;;;2;5;1997;2001;;;;0;3;;;;;;0;2;;;;;;0;2;;;;;;0;2;;;;;;0;3;;;;;;0;3;;;;;;0;4;;;;;;0;4;;;;;;0;3;;;;;;0;3;;;;;;0;2;;;;;;0;;;;;;;;;;;;;;;;;;;3;12;25;1;11;3;1997;;;;;;;;;;;;;;;;;;;;;;;;;;;;;;;;;;;;;;;;;;;;;;;;;;;;;;;;;;;;;;;;;;;;;;;;;;;;;;;;;;;;;;;;;;;;;;;;;;;;;;;;;;;;;;;;;;;;;;;;;;;;;;;;;;;;;;;;;;;;;;;;;;;;;;;;;;;;;;10JAN1958;7;2;3;2;3;4;1;NRP;;;;2;0;0;1;0;1;DUCATI;1200;MULTISTRADA;ROADSTER;2;2011;28;2;1;6000;7;;;;;;;;;;;;;;;;;;;;;;;;;;;;;;;;;;;;;;;;;;;;;6000;2;3;4;;;;;;;NRP;NRP;NRP;1974;1989;NRP;NRP;1978;NRP
352;5218;;1;0;5;;;;;;0;4;;;;;;0;5;;;;;;0;2;;;;;;0;4;;;;;;0;2;;;;;;0;3;;;;;;0;3;;;;;;0;3;;;;;;0;3;;;;;;0;2;;;;;;0;3;;;;;;0;4;;;;;;0;3;;;;;;1;2;2000;2001;;;;lacenas;st georges de r;;;;J ai percuté un vl en entrant dans un petit rond point;J ai ralenti et le vehicule qui me precedait m a percuté a l arriere.;;;;0;0;4;0;15;1;72;15;2001;st georges de r;;;;;;;;;;;;;;;;;;;;;;;;;;;;;;;;;;;;;;;;;;;;;;;;;;;;;;;;;;;;;;;;;;;;;;;;;;;;;;;;;;;;;;;;;;;;;;;;;;;;;;;;;;;;;;;;;;;;;;;;;;;;;;;;;;;;;;;;;;;;;;;;;;;;;;;;;;;;;29AUG1981;7;1;3;2;4;4;2;NRP;;;;2;0;0;1;0;1;HONDA;750;CB-SEVEN FIFTY;ROADSTER;2;1999;37;3;1;1500;4;;;;;;;;;;;;;;;;;;;;;;;;;;;;;;;;;;;;;;;;;;;;;1500;2;3;4;;;;;;;NRP;NRP;NRP;2000;2000;NRP;NRP;2001;NRP
2014;5221;;0;;;;;;;;;;;;;;;;;;;;;;;;;;;;;;;;;;;;;;;;;;;;;;;;;;;;;;;;;;;;;;;;;;;;;;;;;;;;;;;;;;;;;;;;;;;;;;;;;;;;;;;;;;;;;;;;;;;;;;;;;;;;;;;;;;;;;;;;;;;;;;;;;;;;;;;;;;;;;;;;;;;;;;;;;;;;;;;;;;;;;;;;;;;;;;;;;;;;;;;;;;;;;;;;;;;;;;;;;;;;;;;;;;;;;;;;;;;;;;;;;;;;;;;;;;;;;;;;;;;;;;;;;;;;;;;;;;;;;;;;;;15JAN1970;4;1;3;2;1;1;;NRP;;;;1;0;0;5;1;6;APRILIA;1000;TUONO STREET FIGHTER;ROADSTER;2;2003;37;3;1;6000;7;HUSQVARNA;310;TE ENDURO;TOUT TERRAIN (TRIAL, ENDURO, CROSS);2;2007;37;3;1;1500;7;HONDA;750;XLV-R;TRAIL / SUPERMOTARD;2;1985;41;4;1;50;7;KAWASAKI;1200;ZX-12R NINJA;SPORTIVE;2;2001;40;4;1;200;7;YAMAHA;600;XJ-S DIVERSION;ROADSTER;2;1986;37;4;1;500;7;8250;3;4;;;;;;;;NRP;NRP;NRP;NRP;1992;NRP;NRP;1988;NRP
17;5222;;0;;;;;;;;;;;;;;;;;;;;;;;;;;;;;;;;;;;;;;;;;;;;;;;;;;;;;;;;;;;;;;;;;;;;;;;;;;;;;;;;;;;;;;;;;;;;;;;;;;;;;;;;;;;;;;;;;;;;;;;;;;;;;;;;;;;;;;;;;;;;;;;;;;;;;;;;;;;;;;;;;;;;;;;;;;;;;;;;;;;;;;;;;;;;;;;;;;;;;;;;;;;;;;;;;;;;;;;;;;;;;;;;;;;;;;;;;;;;;;;;;;;;;;;;;;;;;;;;;;;;;;;;;;;;;;;;;;;;;;;;;;30AUG1978;5;2;3;2;4;4;2;NRP;;;;2;0;0;1;0;1;TRIUMPH;675;STREET TRIPLE;ROADSTER;2;2012;29;3;1;5000;7;;;;;;;;;;;;;;;;;;;;;;;;;;;;;;;;;;;;;;;;;;;;;5000;4;3;;;;;;;;NRP;NRP;NRP;NRP;2009;NRP;NRP;1997;NRP
572;5223;;0;;;;;;;;;;;;;;;;;;;;;;;;;;;;;;;;;;;;;;;;;;;;;;;;;;;;;;;;;;;;;;;;;;;;;;;;;;;;;;;;;;;;;;;;;;;;;;;;;;;;;;;;;;;;;;;;;;;;;;;;;;;;;;;;;;;;;;;;;;;;;;;;;;;;;;;;;;;;;;;;;;;;;;;;;;;;;;;;;;;;;;;;;;;;;;;;;;;;;;;;;;;;;;;;;;;;;;;;;;;;;;;;;;;;;;;;;;;;;;;;;;;;;;;;;;;;;;;;;;;;;;;;;;;;;;;;;;;;;;;;;;27JUL1965;7;2;3;2;2;3;;NRP;;;;2;0;1;1;0;2;YAMAHA;950;MIDNIGTH STAR (XVS);CUSTOM;2;2012;4;3;2;4000;7;PEUGEOT;125;VIVACITY (NEW);SCOOTER;2;2012;29;2;2;2000;7;;;;;;;;;;;;;;;;;;;;;;;;;;;;;;;;;;6000;3;4;;;;;;;;NRP;NRP;NRP;NRP;1992;NRP;NRP;1983;NRP
462;5226;193;1;0;4;;;;;;0;6;;;;;;1;5;2014;;;;;0;2;;;;;;5;6;NSP;NSP;NSP;NSP;NSP;5;5;NSP;NSP;NSP;2014;2014;0;2;;;;;;0;3;;;;;;5;5;1995;NSP;NSP;NSP;NSP;5;6;2014;2014;2014;2014;2014;5;6;2014;2014;2014;2014;2014;0;3;;;;;;0;1;;;;;;0;2;;;;;;0;;;;;;;;;;;;;;;;;;;3;0;20;1;11;3;2014;;2014;Vous remontiez une file de véhicules (à l’arrêt ou au ralenti) par la gauche. Un véhicule de cette file vous a coupé la route en tournant à gauche.;AUT|j'ai eu de la chance;;;;;;;"Je ne remontai pas une file mais c'est une voiture (A) qui, sur une sortie d'autoroute, se pousse pour me laisser passer. Donc elle roule sur la bande d'arrêt d'urgence. Je n'ai pas envie de passer,mais elle continue. Je me dis:""Allez,passe"". Au moment ou j'accélère et que j'arrive à côté d'elle,bordel,une voiture est arrêté sur la bande d'arrêt d'urgence.La voiture(A) est obligé de revenir sur la voie ""roulante"" et moi je me déporte avec elle et il y a un muret en béton et la voie en contresens, la voie d'accès à l'autoroute est 20 mètres plus bas. Au lieu d'accélérer, je freine et bien sur sur la ligne blanche, je dérape,je me voie sous la voiture, je tape dans la voiture avec le guidon et ça me redresse. Rien,rien pour moi. Tout pour la voiture. comme quoi un guidon de moto!!!!!!!!";Manque d'attention. Déconcentrer,, je pensais à autre chose. Je ne regardais pas au loin.;"Il se pousse pour me laisser passer parce qu'il le fait toujours avec les motards ( c'est lui qui me l'a dit. Je ne passe pas tout de suite parce que je ne le ""sent"" pas.    accélération pour moi. Nous nous sommes déporter ensemble, la voiture et moi, puisque j'étais à côté de lui.Freinage pour moi,lui je ne sais pas.Glissade de l'avant, relâchement des freins pour moi.";NRP;1;J'aurai du voir la voiture sur la bande d'arrêt d'urgence. Quand on a pas envie il ne faut pas la faire. Si je l'avais vu avant( la voiture sur la bande d'arrêt d'urgence) si j'avais voulu passer , je l'aurai fait plus vite. Ce qui aurait changé c'est que je n'aurais pas taper.;Inattention. Manque de lucidité.;;2;1;1;AUT|il a essayé d'eviter la voiture qui était stationner sur la bande d'arrêt d'urgence;Il n'a vu l'autre voiture que trop tard comme moi.;2;C'est moi qui doit faire attention, anticiper.;1;6;;;;;;1;;;;;2;;Quand l'avant de la moto est parti je me suis vu sous la voiture donc j'ai eu peur.;4;3;;;1;4;3;4;1;1;NSP;NSP;5;5;5;5;5;4;6;;;;;;;;1;1;;;;;;;;2;2;;2;1;1;1;100;0;0;0;0;2;;;;;;2;2;;;;1;;;;;;;;;;;1;AUT|sortie d'autoroute, voie d'accés à la ville;1;1;0;90;1;10;2;3;4;;;;;;4;4;4;4;4;4;YAMAHA;850;TDM;ROADSTER;2;1;1;1;1;1;1;1;1;1;1;70000;12;4;1;YAMAHA;600;XJ-N;ROADSTER;null;4;4;20JAN1971;7;1;3;2;4;4;2;NRP;;;;1;0;0;2;0;2;YAMAHA;600;XJ6;ROADSTER;2;2010;37;1;2;10000;7;YAMAHA;900;XJS DIVERSION;Routière / GT;1;1996;37;3;1;7000;7;;;;;;;;;;;;;;;;;;;;;;;;;;;;;;;;;;17000;3;4;;;;;;;;NRP;NRP;NRP;NRP;1994;NRP;NRP;1989;NRP
822;5227;367;1;0;4;;;;;;0;3;;;;;;0;5;;;;;;0;3;;;;;;1;6;2005;;;;;0;4;;;;;;0;2;;;;;;0;3;;;;;;0;2;;;;;;0;3;;;;;;0;4;;;;;;1;6;2005;;;;;0;4;;;;;;0;4;;;;;;0;;;;;;;;;;;;;;;;;;;0;0;10;1;21;5;2005;;2005;Vous circuliez sur un axe prioritaire. Un véhicule venant d’un axe non prioritaire vous a coupé la route.;1;2;3;4;5;6;;Je roulais normalement sur une route prioritaire en ville et sur la droite une voiture a marqué un cedez le passage puis à 10 mètres de moi, elle a démarré. Lorsque le conducteur m'a appercu (je pense mon phare), il s'est arreté. Comme il était entièrement sur ma voie, je n'ai pas pu l'éviter. J'ai freiné et je l'ai percuté dans la roue avant gauche. Appartir de là, je n'ai pas de souvenir de la chute. Je me suis réveillé de l'autre coté de la voiture. Ma moto aussi. Je me suis relevé sans enlever le casque pour eteindre le moteur. En suite, des gens sont venu me porter secours. J'ai été pris en charge par le SAMU. Puis l'hopital. Le plus impressionant et qui m'a marqué, c'est le regard du conducteur quand je suis arrivé sur lui (La PEUR). Je n'ai rien pu faire d'autre que de freiner par reflexe. Je n'ai rien eu de grave, juste quelques bleus.;L'élément,  c'est l'arret de la voiture devant moi. La difficulté, l'impossibilité d'éviter et de freiner à temps.;J'ai freiné et la voiture était arretée devant moi.;NRP;0;;;Je pense que l'automobiliste m'avait vu car il avait tourné la tête vers moi. Il a vraiment démarré devant moi.;2;0;;;;;;7;;;;;;;;;;;;;;;4;3;;;2;2;2;3;3;1;1;1;4;3;4;4;4;10;;;;;;;;;2;;;;;;;;;2;2;;2;1;1;1;0;100;0;0;0;2;;;;;;1;1;;;;2;1;6;;;;;;;1;0;2;1;3;;0;60;1;10;2;3;4;7;;;;;4;4;4;4;4;4;HONDA;500;CB;ROADSTER;2;1;1;1;1;1;1;1;1;1;1;NSP;12;3;0;;;;;;;;07AUG1981;7;2;3;2;3;4;1;NRP;;;;2;0;0;1;0;1;SUZUKI;650;SV-S;Routière / GT;2;2001;29;2;2;3000;4;;;;;;;;;;;;;;;;;;;;;;;;;;;;;;;;;;;;;;;;;;;;;3000;4;3;2;;;;;;;NRP;NRP;NRP;2000;2004;NRP;NRP;2000;NRP
1008;5228;15;1;0;3;;;;;;0;4;;;;;;0;6;;;;;;0;1;;;;;;0;4;;;;;;0;2;;;;;;0;5;;;;;;0;3;;;;;;0;3;;;;;;1;5;1987;;;;;0;5;;;;;;0;3;;;;;;0;3;;;;;;0;2;;;;;;0;;;;;;;;;;;;;;;;;;;2;0;34;1;46;10;1987;;1987;"Vous circuliez sur un axe constitué d’au moins "" 2 X 2 voies "" (en urbain, périphérique, autoroute, RN …). Un véhicule vous a coupé la route en changeant de voie pour se placer sur celle de droite.";1;;;;;;;"Sur le périphérique parisien, en condition de circulation très dense,je remonte entre les 2 files les plus à gauche de la section à 3 voies. Mon différentiel de vitesse est très faible (5km/h) Dans le véhicule à ma gauche, une conductrice a une conversation animée avec sa passagère; peu attentive à sa conduite, elle se laisse dériver sur sa droite au moment ou j'arrive à la hauteur de la portière avant droite. Mon pare cylindre gauche prend la naissance de l'aile droite. Heureusement, la faible vitesse me permet un controle sans chute, et sans heurter le véhicule à ma droite";Conduite interfile avec peu de place pour une correction de trajectoire lorsqu'un automobiliste quitte sa voie de circulation;Réaction immédiate: - regard dans les rétro pour voir si un 2 roues me suivait de rès - Freinage - maitrise de la moto pour ne pas heurter le véhicule à droite - Arret - béquillage  véhicule heurté: - sur le bruit du choc, coup de volant pour revenir dans sa voie de circulation - arret du véhicule  Véhicule à droite (pas heurté) - arret;NRP;1;NRP;NRP;;2;1;2;;l'autre n'était pas attentif, donc aucune réaction préventive avant le choc;1;Conducteur pas attentif qui a quitté sa voie;2;4;9;;;;Concentration;;1;;3;;;2;évènement inattendu;4;3;;;3;2;3;3;1;1;1;1;2;4;4;4;4;4;;;;;;;;;2;;;;;;;;;2;2;;2;1;1;1;30;70;0;0;0;2;;;;;;3;1;;;;1;;;;;;;;;;;1;4;1;1;0;15;1;2;3;4;7;;;;;;4;4;4;4;4;4;MOTO GUZZI;1000;CALIFORNIA II;Routière / GT;2;1;0;1;1;1;1;1;1;1;1;15000;12;4;1;MOTO GUZZI;650;V65;ROADSTER;2;4;4;12JAN1962;3;1;3;2;5;4;3;NRP;;;;1;0;0;2;0;2;BMW;1300;K1300GT;Routière / GT;2;2010;37;1;3;20000;7;MOTO GUZZI;1000;CALIFORNIA II;Routière / GT;2;1986;37;3;1;1000;7;;;;;;;;;;;;;;;;;;;;;;;;;;;;;;;;;;21000;2;3;4;;;;;;;NRP;NRP;NRP;1979;1982;NRP;NRP;1984;NRP
2155;5231;;1;0;3;;;;;;0;6;;;;;;0;6;;;;;;0;2;;;;;;0;6;;;;;;0;3;;;;;;0;3;;;;;;0;6;;;;;;1;4;1990;;;;;0;6;;;;;;0;6;;;;;;0;1;;;;;;0;1;;;;;;0;3;;;;;;0;;;;;;;;;;;;;;;;;;;30;2;28;1;41;9;1990;;;;;;;;;;;;;;;;;;;;;;;;;;;;;;;;;;;;;;;;;;;;;;;;;;;;;;;;;;;;;;;;;;;;;;;;;;;;;;;;;;;;;;;;;;;;;;;;;;;;;;;;;;;;;;;;;;;;;;;;;;;;;;;;;;;;;;;;;;;;;;;;;;;;;;;;;;;;;;21SEP1968;5;1;3;2;2;3;;NRP;;;;1;1;0;1;0;1;BMW;1200;K1200LT;Routière / GT;2;2004;37;1;2;10000;7;;;;;;;;;;;;;;;;;;;;;;;;;;;;;;;;;;;;;;;;;;;;;10000;2;3;4;;;;;;;NRP;NRP;NRP;1985;1987;NRP;NRP;1986;NRP
1109;5232;;0;;;;;;;;;;;;;;;;;;;;;;;;;;;;;;;;;;;;;;;;;;;;;;;;;;;;;;;;;;;;;;;;;;;;;;;;;;;;;;;;;;;;;;;;;;;;;;;;;;;;;;;;;;;;;;;;;;;;;;;;;;;;;;;;;;;;;;;;;;;;;;;;;;;;;;;;;;;;;;;;;;;;;;;;;;;;;;;;;;;;;;;;;;;;;;;;;;;;;;;;;;;;;;;;;;;;;;;;;;;;;;;;;;;;;;;;;;;;;;;;;;;;;;;;;;;;;;;;;;;;;;;;;;;;;;;;;;;;;;;;;;18OCT1957;5;1;3;2;1;1;;NRP;;;;1;1;0;2;0;1;BMW;1000;R100RT;Routière / GT;2;1991;37;2;1;8000;7;;;;;;;;;;;;;;;;;;;;;;;;;;;;;;;;;;;;;;;;;;;;;8000;3;4;;;;;;;;NRP;NRP;NRP;NRP;1980;NRP;NRP;1989;NRP
995;5236;356;1;0;4;;;;;;0;3;;;;;;0;4;;;;;;0;2;;;;;;0;4;;;;;;0;2;;;;;;1;2;1991;;;;;0;3;;;;;;1;3;1992;;;;;0;3;;;;;;0;2;;;;;;0;2;;;;;;0;4;;;;;;0;4;;;;;;1;2;1994;1998;;;;PUYLAGARDE;ST REMY;;;;EN VOITURE PERTE DE CONTROLE ET SORTIE DE ROUTE;EN VOITURE FREINAGE D URGENCE SUR ROUTE MOUILLEE POUR EVITER UN VEHICULE ET SORTIE DE ROUTE;;;;0;0;0;0;24;1;31;7;1991;;1991;Vous avez fait une sortie de route, une perte de contrôle ou une glissade puis avez percuté un véhicule arrivant en sens inverse.;2;4;6;;;;;je roulais sur une avenue de Moissac (82), sur un virage, la voiture me précédant a pilé, j'ai freiné fort, j'ai bloqué ma roue arrière, j'ai voulu évité le véhicule de devant mais je ne contrôlait plus ma moto, j'ai percuté la voiture sur l'arrière gauche, le choc m'a fait chuter et m'a propulsé sur la voie en sens opposé et j'ai percuté la voiture arrivant en face. Je n'avais le permis et ma moto que depuis quelques mois et je me suis rendu compte que je ne savais pas gérer un freinage d'urgence en étant sur l'angle même à faible allure.;le manque d'expérience du freinage d'urgence;lors que j'ai freiné, j'ai bloqué la roue arrière, la moto a décroché j'ai relaché le frein arrière mais je n'ai pas réussi à stabiliser la moto. Je roulais trop près de la voiture devant moi et mon temps de réaction et trop long comparé à la distance que j'avais laissé entre moi et la voiture.  La voiture qui arrivait en face a freiné lorsqu'elle a vu que je ne contrôlait plus ma moto. donc lorsque j'ai été projeté sur la voie d'en face, cette voiture était quasiment à l'arrêt. Les dégâts ont été minimes sur les 3 véhicules, les pompiers ont été appelés pour constater qu'aucune personne n'était blessée, la gendarmerie était également présente rapidement. Nous avons fait les constats avec les 2 personnes des 2 véhicules que j'avais percutés.;2;1;aujourd'hui, je pense qu'avec l'expérience, je n'aurais certainement pas bloqué la roue arrière, j'aurais pu maîtriser ma moto et peut être éviter le choc avec la voiture me précédant.;ma réaction a été trop vive et a entrainé la perte de contrôle de la moto donc manque d'expérience et de sang froid;;2;1;1;1;il n'a pu que freiner car la voie était étroite et il ne pouvait pas se déporter;2;car il bien réagi;2;6;;;;;;;2;;;;1;;je ne maîtrisais plus la situation et, dès que j'ai senti que la moto partait en glisse je n'avais aucun moyen de changer le cours de l'histoire;3;1;1;;1;3;4;3;3;1;1;3;1;3;4;4;4;1;4;5;7;;;;;;2;;;;;;;;;2;2;;2;1;1;2;90;0;0;0;10;1;1;;;;;3;2;;;;1;;;;;;;;;;;2;1;1;2;0;50;1;10;2;3;5;;;;;;4;4;4;4;4;4;HONDA;500;CX500C;CUSTOM;2;1;1;1;1;1;1;1;1;1;1;50000;12;1;0;;;;;;;;18NOV1969;5;1;3;2;4;4;2;NRP;;;;3;0;0;1;0;1;HONDA;500;CX500C;CUSTOM;2;1981;37;3;1;3000;7;;;;;;;;;;;;;;;;;;;;;;;;;;;;;;;;;;;;;;;;;;;;;3000;3;4;;;;;;;;NRP;NRP;NRP;NRP;1991;NRP;NRP;1987;NRP