Ligne;Ligne Q qualif;Ligne approfondissement Accident;ACCIDENT;NBACC1;ACCFREQUENCE1;ANNEEACC1_1;ANNEEACC1_2;ANNEEACC1_3;ANNEEACC1_4;ANNEEACC1_5;NBACC2;ACCFREQUENCE2;ANNEEACC2_1;ANNEEACC2_2;ANNEEACC2_3;ANNEEACC2_4;ANNEEACC2_5;NBACC3;ACCFREQUENCE3;ANNEEACC3_1;ANNEEACC3_2;ANNEEACC3_3;ANNEEACC3_4;ANNEEACC3_5;NBACC4;ACCFREQUENCE4;ANNEEACC4_1;ANNEEACC4_2;ANNEEACC4_3;ANNEEACC4_4;ANNEEACC4_5;NBACC5;ACCFREQUENCE5;ANNEEACC5_1;ANNEEACC5_2;ANNEEACC5_3;ANNEEACC5_4;ANNEEACC5_5;NBACC6;ACCFREQUENCE6;ANNEEACC6_1;ANNEEACC6_2;ANNEEACC6_3;ANNEEACC6_4;ANNEEACC6_5;NBACC7;ACCFREQUENCE7;ANNEEACC7_1;ANNEEACC7_2;ANNEEACC7_3;ANNEEACC7_4;ANNEEACC7_5;NBACC8;ACCFREQUENCE8;ANNEEACC8_1;ANNEEACC8_2;ANNEEACC8_3;ANNEEACC8_4;ANNEEACC8_5;NBACC9;ACCFREQUENCE9;ANNEEACC9_1;ANNEEACC9_2;ANNEEACC9_3;ANNEEACC9_4;ANNEEACC9_5;NBACC10;ACCFREQUENCE10;ANNEEACC10_1;ANNEEACC10_2;ANNEEACC10_3;ANNEEACC10_4;ANNEEACC10_5;NBACC11;ACCFREQUENCE11;ANNEEACC11_1;ANNEEACC11_2;ANNEEACC11_3;ANNEEACC11_4;ANNEEACC11_5;NBACC12;ACCFREQUENCE12;ANNEEACC12_1;ANNEEACC12_2;ANNEEACC12_3;ANNEEACC12_4;ANNEEACC12_5;NBACC13;ACCFREQUENCE13;ANNEEACC13_1;ANNEEACC13_2;ANNEEACC13_3;ANNEEACC13_4;ANNEEACC13_5;NBACC14;ACCFREQUENCE14;ANNEEACC14_1;ANNEEACC14_2;ANNEEACC14_3;ANNEEACC14_4;ANNEEACC14_5;AUTRESACC;NBAUTRESACC;ANNEEAUTREACC1;ANNEEAUTREACC2;ANNEEAUTREACC3;ANNEEAUTREACC4;ANNEEAUTREACC5;LIEUAUTREACC1;LIEUAUTREACC2;LIEUAUTREACC3;LIEUAUTREACC4;LIEUAUTREACC5;DESCRIPTIONAUTRESACC1;DESCRIPTIONAUTRESACC2;DESCRIPTIONAUTRESACC3;DESCRIPTIONAUTRESACC4;DESCRIPTIONAUTRESACC5;NBAUTRESACCCIRCUIT;NBAUTRESTOUTTERRAIN;EXPCYCLO;EXP125;EXPSUP125;ACCORDNEXTQ;CHOIXACC;RGPMTACC;RECUPANNEE;RECUPLIEU;RECUPANNE;RGPMTAC;CHOIX1;CHOIX2;CHOIX3;CHOIX4;CHOIX5;CHOIX6;CHOIX7;DESCRIPTION;RUPTURE;FAITS;ABS_REACTION;AUTRE_REACTION;PRECISIONREACTIONOUI;RECUL;PRECISIONREACTIONNON;IMPACTCOMPORTEMENT;AUTREUSAGER;REACTIONAUTREUSAGER;CONNAISSANCEREACTIONUSAGER;DIFFICULTES;AGGRAVATION;DIFFICULTES2;EMOTIONS1;EMOTIONS2;EMOTIONS3;EMOTIONS4;EMOTIONS5;EMOTIONS6;AUTRESENTIMENT;CLASSEMENTEMOTIONS1;CLASSEMENTEMOTIONS;CLASSEMENTEMOTIONS5;CLASSEMENTEMOTIONS6;CLASSEMENTEMOTIONS7;CLASSEMENTEMOTIONS8;CLASSEMENTEMOTIONS9;EXPLICATIONRESSENTI;BIENEQUIPE;ALLURE;ALLUREVITEDETAIL;ALLURELENTEDETAIL;SITUATIONPRESSE;SITUATIONDISTRAIT;SITUATIONCONFIANT;SITUATIONCONTROLE;SITUATIONLUDIQUE;SITUATIONPERF;SITUATIONSTRESS;SITUATIONFATIGUE;HUMEURNEUTRE;HUMEURGAI;HUMEURMECONTENT;HUMEURTRISTE;HUMEURCOLERE;CONTRIBUTION1;CONTRIBUTION2;CONTRIBUTION3;CONTRIBUTION4;CONTRIBUTION5;CONTRIBUTION6;CONTRIBUTION7;CONTRIBUTION8;CONTRIBUTION9;ROLEINFRA;ELEMENTINFRA1;ELEMENTINFRA2;ELEMENTINFRA3;ELEMENTINFRA4;ELEMENTINFRA5;ELEMENTINFRA6;ELEMENTINFRA7;ELEMENTINFRA8;ELEMENTINFRA9;ALCOOL;TXALCOOL;STUP;SEMAINE;MOMENTJOURNEE;TEMPS;CAUSEACC1;CAUSEACC2;CAUSEACC3;CAUSEACC4;CAUSEACC5;FORMATIONCAUSE;FORMATION1;FORMATION2;FORMATION3;FORMATION4;FORMATION5;TRAFIC;CHAUSSEE1;CHAUSSEE2;CHAUSSEE3;CHAUSSEE4;TYPEACC;BLESSURE;TETE;COU;THORAX;MEMBRESSUP;COLONNE;BASSIN;MEMBRESINF;HOPITAL;PLUS24H;TRAJET;TYPEROUTE;MOTIF;SENSTRAJET;PASSAGER;VITESSE;DESCEQ1;DESCEQ2;DESCEQ3;DESCEQ4;DESCEQ5;DESCEQ6;DESCEQ7;DESCEQ8;DESCEQ9;DESCEQ10;VEHICULEETE;VEHICULEAUTOMNE;VEHICULEPRINTEMPS;VEHICULEHIVER;VEHICULESEMAINE;VEHICULEWE;VEHMARQUE;VEHCYLINDREE;VEHMODELE;VEHSEGMENT;VEHSIDE;EQ2RMABS;EQ2RMCBS;EQ2RMABSCBS;EQ2RMREGULATEUR;EQ2RMLIMITEUR;EQ2RMPHARESDIRECT;EQ2RMCOUPURE;EQ2RMANTIPATINAGE;EQ2RMANTIXHEELING;EQ2RMSTABILILTE;VEHKM;POINTS;DUREE;AUTRE2RM;VEHPRECMARQUE;VEHPRECCYLINDREE;VEHPRECMODELE;VEHPRECSEGMENT;VEHPRECSIDE;TEMPS2RMPREC;FREQVEHPREC;DATE_NAISS;CSP;SOCIETAIRE;SALARIE;SECTEUR2RM;NBPERSFOYER;SITFAM;NBENF;TRNBENF1;TRNBENF2;TRNBENF3;TRNBENF4;NBAUTOFOYER;NBCYCLOFOYER;NBSCOOTFOYER;NBMOTOFOYER;NBTRIKEFOYER;NB2RMCONDUIT;MARQUE1;CYLINDREE1;MODELE1;SEGMENT1;SIDE1;ANMISECIRCU1;ASS1;FREQ1;USAGE1;NBKM1;GARAGE1;MARQUE2;CYLINDREE2;MODELE2;SEGMENT2;SIDE2;ANMISECIRCU2;ASS2;FREQ2;USAGE2;NBKM2;GARAGE2;MARQUE3;CYLINDREE3;MODELE3;SEGMENT3;SIDE3;ANMISECIRCU3;ASS3;FREQ3;USAGE3;NBKM3;GARAGE3;MARQUE4;CYLINDREE4;MODELE4;SEGMENT4;SIDE4;ANMISECIRCU4;ASS4;FREQ4;USAGE4;NBKM4;GARAGE4;MARQUE5;CYLINDREE5;MODELE5;SEGMENT5;SIDE5;ANMISECIRCU5;ASS5;FREQ5;USAGE5;NBKM5;GARAGE5;NBKMTOT;PERMIS1;PERMIS2;PERMIS3;PERMIS4;PERMIS5;PERMIS6;PERMIS7;PERMIS8;PERMIS9;ANPERMIS1;ANPERMIS6;ANPERMIS7;ANPERMIS2;ANPERMIS3;ANPERMIS8;ANPERMIS9;ANPERMIS4;ANPERMIS5
1170;5237;231;1;0;4;;;;;;0;5;;;;;;1;5;1990;;;;;0;6;;;;;;1;6;1990;;;;;0;5;;;;;;0;4;;;;;;0;5;;;;;;0;5;;;;;;0;5;;;;;;0;5;;;;;;0;4;;;;;;0;4;;;;;;0;2;;;;;;0;;;;;;;;;;;;;;;;;;;4;2;30;1;11;3;1990;;1990;Vous remontiez une file de véhicules (à l’arrêt ou au ralenti) par la gauche. Un véhicule de cette file vous a coupé la route en tournant à gauche.;1;;;;;;;Je remontais pas la gauche une file de véhicule. J'étais pressé et je roulais trop vite par rapport à une quelconque faute d'un conducteur (changement de direction) sachant que la file de voitures était à l'arrêt. D'un point de vue d'un code de la route j'étais dans mon droit mais ce jour là je n'ai pas assez pris en compte la faute potentielle des autres.;Une voiture fait un écart sur la gauche alors que je la remontais. Je prends les freins, l'avant en particulier. Je place mal mes bras et mon regard et je bloque l'avant. Par terre ! A noter que ça se passe à vitesse réduite, autour de 40 km/h. Je n'ai pas touché la voiture, il n'y a pas eu de constat.;Comme dit précédemment : Voiture déboite à gauche Prise de frein Blocage avant chute sans toucher la voiture;NRP;1;Diminuer l'écart de vitesse entre la file de véhicule et ma vitesse Positionner mieux son regard Freiner avec le regard droit et les bras tendus (ce qui n'était pas le cas à l'époque);Esprit perturbé Pressé par le temps manque de formation (j'ai fait plusieurs stages perf depuis);;2;1;2;;il ne m'a pas vu !;1;En considérant le 2 roues et l'angle mort il n'aurait pas déboité;2;;;;;;;;1;;;;;;je ne m'y attendais pas tout simplement;3;1;3;;4;3;3;1;1;1;4;3;4;4;2;4;4;1;3;;;;;;;;2;;;;;;;;;2;2;;2;1;1;1;50;50;0;0;0;1;1;;;;;4;1;;;;1;;;;;;;;;;;1;1;1;2;0;40;1;10;2;3;5;7;;;;;4;4;4;4;4;4;SUZUKI;550;GS550E;ROADSTER;2;1;1;1;1;1;1;1;1;1;1;45000;12;2;1;MZ;250;ETZ 251;ROADSTER;null;4;4;16MAR1965;4;1;3;1;3;2;2;NRP;;;;1;0;0;2;0;2;KAWASAKI;650;VERSYS;ROADSTER;2;2007;37;3;1;8000;7;GAS GAS;300;EC ENDUCROSS;TOUT TERRAIN (TRIAL, ENDURO, CROSS);2;2009;37;4;1;2000;7;;;;;;;;;;;;;;;;;;;;;;;;;;;;;;;;;;10000;2;3;4;;;;;;;NRP;NRP;NRP;1983;1984;NRP;NRP;1983;NRP
1000;5239;;1;0;5;;;;;;0;5;;;;;;0;4;;;;;;0;5;;;;;;0;4;;;;;;0;5;;;;;;0;5;;;;;;0;5;;;;;;2;5;1985;1992;;;;0;4;;;;;;0;4;;;;;;0;4;;;;;;0;4;;;;;;0;3;;;;;;0;;;;;;;;;;;;;;;;;;;4;0;33;1;42;9;1992;;;;;;;;;;;;;;;;;;;;;;;;;;;;;;;;;;;;;;;;;;;;;;;;;;;;;;;;;;;;;;;;;;;;;;;;;;;;;;;;;;;;;;;;;;;;;;;;;;;;;;;;;;;;;;;;;;;;;;;;;;;;;;;;;;;;;;;;;;;;;;;;;;;;;;;;;;;;;;17JUL1961;5;1;3;2;4;4;2;NRP;;;;1;0;0;3;0;2;MOTO GUZZI;750;BREVA TOURING;ROADSTER;2;2005;37;3;1;5000;7;YAMAHA;250;WR-F (4T) MTT1;TOUT TERRAIN (TRIAL, ENDURO, CROSS);2;2005;29;4;1;1000;7;;;;;;;;;;;;;;;;;;;;;;;;;;;;;;;;;;6000;3;4;;;;;;;;NRP;NRP;NRP;NRP;1981;NRP;NRP;1979;NRP
1527;5241;;1;0;1;;;;;;0;4;;;;;;0;6;;;;;;0;3;;;;;;0;6;;;;;;0;5;;;;;;0;2;;;;;;1;5;2009;;;;;1;6;1981;;;;;0;2;;;;;;0;5;;;;;;0;2;;;;;;0;6;;;;;;0;4;;;;;;0;;;;;;;;;;;;;;;;;;;4;3;12;1;36;8;2009;;;;;;;;;;;;;;;;;;;;;;;;;;;;;;;;;;;;;;;;;;;;;;;;;;;;;;;;;;;;;;;;;;;;;;;;;;;;;;;;;;;;;;;;;;;;;;;;;;;;;;;;;;;;;;;;;;;;;;;;;;;;;;;;;;;;;;;;;;;;;;;;;;;;;;;;;;;;;;13MAY1961;5;2;3;2;4;4;2;NRP;;;;1;0;0;1;0;1;SUZUKI;1250;BANDIT-S ABS;ROADSTER;2;2009;28;3;1;6000;7;;;;;;;;;;;;;;;;;;;;;;;;;;;;;;;;;;;;;;;;;;;;;6000;4;3;;;;;;;;NRP;NRP;NRP;NRP;1987;NRP;NRP;1979;NRP
423;5242;;1;0;4;;;;;;0;4;;;;;;0;4;;;;;;0;4;;;;;;1;4;2012;;;;;0;4;;;;;;0;4;;;;;;0;4;;;;;;0;4;;;;;;0;4;;;;;;0;4;;;;;;0;4;;;;;;0;4;;;;;;0;4;;;;;;0;;;;;;;;;;;;;;;;;;;3;21;6;1;21;5;2012;;;;;;;;;;;;;;;;;;;;;;;;;;;;;;;;;;;;;;;;;;;;;;;;;;;;;;;;;;;;;;;;;;;;;;;;;;;;;;;;;;;;;;;;;;;;;;;;;;;;;;;;;;;;;;;;;;;;;;;;;;;;;;;;;;;;;;;;;;;;;;;;;;;;;;;;;;;;;;31JUL1971;8;1;3;2;1;1;;NRP;;;;1;0;0;1;0;1;KAWASAKI;650;VERSYS ABS;ROADSTER;2;2008;37;2;1;10000;7;;;;;;;;;;;;;;;;;;;;;;;;;;;;;;;;;;;;;;;;;;;;;10000;2;3;4;;;;;;;NRP;NRP;NRP;1988;2009;NRP;NRP;1990;NRP
556;5244;;0;;;;;;;;;;;;;;;;;;;;;;;;;;;;;;;;;;;;;;;;;;;;;;;;;;;;;;;;;;;;;;;;;;;;;;;;;;;;;;;;;;;;;;;;;;;;;;;;;;;;;;;;;;;;;;;;;;;;;;;;;;;;;;;;;;;;;;;;;;;;;;;;;;;;;;;;;;;;;;;;;;;;;;;;;;;;;;;;;;;;;;;;;;;;;;;;;;;;;;;;;;;;;;;;;;;;;;;;;;;;;;;;;;;;;;;;;;;;;;;;;;;;;;;;;;;;;;;;;;;;;;;;;;;;;;;;;;;;;;;;;;07JUL1977;5;2;3;2;3;4;1;NRP;;;;2;0;1;3;0;4;BUELL;1200;M2 CYCLONE;ROADSTER;2;2000;29;2;2;5000;7;HONDA;1000;CBR1000F;Routière / GT;2;1988;29;2;2;2500;7;SUZUKI;750;DR-S;TRAIL / SUPERMOTARD;2;1989;29;3;1;1000;7;KYMCO;125;GRAND DINK;SCOOTER;2;2004;29;1;2;3000;7;;;;;;;;;;;;11500;3;4;;;;;;;;NRP;NRP;NRP;NRP;1995;NRP;NRP;1995;NRP
1781;5246;;1;0;2;;;;;;0;3;;;;;;0;4;;;;;;0;2;;;;;;0;2;;;;;;0;3;;;;;;0;2;;;;;;0;2;;;;;;0;5;;;;;;0;3;;;;;;1;3;1998;;;;;0;2;;;;;;1;2;2002;;;;;0;4;;;;;;0;;;;;;;;;;;;;;;;;;;50;0;20;1;61;13;2002;;;;;;;;;;;;;;;;;;;;;;;;;;;;;;;;;;;;;;;;;;;;;;;;;;;;;;;;;;;;;;;;;;;;;;;;;;;;;;;;;;;;;;;;;;;;;;;;;;;;;;;;;;;;;;;;;;;;;;;;;;;;;;;;;;;;;;;;;;;;;;;;;;;;;;;;;;;;;;30APR1947;9;1;3;2;2;3;;NRP;;;;2;0;0;2;0;2;BMW;1150;R1150RT;Routière / GT;2;2003;37;3;1;5000;7;BMW;750;R75/6;ROADSTER;2;1975;41;4;1;100;7;;;;;;;;;;;;;;;;;;;;;;;;;;;;;;;;;;5100;3;4;;;;;;;;NRP;NRP;NRP;NRP;1995;NRP;NRP;1965;NRP
1803;5250;;1;0;2;;;;;;1;5;NSP;;;;;1;5;NSP;;;;;0;3;;;;;;0;2;;;;;;0;2;;;;;;0;2;;;;;;0;3;;;;;;0;2;;;;;;1;6;NSP;;;;;2;6;NSP;NSP;;;;0;1;;;;;;0;3;;;;;;0;2;;;;;;0;;;;;;;;;;;;;;;;;;;41;1;41;1;6;2;0;;;;;;;;;;;;;;;;;;;;;;;;;;;;;;;;;;;;;;;;;;;;;;;;;;;;;;;;;;;;;;;;;;;;;;;;;;;;;;;;;;;;;;;;;;;;;;;;;;;;;;;;;;;;;;;;;;;;;;;;;;;;;;;;;;;;;;;;;;;;;;;;;;;;;;;;;;;;;;14APR1955;5;1;3;2;2;3;;NRP;;;;2;0;0;1;0;1;HONDA;1000;CB-F ABS;ROADSTER;2;2006;37;1;2;11000;7;;;;;;;;;;;;;;;;;;;;;;;;;;;;;;;;;;;;;;;;;;;;;11000;3;4;;;;;;;;NRP;NRP;NRP;NRP;1974;NRP;NRP;1974;NRP
393;5251;;0;;;;;;;;;;;;;;;;;;;;;;;;;;;;;;;;;;;;;;;;;;;;;;;;;;;;;;;;;;;;;;;;;;;;;;;;;;;;;;;;;;;;;;;;;;;;;;;;;;;;;;;;;;;;;;;;;;;;;;;;;;;;;;;;;;;;;;;;;;;;;;;;;;;;;;;;;;;;;;;;;;;;;;;;;;;;;;;;;;;;;;;;;;;;;;;;;;;;;;;;;;;;;;;;;;;;;;;;;;;;;;;;;;;;;;;;;;;;;;;;;;;;;;;;;;;;;;;;;;;;;;;;;;;;;;;;;;;;;;;;;;15MAR1963;5;2;3;2;3;4;1;NRP;;;;1;1;0;2;0;2;YAMAHA;600;XJ6 DIVERSION;ROADSTER;2;2010;25;1;2;12000;7;HONDA;50;VISION;SCOOTER;2;2012;25;3;1;1000;7;;;;;;;;;;;;;;;;;;;;;;;;;;;;;;;;;;13000;3;4;;;;;;;;NRP;NRP;NRP;NRP;1995;NRP;NRP;1983;NRP
1923;5252;;1;0;5;;;;;;0;4;;;;;;1;5;2013;;;;;0;5;;;;;;1;5;2013;;;;;0;5;;;;;;0;5;;;;;;0;4;;;;;;0;5;;;;;;0;3;;;;;;0;5;;;;;;0;4;;;;;;0;3;;;;;;0;4;;;;;;0;;;;;;;;;;;;;;;;;;;5;5;30;1;11;3;2013;;;;;;;;;;;;;;;;;;;;;;;;;;;;;;;;;;;;;;;;;;;;;;;;;;;;;;;;;;;;;;;;;;;;;;;;;;;;;;;;;;;;;;;;;;;;;;;;;;;;;;;;;;;;;;;;;;;;;;;;;;;;;;;;;;;;;;;;;;;;;;;;;;;;;;;;;;;;;;29MAR1965;4;1;3;1;2;3;;NRP;;;;4;1;1;3;0;4;SUZUKI;1100;GSX-R;SPORTIVE;2;1992;37;3;1;10000;7;KAWASAKI;650;ER-6  N;ROADSTER;2;2008;2;1;3;8000;7;KAWASAKI;650;ER-6  N;ROADSTER;2;2009;2;1;3;7000;7;DERBI;50;ATLANTIS;SCOOTER;2;1999;2;3;3;2500;7;;;;;;;;;;;;27500;2;3;4;;;;;;;NRP;NRP;NRP;1981;1985;NRP;NRP;1983;NRP
1267;5254;;1;0;4;;;;;;0;4;;;;;;0;4;;;;;;0;3;;;;;;1;5;2013;;;;;0;5;;;;;;0;4;;;;;;0;5;;;;;;0;5;;;;;;0;3;;;;;;0;4;;;;;;0;2;;;;;;0;3;;;;;;0;4;;;;;;0;;;;;;;;;;;;;;;;;;;0;0;4;0;;NRP;;;;;;;;;;;;;;;;;;;;;;;;;;;;;;;;;;;;;;;;;;;;;;;;;;;;;;;;;;;;;;;;;;;;;;;;;;;;;;;;;;;;;;;;;;;;;;;;;;;;;;;;;;;;;;;;;;;;;;;;;;;;;;;;;;;;;;;;;;;;;;;;;;;;;;;;;;;;;;;07NOV1984;6;2;3;2;1;1;;NRP;;;;1;0;0;1;0;1;KAWASAKI;650;ER-6  N;ROADSTER;2;2011;2;2;1;6500;AUT|Garage attenant à la maison dans propriété privée;;;;;;;;;;;;;;;;;;;;;;;;;;;;;;;;;;;;;;;;;;;;;6500;3;4;;;;;;;;NRP;NRP;NRP;NRP;2011;NRP;NRP;2010;NRP
2151;5255;;1;0;3;;;;;;0;4;;;;;;0;5;;;;;;0;2;;;;;;0;4;;;;;;0;3;;;;;;0;4;;;;;;0;5;;;;;;2;6;2010;2011;;;;0;3;;;;;;0;5;;;;;;0;3;;;;;;0;4;;;;;;0;3;;;;;;0;;;;;;;;;;;;;;;;;;;0;0;3;1;42;9;2011;;;;;;;;;;;;;;;;;;;;;;;;;;;;;;;;;;;;;;;;;;;;;;;;;;;;;;;;;;;;;;;;;;;;;;;;;;;;;;;;;;;;;;;;;;;;;;;;;;;;;;;;;;;;;;;;;;;;;;;;;;;;;;;;;;;;;;;;;;;;;;;;;;;;;;;;;;;;;;17MAR1987;7;1;3;2;3;5;0;NRP;;;;3;0;0;1;0;1;KAWASAKI;650;ER-6  N;ROADSTER;2;2010;37;3;1;5000;7;;;;;;;;;;;;;;;;;;;;;;;;;;;;;;;;;;;;;;;;;;;;;5000;3;4;8;9;;;;;;NRP;NRP;NRP;NRP;2009;2009;2009;2005;NRP
273;5256;;1;0;2;;;;;;0;1;;;;;;0;5;;;;;;0;4;;;;;;0;3;;;;;;0;4;;;;;;0;3;;;;;;0;4;;;;;;1;4;2012;;;;;0;6;;;;;;0;5;;;;;;0;1;;;;;;0;4;;;;;;0;2;;;;;;0;;;;;;;;;;;;;;;;;;;5;0;5;1;41;9;2012;;;;;;;;;;;;;;;;;;;;;;;;;;;;;;;;;;;;;;;;;;;;;;;;;;;;;;;;;;;;;;;;;;;;;;;;;;;;;;;;;;;;;;;;;;;;;;;;;;;;;;;;;;;;;;;;;;;;;;;;;;;;;;;;;;;;;;;;;;;;;;;;;;;;;;;;;;;;;;07OCT1987;8;1;3;2;3;4;1;NRP;;;;2;0;0;1;0;1;KAWASAKI;650;"ER-6 ""F""";Routière / GT;2;2007;37;2;2;8000;7;;;;;;;;;;;;;;;;;;;;;;;;;;;;;;;;;;;;;;;;;;;;;8000;3;4;;;;;;;;NRP;NRP;NRP;NRP;2009;NRP;NRP;2006;NRP
1947;5257;;1;0;5;;;;;;0;5;;;;;;0;4;;;;;;0;3;;;;;;0;4;;;;;;0;4;;;;;;0;4;;;;;;0;4;;;;;;2;5;1992;2006;;;;0;5;;;;;;0;5;;;;;;0;1;;;;;;0;5;;;;;;0;5;;;;;;1;1;1998;;;;;wittenheim;;;;;Percuté par l'arrière;;;;;0;0;4;2;24;1;42;9;2006;;;;;;;;;;;;;;;;;;;;;;;;;;;;;;;;;;;;;;;;;;;;;;;;;;;;;;;;;;;;;;;;;;;;;;;;;;;;;;;;;;;;;;;;;;;;;;;;;;;;;;;;;;;;;;;;;;;;;;;;;;;;;;;;;;;;;;;;;;;;;;;;;;;;;;;;;;;;;;08JUN1969;5;2;3;2;2;3;;NRP;;;;2;0;0;2;0;2;HONDA;1000;VARADERO;TRAIL / SUPERMOTARD;2;2008;29;2;1;8000;7;TRIUMPH;675;STREET TRIPLE;ROADSTER;2;2009;29;3;1;8000;7;;;;;;;;;;;;;;;;;;;;;;;;;;;;;;;;;;16000;3;4;;;;;;;;NRP;NRP;NRP;NRP;1988;NRP;NRP;1987;NRP
1745;5258;;0;;;;;;;;;;;;;;;;;;;;;;;;;;;;;;;;;;;;;;;;;;;;;;;;;;;;;;;;;;;;;;;;;;;;;;;;;;;;;;;;;;;;;;;;;;;;;;;;;;;;;;;;;;;;;;;;;;;;;;;;;;;;;;;;;;;;;;;;;;;;;;;;;;;;;;;;;;;;;;;;;;;;;;;;;;;;;;;;;;;;;;;;;;;;;;;;;;;;;;;;;;;;;;;;;;;;;;;;;;;;;;;;;;;;;;;;;;;;;;;;;;;;;;;;;;;;;;;;;;;;;;;;;;;;;;;;;;;;;;;;;;07AUG1960;5;1;3;2;4;4;2;NRP;;;;1;0;0;1;0;1;HONDA;500;XL-R (MTT2);TRAIL / SUPERMOTARD;2;1982;37;3;1;1000;7;;;;;;;;;;;;;;;;;;;;;;;;;;;;;;;;;;;;;;;;;;;;;1000;2;3;4;;;;;;;NRP;NRP;NRP;1978;1980;NRP;NRP;1983;NRP
1695;5259;;1;0;2;;;;;;0;4;;;;;;0;4;;;;;;0;5;;;;;;0;2;;;;;;0;2;;;;;;0;2;;;;;;0;4;;;;;;1;5;2003;;;;;0;2;;;;;;0;3;;;;;;0;1;;;;;;0;3;;;;;;0;2;;;;;;0;;;;;;;;;;;;;;;;;;;3;8;10;1;41;9;2003;;;;;;;;;;;;;;;;;;;;;;;;;;;;;;;;;;;;;;;;;;;;;;;;;;;;;;;;;;;;;;;;;;;;;;;;;;;;;;;;;;;;;;;;;;;;;;;;;;;;;;;;;;;;;;;;;;;;;;;;;;;;;;;;;;;;;;;;;;;;;;;;;;;;;;;;;;;;;;24JUL1943;9;1;3;2;1;1;;NRP;;;;1;0;0;1;0;1;HONDA;650;NTV (REVERE);ROADSTER;2;1994;37;3;1;2300;7;;;;;;;;;;;;;;;;;;;;;;;;;;;;;;;;;;;;;;;;;;;;;2300;2;3;4;;;;;;;NRP;NRP;NRP;1963;1996;NRP;NRP;1964;NRP
1873;5261;;1;1;5;1996;;;;;0;3;;;;;;0;3;;;;;;0;4;;;;;;0;5;;;;;;0;3;;;;;;0;3;;;;;;0;5;;;;;;0;3;;;;;;0;4;;;;;;0;5;;;;;;0;4;;;;;;0;4;;;;;;0;3;;;;;;1;1;1994;;;;;Melle;;;;;La voiture devant moi a mis son clignotant pour tourner à droite donc je l'ai dépassé par la gauche et quand j'étais entrain d'effectuer le dépassement le conducteur a tourné à gauche.;;;;;0;0;3;6;20;1;1;1;1996;;;;;;;;;;;;;;;;;;;;;;;;;;;;;;;;;;;;;;;;;;;;;;;;;;;;;;;;;;;;;;;;;;;;;;;;;;;;;;;;;;;;;;;;;;;;;;;;;;;;;;;;;;;;;;;;;;;;;;;;;;;;;;;;;;;;;;;;;;;;;;;;;;;;;;;;;;;;;;28OCT1962;7;2;3;2;3;4;1;NRP;;;;1;0;0;1;0;1;YAMAHA;900;XJS DIVERSION;Routière / GT;2;1999;29;1;2;8000;7;;;;;;;;;;;;;;;;;;;;;;;;;;;;;;;;;;;;;;;;;;;;;8000;2;3;4;;;;;;;NRP;NRP;NRP;1980;1996;NRP;NRP;1981;NRP
1143;5262;;1;0;5;;;;;;0;5;;;;;;0;5;;;;;;0;3;;;;;;0;2;;;;;;0;4;;;;;;0;5;;;;;;1;5;1989;;;;;0;5;;;;;;0;4;;;;;;0;5;;;;;;0;5;;;;;;0;5;;;;;;0;4;;;;;;0;;;;;;;;;;;;;;;;;;;3;0;26;1;36;8;1989;;;;;;;;;;;;;;;;;;;;;;;;;;;;;;;;;;;;;;;;;;;;;;;;;;;;;;;;;;;;;;;;;;;;;;;;;;;;;;;;;;;;;;;;;;;;;;;;;;;;;;;;;;;;;;;;;;;;;;;;;;;;;;;;;;;;;;;;;;;;;;;;;;;;;;;;;;;;;;08DEC1964;5;2;3;2;4;4;2;NRP;;;;1;0;0;1;0;1;YAMAHA;1000;FZ1 FAZER;ROADSTER;2;2006;37;2;1;2000;7;;;;;;;;;;;;;;;;;;;;;;;;;;;;;;;;;;;;;;;;;;;;;2000;4;3;;;;;;;;NRP;NRP;NRP;NRP;1989;NRP;NRP;1984;NRP
1021;5263;;1;0;3;;;;;;0;2;;;;;;2;3;1995;1997;;;;0;2;;;;;;0;3;;;;;;0;1;;;;;;0;1;;;;;;1;3;1996;;;;;2;4;1984;1989;;;;0;4;;;;;;0;4;;;;;;0;1;;;;;;1;3;2006;;;;;1;2;2004;;;;;1;5;NSP;NSP;NSP;NSP;NSP;Paris;P;P;P;P;il faut demander ces précisions au moment ou vous posez la question du type d'accident! pas très ergonomique votre questionnaire : vous allez perdre des infos c'est dommage;i;i;i;i;0;0;4;0;35;1;71;15;;Paris;;;;;;;;;;;;;;;;;;;;;;;;;;;;;;;;;;;;;;;;;;;;;;;;;;;;;;;;;;;;;;;;;;;;;;;;;;;;;;;;;;;;;;;;;;;;;;;;;;;;;;;;;;;;;;;;;;;;;;;;;;;;;;;;;;;;;;;;;;;;;;;;;;;;;;;;;;;;;28JUL1961;5;1;3;2;2;5;0;NRP;;;;2;0;0;2;0;2;HARLEY-DAVIDSON;1450;ROAD KING;Routière / GT;2;2003;37;1;2;8000;7;YAMAHA;1300;XJR;ROADSTER;2;2001;37;2;2;2000;7;;;;;;;;;;;;;;;;;;;;;;;;;;;;;;;;;;10000;2;3;4;;;;;;;NRP;NRP;NRP;1979;1979;NRP;NRP;1979;NRP
928;5265;;0;;;;;;;;;;;;;;;;;;;;;;;;;;;;;;;;;;;;;;;;;;;;;;;;;;;;;;;;;;;;;;;;;;;;;;;;;;;;;;;;;;;;;;;;;;;;;;;;;;;;;;;;;;;;;;;;;;;;;;;;;;;;;;;;;;;;;;;;;;;;;;;;;;;;;;;;;;;;;;;;;;;;;;;;;;;;;;;;;;;;;;;;;;;;;;;;;;;;;;;;;;;;;;;;;;;;;;;;;;;;;;;;;;;;;;;;;;;;;;;;;;;;;;;;;;;;;;;;;;;;;;;;;;;;;;;;;;;;;;;;;;24AUG1962;5;2;3;2;5;4;3;NRP;;;;1;0;0;1;0;1;BMW;1200;R1200RT;Routière / GT;2;2011;28;3;1;5000;4;;;;;;;;;;;;;;;;;;;;;;;;;;;;;;;;;;;;;;;;;;;;;5000;3;4;;;;;;;;NRP;NRP;NRP;NRP;1984;NRP;NRP;1981;NRP
120;5266;;0;;;;;;;;;;;;;;;;;;;;;;;;;;;;;;;;;;;;;;;;;;;;;;;;;;;;;;;;;;;;;;;;;;;;;;;;;;;;;;;;;;;;;;;;;;;;;;;;;;;;;;;;;;;;;;;;;;;;;;;;;;;;;;;;;;;;;;;;;;;;;;;;;;;;;;;;;;;;;;;;;;;;;;;;;;;;;;;;;;;;;;;;;;;;;;;;;;;;;;;;;;;;;;;;;;;;;;;;;;;;;;;;;;;;;;;;;;;;;;;;;;;;;;;;;;;;;;;;;;;;;;;;;;;;;;;;;;;;;;;;;;02FEB1982;6;2;3;2;1;1;;NRP;;;;1;0;0;1;0;1;BMW;800;F800R ABS;ROADSTER;2;2013;33;1;2;10000;6;;;;;;;;;;;;;;;;;;;;;;;;;;;;;;;;;;;;;;;;;;;;;10000;4;3;;;;;;;;NRP;NRP;NRP;NRP;2012;NRP;NRP;2000;NRP