Ligne;Ligne Q qualif;Ligne approfondissement Accident;ACCIDENT;NBACC1;ACCFREQUENCE1;ANNEEACC1_1;ANNEEACC1_2;ANNEEACC1_3;ANNEEACC1_4;ANNEEACC1_5;NBACC2;ACCFREQUENCE2;ANNEEACC2_1;ANNEEACC2_2;ANNEEACC2_3;ANNEEACC2_4;ANNEEACC2_5;NBACC3;ACCFREQUENCE3;ANNEEACC3_1;ANNEEACC3_2;ANNEEACC3_3;ANNEEACC3_4;ANNEEACC3_5;NBACC4;ACCFREQUENCE4;ANNEEACC4_1;ANNEEACC4_2;ANNEEACC4_3;ANNEEACC4_4;ANNEEACC4_5;NBACC5;ACCFREQUENCE5;ANNEEACC5_1;ANNEEACC5_2;ANNEEACC5_3;ANNEEACC5_4;ANNEEACC5_5;NBACC6;ACCFREQUENCE6;ANNEEACC6_1;ANNEEACC6_2;ANNEEACC6_3;ANNEEACC6_4;ANNEEACC6_5;NBACC7;ACCFREQUENCE7;ANNEEACC7_1;ANNEEACC7_2;ANNEEACC7_3;ANNEEACC7_4;ANNEEACC7_5;NBACC8;ACCFREQUENCE8;ANNEEACC8_1;ANNEEACC8_2;ANNEEACC8_3;ANNEEACC8_4;ANNEEACC8_5;NBACC9;ACCFREQUENCE9;ANNEEACC9_1;ANNEEACC9_2;ANNEEACC9_3;ANNEEACC9_4;ANNEEACC9_5;NBACC10;ACCFREQUENCE10;ANNEEACC10_1;ANNEEACC10_2;ANNEEACC10_3;ANNEEACC10_4;ANNEEACC10_5;NBACC11;ACCFREQUENCE11;ANNEEACC11_1;ANNEEACC11_2;ANNEEACC11_3;ANNEEACC11_4;ANNEEACC11_5;NBACC12;ACCFREQUENCE12;ANNEEACC12_1;ANNEEACC12_2;ANNEEACC12_3;ANNEEACC12_4;ANNEEACC12_5;NBACC13;ACCFREQUENCE13;ANNEEACC13_1;ANNEEACC13_2;ANNEEACC13_3;ANNEEACC13_4;ANNEEACC13_5;NBACC14;ACCFREQUENCE14;ANNEEACC14_1;ANNEEACC14_2;ANNEEACC14_3;ANNEEACC14_4;ANNEEACC14_5;AUTRESACC;NBAUTRESACC;ANNEEAUTREACC1;ANNEEAUTREACC2;ANNEEAUTREACC3;ANNEEAUTREACC4;ANNEEAUTREACC5;LIEUAUTREACC1;LIEUAUTREACC2;LIEUAUTREACC3;LIEUAUTREACC4;LIEUAUTREACC5;DESCRIPTIONAUTRESACC1;DESCRIPTIONAUTRESACC2;DESCRIPTIONAUTRESACC3;DESCRIPTIONAUTRESACC4;DESCRIPTIONAUTRESACC5;NBAUTRESACCCIRCUIT;NBAUTRESTOUTTERRAIN;EXPCYCLO;EXP125;EXPSUP125;ACCORDNEXTQ;CHOIXACC;RGPMTACC;RECUPANNEE;RECUPLIEU;RECUPANNE;RGPMTAC;CHOIX1;CHOIX2;CHOIX3;CHOIX4;CHOIX5;CHOIX6;CHOIX7;DESCRIPTION;RUPTURE;FAITS;ABS_REACTION;AUTRE_REACTION;PRECISIONREACTIONOUI;RECUL;PRECISIONREACTIONNON;IMPACTCOMPORTEMENT;AUTREUSAGER;REACTIONAUTREUSAGER;CONNAISSANCEREACTIONUSAGER;DIFFICULTES;AGGRAVATION;DIFFICULTES2;EMOTIONS1;EMOTIONS2;EMOTIONS3;EMOTIONS4;EMOTIONS5;EMOTIONS6;AUTRESENTIMENT;CLASSEMENTEMOTIONS1;CLASSEMENTEMOTIONS;CLASSEMENTEMOTIONS5;CLASSEMENTEMOTIONS6;CLASSEMENTEMOTIONS7;CLASSEMENTEMOTIONS8;CLASSEMENTEMOTIONS9;EXPLICATIONRESSENTI;BIENEQUIPE;ALLURE;ALLUREVITEDETAIL;ALLURELENTEDETAIL;SITUATIONPRESSE;SITUATIONDISTRAIT;SITUATIONCONFIANT;SITUATIONCONTROLE;SITUATIONLUDIQUE;SITUATIONPERF;SITUATIONSTRESS;SITUATIONFATIGUE;HUMEURNEUTRE;HUMEURGAI;HUMEURMECONTENT;HUMEURTRISTE;HUMEURCOLERE;CONTRIBUTION1;CONTRIBUTION2;CONTRIBUTION3;CONTRIBUTION4;CONTRIBUTION5;CONTRIBUTION6;CONTRIBUTION7;CONTRIBUTION8;CONTRIBUTION9;ROLEINFRA;ELEMENTINFRA1;ELEMENTINFRA2;ELEMENTINFRA3;ELEMENTINFRA4;ELEMENTINFRA5;ELEMENTINFRA6;ELEMENTINFRA7;ELEMENTINFRA8;ELEMENTINFRA9;ALCOOL;TXALCOOL;STUP;SEMAINE;MOMENTJOURNEE;TEMPS;CAUSEACC1;CAUSEACC2;CAUSEACC3;CAUSEACC4;CAUSEACC5;FORMATIONCAUSE;FORMATION1;FORMATION2;FORMATION3;FORMATION4;FORMATION5;TRAFIC;CHAUSSEE1;CHAUSSEE2;CHAUSSEE3;CHAUSSEE4;TYPEACC;BLESSURE;TETE;COU;THORAX;MEMBRESSUP;COLONNE;BASSIN;MEMBRESINF;HOPITAL;PLUS24H;TRAJET;TYPEROUTE;MOTIF;SENSTRAJET;PASSAGER;VITESSE;DESCEQ1;DESCEQ2;DESCEQ3;DESCEQ4;DESCEQ5;DESCEQ6;DESCEQ7;DESCEQ8;DESCEQ9;DESCEQ10;VEHICULEETE;VEHICULEAUTOMNE;VEHICULEPRINTEMPS;VEHICULEHIVER;VEHICULESEMAINE;VEHICULEWE;VEHMARQUE;VEHCYLINDREE;VEHMODELE;VEHSEGMENT;VEHSIDE;EQ2RMABS;EQ2RMCBS;EQ2RMABSCBS;EQ2RMREGULATEUR;EQ2RMLIMITEUR;EQ2RMPHARESDIRECT;EQ2RMCOUPURE;EQ2RMANTIPATINAGE;EQ2RMANTIXHEELING;EQ2RMSTABILILTE;VEHKM;POINTS;DUREE;AUTRE2RM;VEHPRECMARQUE;VEHPRECCYLINDREE;VEHPRECMODELE;VEHPRECSEGMENT;VEHPRECSIDE;TEMPS2RMPREC;FREQVEHPREC;DATE_NAISS;CSP;SOCIETAIRE;SALARIE;SECTEUR2RM;NBPERSFOYER;SITFAM;NBENF;TRNBENF1;TRNBENF2;TRNBENF3;TRNBENF4;NBAUTOFOYER;NBCYCLOFOYER;NBSCOOTFOYER;NBMOTOFOYER;NBTRIKEFOYER;NB2RMCONDUIT;MARQUE1;CYLINDREE1;MODELE1;SEGMENT1;SIDE1;ANMISECIRCU1;ASS1;FREQ1;USAGE1;NBKM1;GARAGE1;MARQUE2;CYLINDREE2;MODELE2;SEGMENT2;SIDE2;ANMISECIRCU2;ASS2;FREQ2;USAGE2;NBKM2;GARAGE2;MARQUE3;CYLINDREE3;MODELE3;SEGMENT3;SIDE3;ANMISECIRCU3;ASS3;FREQ3;USAGE3;NBKM3;GARAGE3;MARQUE4;CYLINDREE4;MODELE4;SEGMENT4;SIDE4;ANMISECIRCU4;ASS4;FREQ4;USAGE4;NBKM4;GARAGE4;MARQUE5;CYLINDREE5;MODELE5;SEGMENT5;SIDE5;ANMISECIRCU5;ASS5;FREQ5;USAGE5;NBKM5;GARAGE5;NBKMTOT;PERMIS1;PERMIS2;PERMIS3;PERMIS4;PERMIS5;PERMIS6;PERMIS7;PERMIS8;PERMIS9;ANPERMIS1;ANPERMIS6;ANPERMIS7;ANPERMIS2;ANPERMIS3;ANPERMIS8;ANPERMIS9;ANPERMIS4;ANPERMIS5
1328;5307;;1;0;3;;;;;;0;4;;;;;;0;5;;;;;;0;3;;;;;;0;4;;;;;;0;5;;;;;;0;4;;;;;;0;4;;;;;;1;4;2012;;;;;0;3;;;;;;0;6;;;;;;0;2;;;;;;1;3;2014;;;;;0;2;;;;;;1;1;2013;;;;;Issy-les-Moulin;;;;;Le véhicule me précedent s'étant trompé de route a entamé ne marche arrière alors que j'étais à l'arrêt derrière lui. Elle m'a percuté malgré mes coups de klaxon e ma tentative de marche arrière.;;;;;0;0;0;0;4;1;71;15;2013;Issy-les-Moulin;;;;;;;;;;;;;;;;;;;;;;;;;;;;;;;;;;;;;;;;;;;;;;;;;;;;;;;;;;;;;;;;;;;;;;;;;;;;;;;;;;;;;;;;;;;;;;;;;;;;;;;;;;;;;;;;;;;;;;;;;;;;;;;;;;;;;;;;;;;;;;;;;;;;;;;;;;;;;09APR1991;10;2;3;2;3;5;0;NRP;;;;1;4;0;4;0;1;KAWASAKI;650;"ER-6 ""N""  34CV";ROADSTER;2;2008;28;1;2;15000;6;;;;;;;;;;;;;;;;;;;;;;;;;;;;;;;;;;;;;;;;;;;;;15000;3;4;;;;;;;;NRP;NRP;NRP;NRP;2011;NRP;NRP;2010;NRP
877;5313;;0;;;;;;;;;;;;;;;;;;;;;;;;;;;;;;;;;;;;;;;;;;;;;;;;;;;;;;;;;;;;;;;;;;;;;;;;;;;;;;;;;;;;;;;;;;;;;;;;;;;;;;;;;;;;;;;;;;;;;;;;;;;;;;;;;;;;;;;;;;;;;;;;;;;;;;;;;;;;;;;;;;;;;;;;;;;;;;;;;;;;;;;;;;;;;;;;;;;;;;;;;;;;;;;;;;;;;;;;;;;;;;;;;;;;;;;;;;;;;;;;;;;;;;;;;;;;;;;;;;;;;;;;;;;;;;;;;;;;;;;;;;20MAR1948;9;2;3;2;2;3;;NRP;;;;2;0;0;2;0;2;BMW;1100;R1100RS;Routière / GT;2;1994;16;2;1;3000;7;KAWASAKI;300;KLX-R HOMOLOGUEE;TOUT TERRAIN (TRIAL, ENDURO, CROSS);2;1998;16;3;1;1000;7;;;;;;;;;;;;;;;;;;;;;;;;;;;;;;;;;;4000;3;4;;;;;;;;NRP;NRP;NRP;NRP;1989;NRP;NRP;1966;NRP
1161;5316;103;1;0;5;;;;;;0;4;;;;;;0;5;;;;;;0;2;;;;;;1;5;2004;;;;;0;4;;;;;;0;3;;;;;;0;5;;;;;;1;6;2004;;;;;0;4;;;;;;0;6;;;;;;0;3;;;;;;0;3;;;;;;0;4;;;;;;0;;;;;;;;;;;;;;;;;;;3;0;37;1;41;9;2004;;2004;Vous avez fait une sortie de route, une perte de contrôle ou une glissade sans rien percuter.;2;;;;;;;Chute et glissade de la moto après un freinage d'urgence sur route détrempée (véhicule arrivant rapidement sur ma droite) à une intersection de deux rues à Saint-Denis de la Réunion.;Sous estimation de la vitesse du véhicule arrivant sur ma droite. Vitesse excessive de ma part roulant sur une route détrempée et arrivant à une intersection. Freinage d'urgence avec une moto non équipée de l'ABS.;Freinage d'urgence et trop important de la moto à partir du frein avant par rapport à l'utilisation du frein arrière (effet de surprise à la vue du véhicule qui arrivait). La moto se couche et glisse légèrement sur la rue devant le véhicule automobile qui arrivait sur ma droite (perte d'adhérence de la roue avant). Pas de blessure lors de cet accident ni de choc avec l'autre véhicule, la glissade de la moto est stoppée par le trottoir d'en face.;NRP;0;;;Avec les mêmes conditions d'adhérence de la route et une vitesse un peu excessive dans ces conditions de circulation, en particulier dans cette région de l'océan indien (route très grasse dès les premières pluies, effet de verglas d'été) je ne pense pas avoir d'autre alternative qu'un freinage d'urgence pour éviter la collision avec l'automobile qui arrivait rapidement sur ma droite;1;0;;;;;;2;6;9;;;;L'effet de surprise a été bref, une fois l'action brusque sur le levier et la pédale de freins de la moto, la roue avant s'est dérobée et la chute de la moto a été immédiate.;;1;;;;2;3;Je ne m'attendais pas à voir un véhicule arriver sur ma droite, véhicule que j'ai aperçu au dernier moment, il était déjà trop tard pour franchir l'intersection sans risquer d'entrer en collision avec l'automobile qui avait la priorité. Les conditions météo étaient mauvaises, un gros orage s'abattait sur la ville à l'instant précis de l'accident.;3;1;3;;2;3;2;2;2;1;1;1;4;4;1;4;4;1;3;4;7;;;;;;1;2;3;;;;;;;2;2;;2;2;1;2;60;0;0;10;30;2;;;;;;2;2;AUT|verglas d'été;;;1;;;;;;;;;;;2;1;3;;0;60;1;10;2;3;4;7;;;;;4;4;4;2;4;3;HONDA;650;TRANSALP;TRAIL / SUPERMOTARD;2;1;1;1;1;1;1;1;1;1;1;14000;12;4;1;APRILIA;650;PEGASO;TRAIL / SUPERMOTARD;2;4;2;31MAY1958;7;1;3;2;2;3;;NRP;;;;1;0;0;2;0;2;BMW;800;F800GS;TRAIL / SUPERMOTARD;2;2010;37;3;1;4000;7;BMW;800;F800R ABS;ROADSTER;2;2012;37;3;1;1000;7;;;;;;;;;;;;;;;;;;;;;;;;;;;;;;;;;;5000;3;4;;;;;;;;NRP;NRP;NRP;NRP;1977;NRP;NRP;1978;NRP
696;5318;;1;0;4;;;;;;1;4;2005;;;;;0;4;;;;;;0;4;;;;;;1;4;2010;;;;;0;3;;;;;;0;4;;;;;;0;4;;;;;;0;5;;;;;;0;3;;;;;;0;4;;;;;;0;3;;;;;;0;4;;;;;;0;4;;;;;;1;1;2008;;;;;toulouse;;;;;glissade sur plaque de gasoil;;;;;0;0;0;0;43;1;71;15;2008;toulouse;;;;;;;;;;;;;;;;;;;;;;;;;;;;;;;;;;;;;;;;;;;;;;;;;;;;;;;;;;;;;;;;;;;;;;;;;;;;;;;;;;;;;;;;;;;;;;;;;;;;;;;;;;;;;;;;;;;;;;;;;;;;;;;;;;;;;;;;;;;;;;;;;;;;;;;;;;;;;01MAR1954;3;1;3;2;2;3;;NRP;;;;3;0;0;2;0;1;HONDA;1800;GOLD WING;Routière / GT;2;2012;37;1;2;30000;5;;;;;;;;;;;;;;;;;;;;;;;;;;;;;;;;;;;;;;;;;;;;;30000;2;3;4;;;;;;;NRP;NRP;NRP;1972;1972;NRP;NRP;1973;NRP
1641;5319;;1;0;6;;;;;;0;5;;;;;;0;5;;;;;;0;4;;;;;;0;5;;;;;;0;6;;;;;;1;5;1978;;;;;1;5;1982;;;;;3;6;1979;1982;1997;;;0;4;;;;;;0;4;;;;;;0;3;;;;;;1;5;1978;;;;;0;4;;;;;;0;;;;;;;;;;;;;;;;;;;3;3;35;1;36;8;1982;;;;;;;;;;;;;;;;;;;;;;;;;;;;;;;;;;;;;;;;;;;;;;;;;;;;;;;;;;;;;;;;;;;;;;;;;;;;;;;;;;;;;;;;;;;;;;;;;;;;;;;;;;;;;;;;;;;;;;;;;;;;;;;;;;;;;;;;;;;;;;;;;;;;;;;;;;;;;;09FEB1961;5;2;3;2;4;4;2;NRP;;;;3;0;0;4;0;4;MZ;250;ETZ 251;ROADSTER;2;1992;29;1;2;2000;7;MOTO GUZZI;1000;GT;Routière / GT;2;1988;29;3;1;2000;7;YAMAHA;1200;FJ;Routière / GT;1;1990;29;3;1;3000;7;YAMAHA;1100;XS;ROADSTER;2;1980;29;4;1;1000;7;;;;;;;;;;;;8000;2;3;4;;;;;;;NRP;NRP;NRP;1977;1979;NRP;NRP;1979;NRP
567;5320;379;1;1;4;1974;;;;;0;4;;;;;;0;4;;;;;;0;4;;;;;;1;4;1985;;;;;0;4;;;;;;0;3;;;;;;0;4;;;;;;1;6;1979;;;;;0;4;;;;;;0;4;;;;;;0;4;;;;;;1;4;1980;;;;;0;4;;;;;;0;;;;;;;;;;;;;;;;;;;4;1;20;1;21;5;1985;;1985;Vous circuliez sur un axe prioritaire. Un véhicule venant d’un axe non prioritaire vous a coupé la route.;4;5;6;;;;;je circulais en ville, sur une avenue que je connais très bien, à moins d'un kilomètre de chez moi. Au carrefour, les feux étaient clignotants, je suis passé, mais de la gauche est arrivée une voiture que j'ai percutée sur la portière avant droite. 4 blessés. La voiture a fait un tonneau.;cet accident est du: feu tricolores qui fonctionnaient ce jour en feux orange clignotant au fait que j'étais pressé, que j'avais la priorité et que je roulai vite au fait que la voiture n'a pas ralenti à l'approche du carrefour;je ne me souviens de rien 3 blessés dans la voiture, la passagère coté porte droite, et les enfants passagers. (coupures dus à des bris de glace);1;1;NRP;NRP;;2;1;2;;a été surpris par ma vitesse, ne s'y attendai pas;1;si la voiture avait ralenti vis à vis du danger potentiel venant de la droite, elle aurait pu s'arréter;7;;;;;;;;;;;;;;;2;1;3;;3;2;3;2;1;1;1;1;4;3;4;4;4;1;2;3;5;;;;;;1;4;;;;;;;;2;2;;2;2;1;1;50;50;0;0;0;2;;;;;;1;1;;;;2;1;4;;;;;;;1;0;1;1;3;;0;80;1;10;2;5;;;;;;;4;4;4;4;4;4;YAMAHA;1100;XS;ROADSTER;2;1;1;1;1;1;1;1;1;1;1;30;12;3;1;YAMAHA;500;XS;ROADSTER;2;3;4;11SEP1959;5;2;3;1;6;4;4;NRP;;;;2;0;0;1;0;1;HONDA;700;DN-01;CUSTOM;2;2010;31;2;2;15000;7;;;;;;;;;;;;;;;;;;;;;;;;;;;;;;;;;;;;;;;;;;;;;15000;3;4;;;;;;;;NRP;NRP;NRP;NRP;1978;NRP;NRP;1978;NRP
552;5321;229;1;0;4;;;;;;0;5;;;;;;1;6;2005;;;;;0;2;;;;;;0;2;;;;;;0;4;;;;;;0;3;;;;;;1;4;1998;;;;;0;4;;;;;;0;3;;;;;;1;5;2003;;;;;0;3;;;;;;0;3;;;;;;0;3;;;;;;0;;;;;;;;;;;;;;;;;;;3;2;19;1;51;11;2003;;2003;"Vous circuliez sur un axe constitué d’au moins "" 2 X 2 voies "" (en urbain, périph, autoroute, RN …). Un véhicule vous a coupé la route en changeant de voie pour se placer sur celle de gauche.";4;;;;;;;c'est un bus qui m'a coupé la route, je pense qu'il se sente invulnérable et prioritaire vu leur taille.;Le bus s'est rapproché de moi alors que j'étais au niveau de la vitre conducteur, j'ai essayé de l'éviter et j'ai comlpris que je ne pourrais pas.;j'ai essayé de changer de trajectoire mais le choc était inévitable;NRP;1;j'aurais dû plus anticiper le changement de voie du bus;j'étais pressé pour ne pas arriver en retard au travail!!!;;2;1;NSP;;NSP;1;il se croit prioritaire en rapport avec la taille du véhicule;9;;;;;;J'ai compris que le choc était inévitable, j'ai essayé de m'y préparer;;;;;;;1;l'adrénaline;3;1;2;;4;1;4;4;1;1;1;1;2;3;4;4;4;3;;;;;;;;;2;;;;;;;;;2;2;;2;1;1;1;50;50;0;0;0;2;;;;;;3;1;;;;2;1;4;7;;;;;;1;1;1;4;1;1;0;40;1;2;3;4;7;;;;;;4;4;4;3;4;4;HONDA;800;VFR-F;Routière / GT;2;1;0;1;1;1;1;1;1;1;1;60000;12;4;1;HONDA;600;CBR 600F;SPORTIVE;2;4;4;29JAN1976;5;1;3;2;3;4;1;NRP;;;;3;1;0;5;1;6;DUCATI;1198;1198 SUPERBIKE;SPORTIVE;2;2010;37;2;2;6000;7;HONDA;600;CBR-RR IE;SPORTIVE;2;2008;37;3;1;5000;7;KTM;525;EXC RACING;TOUT TERRAIN (TRIAL, ENDURO, CROSS);2;2006;37;3;1;2000;7;GAS GAS;300;EC ENDUCROSS;TOUT TERRAIN (TRIAL, ENDURO, CROSS);2;2003;37;3;1;2000;7;LINHAI;300;QUAD HYTRACK 4X2 HOMOLOGUE;QUAD;2;2006;37;4;1;500;7;15500;2;3;4;;;;;;;NRP;NRP;NRP;1993;1994;NRP;NRP;1994;NRP
1105;5322;;0;;;;;;;;;;;;;;;;;;;;;;;;;;;;;;;;;;;;;;;;;;;;;;;;;;;;;;;;;;;;;;;;;;;;;;;;;;;;;;;;;;;;;;;;;;;;;;;;;;;;;;;;;;;;;;;;;;;;;;;;;;;;;;;;;;;;;;;;;;;;;;;;;;;;;;;;;;;;;;;;;;;;;;;;;;;;;;;;;;;;;;;;;;;;;;;;;;;;;;;;;;;;;;;;;;;;;;;;;;;;;;;;;;;;;;;;;;;;;;;;;;;;;;;;;;;;;;;;;;;;;;;;;;;;;;;;;;;;;;;;;;24AUG1953;5;2;3;2;2;3;;NRP;;;;1;0;0;1;0;1;BMW;1200;R1200RT;Routière / GT;2;2012;33;1;3;22000;4;;;;;;;;;;;;;;;;;;;;;;;;;;;;;;;;;;;;;;;;;;;;;22000;3;;;;;;;;;NRP;NRP;NRP;NRP;1997;NRP;NRP;NRP;NRP
2128;5323;;1;0;2;;;;;;0;3;;;;;;0;5;;;;;;0;3;;;;;;0;3;;;;;;0;3;;;;;;0;2;;;;;;0;3;;;;;;1;3;1997;;;;;0;4;;;;;;1;4;1999;;;;;0;1;;;;;;0;4;;;;;;0;3;;;;;;1;3;1999;1997;2001;;;linas;paris;paris;;;"sur le périph'parisien , une voiture change de file sans contrôle ; Je ne circulait pas entre les files mais sur la file du milieu à la vitesse de la circulation ( +/- 70 km/h) ; Chute , grande glissade de moi et de la moto ; Pas de blessure , dégats matériels peu importants ; Retour maison à moto";"Chute brutale sur une bretelle d'accès autoroute ; Glissade moi et moto ;  Chaussée gazolée  .  retour maison à moto , mais difficile ( guidon tordue + douleurs 'partout')";"perte de contrôle sur plaque de gas oil en circulant entre les 2 files extérieures sur le périph' de Paris . Dégats matériels sur 4 voitures + la moto ; Pas de blessure mais choc final violent  Hospitalisation , moto chez police de la route .";;;0;0;2;2;35;1;73;15;2001;paris;;;;;;;;;;;;;;;;;;;;;;;;;;;;;;;;;;;;;;;;;;;;;;;;;;;;;;;;;;;;;;;;;;;;;;;;;;;;;;;;;;;;;;;;;;;;;;;;;;;;;;;;;;;;;;;;;;;;;;;;;;;;;;;;;;;;;;;;;;;;;;;;;;;;;;;;;;;;;18APR1962;6;1;3;2;4;4;2;NRP;;;;2;0;0;1;0;1;BMW;1000;R100RT;Routière / GT;2;1996;37;3;1;4000;7;;;;;;;;;;;;;;;;;;;;;;;;;;;;;;;;;;;;;;;;;;;;;4000;4;3;;;;;;;;NRP;NRP;NRP;NRP;1980;NRP;NRP;1980;NRP
989;5328;;1;1;1;2009;;;;;0;5;;;;;;0;6;;;;;;0;2;;;;;;0;5;;;;;;0;5;;;;;;0;3;;;;;;0;4;;;;;;0;6;;;;;;0;4;;;;;;0;6;;;;;;0;6;;;;;;0;3;;;;;;0;2;;;;;;1;0;;;;;;;;;;;;;;;;0;0;0;0;6;0;;NRP;;;;;;;;;;;;;;;;;;;;;;;;;;;;;;;;;;;;;;;;;;;;;;;;;;;;;;;;;;;;;;;;;;;;;;;;;;;;;;;;;;;;;;;;;;;;;;;;;;;;;;;;;;;;;;;;;;;;;;;;;;;;;;;;;;;;;;;;;;;;;;;;;;;;;;;;;;;;;;;09SEP1980;7;2;3;2;2;3;;NRP;;;;2;0;0;3;0;2;SUZUKI;600;GSX-R;SPORTIVE;2;2007;24;2;1;3500;7;SUZUKI;600;GSX-R;SPORTIVE;2;2007;40;3;1;2000;7;;;;;;;;;;;;;;;;;;;;;;;;;;;;;;;;;;5500;3;4;;;;;;;;NRP;NRP;NRP;NRP;2006;NRP;NRP;1999;NRP
1248;5329;;1;0;5;;;;;;0;4;;;;;;0;5;;;;;;2;6;2011;NSP;;;;0;5;;;;;;0;4;;;;;;0;3;;;;;;0;3;;;;;;0;1;;;;;;0;6;;;;;;0;4;;;;;;0;4;;;;;;0;5;;;;;;1;3;NSP;;;;;1;1;2011;;;;;Suresne;;;;;Sur un sens giratoire , véhicule m'a percuté par l'arriere;;;;;0;0;12;3;9;1;66;14;0;;;;;;;;;;;;;;;;;;;;;;;;;;;;;;;;;;;;;;;;;;;;;;;;;;;;;;;;;;;;;;;;;;;;;;;;;;;;;;;;;;;;;;;;;;;;;;;;;;;;;;;;;;;;;;;;;;;;;;;;;;;;;;;;;;;;;;;;;;;;;;;;;;;;;;;;;;;;;;14OCT1965;5;1;3;2;4;4;2;NRP;;;;1;1;0;1;0;1;BMW;1600;K1600GT;Routière / GT;2;2012;28;1;2;10000;7;;;;;;;;;;;;;;;;;;;;;;;;;;;;;;;;;;;;;;;;;;;;;10000;3;4;;;;;;;;NRP;NRP;NRP;NRP;2006;NRP;NRP;1986;NRP
1955;5330;;1;0;3;;;;;;1;4;1997;;;;;0;5;;;;;;0;3;;;;;;0;2;;;;;;0;4;;;;;;0;2;;;;;;0;4;;;;;;1;2;NSP;;;;;0;3;;;;;;0;3;;;;;;0;2;;;;;;0;2;;;;;;0;4;;;;;;0;;;;;;;;;;;;;;;;;;;3;0;22;1;6;2;1997;;;;;;;;;;;;;;;;;;;;;;;;;;;;;;;;;;;;;;;;;;;;;;;;;;;;;;;;;;;;;;;;;;;;;;;;;;;;;;;;;;;;;;;;;;;;;;;;;;;;;;;;;;;;;;;;;;;;;;;;;;;;;;;;;;;;;;;;;;;;;;;;;;;;;;;;;;;;;;21DEC1972;2;1;3;2;4;4;2;NRP;;;;2;0;0;1;0;1;BMW;800;F800ST ABS TOURING;Routière / GT;2;2011;37;1;2;8000;4;;;;;;;;;;;;;;;;;;;;;;;;;;;;;;;;;;;;;;;;;;;;;8000;3;4;;;;;;;;NRP;NRP;NRP;NRP;1996;NRP;NRP;1992;NRP
2026;5332;;1;1;5;2008;;;;;0;3;;;;;;0;5;;;;;;0;2;;;;;;0;5;;;;;;0;5;;;;;;0;4;;;;;;0;3;;;;;;1;3;1978;;;;;0;5;;;;;;0;5;;;;;;0;2;;;;;;0;3;;;;;;0;3;;;;;;1;1;1979;;;;;Senlis;;;;;Doublement d'un camion sur une route à 3 voies avec brouillard (voie centrale partagée par les 2 sens de circulation - n'existe plus aujourd'hui). Percussion d'un camion en sens opposé, doublant un autre véhicule.;;;;;0;0;3;2;35;1;1;1;2008;;;;;;;;;;;;;;;;;;;;;;;;;;;;;;;;;;;;;;;;;;;;;;;;;;;;;;;;;;;;;;;;;;;;;;;;;;;;;;;;;;;;;;;;;;;;;;;;;;;;;;;;;;;;;;;;;;;;;;;;;;;;;;;;;;;;;;;;;;;;;;;;;;;;;;;;;;;;;;25SEP1960;5;1;3;2;1;1;;NRP;;;;1;0;0;1;0;1;BMW;650;F650CS SCARVER;ROADSTER;2;2005;37;2;2;5000;7;;;;;;;;;;;;;;;;;;;;;;;;;;;;;;;;;;;;;;;;;;;;;5000;4;3;2;;;;;;;NRP;NRP;NRP;1977;1980;NRP;NRP;1978;NRP
319;5335;;1;0;2;;;;;;0;4;;;;;;0;5;;;;;;0;2;;;;;;0;5;;;;;;0;4;;;;;;0;5;;;;;;0;5;;;;;;0;6;;;;;;0;4;;;;;;0;5;;;;;;0;4;;;;;;0;4;;;;;;0;2;;;;;;0;;;;;;;;;;;;;;;;;;;2;4;23;1;;NRP;;;;;;;;;;;;;;;;;;;;;;;;;;;;;;;;;;;;;;;;;;;;;;;;;;;;;;;;;;;;;;;;;;;;;;;;;;;;;;;;;;;;;;;;;;;;;;;;;;;;;;;;;;;;;;;;;;;;;;;;;;;;;;;;;;;;;;;;;;;;;;;;;;;;;;;;;;;;;;;28DEC1971;5;1;3;2;3;4;1;NRP;;;;2;0;0;2;0;2;YAMAHA;125;RDLC;SPORTIVE;2;1986;37;4;1;100;7;HONDA;750;VFR-F;Routière / GT;2;1997;37;3;1;12000;7;;;;;;;;;;;;;;;;;;;;;;;;;;;;;;;;;;12100;2;3;4;;;;;;;NRP;NRP;NRP;1990;1992;NRP;NRP;1990;NRP