Ligne;Ligne Q qualif;Ligne approfondissement Accident;ACCIDENT;NBACC1;ACCFREQUENCE1;ANNEEACC1_1;ANNEEACC1_2;ANNEEACC1_3;ANNEEACC1_4;ANNEEACC1_5;NBACC2;ACCFREQUENCE2;ANNEEACC2_1;ANNEEACC2_2;ANNEEACC2_3;ANNEEACC2_4;ANNEEACC2_5;NBACC3;ACCFREQUENCE3;ANNEEACC3_1;ANNEEACC3_2;ANNEEACC3_3;ANNEEACC3_4;ANNEEACC3_5;NBACC4;ACCFREQUENCE4;ANNEEACC4_1;ANNEEACC4_2;ANNEEACC4_3;ANNEEACC4_4;ANNEEACC4_5;NBACC5;ACCFREQUENCE5;ANNEEACC5_1;ANNEEACC5_2;ANNEEACC5_3;ANNEEACC5_4;ANNEEACC5_5;NBACC6;ACCFREQUENCE6;ANNEEACC6_1;ANNEEACC6_2;ANNEEACC6_3;ANNEEACC6_4;ANNEEACC6_5;NBACC7;ACCFREQUENCE7;ANNEEACC7_1;ANNEEACC7_2;ANNEEACC7_3;ANNEEACC7_4;ANNEEACC7_5;NBACC8;ACCFREQUENCE8;ANNEEACC8_1;ANNEEACC8_2;ANNEEACC8_3;ANNEEACC8_4;ANNEEACC8_5;NBACC9;ACCFREQUENCE9;ANNEEACC9_1;ANNEEACC9_2;ANNEEACC9_3;ANNEEACC9_4;ANNEEACC9_5;NBACC10;ACCFREQUENCE10;ANNEEACC10_1;ANNEEACC10_2;ANNEEACC10_3;ANNEEACC10_4;ANNEEACC10_5;NBACC11;ACCFREQUENCE11;ANNEEACC11_1;ANNEEACC11_2;ANNEEACC11_3;ANNEEACC11_4;ANNEEACC11_5;NBACC12;ACCFREQUENCE12;ANNEEACC12_1;ANNEEACC12_2;ANNEEACC12_3;ANNEEACC12_4;ANNEEACC12_5;NBACC13;ACCFREQUENCE13;ANNEEACC13_1;ANNEEACC13_2;ANNEEACC13_3;ANNEEACC13_4;ANNEEACC13_5;NBACC14;ACCFREQUENCE14;ANNEEACC14_1;ANNEEACC14_2;ANNEEACC14_3;ANNEEACC14_4;ANNEEACC14_5;AUTRESACC;NBAUTRESACC;ANNEEAUTREACC1;ANNEEAUTREACC2;ANNEEAUTREACC3;ANNEEAUTREACC4;ANNEEAUTREACC5;LIEUAUTREACC1;LIEUAUTREACC2;LIEUAUTREACC3;LIEUAUTREACC4;LIEUAUTREACC5;DESCRIPTIONAUTRESACC1;DESCRIPTIONAUTRESACC2;DESCRIPTIONAUTRESACC3;DESCRIPTIONAUTRESACC4;DESCRIPTIONAUTRESACC5;NBAUTRESACCCIRCUIT;NBAUTRESTOUTTERRAIN;EXPCYCLO;EXP125;EXPSUP125;ACCORDNEXTQ;CHOIXACC;RGPMTACC;RECUPANNEE;RECUPLIEU;RECUPANNE;RGPMTAC;CHOIX1;CHOIX2;CHOIX3;CHOIX4;CHOIX5;CHOIX6;CHOIX7;DESCRIPTION;RUPTURE;FAITS;ABS_REACTION;AUTRE_REACTION;PRECISIONREACTIONOUI;RECUL;PRECISIONREACTIONNON;IMPACTCOMPORTEMENT;AUTREUSAGER;REACTIONAUTREUSAGER;CONNAISSANCEREACTIONUSAGER;DIFFICULTES;AGGRAVATION;DIFFICULTES2;EMOTIONS1;EMOTIONS2;EMOTIONS3;EMOTIONS4;EMOTIONS5;EMOTIONS6;AUTRESENTIMENT;CLASSEMENTEMOTIONS1;CLASSEMENTEMOTIONS;CLASSEMENTEMOTIONS5;CLASSEMENTEMOTIONS6;CLASSEMENTEMOTIONS7;CLASSEMENTEMOTIONS8;CLASSEMENTEMOTIONS9;EXPLICATIONRESSENTI;BIENEQUIPE;ALLURE;ALLUREVITEDETAIL;ALLURELENTEDETAIL;SITUATIONPRESSE;SITUATIONDISTRAIT;SITUATIONCONFIANT;SITUATIONCONTROLE;SITUATIONLUDIQUE;SITUATIONPERF;SITUATIONSTRESS;SITUATIONFATIGUE;HUMEURNEUTRE;HUMEURGAI;HUMEURMECONTENT;HUMEURTRISTE;HUMEURCOLERE;CONTRIBUTION1;CONTRIBUTION2;CONTRIBUTION3;CONTRIBUTION4;CONTRIBUTION5;CONTRIBUTION6;CONTRIBUTION7;CONTRIBUTION8;CONTRIBUTION9;ROLEINFRA;ELEMENTINFRA1;ELEMENTINFRA2;ELEMENTINFRA3;ELEMENTINFRA4;ELEMENTINFRA5;ELEMENTINFRA6;ELEMENTINFRA7;ELEMENTINFRA8;ELEMENTINFRA9;ALCOOL;TXALCOOL;STUP;SEMAINE;MOMENTJOURNEE;TEMPS;CAUSEACC1;CAUSEACC2;CAUSEACC3;CAUSEACC4;CAUSEACC5;FORMATIONCAUSE;FORMATION1;FORMATION2;FORMATION3;FORMATION4;FORMATION5;TRAFIC;CHAUSSEE1;CHAUSSEE2;CHAUSSEE3;CHAUSSEE4;TYPEACC;BLESSURE;TETE;COU;THORAX;MEMBRESSUP;COLONNE;BASSIN;MEMBRESINF;HOPITAL;PLUS24H;TRAJET;TYPEROUTE;MOTIF;SENSTRAJET;PASSAGER;VITESSE;DESCEQ1;DESCEQ2;DESCEQ3;DESCEQ4;DESCEQ5;DESCEQ6;DESCEQ7;DESCEQ8;DESCEQ9;DESCEQ10;VEHICULEETE;VEHICULEAUTOMNE;VEHICULEPRINTEMPS;VEHICULEHIVER;VEHICULESEMAINE;VEHICULEWE;VEHMARQUE;VEHCYLINDREE;VEHMODELE;VEHSEGMENT;VEHSIDE;EQ2RMABS;EQ2RMCBS;EQ2RMABSCBS;EQ2RMREGULATEUR;EQ2RMLIMITEUR;EQ2RMPHARESDIRECT;EQ2RMCOUPURE;EQ2RMANTIPATINAGE;EQ2RMANTIXHEELING;EQ2RMSTABILILTE;VEHKM;POINTS;DUREE;AUTRE2RM;VEHPRECMARQUE;VEHPRECCYLINDREE;VEHPRECMODELE;VEHPRECSEGMENT;VEHPRECSIDE;TEMPS2RMPREC;FREQVEHPREC;DATE_NAISS;CSP;SOCIETAIRE;SALARIE;SECTEUR2RM;NBPERSFOYER;SITFAM;NBENF;TRNBENF1;TRNBENF2;TRNBENF3;TRNBENF4;NBAUTOFOYER;NBCYCLOFOYER;NBSCOOTFOYER;NBMOTOFOYER;NBTRIKEFOYER;NB2RMCONDUIT;MARQUE1;CYLINDREE1;MODELE1;SEGMENT1;SIDE1;ANMISECIRCU1;ASS1;FREQ1;USAGE1;NBKM1;GARAGE1;MARQUE2;CYLINDREE2;MODELE2;SEGMENT2;SIDE2;ANMISECIRCU2;ASS2;FREQ2;USAGE2;NBKM2;GARAGE2;MARQUE3;CYLINDREE3;MODELE3;SEGMENT3;SIDE3;ANMISECIRCU3;ASS3;FREQ3;USAGE3;NBKM3;GARAGE3;MARQUE4;CYLINDREE4;MODELE4;SEGMENT4;SIDE4;ANMISECIRCU4;ASS4;FREQ4;USAGE4;NBKM4;GARAGE4;MARQUE5;CYLINDREE5;MODELE5;SEGMENT5;SIDE5;ANMISECIRCU5;ASS5;FREQ5;USAGE5;NBKM5;GARAGE5;NBKMTOT;PERMIS1;PERMIS2;PERMIS3;PERMIS4;PERMIS5;PERMIS6;PERMIS7;PERMIS8;PERMIS9;ANPERMIS1;ANPERMIS6;ANPERMIS7;ANPERMIS2;ANPERMIS3;ANPERMIS8;ANPERMIS9;ANPERMIS4;ANPERMIS5
1085;5365;327;1;0;6;;;;;;0;6;;;;;;0;6;;;;;;0;4;;;;;;1;5;1997;;;;;0;6;;;;;;2;3;1985;1986;;;;1;3;1990;;;;;3;5;1995;1996;1997;;;0;5;;;;;;0;6;;;;;;0;4;;;;;;1;4;1996;;;;;0;5;;;;;;0;;;;;;;;;;;;;;;;;;;2;0;28;1;36;8;1990;;1990;Vous avez fait une sortie de route, une perte de contrôle ou une glissade puis avez percuté un obstacle fixe (panneau, arbre poteau …).;6;;;;;;;"Dans une file de voiture, arreté à un feu tricolore en 2ème ou 3ème position. Le feu passe au vert, je démarre et accélère juste au niveau du passage piéton... la chaussée est grasse (je m'en rend compte après l'accident!), les peintures de l'époque non antidérapantes, je suis jeune conducteur au guidon d'une 1000 Bol d'or... la moto part en sucette, je perd le contrôle et vais m'éclater dans une barrière en acier qui borde tout le boulevard où je me trouve. Concours de circonstances qui me vaut une évacuation par le SAMU au CHU de Montpellier, une grosse frayeur qui me fait réaliser que même sans faire ""le con"" on peut se faire très mal, voir plus, en moto. Environ 6 mois de galères avec mon genou droit, un peu moins pour le gauche, et des rhumatismes qui commencent à pointer à l'aube de mes 50 piges... Un an sans monter sur une moto, par handicap et par peur aussi. Puis une 600 CBR, une 750 VFR, une 900 CBR,.... de nombreux tours de pistes au Castelet, Lédenon, Albi et Nogaro sur Promosport et SBK. Aujourd'hui sur 1000Z tous les jours de l'année, par utilité et par plaisir, loin des circuits et des compétitions mais toujours motard dans l'âme! V";Chaussée grasse sur peinture non antidérapante, saupoudrer d'un manque d'expérience sur grosse cylindrée!;Rien fait! Trop rapide, juste le temps de voir la barrière arrivée vite! Moins de deux mètres entre moi et la barrière au départ....;AUT|Laps de temps trop court pour réagir et manque d'espérience.;0;;;Laps de temps trop court.;2;0;;;;;;2;3;6;;;;;;1;2;;;3;;je ne m'attendais pas à perdre le contrôle de ma moto dans cette situation.;3;3;;;1;1;3;3;2;1;1;1;3;4;4;4;4;1;5;;;;;;;;1;1;4;;;;;;;2;2;;2;2;1;1;20;0;0;80;0;NSP;;;;;;2;6;;;;2;1;7;;;;;;;1;0;2;1;3;;0;50;1;10;2;3;4;;;;;;NRP;NRP;NRP;NRP;NRP;4;HONDA;1000;VF-F2;Routière / GT;2;1;1;1;1;1;1;1;1;1;1;NSP;12;4;1;HONDA;125;XL-R;TRAIL / SUPERMOTARD;2;4;4;19NOV1968;6;1;3;2;4;5;1;NRP;;;;2;0;0;2;0;2;KAWASAKI;1000;Z 1000 IE;ROADSTER;2;2010;37;1;2;8000;7;HONDA;900;CBR-RR FIREBLADE;SPORTIVE;2;1994;37;2;1;4000;7;;;;;;;;;;;;;;;;;;;;;;;;;;;;;;;;;;12000;2;3;4;;;;;;;NRP;NRP;NRP;1985;1988;NRP;NRP;1988;NRP
843;5366;;0;;;;;;;;;;;;;;;;;;;;;;;;;;;;;;;;;;;;;;;;;;;;;;;;;;;;;;;;;;;;;;;;;;;;;;;;;;;;;;;;;;;;;;;;;;;;;;;;;;;;;;;;;;;;;;;;;;;;;;;;;;;;;;;;;;;;;;;;;;;;;;;;;;;;;;;;;;;;;;;;;;;;;;;;;;;;;;;;;;;;;;;;;;;;;;;;;;;;;;;;;;;;;;;;;;;;;;;;;;;;;;;;;;;;;;;;;;;;;;;;;;;;;;;;;;;;;;;;;;;;;;;;;;;;;;;;;;;;;;;;;;25JUL1965;5;2;3;2;2;3;;NRP;;;;2;0;0;1;0;1;HONDA;600;HORNET;ROADSTER;2;2011;25;3;1;6000;7;;;;;;;;;;;;;;;;;;;;;;;;;;;;;;;;;;;;;;;;;;;;;6000;3;4;;;;;;;;NRP;NRP;NRP;NRP;1994;NRP;NRP;1987;NRP
1780;5367;;1;0;6;;;;;;0;5;;;;;;0;5;;;;;;0;4;;;;;;0;6;;;;;;0;5;;;;;;0;4;;;;;;0;5;;;;;;2;5;1996;2010;;;;0;4;;;;;;0;5;;;;;;0;3;;;;;;0;5;;;;;;0;5;;;;;;1;1;2013;;;;;Aytré;;;;;Percuté par l'arrière, à l'arrêt, par une voiture alors que je cédais la priorité à une autre voiture (régime de la priorité à droite);;;;;0;0;0;0;19;1;41;9;1996;;;;;;;;;;;;;;;;;;;;;;;;;;;;;;;;;;;;;;;;;;;;;;;;;;;;;;;;;;;;;;;;;;;;;;;;;;;;;;;;;;;;;;;;;;;;;;;;;;;;;;;;;;;;;;;;;;;;;;;;;;;;;;;;;;;;;;;;;;;;;;;;;;;;;;;;;;;;;;23JAN1973;5;1;3;2;1;1;;NRP;;;;1;0;0;1;0;1;MOTO GUZZI;1200;STELVIO 8V NTX 2011;TRAIL / SUPERMOTARD;2;2012;37;2;1;20000;6;;;;;;;;;;;;;;;;;;;;;;;;;;;;;;;;;;;;;;;;;;;;;20000;4;3;;;;;;;;NRP;NRP;NRP;NRP;1995;NRP;NRP;1991;NRP
1400;5369;;1;0;5;;;;;;0;5;;;;;;0;5;;;;;;0;3;;;;;;0;6;;;;;;0;3;;;;;;0;4;;;;;;1;6;1984;;;;;1;3;NSP;;;;;0;4;;;;;;0;4;;;;;;0;5;;;;;;0;5;;;;;;0;4;;;;;;1;1;1992;;;;;eauze;;;;;collision avec un sanglier;;;;;3;0;0;2;35;1;36;8;1984;;;;;;;;;;;;;;;;;;;;;;;;;;;;;;;;;;;;;;;;;;;;;;;;;;;;;;;;;;;;;;;;;;;;;;;;;;;;;;;;;;;;;;;;;;;;;;;;;;;;;;;;;;;;;;;;;;;;;;;;;;;;;;;;;;;;;;;;;;;;;;;;;;;;;;;;;;;;;;03AUG1961;1;1;3;2;3;4;1;NRP;;;;2;0;0;3;2;5;HONDA;1300;PAN EUROPEAN;Routière / GT;2;2002;18;3;1;4000;7;HONDA;1000;GOLD WING;ROADSTER;2;1976;18;4;1;1000;7;HONDA;600;CBR;Routière / GT;2;2007;18;4;1;2000;7;BRP CAN-AM;1000;CAN-AM SPYDER RTS SE5;SIDE-CAR / TRIKE;2;2011;37;3;1;5000;7;ARCTIC CAT;400;QUAD 4X4 TRV;QUAD;2;2008;18;2;3;2000;7;14000;3;4;;;;;;;;NRP;NRP;NRP;NRP;1980;NRP;NRP;1982;NRP
500;5370;;1;1;4;NSP;;;;;0;5;;;;;;1;5;NSP;;;;;0;2;;;;;;0;4;;;;;;0;4;;;;;;0;4;;;;;;1;3;NSP;;;;;1;3;NSP;;;;;0;3;;;;;;0;4;;;;;;0;3;;;;;;0;3;;;;;;0;2;;;;;;1;3;1992;2002;2007;;;montpellier;montpellier;montpellier;;;véhicule s'engageant en sens interdit, chute en tentant de l'éviter;perte de contrôle en courbe sur chaussée glissante, première pluie sur tâche huileuse;perte de contrôle au démarrage d'un feu vert en agglomération sur chaussée verglassée suite à rupture d'une canalisation d'eau et gel matinal;;;0;0;6;8;20;1;72;15;2002;montpellier;;;;;;;;;;;;;;;;;;;;;;;;;;;;;;;;;;;;;;;;;;;;;;;;;;;;;;;;;;;;;;;;;;;;;;;;;;;;;;;;;;;;;;;;;;;;;;;;;;;;;;;;;;;;;;;;;;;;;;;;;;;;;;;;;;;;;;;;;;;;;;;;;;;;;;;;;;;;;09FEB1951;9;1;3;2;2;3;;NRP;;;;2;0;0;1;0;1;HONDA;1000;CB1  BIG ONE;ROADSTER;2;1994;37;2;1;8000;7;;;;;;;;;;;;;;;;;;;;;;;;;;;;;;;;;;;;;;;;;;;;;8000;3;4;;;;;;;;NRP;NRP;NRP;NRP;1969;NRP;NRP;1994;NRP
1498;5372;;1;0;4;;;;;;0;4;;;;;;0;5;;;;;;0;5;;;;;;0;4;;;;;;0;4;;;;;;0;2;;;;;;0;3;;;;;;0;4;;;;;;0;3;;;;;;0;3;;;;;;0;2;;;;;;1;6;2012;;;;;0;5;;;;;;1;2;2012;2012;;;;Paris;Paris;;;;En voulant éviter un obstacle, j'ai du faire un freinage d'urgence qui s'est soldé par un blocage de la roue avant et d'une chute. Dans tous les cas l'autre véhicule n'a pas eu de déga. Car fin de freinage. Vitesse lente. Mais chute quand meme.;En voulant éviter un obstacle, j'ai du faire un freinage d'urgence qui s'est soldé par un blocage de la roue avant et d'une chute. Dans tous les cas l'autre véhicule n'a pas eu de déga. Car fin de freinage. Vitesse lente. Mais chute quand meme.;;;;0;0;0;0;5;0;;NRP;;;;;;;;;;;;;;;;;;;;;;;;;;;;;;;;;;;;;;;;;;;;;;;;;;;;;;;;;;;;;;;;;;;;;;;;;;;;;;;;;;;;;;;;;;;;;;;;;;;;;;;;;;;;;;;;;;;;;;;;;;;;;;;;;;;;;;;;;;;;;;;;;;;;;;;;;;;;;;;22NOV1982;5;1;3;2;1;1;;NRP;;;;0;0;0;1;0;1;YAMAHA;800;FZ8 ABS;ROADSTER;2;2012;37;1;2;20000;7;;;;;;;;;;;;;;;;;;;;;;;;;;;;;;;;;;;;;;;;;;;;;20000;3;4;;;;;;;;NRP;NRP;NRP;NRP;2010;NRP;NRP;2001;NRP
996;5374;;0;;;;;;;;;;;;;;;;;;;;;;;;;;;;;;;;;;;;;;;;;;;;;;;;;;;;;;;;;;;;;;;;;;;;;;;;;;;;;;;;;;;;;;;;;;;;;;;;;;;;;;;;;;;;;;;;;;;;;;;;;;;;;;;;;;;;;;;;;;;;;;;;;;;;;;;;;;;;;;;;;;;;;;;;;;;;;;;;;;;;;;;;;;;;;;;;;;;;;;;;;;;;;;;;;;;;;;;;;;;;;;;;;;;;;;;;;;;;;;;;;;;;;;;;;;;;;;;;;;;;;;;;;;;;;;;;;;;;;;;;;;12APR1942;9;1;3;2;2;3;;NRP;;;;2;0;0;1;0;1;TRIUMPH;1050;SPRINT ST;Routière / GT;2;2006;37;2;1;7500;7;;;;;;;;;;;;;;;;;;;;;;;;;;;;;;;;;;;;;;;;;;;;;7500;2;3;4;;;;;;;NRP;NRP;NRP;1960;2002;NRP;NRP;1960;NRP
1598;5377;;1;0;4;;;;;;0;5;;;;;;0;5;;;;;;0;2;;;;;;0;5;;;;;;0;4;;;;;;0;4;;;;;;0;4;;;;;;0;4;;;;;;0;4;;;;;;0;3;;;;;;0;5;;;;;;1;4;2009;;;;;0;3;;;;;;0;;;;;;;;;;;;;;;;;;;4;0;12;0;;NRP;;;;;;;;;;;;;;;;;;;;;;;;;;;;;;;;;;;;;;;;;;;;;;;;;;;;;;;;;;;;;;;;;;;;;;;;;;;;;;;;;;;;;;;;;;;;;;;;;;;;;;;;;;;;;;;;;;;;;;;;;;;;;;;;;;;;;;;;;;;;;;;;;;;;;;;;;;;;;;;17AUG1965;5;2;3;2;5;4;3;NRP;;;;3;0;1;1;0;1;DUCATI;900;MONSTER;ROADSTER;2;2002;31;1;2;15000;7;;;;;;;;;;;;;;;;;;;;;;;;;;;;;;;;;;;;;;;;;;;;;15000;3;2;4;;;;;;;NRP;NRP;NRP;1983;2003;NRP;NRP;1983;NRP
2156;5378;;1;0;4;;;;;;5;4;1975;1975;1977;1985;2007;0;3;;;;;;0;2;;;;;;0;3;;;;;;0;2;;;;;;0;3;;;;;;0;4;;;;;;5;4;1975;1975;1975;1975;1977;0;3;;;;;;0;3;;;;;;0;1;;;;;;0;2;;;;;;1;3;2006;;;;;1;1;1979;;;;;Arnières sur It;;;;;Arbre couché sur la route en sortie de virage;;;;;0;0;1;2;28;1;66;14;2006;;;;;;;;;;;;;;;;;;;;;;;;;;;;;;;;;;;;;;;;;;;;;;;;;;;;;;;;;;;;;;;;;;;;;;;;;;;;;;;;;;;;;;;;;;;;;;;;;;;;;;;;;;;;;;;;;;;;;;;;;;;;;;;;;;;;;;;;;;;;;;;;;;;;;;;;;;;;;;14JUL1956;5;1;3;2;2;3;;NRP;;;;2;1;0;4;0;2;DUCATI;620;MULTISTRADA;ROADSTER;2;2005;37;1;2;6000;7;BMW;750;R75/5;ROADSTER;2;1974;37;4;1;100;7;;;;;;;;;;;;;;;;;;;;;;;;;;;;;;;;;;6100;2;3;4;;;;;;;NRP;NRP;NRP;1975;1977;NRP;NRP;1975;NRP
708;5380;24;1;1;4;2009;;;;;0;5;;;;;;0;5;;;;;;0;2;;;;;;0;5;;;;;;0;3;;;;;;0;3;;;;;;0;5;;;;;;0;5;;;;;;0;5;;;;;;0;6;;;;;;0;1;;;;;;0;4;;;;;;0;1;;;;;;0;;;;;;;;;;;;;;;;;;;4;1;15;1;1;1;2009;;2009;Vous circuliez sur un axe prioritaire. Un autre véhicule arrivant sur le même axe en sens opposé vous a coupé la route en tournant à gauche.;1;;;;;;;La personne arrivant en sens opposé et m'ayant coupé la route en tournant à gauche semblait manifestement chercher sa direction : j'ai eu le temps de la voir lever la tête pour lire les panneaux de direction à mesure qu'elle s'avançait dans le carrefour. Puis, sans doute soudain certaine de sa direction, elle a accéléré et coupé la route au lieu de s'arrêter pour me laisse passer. Sous l'effet de surprise, je n'ai pas eu le temps de freiner ou éviter suffisamment à l'avance.;Le côté inattendu : un véhicule qui s'avance lentement dans un carrefour laisse penser qu'il va s'arrêter normalement pour céder le passage, et pas accélérer pour prendre sa direction.;Quand j'ai vu le véhicule reprendre de la vitesse pour couper le carrefour, j'ai eu un moment d'incrédulité et donc un léger temps de réaction avant de saisir les freins. J'ai tenté un freinage d'urgence en prenant garde de ne pas bloquer les roues mais je savais que la distance serait insuffisante. Je me suis préparée au choc en espérant avoir la vitesse la plus basse possible. L'automobiliste n'a rien vu venir (elle regardait toujours la route qu'elle envisageait de prendre).;1;0;;;Toute la scène avant l'accident semblait parfaitement conforme à une circulation normale. C'est la décision inattendue de la conductrice adverse qui a provoqué l'accident.;3;1;2;;La conductrice adverse n'a jamais regardé le trafic opposé, elle était trop absorbée par sa recherche de direction. Son étourderie est seule en cause.;NSP;L'attitude de la conductrice adverse a contribué à créer l'accident.;2;;;;;;;;1;;;;;;Action complètement inattendue de la conductrice adverse.;4;3;;;1;1;4;4;1;1;1;1;3;3;4;4;4;5;;;;;;;;;2;;;;;;;;;2;2;;2;2;3;1;0;100;0;0;0;2;;;;;;2;1;;;;1;;;;;;;;;;;2;1;3;;0;45;1;2;3;4;7;9;;;;;4;3;4;3;3;4;DUCATI;800;SS IE 1/2 CARENEE;Routière / GT;2;1;1;1;1;1;1;1;1;1;1;98500;12;4;1;DUCATI;600;MONSTER DARK;ROADSTER;2;4;4;02OCT1974;4;1;3;2;2;3;;NRP;;;;1;0;0;4;0;4;DUCATI;800;SS IE 1/2 CARENEE;Routière / GT;2;2003;37;2;1;18000;7;DUCATI;996;996 BIPOSTO;SPORTIVE;2;2000;37;3;1;4000;7;DUCATI;900;SuperSport;NRP;2;1996;37;4;1;500;7;DUCATI;600;MONSTER;ROADSTER;2;1999;10;3;2;500;7;;;;;;;;;;;;23000;3;4;;;;;;;;NRP;NRP;NRP;NRP;1996;NRP;NRP;1992;NRP
1185;5381;;1;0;5;;;;;;1;6;1992;;;;;1;6;NSP;;;;;0;1;;;;;;0;6;;;;;;0;5;;;;;;0;2;;;;;;0;5;;;;;;1;1;1989;;;;;0;5;;;;;;1;5;NSP;;;;;0;2;;;;;;0;2;;;;;;0;4;;;;;;0;;;;;;;;;;;;;;;;;;;2;10;34;1;6;2;1992;;;;;;;;;;;;;;;;;;;;;;;;;;;;;;;;;;;;;;;;;;;;;;;;;;;;;;;;;;;;;;;;;;;;;;;;;;;;;;;;;;;;;;;;;;;;;;;;;;;;;;;;;;;;;;;;;;;;;;;;;;;;;;;;;;;;;;;;;;;;;;;;;;;;;;;;;;;;;;11NOV1959;7;1;3;2;3;4;1;NRP;;;;2;0;0;1;0;1;YAMAHA;1200;XTZ SUPER TENERE;TRAIL / SUPERMOTARD;2;2011;37;3;1;10000;7;;;;;;;;;;;;;;;;;;;;;;;;;;;;;;;;;;;;;;;;;;;;;10000;3;4;;;;;;;;NRP;NRP;NRP;NRP;1979;NRP;NRP;1981;NRP
2157;5386;;0;;;;;;;;;;;;;;;;;;;;;;;;;;;;;;;;;;;;;;;;;;;;;;;;;;;;;;;;;;;;;;;;;;;;;;;;;;;;;;;;;;;;;;;;;;;;;;;;;;;;;;;;;;;;;;;;;;;;;;;;;;;;;;;;;;;;;;;;;;;;;;;;;;;;;;;;;;;;;;;;;;;;;;;;;;;;;;;;;;;;;;;;;;;;;;;;;;;;;;;;;;;;;;;;;;;;;;;;;;;;;;;;;;;;;;;;;;;;;;;;;;;;;;;;;;;;;;;;;;;;;;;;;;;;;;;;;;;;;;;;;;12APR1967;5;1;3;2;4;4;2;NRP;;;;2;0;1;1;0;2;KAWASAKI;1400;ZZR ABS PERFORMANCE;Routière / GT;2;2012;37;3;1;7500;7;PIAGGIO;125;EXAGON;SCOOTER;2;1999;37;2;1;1000;7;;;;;;;;;;;;;;;;;;;;;;;;;;;;;;;;;;8500;3;4;;;;;;;;NRP;NRP;NRP;NRP;1987;NRP;NRP;2007;NRP
731;5387;16;1;0;5;;;;;;0;6;;;;;;0;6;;;;;;0;6;;;;;;0;6;;;;;;0;4;;;;;;1;5;2012;;;;;0;5;;;;;;2;5;1996;2012;;;;0;6;;;;;;2;6;1991;1993;;;;0;2;;;;;;0;5;;;;;;1;6;1998;;;;;1;1;2000;;;;;Montrouge;;;;;j'étais sur la Nationale, j'ai ralenti afin de m'arrêter à un feu rouge et je me suis fait percuté par l'arrière par un automobiliste au téléphone. Il ne m'avait pas vu, m'a-t-il dit, et je pense qu'il n'avait pas vu le feu rouge non plus !!!;;;;;0;0;0;2;25;1;31;7;2012;;2012;Vous avez fait une sortie de route, une perte de contrôle ou une glissade puis avez percuté un véhicule arrivant en sens inverse.;3;;;;;;;J'allais au travail sur une route à double sens.  Je roulais sur une 125 YBR et je suivais un bus. J'ai pris le rond point, toujours en suivant le bus et en respectant les distances de sécurité, en cas de freinage du bus. Le bus emprunta la même sortie que moi, toujours en me précédant mais masqua l'état de la chaussée qui était recouverte de gravier (alors que la veille, elle ne l'était pas !). J'ai perdu aussitôt l'avant et glissé. La moto glissa sur la voie opposée, une voiture ariva et ne pû rien faire vu qu'il me vit au dernier moment vu que j'étais masqué par le bus. La voiture écrasa la moto ! Tout ça c'est pourtant passé à très faible vitesse. Pour ma part, je suis resté sur ma voie, je n'ai pas glissé autant que la moto. Rien à déplorer en ce qui me concerne ! J'étais bien équipé.;la conduite sur gravillon, quand ils ne sont pas signalés et deviennent une surprise au détour d'un virage sans visibilité, c'est perdu.  J'avais déjà vécu cette situation mais cette fois dans un virage à gauche lors d'une balade dans l'Allier avec ma Daytona 900, j'avais perdu l'avant et l'arrière, élargit le virage sur la droite et fini dans le champ sans chuter ! Le fait d'avoir toujours regarder ma sortie de virage m'avait permis de m'en sortir sans dégât. Si j'avais regardé le champ, je pense que cela aurait été plus grave.  Mais dans le cas présent, avec la 125, tout est arrivé très vite ! Aucune échappatoire.;Je n'ai pas eu le temps d'agir sur les commandes de mon véhicule. L'usager qui a écrasé ma moto était choqué car il n'a rien vu venir non plus. Il a été stoppé net par l'écrasement de ma moto.;2;1;Augmenter les distances de sécurité afin de pouvoir anticiper encore mieux par rapport à l'état de la route;L'habitude du trajet quotidien ... on n'imagine pas que la route est pu être refaite du jour au lendemain.;;2;1;NSP;;l'effet de surprise: j'étais masqué par le bus.;2;NRP;3;6;;;;;;;;1;;;2;;je ne comprenais pas que la moto perdait l'avant et dérapais et j'ai vite réalisé qu'il y avait des graviers.;4;3;;;1;3;3;4;1;1;1;1;1;1;4;4;4;5;;;;;;;;;1;3;;;;;;;;2;2;;2;1;1;1;50;0;0;50;0;2;;;;;;2;1;4;;;1;;;;;;;;;;;1;2;1;1;0;20;1;2;3;4;7;;;;;;4;4;4;4;4;NRP;YAMAHA;125;YB-R;ROADSTER;2;1;1;1;1;1;1;1;1;1;1;5000;9;3;1;TRIUMPH;955;TIGER;TRAIL / SUPERMOTARD;2;4;1;31DEC1965;5;1;3;2;2;2;1;NRP;;;;1;0;0;4;0;4;TRIUMPH;900;DAYTONA;Routière / GT;2;1996;37;4;1;2000;7;TRIUMPH;955;TIGER;TRAIL / SUPERMOTARD;2;2004;18;4;1;4000;7;TRIUMPH;955;DAYTONA IE;SPORTIVE;2;2006;37;3;1;3000;7;HONDA;600;"CB-F ""S"" ABS";ROADSTER;2;2009;37;1;2;12000;7;;;;;;;;;;;;21000;3;4;;;;;;;;NRP;NRP;NRP;NRP;1990;NRP;NRP;1984;NRP
1986;5390;;1;0;6;;;;;;0;6;;;;;;0;6;;;;;;0;5;;;;;;1;6;1998;;;;;0;5;;;;;;0;4;;;;;;1;5;1999;;;;;5;5;1996;1996;1997;1998;1999;0;6;;;;;;1;6;1997;;;;;0;3;;;;;;0;5;;;;;;0;4;;;;;;0;;;;;;;;;;;;;;;;;;;0;0;19;1;51;11;1997;;;;;;;;;;;;;;;;;;;;;;;;;;;;;;;;;;;;;;;;;;;;;;;;;;;;;;;;;;;;;;;;;;;;;;;;;;;;;;;;;;;;;;;;;;;;;;;;;;;;;;;;;;;;;;;;;;;;;;;;;;;;;;;;;;;;;;;;;;;;;;;;;;;;;;;;;;;;;;04APR1974;7;1;3;2;1;1;;NRP;;;;0;0;0;1;0;1;HONDA;1300;CB-F;ROADSTER;2;2005;37;2;1;15000;6;;;;;;;;;;;;;;;;;;;;;;;;;;;;;;;;;;;;;;;;;;;;;15000;4;3;;;;;;;;NRP;NRP;NRP;NRP;1994;NRP;NRP;1993;NRP