Ligne;Ligne Q qualif;Ligne approfondissement Accident;ACCIDENT;NBACC1;ACCFREQUENCE1;ANNEEACC1_1;ANNEEACC1_2;ANNEEACC1_3;ANNEEACC1_4;ANNEEACC1_5;NBACC2;ACCFREQUENCE2;ANNEEACC2_1;ANNEEACC2_2;ANNEEACC2_3;ANNEEACC2_4;ANNEEACC2_5;NBACC3;ACCFREQUENCE3;ANNEEACC3_1;ANNEEACC3_2;ANNEEACC3_3;ANNEEACC3_4;ANNEEACC3_5;NBACC4;ACCFREQUENCE4;ANNEEACC4_1;ANNEEACC4_2;ANNEEACC4_3;ANNEEACC4_4;ANNEEACC4_5;NBACC5;ACCFREQUENCE5;ANNEEACC5_1;ANNEEACC5_2;ANNEEACC5_3;ANNEEACC5_4;ANNEEACC5_5;NBACC6;ACCFREQUENCE6;ANNEEACC6_1;ANNEEACC6_2;ANNEEACC6_3;ANNEEACC6_4;ANNEEACC6_5;NBACC7;ACCFREQUENCE7;ANNEEACC7_1;ANNEEACC7_2;ANNEEACC7_3;ANNEEACC7_4;ANNEEACC7_5;NBACC8;ACCFREQUENCE8;ANNEEACC8_1;ANNEEACC8_2;ANNEEACC8_3;ANNEEACC8_4;ANNEEACC8_5;NBACC9;ACCFREQUENCE9;ANNEEACC9_1;ANNEEACC9_2;ANNEEACC9_3;ANNEEACC9_4;ANNEEACC9_5;NBACC10;ACCFREQUENCE10;ANNEEACC10_1;ANNEEACC10_2;ANNEEACC10_3;ANNEEACC10_4;ANNEEACC10_5;NBACC11;ACCFREQUENCE11;ANNEEACC11_1;ANNEEACC11_2;ANNEEACC11_3;ANNEEACC11_4;ANNEEACC11_5;NBACC12;ACCFREQUENCE12;ANNEEACC12_1;ANNEEACC12_2;ANNEEACC12_3;ANNEEACC12_4;ANNEEACC12_5;NBACC13;ACCFREQUENCE13;ANNEEACC13_1;ANNEEACC13_2;ANNEEACC13_3;ANNEEACC13_4;ANNEEACC13_5;NBACC14;ACCFREQUENCE14;ANNEEACC14_1;ANNEEACC14_2;ANNEEACC14_3;ANNEEACC14_4;ANNEEACC14_5;AUTRESACC;NBAUTRESACC;ANNEEAUTREACC1;ANNEEAUTREACC2;ANNEEAUTREACC3;ANNEEAUTREACC4;ANNEEAUTREACC5;LIEUAUTREACC1;LIEUAUTREACC2;LIEUAUTREACC3;LIEUAUTREACC4;LIEUAUTREACC5;DESCRIPTIONAUTRESACC1;DESCRIPTIONAUTRESACC2;DESCRIPTIONAUTRESACC3;DESCRIPTIONAUTRESACC4;DESCRIPTIONAUTRESACC5;NBAUTRESACCCIRCUIT;NBAUTRESTOUTTERRAIN;EXPCYCLO;EXP125;EXPSUP125;ACCORDNEXTQ;CHOIXACC;RGPMTACC;RECUPANNEE;RECUPLIEU;RECUPANNE;RGPMTAC;CHOIX1;CHOIX2;CHOIX3;CHOIX4;CHOIX5;CHOIX6;CHOIX7;DESCRIPTION;RUPTURE;FAITS;ABS_REACTION;AUTRE_REACTION;PRECISIONREACTIONOUI;RECUL;PRECISIONREACTIONNON;IMPACTCOMPORTEMENT;AUTREUSAGER;REACTIONAUTREUSAGER;CONNAISSANCEREACTIONUSAGER;DIFFICULTES;AGGRAVATION;DIFFICULTES2;EMOTIONS1;EMOTIONS2;EMOTIONS3;EMOTIONS4;EMOTIONS5;EMOTIONS6;AUTRESENTIMENT;CLASSEMENTEMOTIONS1;CLASSEMENTEMOTIONS;CLASSEMENTEMOTIONS5;CLASSEMENTEMOTIONS6;CLASSEMENTEMOTIONS7;CLASSEMENTEMOTIONS8;CLASSEMENTEMOTIONS9;EXPLICATIONRESSENTI;BIENEQUIPE;ALLURE;ALLUREVITEDETAIL;ALLURELENTEDETAIL;SITUATIONPRESSE;SITUATIONDISTRAIT;SITUATIONCONFIANT;SITUATIONCONTROLE;SITUATIONLUDIQUE;SITUATIONPERF;SITUATIONSTRESS;SITUATIONFATIGUE;HUMEURNEUTRE;HUMEURGAI;HUMEURMECONTENT;HUMEURTRISTE;HUMEURCOLERE;CONTRIBUTION1;CONTRIBUTION2;CONTRIBUTION3;CONTRIBUTION4;CONTRIBUTION5;CONTRIBUTION6;CONTRIBUTION7;CONTRIBUTION8;CONTRIBUTION9;ROLEINFRA;ELEMENTINFRA1;ELEMENTINFRA2;ELEMENTINFRA3;ELEMENTINFRA4;ELEMENTINFRA5;ELEMENTINFRA6;ELEMENTINFRA7;ELEMENTINFRA8;ELEMENTINFRA9;ALCOOL;TXALCOOL;STUP;SEMAINE;MOMENTJOURNEE;TEMPS;CAUSEACC1;CAUSEACC2;CAUSEACC3;CAUSEACC4;CAUSEACC5;FORMATIONCAUSE;FORMATION1;FORMATION2;FORMATION3;FORMATION4;FORMATION5;TRAFIC;CHAUSSEE1;CHAUSSEE2;CHAUSSEE3;CHAUSSEE4;TYPEACC;BLESSURE;TETE;COU;THORAX;MEMBRESSUP;COLONNE;BASSIN;MEMBRESINF;HOPITAL;PLUS24H;TRAJET;TYPEROUTE;MOTIF;SENSTRAJET;PASSAGER;VITESSE;DESCEQ1;DESCEQ2;DESCEQ3;DESCEQ4;DESCEQ5;DESCEQ6;DESCEQ7;DESCEQ8;DESCEQ9;DESCEQ10;VEHICULEETE;VEHICULEAUTOMNE;VEHICULEPRINTEMPS;VEHICULEHIVER;VEHICULESEMAINE;VEHICULEWE;VEHMARQUE;VEHCYLINDREE;VEHMODELE;VEHSEGMENT;VEHSIDE;EQ2RMABS;EQ2RMCBS;EQ2RMABSCBS;EQ2RMREGULATEUR;EQ2RMLIMITEUR;EQ2RMPHARESDIRECT;EQ2RMCOUPURE;EQ2RMANTIPATINAGE;EQ2RMANTIXHEELING;EQ2RMSTABILILTE;VEHKM;POINTS;DUREE;AUTRE2RM;VEHPRECMARQUE;VEHPRECCYLINDREE;VEHPRECMODELE;VEHPRECSEGMENT;VEHPRECSIDE;TEMPS2RMPREC;FREQVEHPREC;DATE_NAISS;CSP;SOCIETAIRE;SALARIE;SECTEUR2RM;NBPERSFOYER;SITFAM;NBENF;TRNBENF1;TRNBENF2;TRNBENF3;TRNBENF4;NBAUTOFOYER;NBCYCLOFOYER;NBSCOOTFOYER;NBMOTOFOYER;NBTRIKEFOYER;NB2RMCONDUIT;MARQUE1;CYLINDREE1;MODELE1;SEGMENT1;SIDE1;ANMISECIRCU1;ASS1;FREQ1;USAGE1;NBKM1;GARAGE1;MARQUE2;CYLINDREE2;MODELE2;SEGMENT2;SIDE2;ANMISECIRCU2;ASS2;FREQ2;USAGE2;NBKM2;GARAGE2;MARQUE3;CYLINDREE3;MODELE3;SEGMENT3;SIDE3;ANMISECIRCU3;ASS3;FREQ3;USAGE3;NBKM3;GARAGE3;MARQUE4;CYLINDREE4;MODELE4;SEGMENT4;SIDE4;ANMISECIRCU4;ASS4;FREQ4;USAGE4;NBKM4;GARAGE4;MARQUE5;CYLINDREE5;MODELE5;SEGMENT5;SIDE5;ANMISECIRCU5;ASS5;FREQ5;USAGE5;NBKM5;GARAGE5;NBKMTOT;PERMIS1;PERMIS2;PERMIS3;PERMIS4;PERMIS5;PERMIS6;PERMIS7;PERMIS8;PERMIS9;ANPERMIS1;ANPERMIS6;ANPERMIS7;ANPERMIS2;ANPERMIS3;ANPERMIS8;ANPERMIS9;ANPERMIS4;ANPERMIS5
1852;5391;;1;1;5;1998;;;;;0;6;;;;;;0;4;;;;;;0;3;;;;;;1;6;2002;;;;;0;5;;;;;;0;4;;;;;;0;5;;;;;;0;5;;;;;;1;5;2004;;;;;0;6;;;;;;0;3;;;;;;0;4;;;;;;0;3;;;;;;0;;;;;;;;;;;;;;;;;;;0;0;34;0;;NRP;;;;;;;;;;;;;;;;;;;;;;;;;;;;;;;;;;;;;;;;;;;;;;;;;;;;;;;;;;;;;;;;;;;;;;;;;;;;;;;;;;;;;;;;;;;;;;;;;;;;;;;;;;;;;;;;;;;;;;;;;;;;;;;;;;;;;;;;;;;;;;;;;;;;;;;;;;;;;;;12OCT1961;5;1;3;2;2;3;;NRP;;;;1;0;0;1;0;1;BMW;1600;K1600GTL PACK 1 ET SECURITE;Routière / GT;2;2012;37;1;2;15000;7;;;;;;;;;;;;;;;;;;;;;;;;;;;;;;;;;;;;;;;;;;;;;15000;3;4;;;;;;;;NRP;NRP;NRP;NRP;1980;NRP;NRP;1982;NRP
1055;5393;;0;;;;;;;;;;;;;;;;;;;;;;;;;;;;;;;;;;;;;;;;;;;;;;;;;;;;;;;;;;;;;;;;;;;;;;;;;;;;;;;;;;;;;;;;;;;;;;;;;;;;;;;;;;;;;;;;;;;;;;;;;;;;;;;;;;;;;;;;;;;;;;;;;;;;;;;;;;;;;;;;;;;;;;;;;;;;;;;;;;;;;;;;;;;;;;;;;;;;;;;;;;;;;;;;;;;;;;;;;;;;;;;;;;;;;;;;;;;;;;;;;;;;;;;;;;;;;;;;;;;;;;;;;;;;;;;;;;;;;;;;;;20APR1972;7;2;3;2;2;3;;NRP;;;;2;0;0;1;0;1;TRIUMPH;675;STREET TRIPLE;ROADSTER;2;2009;10;2;1;2000;7;;;;;;;;;;;;;;;;;;;;;;;;;;;;;;;;;;;;;;;;;;;;;2000;4;3;;;;;;;;NRP;NRP;NRP;NRP;1998;NRP;NRP;1990;NRP
1630;5394;;0;;;;;;;;;;;;;;;;;;;;;;;;;;;;;;;;;;;;;;;;;;;;;;;;;;;;;;;;;;;;;;;;;;;;;;;;;;;;;;;;;;;;;;;;;;;;;;;;;;;;;;;;;;;;;;;;;;;;;;;;;;;;;;;;;;;;;;;;;;;;;;;;;;;;;;;;;;;;;;;;;;;;;;;;;;;;;;;;;;;;;;;;;;;;;;;;;;;;;;;;;;;;;;;;;;;;;;;;;;;;;;;;;;;;;;;;;;;;;;;;;;;;;;;;;;;;;;;;;;;;;;;;;;;;;;;;;;;;;;;;;;15MAR1957;3;2;3;2;4;4;2;NRP;;;;2;0;0;1;0;1;BMW;1200;R1200RT PACK;Routière / GT;2;2013;10;1;3;15000;7;;;;;;;;;;;;;;;;;;;;;;;;;;;;;;;;;;;;;;;;;;;;;15000;3;4;;;;;;;;NRP;NRP;NRP;NRP;2007;NRP;NRP;1976;NRP
1831;5396;;0;;;;;;;;;;;;;;;;;;;;;;;;;;;;;;;;;;;;;;;;;;;;;;;;;;;;;;;;;;;;;;;;;;;;;;;;;;;;;;;;;;;;;;;;;;;;;;;;;;;;;;;;;;;;;;;;;;;;;;;;;;;;;;;;;;;;;;;;;;;;;;;;;;;;;;;;;;;;;;;;;;;;;;;;;;;;;;;;;;;;;;;;;;;;;;;;;;;;;;;;;;;;;;;;;;;;;;;;;;;;;;;;;;;;;;;;;;;;;;;;;;;;;;;;;;;;;;;;;;;;;;;;;;;;;;;;;;;;;;;;;;18JAN1972;7;1;3;2;4;4;2;NRP;;;;2;0;0;2;0;2;YAMAHA;1200;XTZ SUPER TENERE;TRAIL / SUPERMOTARD;2;2011;37;1;2;15000;7;APRILIA;750;SHIVER GT;ROADSTER;2;2010;37;4;2;3000;7;;;;;;;;;;;;;;;;;;;;;;;;;;;;;;;;;;18000;3;4;;;;;;;;NRP;NRP;NRP;NRP;1990;NRP;NRP;1990;NRP
548;5397;50;1;0;5;;;;;;0;5;;;;;;1;4;NSP;;;;;0;3;;;;;;1;4;1994;;;;;0;2;;;;;;0;3;;;;;;1;4;2014;;;;;4;5;NSP;NSP;NSP;2014;;1;5;2009;;;;;0;4;;;;;;0;3;;;;;;1;4;NSP;;;;;1;4;2013;;;;;1;0;;;;;;;;;;;;;;;;0;0;6;0;24;1;21;5;1994;;1994;Vous circuliez sur un axe prioritaire. Un véhicule venant d’un axe non prioritaire vous a coupé la route.;4;;;;;;;un automobiliste de 75 ans venant en face de moi a décidé de faire demi tour en franchissant la  ligne continue.... J'ai été surpris de sa manœuvre et je n'ai pas eu le temps de l'éviter surtout que lorsque il m'a vu il est resté figé sur la route et n'a pas continué sa route ce qui m'aurai permis d'avoir plus de chance pour l'éviter.;surpris par la manœuvre brusque puis le fait que je ne pouvais pas me dégager sur ma droite car présence d'un bus et sur ma gauche car voiture venant sur la voie opposée;Lorsque j'ai vu que je ne pouvais plus l'éviter car il était figé au milieu de la voie plus le fait que sur ma droite il y avait un bus et sur ma gauche une voiture venant en sens inverse j'ai pris les freins au maximum et j'ai tenté de passer entre le véhicule figé et celui qui venait en sens inverse. Malheureusement c'était trop étroit et j'ai touché le véhicule figé au milieu de la voie ce qui m'a value de chuter lourdement.;NRP;0;;;bloqué de chaque coté par des véhicules et le véhicule de la personne agée qui est devant moi et qui n'avance plus.;2;1;2;;je pense que la personne agée a eu peur en me voyant et que c'est pour cela qu'elle n'a pas réagi;1;si l'automobiliste avait continué sa route, sans s'arrêté j'aurai pu continué la mienne sans percuté la voiture;2;3;6;;;;;;1;2;;;3;;vu qu'il y avait une ligne continue entre les deux voies de circulation il n'y avait aucune raison que la voiture fasse un demi tour soudainement;4;3;;;1;1;4;4;1;1;1;1;3;3;4;4;4;10;;;;;;;;;2;;;;;;;;;2;2;;2;2;1;1;0;100;0;0;0;2;;;;;;2;1;;;;2;1;1;3;4;;;;;1;1;2;1;3;;0;70;1;10;2;4;;;;;;;4;4;4;4;4;4;YAMAHA;1000;FZ-R EXUP;SPORTIVE;2;1;1;1;1;1;1;1;1;1;1;10000;12;4;1;KAWASAKI;750;"ZXR  ""STINGER""";SPORTIVE;2;2;4;29NOV1970;7;1;3;2;4;4;2;NRP;;;;1;0;1;2;0;3;BMW;1300;K1300R;ROADSTER;2;2011;37;2;1;8000;6;KAWASAKI;500;KLE;TRAIL / SUPERMOTARD;2;1992;37;1;2;10000;6;PIAGGIO;125;FLY;SCOOTER;2;2005;37;1;2;5000;6;;;;;;;;;;;;;;;;;;;;;;;23000;3;4;;;;;;;;NRP;NRP;NRP;NRP;1991;NRP;NRP;2007;NRP
169;5398;Pré test 2;1;0;4;;;;;;0;5;;;;;;1;5;2010;;;;;0;4;;;;;;0;5;;;;;;0;4;;;;;;0;3;;;;;;0;2;;;;;;1;6;2014;;;;;0;5;;;;;;0;6;;;;;;0;4;;;;;;0;4;;;;;;0;2;;;;;;0;;;;;;;;;;;;;;;;;;;0;0;5;1;11;3;2010;;2010;Vous remontiez une file de véhicules (à l’arrêt ou au ralenti) par la gauche. Un véhicule de cette file vous a coupé la route en tournant à gauche.;2;4;;;;;;Sur une voie à double sens, les véhicules dans le même sens que moi étaient au pas. Je remontais les véhicules de cette file en faisant attention de ne pas dépasser la ligne continue à la même vitesse que les autres véhicules. Plus loin (100m environ), la voie en un seul sens, se transformait en 2 voies, l'une pour tourner à gauche, l'autre pour aller tout droit ou à droite. A un moment, les voitures se sont mises à redémarrer. A cette instant, alors que je me trouvais à côté d'une d'entre elle au niveau du conducteur, celle-ci s'est décalée sur la gauche semble t'il pour se préparer à aller sur la file dédiée 100m plus loin. Le guidon de ma moto s'est accroché au niveau du rétro gauche du véhicule, entrainant une chute, se terminant sur la file en contre sens.  Heureusement, il n'y avait pas de véhicule venant en face. La chute a provoqué un peu de casse (sélecteur, top-bloc, béquille, rétro, casque,  ...) et des contusions.  En analysant après coup les conditions de l'accident, je me suis dit : - il aurait été préférable de mordre sur la ligne blanche, voire de rouler sur la file opposée, celà m'aurait laissé plus de distance entre les voitures et moi, ce que je fais dorénavant, - le sol est dur et heureusement que j'ai un bon équipement. Je me suis demandé s'il ne serait pas utile d'investir dans des protections au niveau des hanches et genoux (peux de constructeurs proposent des articles de ce genre) - la personne dans son véhicule n'a pas jeté un coup d'oeil sur sa gauche, alors que j'étais dans son champs de vision latéral.  Suite a cet accident, j'ai acheté un pantalon renforcé (ça peut toujours servir) et surtout pris l'habitude de m'écarter suffisamment de la file de voiture.;- il aurait été préférable de mordre sur la ligne blanche, voire de rouler sur la file opposée, celà m'aurait laissé plus de distance entre les voitures et moi, ce que je fais dorénavant, - le sol est dur et heureusement que j'ai un bon équipement. Je me;"Pas de réaction du tout car même si les vitesses étaient proches de 0 km/h, je ne pouvais de toute façon ni me déporter, ni freiner, ni accélérer.  Comme toujours dans ce genre de situation, personne ne s'arrête, ou pose la question ""est ce que ça va, je peux vous aider ?"" , personne n'ai sorti de son véhicule. Même la personne ayant provoqué l'accident a mis un temps certain à se décider de se mettre sur le côté droit et de sortir de son véhicule. Seule un piéton, me voyant par terre a eu la gentillesse de m'aider à relever la moto.";3;0;;;Le problème n'ai pas la réaction a avoir. Il ne pouvait pas y en avoir d'autre. Il aurait plutôt fallut, dans ce cas précis, anticiper, c'est à dire prévoir le fait que le véhicule pouvait se déporter (ou ouvrir sa portière pour aller chercher quelque chose dans son coffre). L'option serait soit de rester devant ou derrière le véhicule (en étant décalé mais pas sur le côté), soit de prévoir une marge latérale bien plus grande.;1;0;0;Aucune. Il souhaitait juste changer de file, sachant que la séparation des voies était 100m plus loin ...;1- Reconnaître ses tords (de ne pas avoir regarder dans ce cas précis) et arrêter d'être de mauvaise foi, 2- Apprendre a regarder partout dans son environnement, et ce qq soit le véhicule utilisé.;1;6;;;;;;;;;;;;1;;3;3;;;1;2;3;3;NSP;1;3;2;1;4;4;3;4;4;6;;;;;;;;2;2;;2;3;2;2;;;;;;;;;1;1;1;20;80;0;0;0;;4;1;;;;2;1;4;6;7;;;;;1;0;1;1;1;2;0;10;1;10;2;3;4;7;;;;;4;4;4;4;4;4;SUZUKI;600;GSR;8377;ROADSTER;SUZUKI, 600 GSR;1;2;1;1;1;1;1;1;1;6000;12;3;0;;;;;;;;;;;;;09JAN1970;5;2;3;2;4;4;2;NRP;;;;2;2;0;2;0;2;SUZUKI;600;GSR;ROADSTER;2;2010;33;2;2;6000;4;KAWASAKI;650;ER-6  F;Routière / GT;2;2010;33;4;1;2500;4;;;;;;;;;;;;;;;;;;;;;;;;;;;;;;;;;;8500;3;4;;;;;;;;NRP;NRP;NRP;NRP;2010;NRP;NRP;1988;NRP
2090;5399;;1;0;5;;;;;;0;3;;;;;;0;3;;;;;;1;3;2007;;;;;0;3;;;;;;0;6;;;;;;1;3;2005;;;;;0;5;;;;;;0;6;;;;;;1;5;NSP;;;;;0;4;;;;;;0;2;;;;;;0;5;;;;;;0;4;;;;;;0;;;;;;;;;;;;;;;;;;;0;2;9;1;16;4;2007;;;;;;;;;;;;;;;;;;;;;;;;;;;;;;;;;;;;;;;;;;;;;;;;;;;;;;;;;;;;;;;;;;;;;;;;;;;;;;;;;;;;;;;;;;;;;;;;;;;;;;;;;;;;;;;;;;;;;;;;;;;;;;;;;;;;;;;;;;;;;;;;;;;;;;;;;;;;;;16JUL1981;8;1;3;2;2;3;;NRP;;;;1;0;0;2;0;1;SUZUKI;750;GSX-F;Routière / GT;2;1997;37;2;2;5000;7;;;;;;;;;;;;;;;;;;;;;;;;;;;;;;;;;;;;;;;;;;;;;5000;3;4;;;;;;;;NRP;NRP;NRP;NRP;2006;NRP;NRP;2000;NRP
391;5400;429;1;0;3;;;;;;0;2;;;;;;0;4;;;;;;0;2;;;;;;0;6;;;;;;0;2;;;;;;0;3;;;;;;0;4;;;;;;1;5;2013;;;;;0;5;;;;;;0;3;;;;;;0;1;;;;;;0;4;;;;;;0;3;;;;;;0;;;;;;;;;;;;;;;;;;;0;0;5;1;41;9;2013;;2013;Vous avez fait une sortie de route, une perte de contrôle ou une glissade sans rien percuter.;1;;;;;;;A la sortie d'un carrefour giratoire, j'ai glissé sur une trace d'huile provenant d'un véhicule qui avait eu un accident la veille. La trace d'huile se propage sur plusieurs dizaines de mètre. La moto a quant à elle glissé sur quelques mètres.;Une trace d'huile sur la route qui a entraîné une perte de contrôle du véhicule;Aucune réaction de ma part, j'ai juste eu le temps de m'enlever de la moto pour éviter de partir en glissade avec elle. Ensuite, la priorité a été de relever la moto et de la dégager de la route car elle perdait de l'huile.;AUT|Je n'ai pas eu le réfléxe;1;NRP;NRP;;2;0;;;;;;1;5;;;;;;2;;;;1;;;J'ai eu peur qu'un autre véhicule arrive et me percute;3;3;;;4;2;3;3;3;1;1;1;4;3;3;4;4;4;7;;;;;;;;1;3;5;;;;;;;2;2;;2;3;1;1;70;0;0;30;0;2;;;;;;1;6;;;;1;;;;;;;;;;;1;1;3;;0;40;1;10;2;3;5;;;;;;4;3;3;1;3;4;KAWASAKI;750;Z 750-N IE ABS;ROADSTER;2;0;2;2;1;1;1;1;2;1;2;40000;11;4;0;;;;;;;;09NOV1989;7;2;3;2;2;3;;NRP;;;;2;0;0;1;0;1;KAWASAKI;750;Z 750-N IE;ROADSTER;2;2004;28;2;1;10000;7;;;;;;;;;;;;;;;;;;;;;;;;;;;;;;;;;;;;;;;;;;;;;10000;4;3;;;;;;;;NRP;NRP;NRP;NRP;2009;NRP;NRP;2007;NRP
1638;5402;;0;;;;;;;;;;;;;;;;;;;;;;;;;;;;;;;;;;;;;;;;;;;;;;;;;;;;;;;;;;;;;;;;;;;;;;;;;;;;;;;;;;;;;;;;;;;;;;;;;;;;;;;;;;;;;;;;;;;;;;;;;;;;;;;;;;;;;;;;;;;;;;;;;;;;;;;;;;;;;;;;;;;;;;;;;;;;;;;;;;;;;;;;;;;;;;;;;;;;;;;;;;;;;;;;;;;;;;;;;;;;;;;;;;;;;;;;;;;;;;;;;;;;;;;;;;;;;;;;;;;;;;;;;;;;;;;;;;;;;;;;;;05MAR1963;7;2;3;2;2;3;;NRP;;;;1;1;0;1;0;1;HONDA;1200;CROSSTOURER DCT;TRAIL / SUPERMOTARD;2;2012;28;2;2;8000;7;;;;;;;;;;;;;;;;;;;;;;;;;;;;;;;;;;;;;;;;;;;;;8000;3;4;;;;;;;;NRP;NRP;NRP;NRP;1982;NRP;NRP;1981;NRP
326;5404;;1;0;5;;;;;;1;5;2009;;;;;1;5;2009;;;;;0;1;;;;;;0;3;;;;;;0;4;;;;;;0;4;;;;;;0;5;;;;;;0;4;;;;;;1;5;2011;;;;;0;6;;;;;;0;3;;;;;;0;3;;;;;;0;5;;;;;;1;1;2008;;;;;narbonne;;;;;un véhicule m'a percuté par l'arrière en pensant que j'allais m'engager dans un giratoire;;;;;0;0;2;0;10;1;46;10;2011;;;;;;;;;;;;;;;;;;;;;;;;;;;;;;;;;;;;;;;;;;;;;;;;;;;;;;;;;;;;;;;;;;;;;;;;;;;;;;;;;;;;;;;;;;;;;;;;;;;;;;;;;;;;;;;;;;;;;;;;;;;;;;;;;;;;;;;;;;;;;;;;;;;;;;;;;;;;;;02JUN1972;7;2;3;2;3;4;1;NRP;;;;2;0;0;1;0;1;BMW;650;F650ST STRADA;ROADSTER;2;1998;16;2;2;13000;7;;;;;;;;;;;;;;;;;;;;;;;;;;;;;;;;;;;;;;;;;;;;;13000;4;3;;;;;;;;NRP;NRP;NRP;NRP;2009;NRP;NRP;1993;NRP
279;5405;435;1;0;5;;;;;;0;3;;;;;;1;5;1997;;;;;0;5;;;;;;0;5;;;;;;0;2;;;;;;0;4;;;;;;1;4;2001;;;;;1;3;1997;;;;;0;5;;;;;;0;6;;;;;;0;3;;;;;;0;3;;;;;;0;4;;;;;;0;;;;;;;;;;;;;;;;;;;5;0;14;1;11;3;1997;;1997;Vous remontiez une file de véhicules (à l’arrêt ou au ralenti) par la gauche. Un véhicule de cette file vous a coupé la route en tournant à gauche.;2;6;;;;;;Je remontais 1 file de voiture à l'arrêt, en agglomération. J'avais le soleil de face et celui ci était bas (fin d'après-midi). De plus la première voiture ne dépassait pas sur la gauche par rapport à celles qui la suivaient. Ceci m'a empêché de voir qu'à priori la 1ere voiture avait mis son clignotant pour tourner à gauche. Elle n'a pas regardé son rétroviseur avant de tourner. Jai essayé de l'éviter en tournant avec elle mais je n'ai pas réussi et j'ai tapé son aile avant gauche. Je suis tombé et j'ai glissé sur le dos. La glissade s'est terminé lorsque mon casque a tapé le trottoir. Heureusement pour moi je ne roulais pas très vite et je m'en suis tiré avec juste quelques douleurs au cou pendant quelques jours. Mon passager lui n'a rien eu.;Le manque de visibilité et le manque d'attention de la voiture qui tournait (et peut être aussi un peu le mien!).;Lorsque j'ai vu la voiture commencer à tourner j'ai tourné avec elle mais je n'ai pu éviter le choc. La conductrice de la voiture n'a rien vu et a stoppé sa manœuvre qu'au moment du choc.;NRP;1;J'aurais pu être plus attentif et voir le clignotant ou deviner que si la voiture était arrêtée à 1 intersection c'était pour tourner.;Je n'ai pas vu le clignotant et ayant 16ans, sans formation préalable et sans grande expérience de la route je n'ai pas pu analyser complétement la situation.;;2;1;2;;Je pense qu'ayant mis le clignotant la conductrice ne pensait pas qu'un 2 roues passerait.;2;NRP;1;6;;;;;;1;;;;;2;;Le souffle qui s'arrête en attendant la suite.;2;3;;;2;2;3;3;3;1;1;1;1;3;4;4;4;7;;;;;;;;;2;;;;;;;;;2;2;;2;1;1;1;40;40;0;0;20;1;AUT|à l'époque, pas de BSR ou autre formation pour conduire un 2 roues;;;;;4;1;;;;1;;;;;;;;;;;1;1;3;;1;40;1;10;2;5;;;;;;;4;4;4;4;4;4;PIAGGIO;50;NRG;SCOOTER;null;1;1;1;1;1;1;1;1;1;1;NSP;NSP;3;0;;;;;;;;25APR1981;8;1;3;2;2;3;;NRP;;;;3;0;0;1;0;1;YAMAHA;1000;FZ1 FAZER;ROADSTER;2;2009;37;4;1;6000;7;;;;;;;;;;;;;;;;;;;;;;;;;;;;;;;;;;;;;;;;;;;;;6000;4;3;;;;;;;;NRP;NRP;NRP;NRP;2000;NRP;NRP;2000;NRP