Ligne;Ligne Q qualif;Ligne approfondissement Accident;ACCIDENT;NBACC1;ACCFREQUENCE1;ANNEEACC1_1;ANNEEACC1_2;ANNEEACC1_3;ANNEEACC1_4;ANNEEACC1_5;NBACC2;ACCFREQUENCE2;ANNEEACC2_1;ANNEEACC2_2;ANNEEACC2_3;ANNEEACC2_4;ANNEEACC2_5;NBACC3;ACCFREQUENCE3;ANNEEACC3_1;ANNEEACC3_2;ANNEEACC3_3;ANNEEACC3_4;ANNEEACC3_5;NBACC4;ACCFREQUENCE4;ANNEEACC4_1;ANNEEACC4_2;ANNEEACC4_3;ANNEEACC4_4;ANNEEACC4_5;NBACC5;ACCFREQUENCE5;ANNEEACC5_1;ANNEEACC5_2;ANNEEACC5_3;ANNEEACC5_4;ANNEEACC5_5;NBACC6;ACCFREQUENCE6;ANNEEACC6_1;ANNEEACC6_2;ANNEEACC6_3;ANNEEACC6_4;ANNEEACC6_5;NBACC7;ACCFREQUENCE7;ANNEEACC7_1;ANNEEACC7_2;ANNEEACC7_3;ANNEEACC7_4;ANNEEACC7_5;NBACC8;ACCFREQUENCE8;ANNEEACC8_1;ANNEEACC8_2;ANNEEACC8_3;ANNEEACC8_4;ANNEEACC8_5;NBACC9;ACCFREQUENCE9;ANNEEACC9_1;ANNEEACC9_2;ANNEEACC9_3;ANNEEACC9_4;ANNEEACC9_5;NBACC10;ACCFREQUENCE10;ANNEEACC10_1;ANNEEACC10_2;ANNEEACC10_3;ANNEEACC10_4;ANNEEACC10_5;NBACC11;ACCFREQUENCE11;ANNEEACC11_1;ANNEEACC11_2;ANNEEACC11_3;ANNEEACC11_4;ANNEEACC11_5;NBACC12;ACCFREQUENCE12;ANNEEACC12_1;ANNEEACC12_2;ANNEEACC12_3;ANNEEACC12_4;ANNEEACC12_5;NBACC13;ACCFREQUENCE13;ANNEEACC13_1;ANNEEACC13_2;ANNEEACC13_3;ANNEEACC13_4;ANNEEACC13_5;NBACC14;ACCFREQUENCE14;ANNEEACC14_1;ANNEEACC14_2;ANNEEACC14_3;ANNEEACC14_4;ANNEEACC14_5;AUTRESACC;NBAUTRESACC;ANNEEAUTREACC1;ANNEEAUTREACC2;ANNEEAUTREACC3;ANNEEAUTREACC4;ANNEEAUTREACC5;LIEUAUTREACC1;LIEUAUTREACC2;LIEUAUTREACC3;LIEUAUTREACC4;LIEUAUTREACC5;DESCRIPTIONAUTRESACC1;DESCRIPTIONAUTRESACC2;DESCRIPTIONAUTRESACC3;DESCRIPTIONAUTRESACC4;DESCRIPTIONAUTRESACC5;NBAUTRESACCCIRCUIT;NBAUTRESTOUTTERRAIN;EXPCYCLO;EXP125;EXPSUP125;ACCORDNEXTQ;CHOIXACC;RGPMTACC;RECUPANNEE;RECUPLIEU;RECUPANNE;RGPMTAC;CHOIX1;CHOIX2;CHOIX3;CHOIX4;CHOIX5;CHOIX6;CHOIX7;DESCRIPTION;RUPTURE;FAITS;ABS_REACTION;AUTRE_REACTION;PRECISIONREACTIONOUI;RECUL;PRECISIONREACTIONNON;IMPACTCOMPORTEMENT;AUTREUSAGER;REACTIONAUTREUSAGER;CONNAISSANCEREACTIONUSAGER;DIFFICULTES;AGGRAVATION;DIFFICULTES2;EMOTIONS1;EMOTIONS2;EMOTIONS3;EMOTIONS4;EMOTIONS5;EMOTIONS6;AUTRESENTIMENT;CLASSEMENTEMOTIONS1;CLASSEMENTEMOTIONS;CLASSEMENTEMOTIONS5;CLASSEMENTEMOTIONS6;CLASSEMENTEMOTIONS7;CLASSEMENTEMOTIONS8;CLASSEMENTEMOTIONS9;EXPLICATIONRESSENTI;BIENEQUIPE;ALLURE;ALLUREVITEDETAIL;ALLURELENTEDETAIL;SITUATIONPRESSE;SITUATIONDISTRAIT;SITUATIONCONFIANT;SITUATIONCONTROLE;SITUATIONLUDIQUE;SITUATIONPERF;SITUATIONSTRESS;SITUATIONFATIGUE;HUMEURNEUTRE;HUMEURGAI;HUMEURMECONTENT;HUMEURTRISTE;HUMEURCOLERE;CONTRIBUTION1;CONTRIBUTION2;CONTRIBUTION3;CONTRIBUTION4;CONTRIBUTION5;CONTRIBUTION6;CONTRIBUTION7;CONTRIBUTION8;CONTRIBUTION9;ROLEINFRA;ELEMENTINFRA1;ELEMENTINFRA2;ELEMENTINFRA3;ELEMENTINFRA4;ELEMENTINFRA5;ELEMENTINFRA6;ELEMENTINFRA7;ELEMENTINFRA8;ELEMENTINFRA9;ALCOOL;TXALCOOL;STUP;SEMAINE;MOMENTJOURNEE;TEMPS;CAUSEACC1;CAUSEACC2;CAUSEACC3;CAUSEACC4;CAUSEACC5;FORMATIONCAUSE;FORMATION1;FORMATION2;FORMATION3;FORMATION4;FORMATION5;TRAFIC;CHAUSSEE1;CHAUSSEE2;CHAUSSEE3;CHAUSSEE4;TYPEACC;BLESSURE;TETE;COU;THORAX;MEMBRESSUP;COLONNE;BASSIN;MEMBRESINF;HOPITAL;PLUS24H;TRAJET;TYPEROUTE;MOTIF;SENSTRAJET;PASSAGER;VITESSE;DESCEQ1;DESCEQ2;DESCEQ3;DESCEQ4;DESCEQ5;DESCEQ6;DESCEQ7;DESCEQ8;DESCEQ9;DESCEQ10;VEHICULEETE;VEHICULEAUTOMNE;VEHICULEPRINTEMPS;VEHICULEHIVER;VEHICULESEMAINE;VEHICULEWE;VEHMARQUE;VEHCYLINDREE;VEHMODELE;VEHSEGMENT;VEHSIDE;EQ2RMABS;EQ2RMCBS;EQ2RMABSCBS;EQ2RMREGULATEUR;EQ2RMLIMITEUR;EQ2RMPHARESDIRECT;EQ2RMCOUPURE;EQ2RMANTIPATINAGE;EQ2RMANTIXHEELING;EQ2RMSTABILILTE;VEHKM;POINTS;DUREE;AUTRE2RM;VEHPRECMARQUE;VEHPRECCYLINDREE;VEHPRECMODELE;VEHPRECSEGMENT;VEHPRECSIDE;TEMPS2RMPREC;FREQVEHPREC;DATE_NAISS;CSP;SOCIETAIRE;SALARIE;SECTEUR2RM;NBPERSFOYER;SITFAM;NBENF;TRNBENF1;TRNBENF2;TRNBENF3;TRNBENF4;NBAUTOFOYER;NBCYCLOFOYER;NBSCOOTFOYER;NBMOTOFOYER;NBTRIKEFOYER;NB2RMCONDUIT;MARQUE1;CYLINDREE1;MODELE1;SEGMENT1;SIDE1;ANMISECIRCU1;ASS1;FREQ1;USAGE1;NBKM1;GARAGE1;MARQUE2;CYLINDREE2;MODELE2;SEGMENT2;SIDE2;ANMISECIRCU2;ASS2;FREQ2;USAGE2;NBKM2;GARAGE2;MARQUE3;CYLINDREE3;MODELE3;SEGMENT3;SIDE3;ANMISECIRCU3;ASS3;FREQ3;USAGE3;NBKM3;GARAGE3;MARQUE4;CYLINDREE4;MODELE4;SEGMENT4;SIDE4;ANMISECIRCU4;ASS4;FREQ4;USAGE4;NBKM4;GARAGE4;MARQUE5;CYLINDREE5;MODELE5;SEGMENT5;SIDE5;ANMISECIRCU5;ASS5;FREQ5;USAGE5;NBKM5;GARAGE5;NBKMTOT;PERMIS1;PERMIS2;PERMIS3;PERMIS4;PERMIS5;PERMIS6;PERMIS7;PERMIS8;PERMIS9;ANPERMIS1;ANPERMIS6;ANPERMIS7;ANPERMIS2;ANPERMIS3;ANPERMIS8;ANPERMIS9;ANPERMIS4;ANPERMIS5
395;5406;169;1;0;3;;;;;;0;3;;;;;;0;3;;;;;;0;3;;;;;;0;4;;;;;;0;4;;;;;;0;3;;;;;;0;4;;;;;;1;4;2005;;;;;0;3;;;;;;0;5;;;;;;0;4;;;;;;0;2;;;;;;0;2;;;;;;1;1;2013;;;;;Suisse;;;;;Chute sur un parking moto. Dommages sur 2 autres motos (effet domino);;;;;0;0;7;0;10;1;41;9;2005;;2005;Vous avez fait une sortie de route, une perte de contrôle ou une glissade sans rien percuter.;1;2;;;;;;Permis moto depuis quelques mois, je circule sur route normande secondaire mouillée. Mon épouse est passagère. Courbe en S droite-gauche. Je vois tardivement qu'elle débouche sur une autre route perpendiculaire prioritaire et que je dois m'arrêter à un stop. J'hésite à freiner brusquement en courbe, met la roue avant dans l'herbe et hop! au tas. Pas de blessure mais mon épouse a eu mal au genou quelques jours. On redresse la moto, béquille, je remonte sur la moto et... rechute sur l'autre côté: la moto était trop à la verticale et j'ai basculé du côté opposé à la béquille. Pas de bobo à l'exception de l'ego du motard qui en a pris un bon coup.;Je n'ai pas vu le panneau annonçant le stop. Bien que roulant à vitesse modérée (j'avais 50 ans et aucune envie de nous faire mal) j'ai eu peur de freiner fermement en courbe sur route mouillée J'ai fixé mon regard dans la direction où je ne voulais pas aller. J'étais tellement honteux que je n'ai pas pris assez de précaution pour remonter sur la moto d'où la deuxième chute.;Nous étions seuls sur la route et il n'y a pas eu de collision. Je ne me souviens pas d'avoir rétrogradé, mais je crois que non. Je devais être en troisième.J'ai essayé de freiner à l'économie. Je pense que cela aurait été suffisant pour nous arrêter tout juste. L'erreur fondamentale était dans le regard porté sur la mauvaise direction. Mon épouse n'a pas fait de faux mouvement et a accompagné la chute.;NRP;1;Regarder dans la bonne direction (j'ai toujours du mal à le faire en situation stressante) Etre plus attentif aux panneaux de signalisation même quand on se promène. Faire davantage confiance à l'ABS.;Manque d'expérience. Depuis nous avons parcouru entre 50 et 60000km. Les seuls autres événements ont été des chutes à l'arrêt.;;2;0;;;;;;1;6;;;;;;1;;;;;2;;J'ai eu peur: d'une collision car je ne voyais pas s'il un autre véhicule circulait sur a route prioritaire que nous nous blessions;4;1;1;;1;2;3;3;1;1;2;1;1;4;3;4;4;4;7;;;;;;;;2;;;;;;;;;2;2;;2;1;1;2;100;0;0;0;0;2;;;;;;AUT|Nul;2;;;;1;;;;;;;;;;;3;2;3;;1;50;1;2;3;4;7;9;;;;;2;2;2;2;NRP;3;HONDA;650;DEAUVILLE;Routière / GT;2;1;1;0;1;1;1;2;1;1;1;5000;12;1;0;;;;;;;;14JUL1954;5;2;3;2;2;3;;NRP;;;;1;0;0;1;0;1;BMW;1600;K1600GTL PACK 1 ET SECURITE;Routière / GT;2;2012;40;3;1;6000;6;;;;;;;;;;;;;;;;;;;;;;;;;;;;;;;;;;;;;;;;;;;;;6000;2;3;4;;;;;;;NRP;NRP;NRP;1973;2004;NRP;NRP;1973;NRP
345;5410;;1;0;3;;;;;;0;4;;;;;;0;3;;;;;;0;3;;;;;;0;3;;;;;;0;2;;;;;;0;4;;;;;;0;3;;;;;;1;4;2001;;;;;0;1;;;;;;0;1;;;;;;0;2;;;;;;0;3;;;;;;0;2;;;;;;0;;;;;;;;;;;;;;;;;;;0;0;14;1;41;9;2001;;;;;;;;;;;;;;;;;;;;;;;;;;;;;;;;;;;;;;;;;;;;;;;;;;;;;;;;;;;;;;;;;;;;;;;;;;;;;;;;;;;;;;;;;;;;;;;;;;;;;;;;;;;;;;;;;;;;;;;;;;;;;;;;;;;;;;;;;;;;;;;;;;;;;;;;;;;;;;01SEP1979;7;1;3;2;1;1;;NRP;;;;1;0;0;1;0;1;SUZUKI;650;SV-N;ROADSTER;2;1999;37;3;1;6000;7;;;;;;;;;;;;;;;;;;;;;;;;;;;;;;;;;;;;;;;;;;;;;6000;4;3;;;;;;;;NRP;NRP;NRP;NRP;2002;NRP;NRP;1997;NRP
2064;5411;;1;0;5;;;;;;0;4;;;;;;0;6;;;;;;0;6;;;;;;1;4;2013;;;;;2;4;2013;2013;;;;0;3;;;;;;0;5;;;;;;0;4;;;;;;0;6;;;;;;0;5;;;;;;0;3;;;;;;0;3;;;;;;0;5;;;;;;1;1;2013;;;;;Marseille;;;;;J'étais sur un axe non prioritaire avec un panneau stop. Je me trouvais sur cet axe, à 1m50 derrière une voiture elle même arrêtée au stop. La conductrice s'est alors engagée puis voyant arrivée une voiture en sens inverse s'est mise à reculer pour se replacer à l'endroit ou elle avait marqué le stop. Lors de cette manoeuvre cette dame est venue percuter l'avant de la moto car je n'ai pas pu reculer ni anticiper sa manoeuvre.;;;;;0;0;0;0;15;1;21;5;2013;;;;;;;;;;;;;;;;;;;;;;;;;;;;;;;;;;;;;;;;;;;;;;;;;;;;;;;;;;;;;;;;;;;;;;;;;;;;;;;;;;;;;;;;;;;;;;;;;;;;;;;;;;;;;;;;;;;;;;;;;;;;;;;;;;;;;;;;;;;;;;;;;;;;;;;;;;;;;;08OCT1970;5;1;3;2;4;4;2;NRP;;;;2;1;0;1;0;2;BMW;1200;R1200GS ADVENTURE ABS PACK;TRAIL / SUPERMOTARD;2;2010;37;1;2;18000;7;VESPA;50;SPECIAL;SCOOTER;2;1970;37;3;1;1000;7;;;;;;;;;;;;;;;;;;;;;;;;;;;;;;;;;;19000;2;4;;;;;;;;NRP;NRP;NRP;1995;NRP;NRP;NRP;1995;NRP
2180;5413;;1;0;6;;;;;;0;6;;;;;;0;6;;;;;;0;6;;;;;;0;6;;;;;;0;6;;;;;;0;6;;;;;;0;6;;;;;;0;6;;;;;;0;6;;;;;;0;6;;;;;;0;2;;;;;;0;3;;;;;;0;5;;;;;;1;1;1980;;;;;Le castellet;;;;;A un STOP, la moto devant moi a avancé et a marqué le stop. J'ai pensé qu'elle demarrait, j'ai regardé la route à gauche, et j'ai démarré et percuté (doucement) la moto devant.;;;;;0;0;0;0;37;0;;NRP;;;;;;;;;;;;;;;;;;;;;;;;;;;;;;;;;;;;;;;;;;;;;;;;;;;;;;;;;;;;;;;;;;;;;;;;;;;;;;;;;;;;;;;;;;;;;;;;;;;;;;;;;;;;;;;;;;;;;;;;;;;;;;;;;;;;;;;;;;;;;;;;;;;;;;;;;;;;;;;14JUL1952;5;1;3;2;1;1;;NRP;;;;0;0;0;2;0;2;BMW;1200;R1200GS;TRAIL / SUPERMOTARD;2;2010;37;3;1;15000;6;PANDA;1000;K1 SIDE-CAR;SIDE-CAR / TRIKE;1;1992;37;4;1;5000;6;;;;;;;;;;;;;;;;;;;;;;;;;;;;;;;;;;20000;3;4;;;;;;;;NRP;NRP;NRP;NRP;1971;NRP;NRP;1978;NRP
2208;5414;;1;0;3;;;;;;0;4;;;;;;0;4;;;;;;0;2;;;;;;1;3;1983;;;;;0;4;;;;;;0;4;;;;;;0;5;;;;;;1;5;1986;;;;;1;5;1987;;;;;0;5;;;;;;0;2;;;;;;0;3;;;;;;0;2;;;;;;0;;;;;;;;;;;;;;;;;;;3;1;37;1;41;9;1986;;;;;;;;;;;;;;;;;;;;;;;;;;;;;;;;;;;;;;;;;;;;;;;;;;;;;;;;;;;;;;;;;;;;;;;;;;;;;;;;;;;;;;;;;;;;;;;;;;;;;;;;;;;;;;;;;;;;;;;;;;;;;;;;;;;;;;;;;;;;;;;;;;;;;;;;;;;;;;24SEP1958;5;1;3;2;1;1;;NRP;;;;1;0;0;3;0;3;DUCATI;1000;GT;ROADSTER;2;2009;37;1;2;25000;7;BIMOTA;1100;DB6 DELIRIO;ROADSTER;2;2008;37;3;1;3000;7;BETAMOTOR;250;EVO 2T;TOUT TERRAIN (TRIAL, ENDURO, CROSS);2;2010;37;4;1;500;7;;;;;;;;;;;;;;;;;;;;;;;28500;3;4;;;;;;;;NRP;NRP;NRP;NRP;1977;NRP;NRP;1977;NRP
821;5416;;1;0;1;;;;;;0;2;;;;;;0;5;;;;;;0;1;;;;;;0;4;;;;;;0;4;;;;;;0;2;;;;;;0;4;;;;;;1;3;2012;;;;;0;2;;;;;;0;2;;;;;;0;4;;;;;;1;4;2012;;;;;1;4;2012;;;;;0;;;;;;;;;;;;;;;;;;;5;3;1;0;;NRP;;;;;;;;;;;;;;;;;;;;;;;;;;;;;;;;;;;;;;;;;;;;;;;;;;;;;;;;;;;;;;;;;;;;;;;;;;;;;;;;;;;;;;;;;;;;;;;;;;;;;;;;;;;;;;;;;;;;;;;;;;;;;;;;;;;;;;;;;;;;;;;;;;;;;;;;;;;;;;;14NOV1995;10;2;3;2;3;5;0;NRP;;;;4;1;0;1;0;1;PIAGGIO;125;BEVERLY IE;SCOOTER;2;2012;33;1;2;8000;5;;;;;;;;;;;;;;;;;;;;;;;;;;;;;;;;;;;;;;;;;;;;;8000;2;;;;;;;;;NRP;NRP;NRP;2012;NRP;NRP;NRP;NRP;NRP
21;5421;;0;;;;;;;;;;;;;;;;;;;;;;;;;;;;;;;;;;;;;;;;;;;;;;;;;;;;;;;;;;;;;;;;;;;;;;;;;;;;;;;;;;;;;;;;;;;;;;;;;;;;;;;;;;;;;;;;;;;;;;;;;;;;;;;;;;;;;;;;;;;;;;;;;;;;;;;;;;;;;;;;;;;;;;;;;;;;;;;;;;;;;;;;;;;;;;;;;;;;;;;;;;;;;;;;;;;;;;;;;;;;;;;;;;;;;;;;;;;;;;;;;;;;;;;;;;;;;;;;;;;;;;;;;;;;;;;;;;;;;;;;;;18FEB1965;7;1;3;2;5;4;3;NRP;;;;1;0;0;1;0;1;BMW;1100;R1100R;ROADSTER;2;1996;37;1;2;22000;7;;;;;;;;;;;;;;;;;;;;;;;;;;;;;;;;;;;;;;;;;;;;;22000;4;3;2;;;;;;;NRP;NRP;NRP;1983;1999;NRP;NRP;1983;NRP
1329;5423;;1;0;3;;;;;;0;4;;;;;;0;3;;;;;;0;5;;;;;;0;4;;;;;;0;3;;;;;;0;3;;;;;;0;4;;;;;;1;5;2003;;;;;0;4;;;;;;1;4;2008;;;;;0;2;;;;;;1;3;1988;;;;;1;3;2002;;;;;0;;;;;;;;;;;;;;;;;;;3;3;17;1;51;11;2008;;;;;;;;;;;;;;;;;;;;;;;;;;;;;;;;;;;;;;;;;;;;;;;;;;;;;;;;;;;;;;;;;;;;;;;;;;;;;;;;;;;;;;;;;;;;;;;;;;;;;;;;;;;;;;;;;;;;;;;;;;;;;;;;;;;;;;;;;;;;;;;;;;;;;;;;;;;;;;26SEP1971;7;2;3;2;4;4;2;NRP;;;;1;1;1;0;0;1;HONDA;400;SW-T ABS;SCOOTER;2;2011;31;1;2;14000;7;;;;;;;;;;;;;;;;;;;;;;;;;;;;;;;;;;;;;;;;;;;;;14000;4;3;;;;;;;;NRP;NRP;NRP;NRP;1992;NRP;NRP;2006;NRP
1091;5424;;0;;;;;;;;;;;;;;;;;;;;;;;;;;;;;;;;;;;;;;;;;;;;;;;;;;;;;;;;;;;;;;;;;;;;;;;;;;;;;;;;;;;;;;;;;;;;;;;;;;;;;;;;;;;;;;;;;;;;;;;;;;;;;;;;;;;;;;;;;;;;;;;;;;;;;;;;;;;;;;;;;;;;;;;;;;;;;;;;;;;;;;;;;;;;;;;;;;;;;;;;;;;;;;;;;;;;;;;;;;;;;;;;;;;;;;;;;;;;;;;;;;;;;;;;;;;;;;;;;;;;;;;;;;;;;;;;;;;;;;;;;;03AUG1972;4;1;3;2;4;4;2;NRP;;;;2;0;1;1;0;1;HONDA;1000;CBF-F C-ABS;ROADSTER;2;2012;37;1;2;7000;7;;;;;;;;;;;;;;;;;;;;;;;;;;;;;;;;;;;;;;;;;;;;;7000;3;4;5;;;;;;;NRP;NRP;NRP;NRP;2011;NRP;NRP;1991;2010
881;5425;;0;;;;;;;;;;;;;;;;;;;;;;;;;;;;;;;;;;;;;;;;;;;;;;;;;;;;;;;;;;;;;;;;;;;;;;;;;;;;;;;;;;;;;;;;;;;;;;;;;;;;;;;;;;;;;;;;;;;;;;;;;;;;;;;;;;;;;;;;;;;;;;;;;;;;;;;;;;;;;;;;;;;;;;;;;;;;;;;;;;;;;;;;;;;;;;;;;;;;;;;;;;;;;;;;;;;;;;;;;;;;;;;;;;;;;;;;;;;;;;;;;;;;;;;;;;;;;;;;;;;;;;;;;;;;;;;;;;;;;;;;;;25MAY1963;12;2;3;2;5;4;3;NRP;;;;2;0;0;2;0;1;SUZUKI;650;GLADIUS;ROADSTER;2;2010;18;2;1;8000;7;;;;;;;;;;;;;;;;;;;;;;;;;;;;;;;;;;;;;;;;;;;;;8000;4;3;;;;;;;;NRP;NRP;NRP;NRP;1992;NRP;NRP;1984;NRP
660;5431;;1;0;3;;;;;;0;3;;;;;;0;3;;;;;;0;3;;;;;;0;5;;;;;;0;3;;;;;;0;4;;;;;;0;4;;;;;;0;4;;;;;;0;3;;;;;;0;3;;;;;;0;3;;;;;;1;4;2009;;;;;0;3;;;;;;0;;;;;;;;;;;;;;;;;;;3;2;13;1;61;13;2009;;;;;;;;;;;;;;;;;;;;;;;;;;;;;;;;;;;;;;;;;;;;;;;;;;;;;;;;;;;;;;;;;;;;;;;;;;;;;;;;;;;;;;;;;;;;;;;;;;;;;;;;;;;;;;;;;;;;;;;;;;;;;;;;;;;;;;;;;;;;;;;;;;;;;;;;;;;;;;14JUN1960;7;1;3;2;1;1;;NRP;;;;1;0;0;1;0;1;HARLEY-DAVIDSON;1450;DYNA STREET BOB;CUSTOM;2;2006;37;2;2;7000;7;;;;;;;;;;;;;;;;;;;;;;;;;;;;;;;;;;;;;;;;;;;;;7000;2;3;4;;;;;;;NRP;NRP;NRP;1980;2002;NRP;NRP;1980;NRP
2183;5432;;1;0;3;;;;;;0;5;;;;;;0;5;;;;;;0;5;;;;;;0;5;;;;;;0;4;;;;;;0;6;;;;;;0;5;;;;;;1;5;1998;;;;;1;4;2000;;;;;1;5;2001;;;;;0;2;;;;;;0;3;;;;;;0;3;;;;;;0;;;;;;;;;;;;;;;;;;;0;2;16;1;51;11;2001;;;;;;;;;;;;;;;;;;;;;;;;;;;;;;;;;;;;;;;;;;;;;;;;;;;;;;;;;;;;;;;;;;;;;;;;;;;;;;;;;;;;;;;;;;;;;;;;;;;;;;;;;;;;;;;;;;;;;;;;;;;;;;;;;;;;;;;;;;;;;;;;;;;;;;;;;;;;;;06JUN1973;5;2;3;2;5;4;3;NRP;;;;1;0;0;1;0;1;BMW;1100;R1100S ABS;Routière / GT;2;2000;18;2;2;8000;7;;;;;;;;;;;;;;;;;;;;;;;;;;;;;;;;;;;;;;;;;;;;;8000;3;4;;;;;;;;NRP;NRP;NRP;NRP;1997;NRP;NRP;1991;NRP
458;5434;;1;1;3;2010;;;;;1;6;2010;;;;;0;5;;;;;;0;2;;;;;;0;4;;;;;;0;6;;;;;;0;4;;;;;;0;5;;;;;;0;6;;;;;;0;1;;;;;;0;1;;;;;;0;3;;;;;;0;4;;;;;;0;1;;;;;;0;;;;;;;;;;;;;;;;;;;0;0;5;1;1;1;2010;;;;;;;;;;;;;;;;;;;;;;;;;;;;;;;;;;;;;;;;;;;;;;;;;;;;;;;;;;;;;;;;;;;;;;;;;;;;;;;;;;;;;;;;;;;;;;;;;;;;;;;;;;;;;;;;;;;;;;;;;;;;;;;;;;;;;;;;;;;;;;;;;;;;;;;;;;;;;;30APR1984;5;2;3;2;3;4;1;NRP;;;;1;0;0;1;0;1;YAMAHA;600;XJ6 ABS;ROADSTER;2;2011;29;1;2;15000;7;;;;;;;;;;;;;;;;;;;;;;;;;;;;;;;;;;;;;;;;;;;;;15000;3;4;;;;;;;;NRP;NRP;NRP;NRP;2010;NRP;NRP;2002;NRP
1110;5435;;1;0;2;;;;;;0;4;;;;;;0;3;;;;;;0;3;;;;;;2;6;1990;1997;;;;0;3;;;;;;0;1;;;;;;1;6;1997;;;;;3;4;NSP;NSP;NSP;;;0;2;;;;;;0;4;;;;;;0;1;;;;;;0;2;;;;;;0;4;;;;;;0;;;;;;;;;;;;;;;;;;;0;3;20;0;;NRP;;;;;;;;;;;;;;;;;;;;;;;;;;;;;;;;;;;;;;;;;;;;;;;;;;;;;;;;;;;;;;;;;;;;;;;;;;;;;;;;;;;;;;;;;;;;;;;;;;;;;;;;;;;;;;;;;;;;;;;;;;;;;;;;;;;;;;;;;;;;;;;;;;;;;;;;;;;;;;;20OCT1971;7;1;3;2;2;3;;NRP;;;;2;1;0;2;0;3;BUELL;1200;X1 LIGHTNING;ROADSTER;2;2000;37;3;1;10000;4;BUELL;1200;X1 LIGHTNING;ROADSTER;2;1999;37;3;1;5000;4;KTM;50;SENIOR ADVENTURE;TOUT TERRAIN (TRIAL, ENDURO, CROSS);2;2005;41;4;1;20;4;;;;;;;;;;;;;;;;;;;;;;;15020;2;3;4;;;;;;;NRP;NRP;NRP;1988;1990;NRP;NRP;1992;NRP
1622;5436;;0;;;;;;;;;;;;;;;;;;;;;;;;;;;;;;;;;;;;;;;;;;;;;;;;;;;;;;;;;;;;;;;;;;;;;;;;;;;;;;;;;;;;;;;;;;;;;;;;;;;;;;;;;;;;;;;;;;;;;;;;;;;;;;;;;;;;;;;;;;;;;;;;;;;;;;;;;;;;;;;;;;;;;;;;;;;;;;;;;;;;;;;;;;;;;;;;;;;;;;;;;;;;;;;;;;;;;;;;;;;;;;;;;;;;;;;;;;;;;;;;;;;;;;;;;;;;;;;;;;;;;;;;;;;;;;;;;;;;;;;;;;30JAN1971;7;2;3;2;6;4;4;NRP;;;;2;1;0;1;0;1;KAWASAKI;750;ZR-7 S;ROADSTER;2;2003;15;2;2;7000;7;;;;;;;;;;;;;;;;;;;;;;;;;;;;;;;;;;;;;;;;;;;;;7000;2;3;4;;;;;;;NRP;NRP;NRP;1989;2010;NRP;NRP;1989;NRP
1627;5437;;0;;;;;;;;;;;;;;;;;;;;;;;;;;;;;;;;;;;;;;;;;;;;;;;;;;;;;;;;;;;;;;;;;;;;;;;;;;;;;;;;;;;;;;;;;;;;;;;;;;;;;;;;;;;;;;;;;;;;;;;;;;;;;;;;;;;;;;;;;;;;;;;;;;;;;;;;;;;;;;;;;;;;;;;;;;;;;;;;;;;;;;;;;;;;;;;;;;;;;;;;;;;;;;;;;;;;;;;;;;;;;;;;;;;;;;;;;;;;;;;;;;;;;;;;;;;;;;;;;;;;;;;;;;;;;;;;;;;;;;;;;;29JUN1979;5;1;3;2;2;3;;NRP;;;;2;0;1;1;0;2;PEUGEOT;125;TWEET;SCOOTER;2;2011;16;2;3;2000;7;KTM;990;SM-T;TRAIL / SUPERMOTARD;2;2012;37;2;2;10000;7;;;;;;;;;;;;;;;;;;;;;;;;;;;;;;;;;;12000;3;4;;;;;;;;NRP;NRP;NRP;NRP;2011;NRP;NRP;1997;NRP
1669;5438;;0;;;;;;;;;;;;;;;;;;;;;;;;;;;;;;;;;;;;;;;;;;;;;;;;;;;;;;;;;;;;;;;;;;;;;;;;;;;;;;;;;;;;;;;;;;;;;;;;;;;;;;;;;;;;;;;;;;;;;;;;;;;;;;;;;;;;;;;;;;;;;;;;;;;;;;;;;;;;;;;;;;;;;;;;;;;;;;;;;;;;;;;;;;;;;;;;;;;;;;;;;;;;;;;;;;;;;;;;;;;;;;;;;;;;;;;;;;;;;;;;;;;;;;;;;;;;;;;;;;;;;;;;;;;;;;;;;;;;;;;;;;04NOV1960;5;2;3;2;2;3;;NRP;;;;2;1;0;1;0;2;HONDA;125;VARADERO;TRAIL / SUPERMOTARD;2;2001;28;1;2;7500;AUT|grange;APRILIA;50;SCARABEO;SCOOTER;2;2011;28;2;1;3000;AUT|grange;;;;;;;;;;;;;;;;;;;;;;;;;;;;;;;;;;10500;4;5;;;;;;;;NRP;NRP;NRP;NRP;NRP;NRP;NRP;1980;1998
1685;5440;;1;0;5;;;;;;0;4;;;;;;0;5;;;;;;0;4;;;;;;1;4;1995;;;;;0;4;;;;;;0;4;;;;;;0;4;;;;;;1;6;1973;;;;;0;3;;;;;;0;5;;;;;;0;4;;;;;;1;5;1974;;;;;1;3;1972;;;;;0;;;;;;;;;;;;;;;;;;;2;2;40;1;21;5;1995;;;;;;;;;;;;;;;;;;;;;;;;;;;;;;;;;;;;;;;;;;;;;;;;;;;;;;;;;;;;;;;;;;;;;;;;;;;;;;;;;;;;;;;;;;;;;;;;;;;;;;;;;;;;;;;;;;;;;;;;;;;;;;;;;;;;;;;;;;;;;;;;;;;;;;;;;;;;;;16MAR1954;5;1;3;1;2;3;;NRP;;;;1;0;1;1;0;2;BMW;1150;R1150GS;TRAIL / SUPERMOTARD;2;1999;37;3;1;5000;7;YAMAHA;250;X-MAX;SCOOTER;2;2009;37;1;2;6000;7;;;;;;;;;;;;;;;;;;;;;;;;;;;;;;;;;;11000;3;4;;;;;;;;NRP;NRP;NRP;NRP;1972;NRP;NRP;1974;NRP
362;5441;;1;0;6;;;;;;1;6;2004;;;;;0;6;;;;;;0;5;;;;;;0;5;;;;;;0;6;;;;;;0;3;;;;;;1;6;2002;;;;;1;6;2006;;;;;0;5;;;;;;0;6;;;;;;0;3;;;;;;0;5;;;;;;0;4;;;;;;0;;;;;;;;;;;;;;;;;;;1;0;15;1;36;8;2002;;;;;;;;;;;;;;;;;;;;;;;;;;;;;;;;;;;;;;;;;;;;;;;;;;;;;;;;;;;;;;;;;;;;;;;;;;;;;;;;;;;;;;;;;;;;;;;;;;;;;;;;;;;;;;;;;;;;;;;;;;;;;;;;;;;;;;;;;;;;;;;;;;;;;;;;;;;;;;18MAY1980;8;1;3;2;3;4;1;NRP;;;;2;0;0;5;0;4;CAGIVA;600;RIVER;ROADSTER;2;1998;37;4;1;1000;7;DUCATI;250;250 MARK3 D;Routière / GT;2;1971;37;4;1;1000;7;GILERA;500;SATURNO BIALBERO;ROADSTER;2;1989;37;4;1;1000;7;DUCATI;250;250 MACH1;Routière / GT;2;1972;41;4;1;200;7;;;;;;;;;;;;3200;3;4;;;;;;;;NRP;NRP;NRP;NRP;1999;NRP;NRP;2001;NRP
450;5444;;0;;;;;;;;;;;;;;;;;;;;;;;;;;;;;;;;;;;;;;;;;;;;;;;;;;;;;;;;;;;;;;;;;;;;;;;;;;;;;;;;;;;;;;;;;;;;;;;;;;;;;;;;;;;;;;;;;;;;;;;;;;;;;;;;;;;;;;;;;;;;;;;;;;;;;;;;;;;;;;;;;;;;;;;;;;;;;;;;;;;;;;;;;;;;;;;;;;;;;;;;;;;;;;;;;;;;;;;;;;;;;;;;;;;;;;;;;;;;;;;;;;;;;;;;;;;;;;;;;;;;;;;;;;;;;;;;;;;;;;;;;;23AUG1983;7;2;3;2;1;1;;NRP;;;;1;1;0;1;0;1;KAWASAKI;650;ER-6  N;ROADSTER;2;2007;16;2;1;17000;5;;;;;;;;;;;;;;;;;;;;;;;;;;;;;;;;;;;;;;;;;;;;;17000;2;3;4;;;;;;;NRP;NRP;NRP;2002;2006;NRP;NRP;2002;NRP
2210;5445;;1;0;3;;;;;;0;5;;;;;;0;5;;;;;;0;4;;;;;;1;5;1997;;;;;0;3;;;;;;0;3;;;;;;0;3;;;;;;2;5;1995;2004;;;;0;4;;;;;;0;4;;;;;;0;4;;;;;;1;3;2014;;;;;0;3;;;;;;0;;;;;;;;;;;;;;;;;;;4;0;21;1;42;9;2004;;;;;;;;;;;;;;;;;;;;;;;;;;;;;;;;;;;;;;;;;;;;;;;;;;;;;;;;;;;;;;;;;;;;;;;;;;;;;;;;;;;;;;;;;;;;;;;;;;;;;;;;;;;;;;;;;;;;;;;;;;;;;;;;;;;;;;;;;;;;;;;;;;;;;;;;;;;;;;31JUL1970;8;1;3;2;1;1;;NRP;;;;1;0;0;1;0;1;YAMAHA;900;XJS DIVERSION;Routière / GT;2;1995;37;3;2;2500;7;;;;;;;;;;;;;;;;;;;;;;;;;;;;;;;;;;;;;;;;;;;;;2500;3;4;;;;;;;;NRP;NRP;NRP;NRP;1993;NRP;NRP;1989;NRP