Ligne;Ligne Q qualif;Ligne approfondissement Accident;ACCIDENT;NBACC1;ACCFREQUENCE1;ANNEEACC1_1;ANNEEACC1_2;ANNEEACC1_3;ANNEEACC1_4;ANNEEACC1_5;NBACC2;ACCFREQUENCE2;ANNEEACC2_1;ANNEEACC2_2;ANNEEACC2_3;ANNEEACC2_4;ANNEEACC2_5;NBACC3;ACCFREQUENCE3;ANNEEACC3_1;ANNEEACC3_2;ANNEEACC3_3;ANNEEACC3_4;ANNEEACC3_5;NBACC4;ACCFREQUENCE4;ANNEEACC4_1;ANNEEACC4_2;ANNEEACC4_3;ANNEEACC4_4;ANNEEACC4_5;NBACC5;ACCFREQUENCE5;ANNEEACC5_1;ANNEEACC5_2;ANNEEACC5_3;ANNEEACC5_4;ANNEEACC5_5;NBACC6;ACCFREQUENCE6;ANNEEACC6_1;ANNEEACC6_2;ANNEEACC6_3;ANNEEACC6_4;ANNEEACC6_5;NBACC7;ACCFREQUENCE7;ANNEEACC7_1;ANNEEACC7_2;ANNEEACC7_3;ANNEEACC7_4;ANNEEACC7_5;NBACC8;ACCFREQUENCE8;ANNEEACC8_1;ANNEEACC8_2;ANNEEACC8_3;ANNEEACC8_4;ANNEEACC8_5;NBACC9;ACCFREQUENCE9;ANNEEACC9_1;ANNEEACC9_2;ANNEEACC9_3;ANNEEACC9_4;ANNEEACC9_5;NBACC10;ACCFREQUENCE10;ANNEEACC10_1;ANNEEACC10_2;ANNEEACC10_3;ANNEEACC10_4;ANNEEACC10_5;NBACC11;ACCFREQUENCE11;ANNEEACC11_1;ANNEEACC11_2;ANNEEACC11_3;ANNEEACC11_4;ANNEEACC11_5;NBACC12;ACCFREQUENCE12;ANNEEACC12_1;ANNEEACC12_2;ANNEEACC12_3;ANNEEACC12_4;ANNEEACC12_5;NBACC13;ACCFREQUENCE13;ANNEEACC13_1;ANNEEACC13_2;ANNEEACC13_3;ANNEEACC13_4;ANNEEACC13_5;NBACC14;ACCFREQUENCE14;ANNEEACC14_1;ANNEEACC14_2;ANNEEACC14_3;ANNEEACC14_4;ANNEEACC14_5;AUTRESACC;NBAUTRESACC;ANNEEAUTREACC1;ANNEEAUTREACC2;ANNEEAUTREACC3;ANNEEAUTREACC4;ANNEEAUTREACC5;LIEUAUTREACC1;LIEUAUTREACC2;LIEUAUTREACC3;LIEUAUTREACC4;LIEUAUTREACC5;DESCRIPTIONAUTRESACC1;DESCRIPTIONAUTRESACC2;DESCRIPTIONAUTRESACC3;DESCRIPTIONAUTRESACC4;DESCRIPTIONAUTRESACC5;NBAUTRESACCCIRCUIT;NBAUTRESTOUTTERRAIN;EXPCYCLO;EXP125;EXPSUP125;ACCORDNEXTQ;CHOIXACC;RGPMTACC;RECUPANNEE;RECUPLIEU;RECUPANNE;RGPMTAC;CHOIX1;CHOIX2;CHOIX3;CHOIX4;CHOIX5;CHOIX6;CHOIX7;DESCRIPTION;RUPTURE;FAITS;ABS_REACTION;AUTRE_REACTION;PRECISIONREACTIONOUI;RECUL;PRECISIONREACTIONNON;IMPACTCOMPORTEMENT;AUTREUSAGER;REACTIONAUTREUSAGER;CONNAISSANCEREACTIONUSAGER;DIFFICULTES;AGGRAVATION;DIFFICULTES2;EMOTIONS1;EMOTIONS2;EMOTIONS3;EMOTIONS4;EMOTIONS5;EMOTIONS6;AUTRESENTIMENT;CLASSEMENTEMOTIONS1;CLASSEMENTEMOTIONS;CLASSEMENTEMOTIONS5;CLASSEMENTEMOTIONS6;CLASSEMENTEMOTIONS7;CLASSEMENTEMOTIONS8;CLASSEMENTEMOTIONS9;EXPLICATIONRESSENTI;BIENEQUIPE;ALLURE;ALLUREVITEDETAIL;ALLURELENTEDETAIL;SITUATIONPRESSE;SITUATIONDISTRAIT;SITUATIONCONFIANT;SITUATIONCONTROLE;SITUATIONLUDIQUE;SITUATIONPERF;SITUATIONSTRESS;SITUATIONFATIGUE;HUMEURNEUTRE;HUMEURGAI;HUMEURMECONTENT;HUMEURTRISTE;HUMEURCOLERE;CONTRIBUTION1;CONTRIBUTION2;CONTRIBUTION3;CONTRIBUTION4;CONTRIBUTION5;CONTRIBUTION6;CONTRIBUTION7;CONTRIBUTION8;CONTRIBUTION9;ROLEINFRA;ELEMENTINFRA1;ELEMENTINFRA2;ELEMENTINFRA3;ELEMENTINFRA4;ELEMENTINFRA5;ELEMENTINFRA6;ELEMENTINFRA7;ELEMENTINFRA8;ELEMENTINFRA9;ALCOOL;TXALCOOL;STUP;SEMAINE;MOMENTJOURNEE;TEMPS;CAUSEACC1;CAUSEACC2;CAUSEACC3;CAUSEACC4;CAUSEACC5;FORMATIONCAUSE;FORMATION1;FORMATION2;FORMATION3;FORMATION4;FORMATION5;TRAFIC;CHAUSSEE1;CHAUSSEE2;CHAUSSEE3;CHAUSSEE4;TYPEACC;BLESSURE;TETE;COU;THORAX;MEMBRESSUP;COLONNE;BASSIN;MEMBRESINF;HOPITAL;PLUS24H;TRAJET;TYPEROUTE;MOTIF;SENSTRAJET;PASSAGER;VITESSE;DESCEQ1;DESCEQ2;DESCEQ3;DESCEQ4;DESCEQ5;DESCEQ6;DESCEQ7;DESCEQ8;DESCEQ9;DESCEQ10;VEHICULEETE;VEHICULEAUTOMNE;VEHICULEPRINTEMPS;VEHICULEHIVER;VEHICULESEMAINE;VEHICULEWE;VEHMARQUE;VEHCYLINDREE;VEHMODELE;VEHSEGMENT;VEHSIDE;EQ2RMABS;EQ2RMCBS;EQ2RMABSCBS;EQ2RMREGULATEUR;EQ2RMLIMITEUR;EQ2RMPHARESDIRECT;EQ2RMCOUPURE;EQ2RMANTIPATINAGE;EQ2RMANTIXHEELING;EQ2RMSTABILILTE;VEHKM;POINTS;DUREE;AUTRE2RM;VEHPRECMARQUE;VEHPRECCYLINDREE;VEHPRECMODELE;VEHPRECSEGMENT;VEHPRECSIDE;TEMPS2RMPREC;FREQVEHPREC;DATE_NAISS;CSP;SOCIETAIRE;SALARIE;SECTEUR2RM;NBPERSFOYER;SITFAM;NBENF;TRNBENF1;TRNBENF2;TRNBENF3;TRNBENF4;NBAUTOFOYER;NBCYCLOFOYER;NBSCOOTFOYER;NBMOTOFOYER;NBTRIKEFOYER;NB2RMCONDUIT;MARQUE1;CYLINDREE1;MODELE1;SEGMENT1;SIDE1;ANMISECIRCU1;ASS1;FREQ1;USAGE1;NBKM1;GARAGE1;MARQUE2;CYLINDREE2;MODELE2;SEGMENT2;SIDE2;ANMISECIRCU2;ASS2;FREQ2;USAGE2;NBKM2;GARAGE2;MARQUE3;CYLINDREE3;MODELE3;SEGMENT3;SIDE3;ANMISECIRCU3;ASS3;FREQ3;USAGE3;NBKM3;GARAGE3;MARQUE4;CYLINDREE4;MODELE4;SEGMENT4;SIDE4;ANMISECIRCU4;ASS4;FREQ4;USAGE4;NBKM4;GARAGE4;MARQUE5;CYLINDREE5;MODELE5;SEGMENT5;SIDE5;ANMISECIRCU5;ASS5;FREQ5;USAGE5;NBKM5;GARAGE5;NBKMTOT;PERMIS1;PERMIS2;PERMIS3;PERMIS4;PERMIS5;PERMIS6;PERMIS7;PERMIS8;PERMIS9;ANPERMIS1;ANPERMIS6;ANPERMIS7;ANPERMIS2;ANPERMIS3;ANPERMIS8;ANPERMIS9;ANPERMIS4;ANPERMIS5
1891;5446;;1;1;3;1998;;;;;0;4;;;;;;0;5;;;;;;0;2;;;;;;0;3;;;;;;0;3;;;;;;0;2;;;;;;0;3;;;;;;0;2;;;;;;0;2;;;;;;0;3;;;;;;0;2;;;;;;0;5;;;;;;0;2;;;;;;1;1;1991;;;;;ROUEN;;;;;Le conducteur d'une camionnette qui me précédait cherchait sa route et à tourné subitement à droite, je suivais de trop prêt, dans l'action, j'ai tenté de l'évité par la droite mais je l'ai percuté sur le coté.;;;;;0;0;4;1;24;1;1;1;1998;;;;;;;;;;;;;;;;;;;;;;;;;;;;;;;;;;;;;;;;;;;;;;;;;;;;;;;;;;;;;;;;;;;;;;;;;;;;;;;;;;;;;;;;;;;;;;;;;;;;;;;;;;;;;;;;;;;;;;;;;;;;;;;;;;;;;;;;;;;;;;;;;;;;;;;;;;;;;;08MAR1973;7;1;3;2;4;4;2;NRP;;;;2;0;0;1;0;1;HONDA;1100;CBR-XX SUPER BLACKBIRD;Routière / GT;2;1998;37;1;2;10000;4;;;;;;;;;;;;;;;;;;;;;;;;;;;;;;;;;;;;;;;;;;;;;10000;3;4;;;;;;;;NRP;NRP;NRP;NRP;1991;NRP;NRP;1993;NRP
2161;5447;;0;;;;;;;;;;;;;;;;;;;;;;;;;;;;;;;;;;;;;;;;;;;;;;;;;;;;;;;;;;;;;;;;;;;;;;;;;;;;;;;;;;;;;;;;;;;;;;;;;;;;;;;;;;;;;;;;;;;;;;;;;;;;;;;;;;;;;;;;;;;;;;;;;;;;;;;;;;;;;;;;;;;;;;;;;;;;;;;;;;;;;;;;;;;;;;;;;;;;;;;;;;;;;;;;;;;;;;;;;;;;;;;;;;;;;;;;;;;;;;;;;;;;;;;;;;;;;;;;;;;;;;;;;;;;;;;;;;;;;;;;;;09JUN1972;5;1;3;2;3;4;1;NRP;;;;2;0;0;2;0;2;DUCATI;696;MONSTER;ROADSTER;2;2009;37;3;2;3500;7;TRIUMPH;675;STREET TRIPLE;ROADSTER;2;2010;37;3;2;3500;7;;;;;;;;;;;;;;;;;;;;;;;;;;;;;;;;;;7000;3;4;;;;;;;;NRP;NRP;NRP;NRP;2008;NRP;NRP;1990;NRP
979;5448;;0;;;;;;;;;;;;;;;;;;;;;;;;;;;;;;;;;;;;;;;;;;;;;;;;;;;;;;;;;;;;;;;;;;;;;;;;;;;;;;;;;;;;;;;;;;;;;;;;;;;;;;;;;;;;;;;;;;;;;;;;;;;;;;;;;;;;;;;;;;;;;;;;;;;;;;;;;;;;;;;;;;;;;;;;;;;;;;;;;;;;;;;;;;;;;;;;;;;;;;;;;;;;;;;;;;;;;;;;;;;;;;;;;;;;;;;;;;;;;;;;;;;;;;;;;;;;;;;;;;;;;;;;;;;;;;;;;;;;;;;;;;29JUL1964;7;2;3;2;4;4;2;NRP;;;;3;1;0;1;0;2;SUZUKI;1200;BANDIT-N;ROADSTER;2;1999;23;1;2;20000;7;RIEJU;50;MRT SUPERMOTARD;TRAIL / SUPERMOTARD;2;2011;23;1;2;12000;7;;;;;;;;;;;;;;;;;;;;;;;;;;;;;;;;;;32000;2;4;9;;;;;;;NRP;NRP;NRP;1980;NRP;NRP;1983;1984;NRP
1938;5450;;1;0;3;;;;;;1;4;1974;;;;;0;4;;;;;;0;2;;;;;;1;4;1974;;;;;0;4;;;;;;0;3;;;;;;0;3;;;;;;1;4;1975;;;;;0;3;;;;;;0;4;;;;;;0;2;;;;;;1;4;1976;;;;;0;3;;;;;;1;1;1974;;;;;Tourcoing;;;;;Je me suis arrêté au feu orange et le véhicule qui me suivait m'a percuté par l'AR;;;;;0;0;2;2;40;1;71;15;1974;Tourcoing;;;;;;;;;;;;;;;;;;;;;;;;;;;;;;;;;;;;;;;;;;;;;;;;;;;;;;;;;;;;;;;;;;;;;;;;;;;;;;;;;;;;;;;;;;;;;;;;;;;;;;;;;;;;;;;;;;;;;;;;;;;;;;;;;;;;;;;;;;;;;;;;;;;;;;;;;;;;;24OCT1955;9;1;3;2;2;3;;NRP;;;;2;0;0;3;0;3;BMW;1300;K1300GT;Routière / GT;2;2009;16;3;1;10000;7;HARLEY-DAVIDSON;1200;SPORTSTER;ROADSTER;2;2006;37;3;1;3000;7;SUZUKI;750;GT;ROADSTER;2;1975;37;4;1;1000;7;;;;;;;;;;;;;;;;;;;;;;;14000;3;4;;;;;;;;NRP;NRP;NRP;NRP;1972;NRP;NRP;1974;NRP
1257;5451;;1;0;4;;;;;;0;4;;;;;;0;3;;;;;;0;2;;;;;;1;5;1995;;;;;0;3;;;;;;0;4;;;;;;0;4;;;;;;0;4;;;;;;0;5;;;;;;0;5;;;;;;0;4;;;;;;0;4;;;;;;0;5;;;;;;1;2;1990;1995;;;;26350;26100;;;;perte de controle avec une voiture;j'étais en moto une voiture à changer de voie sans clignotant et m'a couper la route et je l'ai percuté (en agglomération) aucun dégats physiques;;;;0;0;4;0;25;1;21;5;1995;;;;;;;;;;;;;;;;;;;;;;;;;;;;;;;;;;;;;;;;;;;;;;;;;;;;;;;;;;;;;;;;;;;;;;;;;;;;;;;;;;;;;;;;;;;;;;;;;;;;;;;;;;;;;;;;;;;;;;;;;;;;;;;;;;;;;;;;;;;;;;;;;;;;;;;;;;;;;;29JAN1970;7;2;3;2;4;4;2;NRP;;;;2;0;0;1;0;1;DUCATI;600;MONSTER;ROADSTER;2;2001;28;2;1;5000;7;;;;;;;;;;;;;;;;;;;;;;;;;;;;;;;;;;;;;;;;;;;;;5000;3;4;;;;;;;;NRP;NRP;NRP;NRP;1989;NRP;NRP;1989;NRP
1836;5452;;1;0;3;;;;;;0;4;;;;;;0;5;;;;;;0;4;;;;;;0;4;;;;;;0;4;;;;;;0;4;;;;;;0;4;;;;;;0;3;;;;;;0;5;;;;;;0;2;;;;;;0;5;;;;;;1;5;2003;;;;;0;5;;;;;;0;;;;;;;;;;;;;;;;;;;1;0;16;1;61;13;2003;;;;;;;;;;;;;;;;;;;;;;;;;;;;;;;;;;;;;;;;;;;;;;;;;;;;;;;;;;;;;;;;;;;;;;;;;;;;;;;;;;;;;;;;;;;;;;;;;;;;;;;;;;;;;;;;;;;;;;;;;;;;;;;;;;;;;;;;;;;;;;;;;;;;;;;;;;;;;;21FEB1980;7;1;3;2;2;3;;NRP;;;;2;0;0;2;0;2;KAWASAKI;1000;Z 1000 IE;ROADSTER;2;2003;37;2;1;5000;7;SUZUKI;650;V-STROM;TRAIL / SUPERMOTARD;2;2009;37;1;2;6000;7;;;;;;;;;;;;;;;;;;;;;;;;;;;;;;;;;;11000;3;4;;;;;;;;NRP;NRP;NRP;NRP;1999;NRP;NRP;1998;NRP
1163;5454;;1;1;5;2009;;;;;0;5;;;;;;0;5;;;;;;0;3;;;;;;1;5;1996;;;;;0;4;;;;;;0;5;;;;;;1;5;2003;;;;;1;5;NSP;;;;;0;6;;;;;;0;5;;;;;;0;2;;;;;;0;4;;;;;;0;5;;;;;;0;;;;;;;;;;;;;;;;;;;8;4;21;1;1;1;2009;;;;;;;;;;;;;;;;;;;;;;;;;;;;;;;;;;;;;;;;;;;;;;;;;;;;;;;;;;;;;;;;;;;;;;;;;;;;;;;;;;;;;;;;;;;;;;;;;;;;;;;;;;;;;;;;;;;;;;;;;;;;;;;;;;;;;;;;;;;;;;;;;;;;;;;;;;;;;;24DEC1954;5;2;3;2;2;3;;NRP;;;;2;0;1;2;0;2;BMW;1200;R1200GS;TRAIL / SUPERMOTARD;2;2011;29;2;1;15000;7;YAMAHA;600;XJ-N;ROADSTER;2;2000;29;4;1;5000;7;;;;;;;;;;;;;;;;;;;;;;;;;;;;;;;;;;20000;3;4;;;;;;;;NRP;NRP;NRP;NRP;1973;NRP;NRP;1973;NRP
1132;5455;;0;;;;;;;;;;;;;;;;;;;;;;;;;;;;;;;;;;;;;;;;;;;;;;;;;;;;;;;;;;;;;;;;;;;;;;;;;;;;;;;;;;;;;;;;;;;;;;;;;;;;;;;;;;;;;;;;;;;;;;;;;;;;;;;;;;;;;;;;;;;;;;;;;;;;;;;;;;;;;;;;;;;;;;;;;;;;;;;;;;;;;;;;;;;;;;;;;;;;;;;;;;;;;;;;;;;;;;;;;;;;;;;;;;;;;;;;;;;;;;;;;;;;;;;;;;;;;;;;;;;;;;;;;;;;;;;;;;;;;;;;;;30JAN1981;5;2;3;1;3;4;1;NRP;;;;2;0;0;2;0;2;TRIUMPH;675;STREET TRIPLE;ROADSTER;2;2011;39;3;1;6000;7;YAMAHA;1000;FZ1 FAZER;ROADSTER;2;2010;40;4;3;1000;7;;;;;;;;;;;;;;;;;;;;;;;;;;;;;;;;;;7000;3;4;;;;;;;;NRP;NRP;NRP;NRP;2001;NRP;NRP;1999;NRP
782;5456;29;1;1;6;1988;;;;;0;5;;;;;;0;6;;;;;;0;5;;;;;;0;4;;;;;;0;6;;;;;;0;5;;;;;;0;5;;;;;;0;4;;;;;;0;6;;;;;;0;6;;;;;;0;5;;;;;;0;4;;;;;;0;5;;;;;;0;;;;;;;;;;;;;;;;;;;38;4;26;1;1;1;1988;;1988;Vous circuliez sur un axe prioritaire. Un autre véhicule arrivant sur le même axe en sens opposé vous a coupé la route en tournant à gauche.;4;5;;;;;;Accident qui a eu lieu à Paris dans la journée. Ma ligne de circulation était à deux voies. Je remontais celle la plus à droite, celle de gauche étant arrêtée. En face, la ligne de circulation était également à double sens. Les voitures roulaient très lentement. Sur la voie la plus à gauche, un véhicule, venant en face, voulait traverser ma ligne de circulation pour prendre une route sur ma droite. Ce qu'il a fait. Je ne l'ai pas vu car il était caché par les voitures arrêtées à ma gauche et lui non plus pour les mêmes raisons. Il m'a renversé et roulé dessus. Je me suis donc retrouvé en partie sous la voiture. Heureusement qu'il s'est arrêté car sinon j'aurais été broyé. Je n'ai eu finalement qu'un très gros hématome à ma jambe gauche du fait du choque.;Manque de vision  Circulation peu fluide Aucune impression de danger Manœuvre dangereuse faite par un autre véhicule;Je n'ai pas pu réagir car je n'ai pas vu venir l'accident. J'ai découvert la voiture qui m'a renversé au moment du choc. J'ai je pense freiné par simple réflexe. J'ai hurlé.;3;0;;;Pas vu venir le danger;1;1;1;1;Il ne m'a pas vu. Il était concentré sur sa manœuvre et a profité que la voiture qui était à ma gauche le laissait passé.;2;Il n'allait pas vite. La manœuvre était classique. Je l'aurais vu venir je l'aurais laissé passer.;1;5;;;;;;1;;;;2;;;J'ai vu la voiture me rouler dessus;3;3;;;1;1;4;4;3;1;1;1;2;5;4;4;4;10;;;;;;;;;2;;;;;;;;;2;2;;2;1;1;1;0;100;0;0;0;2;;;;;;3;1;;;;2;1;7;;;;;;;0;;2;1;2;;0;15;1;2;;;;;;;;;4;4;4;4;4;4;MZ;125;125 ES;ROADSTER;2;1;1;1;1;1;1;1;1;1;1;NSP;NSP;3;0;;;;;;;;11FEB1961;5;1;3;2;6;4;4;NRP;;;;1;1;0;1;0;1;YAMAHA;900;XJ;ROADSTER;2;1992;37;1;2;3000;4;;;;;;;;;;;;;;;;;;;;;;;;;;;;;;;;;;;;;;;;;;;;;3000;4;3;;;;;;;;NRP;NRP;NRP;NRP;1980;NRP;NRP;1988;NRP
104;5457;;1;0;4;;;;;;1;4;1974;;;;;0;2;;;;;;0;2;;;;;;0;5;;;;;;0;2;;;;;;0;3;;;;;;0;5;;;;;;1;5;1984;;;;;0;3;;;;;;0;3;;;;;;0;3;;;;;;1;4;1996;;;;;0;2;;;;;;0;;;;;;;;;;;;;;;;;;;2;2;41;1;6;2;1974;;;;;;;;;;;;;;;;;;;;;;;;;;;;;;;;;;;;;;;;;;;;;;;;;;;;;;;;;;;;;;;;;;;;;;;;;;;;;;;;;;;;;;;;;;;;;;;;;;;;;;;;;;;;;;;;;;;;;;;;;;;;;;;;;;;;;;;;;;;;;;;;;;;;;;;;;;;;;;01MAY1955;6;2;3;2;4;4;2;NRP;;;;2;0;0;2;0;2;BMW;800;F650GS ABS;TRAIL / SUPERMOTARD;2;2011;29;2;1;2000;7;BMW;800;F650GS;TRAIL / SUPERMOTARD;2;2008;29;2;2;7500;7;;;;;;;;;;;;;;;;;;;;;;;;;;;;;;;;;;9500;2;3;4;;;;;;;NRP;NRP;NRP;1972;1974;NRP;NRP;1974;NRP
1653;5463;;1;0;5;;;;;;0;6;;;;;;1;6;1994;;;;;0;3;;;;;;1;4;1978;;;;;0;3;;;;;;0;5;;;;;;0;5;;;;;;0;4;;;;;;0;2;;;;;;0;4;;;;;;0;4;;;;;;0;5;;;;;;0;3;;;;;;1;1;NSP;;;;;PARIS;;;;;Alors que j'étais arrêter au feu, une voiture s'est portée à ma hauteur par la gauche en prenant appui sur ma valise, ce qui m'a déséquilibrée et a provoqué ma chute quand le la voiture a démarré qq secondes après avoir touché ma valise.;;;;;0;0;2;2;36;1;21;5;1978;;;;;;;;;;;;;;;;;;;;;;;;;;;;;;;;;;;;;;;;;;;;;;;;;;;;;;;;;;;;;;;;;;;;;;;;;;;;;;;;;;;;;;;;;;;;;;;;;;;;;;;;;;;;;;;;;;;;;;;;;;;;;;;;;;;;;;;;;;;;;;;;;;;;;;;;;;;;;;24DEC1960;5;1;3;2;3;4;1;NRP;;;;2;0;0;6;0;6;BMW;1100;R1100R;ROADSTER;2;1995;37;3;2;8000;4;HM;230;CR-F EASY ENDURO;TOUT TERRAIN (TRIAL, ENDURO, CROSS);2;2004;37;4;1;500;4;HONDA;125;TL;TOUT TERRAIN (TRIAL, ENDURO, CROSS);2;1993;37;3;1;1000;4;YAMAHA;200;TW;TRAIL / SUPERMOTARD;2;1998;37;4;2;1000;4;BETAMOTOR;200;ALP;TOUT TERRAIN (TRIAL, ENDURO, CROSS);2;2000;37;4;1;500;4;11000;2;3;4;;;;;;;NRP;NRP;NRP;1977;1979;NRP;NRP;1979;NRP
869;5464;;0;;;;;;;;;;;;;;;;;;;;;;;;;;;;;;;;;;;;;;;;;;;;;;;;;;;;;;;;;;;;;;;;;;;;;;;;;;;;;;;;;;;;;;;;;;;;;;;;;;;;;;;;;;;;;;;;;;;;;;;;;;;;;;;;;;;;;;;;;;;;;;;;;;;;;;;;;;;;;;;;;;;;;;;;;;;;;;;;;;;;;;;;;;;;;;;;;;;;;;;;;;;;;;;;;;;;;;;;;;;;;;;;;;;;;;;;;;;;;;;;;;;;;;;;;;;;;;;;;;;;;;;;;;;;;;;;;;;;;;;;;;17APR1986;7;1;3;2;1;1;;NRP;;;;1;1;0;1;0;1;HONDA;500;CB-F;ROADSTER;2;2005;37;3;1;3000;4;;;;;;;;;;;;;;;;;;;;;;;;;;;;;;;;;;;;;;;;;;;;;3000;3;4;;;;;;;;NRP;NRP;NRP;NRP;2011;NRP;NRP;2005;NRP
446;5466;176;1;0;6;;;;;;0;5;;;;;;0;5;;;;;;0;3;;;;;;2;6;1984;2005;;;;0;5;;;;;;0;3;;;;;;2;5;1990;2009;;;;4;6;1984;1985;1989;2003;;0;3;;;;;;0;4;;;;;;0;1;;;;;;1;4;NSP;;;;;0;4;;;;;;1;2;2000;NSP;;;;avignon;avignon;;;;chien qui traverse;portière qui s'ouvre lors d'un dépassement par la gauche d'une file arrêtée;;;;0;10;3;0;30;1;44;9;2003;;2003;Vous avez fait une sortie de route, une perte de contrôle ou une glissade sans rien percuter.;6;;;;;;;En agglomération, le soir, dans une descente, par temps de pluie (pluie continue toute la journée)à vitesse modérée (environ 60 km/h), sur un léger frein moteur, en léger virage, en passant de la droite de ma voie au centre, j'ai soudainement perdu l'avant, sans toucher aux freins.  Le centre de ma voie était extrêmement glissant (on pouvait glisser en bottes, comme sur une patinoire), sans odeur particulière, ni irisation ou coloration. Les zones parcourues par les roues des voitures ne glissaient pas.  Cet accident a été marquant car rien ne pouvait le prévenir, aucune indication de glissance n'était disponible aux sens, le sol aurait dû être lavé depuis longtemps par la pluie continue depuis le matin, et l'angle ridicule ne pouvait pas mener à cette glissade brutale, même sur du gasoil.;Une surface extrêmement glissante sans détection possible.;NRP;2;1;Rester sur la zone parcourue par les roues de droite des automobiles. C'est ce que je fais depuis.;J'ignorais que de telles conditions pouvaient exister sans détection possible, alors que la pluie aurait dû laver le sol en continu.;;2;0;;;;;;7;;;;;;;;;;;;;;;4;3;;;1;1;3;4;1;1;1;2;1;4;4;4;4;10;;;;;;;;;1;3;7;;;;;;;2;2;;2;1;3;2;1;0;0;90;9;1;3;;;;;1;2;AUT|glissante mais non grasse;;;1;;;;;;;;;;;1;1;1;2;0;60;1;2;3;4;7;9;;;;;4;4;4;4;4;3;HONDA;600;TRANSALP +35KW;TRAIL / SUPERMOTARD;2;1;1;1;1;1;1;1;1;1;1;100000;12;4;1;YAMAHA;500;SR;ROADSTER;2;3;4;01JAN1965;5;1;3;2;4;4;2;NRP;;;;3;0;0;5;0;4;HONDA;600;TRANSALP;TRAIL / SUPERMOTARD;2;1992;37;1;2;50000;5;HONDA;750;AFRICA TWIN;TRAIL / SUPERMOTARD;2;1995;29;4;1;10000;5;HONDA;600;TRANSALP;TRAIL / SUPERMOTARD;2;1999;37;4;2;1000;5;MONTESA;250;COTA 315R;TOUT TERRAIN (TRIAL, ENDURO, CROSS);2;1991;37;4;1;200;4;;;;;;;;;;;;61200;3;4;;;;;;;;NRP;NRP;NRP;NRP;1983;NRP;NRP;1992;NRP
1219;5467;111;1;0;4;;;;;;0;4;;;;;;0;4;;;;;;0;4;;;;;;0;5;;;;;;0;3;;;;;;1;4;2000;;;;;0;4;;;;;;0;4;;;;;;0;3;;;;;;0;4;;;;;;0;3;;;;;;0;4;;;;;;0;3;;;;;;0;;;;;;;;;;;;;;;;;;;2;0;23;1;31;7;2000;;2000;Vous avez fait une sortie de route, une perte de contrôle ou une glissade puis avez percuté un véhicule arrivant en sens inverse.;3;;;;;;;"Une voiture sort d'une place de stationnement sur ma droite... J'attrape le frein avant, freine fort et je bascule en tonneau avant.La moto glisse et va finir sa course sous la voiture qui arrive en face.   Moi, je me receptionne sur la tete (3 impacts sur le casque): Pas de blessures, mais perte de connaissance pendant 5 mn... L'accident s'est passé en ville, a 50 km/h (La gendarmerie a confirmé que la vitesse n'etait pas en cause). Equipement porté au moment de l'accident: casque, gants ""racing"", blouson cuir coqué de partout, bottes ""racing"", et jean.  Je m'en suis tiré un peu froissé, sans blessures, et 48h en observation a l'hopital.   Responsabilité de l'accident 100% des torts pour moi car j'ai pu éviter la collision avec le vehicule qui sortait du stationnement, mais comme il y a eu collision avec le vehicule qui arrivait en face...";La chute...;"Je monte sur la moto, je démarre tranquillement... je me souvient passer devant l'agence postale située 50 m après mon point de départ, et ... je me ""reveille"" 25mn après, 50 m après l'agence postale, entouré de la police municipale, les gendarmes, et les pompiers deja sur les lieux... (perte de connaissance de 5mn + 20 mn environ d'amnesie...)";NRP;0;;;je ne me souviens pas de tout...;2;1;NSP;;NSP;NSP;NSP;2;;;;;;;;1;;;;;;La voiture a fait sa manoeuvre de sortie de stationnement sans se preoccuper de la presence ou non d'un autre vehicule;3;3;;;1;1;3;4;1;1;1;1;1;1;4;4;4;10;;;;;;;;;2;;;;;;;;;2;2;;2;1;1;1;10;90;0;0;0;2;;;;;;1;1;;;;2;1;1;;;;;;;1;1;1;1;3;;0;50;1;10;2;3;4;7;;;;;4;4;4;4;4;4;YAMAHA;600;R6 (YZF-R6);SPORTIVE;2;1;1;1;1;1;1;1;1;1;1;26000;12;1;1;SUZUKI;650;SV-S;SPORTIVE;2;2;4;04AUG1973;6;1;3;2;5;4;3;NRP;;;;1;0;0;2;0;2;MCC;250;YZ HOMOLOGUEE;TOUT TERRAIN (TRIAL, ENDURO, CROSS);2;1989;37;4;1;300;7;HONDA;750;VFR-F;Routière / GT;2;1997;37;1;2;15000;7;;;;;;;;;;;;;;;;;;;;;;;;;;;;;;;;;;15300;3;4;;;;;;;;NRP;NRP;NRP;NRP;1992;NRP;NRP;1991;NRP
1087;5468;297;1;1;4;2005;;;;;0;3;;;;;;0;4;;;;;;0;3;;;;;;1;5;2005;;;;;0;3;;;;;;0;3;;;;;;0;6;;;;;;2;6;2008;2014;;;;0;5;;;;;;0;5;;;;;;0;2;;;;;;0;4;;;;;;0;4;;;;;;0;;;;;;;;;;;;;;;;;;;4;0;11;1;1;1;2005;;2005;Vous circuliez sur un axe prioritaire. Un autre véhicule arrivant sur le même axe en sens opposé vous a coupé la route en tournant à gauche.;4;;;;;;;"En traversant un croisement avec feux tricolore ( il était vert), le véhicule qui attendé pour tourner à sa gauche m'a coupé la voie. Je me suis encastré dans son aile avant droite et j'ai éjecté par dessus la voiture; Par chance je suis bien tombé et j'ai glissé sur 100 mètres sans rencontrer d'obstacle.";La personne qui conduisait la voiture ne m'a pas vu;NRP;AUT|pas eu le temps de réagir;0;;;Je ne pouvais pas anticiper la réaction de l'automobiliste;2;1;2;;NSP;1;NRP;9;;;;;;Pas eu le temsp;;;;;;;1;Pas de sentiment;3;3;;;2;3;3;3;1;1;1;3;1;3;4;4;4;5;;;;;;;;;2;;;;;;;;;2;2;;2;2;3;1;0;100;0;0;0;2;;;;;;2;1;;;;1;;;;;;;;;;;1;1;3;;0;40;1;10;2;3;4;;;;;;4;4;4;4;4;4;YAMAHA;600;XJ-S DIVERSION;ROADSTER;2;1;1;1;1;1;1;1;1;1;1;30000;12;2;0;;;;;;;;25JUL1977;5;1;3;2;5;4;3;NRP;;;;2;0;0;2;0;2;SUZUKI;650;BANDIT-S;ROADSTER;2;2008;37;1;2;15000;7;YAMAHA;600;XJ-S DIVERSION;ROADSTER;2;1998;37;3;1;2000;7;;;;;;;;;;;;;;;;;;;;;;;;;;;;;;;;;;17000;3;4;;;;;;;;NRP;NRP;NRP;NRP;2004;NRP;NRP;1996;NRP