Ligne;Ligne Q qualif;Ligne approfondissement Accident;ACCIDENT;NBACC1;ACCFREQUENCE1;ANNEEACC1_1;ANNEEACC1_2;ANNEEACC1_3;ANNEEACC1_4;ANNEEACC1_5;NBACC2;ACCFREQUENCE2;ANNEEACC2_1;ANNEEACC2_2;ANNEEACC2_3;ANNEEACC2_4;ANNEEACC2_5;NBACC3;ACCFREQUENCE3;ANNEEACC3_1;ANNEEACC3_2;ANNEEACC3_3;ANNEEACC3_4;ANNEEACC3_5;NBACC4;ACCFREQUENCE4;ANNEEACC4_1;ANNEEACC4_2;ANNEEACC4_3;ANNEEACC4_4;ANNEEACC4_5;NBACC5;ACCFREQUENCE5;ANNEEACC5_1;ANNEEACC5_2;ANNEEACC5_3;ANNEEACC5_4;ANNEEACC5_5;NBACC6;ACCFREQUENCE6;ANNEEACC6_1;ANNEEACC6_2;ANNEEACC6_3;ANNEEACC6_4;ANNEEACC6_5;NBACC7;ACCFREQUENCE7;ANNEEACC7_1;ANNEEACC7_2;ANNEEACC7_3;ANNEEACC7_4;ANNEEACC7_5;NBACC8;ACCFREQUENCE8;ANNEEACC8_1;ANNEEACC8_2;ANNEEACC8_3;ANNEEACC8_4;ANNEEACC8_5;NBACC9;ACCFREQUENCE9;ANNEEACC9_1;ANNEEACC9_2;ANNEEACC9_3;ANNEEACC9_4;ANNEEACC9_5;NBACC10;ACCFREQUENCE10;ANNEEACC10_1;ANNEEACC10_2;ANNEEACC10_3;ANNEEACC10_4;ANNEEACC10_5;NBACC11;ACCFREQUENCE11;ANNEEACC11_1;ANNEEACC11_2;ANNEEACC11_3;ANNEEACC11_4;ANNEEACC11_5;NBACC12;ACCFREQUENCE12;ANNEEACC12_1;ANNEEACC12_2;ANNEEACC12_3;ANNEEACC12_4;ANNEEACC12_5;NBACC13;ACCFREQUENCE13;ANNEEACC13_1;ANNEEACC13_2;ANNEEACC13_3;ANNEEACC13_4;ANNEEACC13_5;NBACC14;ACCFREQUENCE14;ANNEEACC14_1;ANNEEACC14_2;ANNEEACC14_3;ANNEEACC14_4;ANNEEACC14_5;AUTRESACC;NBAUTRESACC;ANNEEAUTREACC1;ANNEEAUTREACC2;ANNEEAUTREACC3;ANNEEAUTREACC4;ANNEEAUTREACC5;LIEUAUTREACC1;LIEUAUTREACC2;LIEUAUTREACC3;LIEUAUTREACC4;LIEUAUTREACC5;DESCRIPTIONAUTRESACC1;DESCRIPTIONAUTRESACC2;DESCRIPTIONAUTRESACC3;DESCRIPTIONAUTRESACC4;DESCRIPTIONAUTRESACC5;NBAUTRESACCCIRCUIT;NBAUTRESTOUTTERRAIN;EXPCYCLO;EXP125;EXPSUP125;ACCORDNEXTQ;CHOIXACC;RGPMTACC;RECUPANNEE;RECUPLIEU;RECUPANNE;RGPMTAC;CHOIX1;CHOIX2;CHOIX3;CHOIX4;CHOIX5;CHOIX6;CHOIX7;DESCRIPTION;RUPTURE;FAITS;ABS_REACTION;AUTRE_REACTION;PRECISIONREACTIONOUI;RECUL;PRECISIONREACTIONNON;IMPACTCOMPORTEMENT;AUTREUSAGER;REACTIONAUTREUSAGER;CONNAISSANCEREACTIONUSAGER;DIFFICULTES;AGGRAVATION;DIFFICULTES2;EMOTIONS1;EMOTIONS2;EMOTIONS3;EMOTIONS4;EMOTIONS5;EMOTIONS6;AUTRESENTIMENT;CLASSEMENTEMOTIONS1;CLASSEMENTEMOTIONS;CLASSEMENTEMOTIONS5;CLASSEMENTEMOTIONS6;CLASSEMENTEMOTIONS7;CLASSEMENTEMOTIONS8;CLASSEMENTEMOTIONS9;EXPLICATIONRESSENTI;BIENEQUIPE;ALLURE;ALLUREVITEDETAIL;ALLURELENTEDETAIL;SITUATIONPRESSE;SITUATIONDISTRAIT;SITUATIONCONFIANT;SITUATIONCONTROLE;SITUATIONLUDIQUE;SITUATIONPERF;SITUATIONSTRESS;SITUATIONFATIGUE;HUMEURNEUTRE;HUMEURGAI;HUMEURMECONTENT;HUMEURTRISTE;HUMEURCOLERE;CONTRIBUTION1;CONTRIBUTION2;CONTRIBUTION3;CONTRIBUTION4;CONTRIBUTION5;CONTRIBUTION6;CONTRIBUTION7;CONTRIBUTION8;CONTRIBUTION9;ROLEINFRA;ELEMENTINFRA1;ELEMENTINFRA2;ELEMENTINFRA3;ELEMENTINFRA4;ELEMENTINFRA5;ELEMENTINFRA6;ELEMENTINFRA7;ELEMENTINFRA8;ELEMENTINFRA9;ALCOOL;TXALCOOL;STUP;SEMAINE;MOMENTJOURNEE;TEMPS;CAUSEACC1;CAUSEACC2;CAUSEACC3;CAUSEACC4;CAUSEACC5;FORMATIONCAUSE;FORMATION1;FORMATION2;FORMATION3;FORMATION4;FORMATION5;TRAFIC;CHAUSSEE1;CHAUSSEE2;CHAUSSEE3;CHAUSSEE4;TYPEACC;BLESSURE;TETE;COU;THORAX;MEMBRESSUP;COLONNE;BASSIN;MEMBRESINF;HOPITAL;PLUS24H;TRAJET;TYPEROUTE;MOTIF;SENSTRAJET;PASSAGER;VITESSE;DESCEQ1;DESCEQ2;DESCEQ3;DESCEQ4;DESCEQ5;DESCEQ6;DESCEQ7;DESCEQ8;DESCEQ9;DESCEQ10;VEHICULEETE;VEHICULEAUTOMNE;VEHICULEPRINTEMPS;VEHICULEHIVER;VEHICULESEMAINE;VEHICULEWE;VEHMARQUE;VEHCYLINDREE;VEHMODELE;VEHSEGMENT;VEHSIDE;EQ2RMABS;EQ2RMCBS;EQ2RMABSCBS;EQ2RMREGULATEUR;EQ2RMLIMITEUR;EQ2RMPHARESDIRECT;EQ2RMCOUPURE;EQ2RMANTIPATINAGE;EQ2RMANTIXHEELING;EQ2RMSTABILILTE;VEHKM;POINTS;DUREE;AUTRE2RM;VEHPRECMARQUE;VEHPRECCYLINDREE;VEHPRECMODELE;VEHPRECSEGMENT;VEHPRECSIDE;TEMPS2RMPREC;FREQVEHPREC;DATE_NAISS;CSP;SOCIETAIRE;SALARIE;SECTEUR2RM;NBPERSFOYER;SITFAM;NBENF;TRNBENF1;TRNBENF2;TRNBENF3;TRNBENF4;NBAUTOFOYER;NBCYCLOFOYER;NBSCOOTFOYER;NBMOTOFOYER;NBTRIKEFOYER;NB2RMCONDUIT;MARQUE1;CYLINDREE1;MODELE1;SEGMENT1;SIDE1;ANMISECIRCU1;ASS1;FREQ1;USAGE1;NBKM1;GARAGE1;MARQUE2;CYLINDREE2;MODELE2;SEGMENT2;SIDE2;ANMISECIRCU2;ASS2;FREQ2;USAGE2;NBKM2;GARAGE2;MARQUE3;CYLINDREE3;MODELE3;SEGMENT3;SIDE3;ANMISECIRCU3;ASS3;FREQ3;USAGE3;NBKM3;GARAGE3;MARQUE4;CYLINDREE4;MODELE4;SEGMENT4;SIDE4;ANMISECIRCU4;ASS4;FREQ4;USAGE4;NBKM4;GARAGE4;MARQUE5;CYLINDREE5;MODELE5;SEGMENT5;SIDE5;ANMISECIRCU5;ASS5;FREQ5;USAGE5;NBKM5;GARAGE5;NBKMTOT;PERMIS1;PERMIS2;PERMIS3;PERMIS4;PERMIS5;PERMIS6;PERMIS7;PERMIS8;PERMIS9;ANPERMIS1;ANPERMIS6;ANPERMIS7;ANPERMIS2;ANPERMIS3;ANPERMIS8;ANPERMIS9;ANPERMIS4;ANPERMIS5
1360;5471;;0;;;;;;;;;;;;;;;;;;;;;;;;;;;;;;;;;;;;;;;;;;;;;;;;;;;;;;;;;;;;;;;;;;;;;;;;;;;;;;;;;;;;;;;;;;;;;;;;;;;;;;;;;;;;;;;;;;;;;;;;;;;;;;;;;;;;;;;;;;;;;;;;;;;;;;;;;;;;;;;;;;;;;;;;;;;;;;;;;;;;;;;;;;;;;;;;;;;;;;;;;;;;;;;;;;;;;;;;;;;;;;;;;;;;;;;;;;;;;;;;;;;;;;;;;;;;;;;;;;;;;;;;;;;;;;;;;;;;;;;;;;07OCT1991;10;1;3;2;4;5;0;NRP;;;;3;0;1;3;0;1;YAMAHA;125;SR;CUSTOM;2;1992;29;3;1;4000;7;;;;;;;;;;;;;;;;;;;;;;;;;;;;;;;;;;;;;;;;;;;;;4000;4;3;;;;;;;;NRP;NRP;NRP;NRP;2012;NRP;NRP;2010;NRP
1211;5473;;1;0;5;;;;;;0;5;;;;;;0;5;;;;;;0;5;;;;;;0;5;;;;;;0;5;;;;;;1;4;2006;;;;;0;4;;;;;;1;5;1989;;;;;2;5;1996;2010;;;;0;5;;;;;;0;4;;;;;;0;5;;;;;;1;5;1982;;;;;1;1;2012;;;;;le havre;;;;;Arrêté  au feu  derrière  un véhicule  celui -ci  pour  une  raison floue  s'est  mis  a reculé , me  percutant.;;;;;0;0;1;1;32;1;31;7;2006;;;;;;;;;;;;;;;;;;;;;;;;;;;;;;;;;;;;;;;;;;;;;;;;;;;;;;;;;;;;;;;;;;;;;;;;;;;;;;;;;;;;;;;;;;;;;;;;;;;;;;;;;;;;;;;;;;;;;;;;;;;;;;;;;;;;;;;;;;;;;;;;;;;;;;;;;;;;;;18SEP1964;8;2;3;2;3;4;1;NRP;;;;1;0;0;1;0;1;HONDA;700;DEAUVILLE;Routière / GT;2;2011;18;1;1;6000;7;;;;;;;;;;;;;;;;;;;;;;;;;;;;;;;;;;;;;;;;;;;;;6000;8;9;4;3;2;;;;;NRP;NRP;NRP;1981;1982;1982;1982;1983;NRP
2154;5477;;0;;;;;;;;;;;;;;;;;;;;;;;;;;;;;;;;;;;;;;;;;;;;;;;;;;;;;;;;;;;;;;;;;;;;;;;;;;;;;;;;;;;;;;;;;;;;;;;;;;;;;;;;;;;;;;;;;;;;;;;;;;;;;;;;;;;;;;;;;;;;;;;;;;;;;;;;;;;;;;;;;;;;;;;;;;;;;;;;;;;;;;;;;;;;;;;;;;;;;;;;;;;;;;;;;;;;;;;;;;;;;;;;;;;;;;;;;;;;;;;;;;;;;;;;;;;;;;;;;;;;;;;;;;;;;;;;;;;;;;;;;;24OCT1989;5;2;3;2;4;5;0;NRP;;;;3;0;0;1;0;1;HONDA;125;CB-F;ROADSTER;2;2011;28;3;2;6000;7;;;;;;;;;;;;;;;;;;;;;;;;;;;;;;;;;;;;;;;;;;;;;6000;4;5;;;;;;;;NRP;NRP;NRP;NRP;NRP;NRP;NRP;2008;2011
2120;5480;;1;0;6;;;;;;0;5;;;;;;0;5;;;;;;0;2;;;;;;0;6;;;;;;0;6;;;;;;0;6;;;;;;0;6;;;;;;2;5;NSP;NSP;;;;0;4;;;;;;0;5;;;;;;0;2;;;;;;0;3;;;;;;1;5;1978;;;;;0;;;;;;;;;;;;;;;;;;;38;2;36;1;42;9;0;;;;;;;;;;;;;;;;;;;;;;;;;;;;;;;;;;;;;;;;;;;;;;;;;;;;;;;;;;;;;;;;;;;;;;;;;;;;;;;;;;;;;;;;;;;;;;;;;;;;;;;;;;;;;;;;;;;;;;;;;;;;;;;;;;;;;;;;;;;;;;;;;;;;;;;;;;;;;;25JUN1960;7;1;3;2;1;1;;NRP;;;;1;0;0;1;0;1;TRIUMPH;955;SPEED TRIPLE;ROADSTER;2;2001;37;2;1;5000;7;;;;;;;;;;;;;;;;;;;;;;;;;;;;;;;;;;;;;;;;;;;;;5000;2;3;4;;;;;;;NRP;NRP;NRP;1977;1979;NRP;NRP;1980;NRP
1823;5484;;1;0;6;;;;;;0;6;;;;;;2;4;1991;2007;;;;0;6;;;;;;0;6;;;;;;0;5;;;;;;0;4;;;;;;0;6;;;;;;5;6;1988;1989;1990;1993;2008;0;6;;;;;;1;5;1991;;;;;0;5;;;;;;0;5;;;;;;0;4;;;;;;1;1;1991;;;;;Sundhoffen;;;;;A un carrefour la voiture venant de la droite m'a percuté. Le véhicule (Citroën CX) était caché par un terre plein et n'était pas visible.;;;;;1;1;4;0;29;1;45;9;2008;;;;;;;;;;;;;;;;;;;;;;;;;;;;;;;;;;;;;;;;;;;;;;;;;;;;;;;;;;;;;;;;;;;;;;;;;;;;;;;;;;;;;;;;;;;;;;;;;;;;;;;;;;;;;;;;;;;;;;;;;;;;;;;;;;;;;;;;;;;;;;;;;;;;;;;;;;;;;;08JAN1968;8;2;3;2;3;4;1;NRP;;;;2;0;0;6;0;6;BMW;1000;R100T;ROADSTER;2;1982;29;2;1;5000;7;DUCATI;900;SUPERSPORT;Routière / GT;2;1994;29;3;1;5000;7;BMW;900;R90/6;ROADSTER;2;1974;29;3;1;1000;7;DUCATI;350;350 GTL;ROADSTER;2;1977;29;4;1;1000;7;YAMAHA;1000;FZ-R EXUP;SPORTIVE;2;1989;29;2;2;2000;7;14000;3;4;;;;;;;;NRP;NRP;NRP;NRP;1986;NRP;NRP;1988;NRP
721;5486;;0;;;;;;;;;;;;;;;;;;;;;;;;;;;;;;;;;;;;;;;;;;;;;;;;;;;;;;;;;;;;;;;;;;;;;;;;;;;;;;;;;;;;;;;;;;;;;;;;;;;;;;;;;;;;;;;;;;;;;;;;;;;;;;;;;;;;;;;;;;;;;;;;;;;;;;;;;;;;;;;;;;;;;;;;;;;;;;;;;;;;;;;;;;;;;;;;;;;;;;;;;;;;;;;;;;;;;;;;;;;;;;;;;;;;;;;;;;;;;;;;;;;;;;;;;;;;;;;;;;;;;;;;;;;;;;;;;;;;;;;;;;12JUN1955;9;1;3;2;3;4;1;NRP;;;;2;1;0;1;0;2;BMW;1200;R1200RT;Routière / GT;2;2009;37;2;1;2000;AUT|MAISON;SYM;50;ORBIT;SCOOTER;2;2009;33;3;1;2000;AUT|MAISON;;;;;;;;;;;;;;;;;;;;;;;;;;;;;;;;;;4000;2;3;4;;;;;;;NRP;NRP;NRP;1976;2010;NRP;NRP;1978;NRP
1494;5490;;1;0;6;;;;;;0;2;;;;;;0;1;;;;;;0;2;;;;;;0;6;;;;;;0;2;;;;;;0;2;;;;;;1;4;1983;;;;;0;3;;;;;;0;6;;;;;;0;6;;;;;;0;3;;;;;;1;4;2014;;;;;0;5;;;;;;0;;;;;;;;;;;;;;;;;;;3;3;30;1;61;13;2014;;;;;;;;;;;;;;;;;;;;;;;;;;;;;;;;;;;;;;;;;;;;;;;;;;;;;;;;;;;;;;;;;;;;;;;;;;;;;;;;;;;;;;;;;;;;;;;;;;;;;;;;;;;;;;;;;;;;;;;;;;;;;;;;;;;;;;;;;;;;;;;;;;;;;;;;;;;;;;20DEC1959;7;1;3;2;3;4;1;NRP;;;;2;1;0;3;0;3;BMW;800;R80/7;ROADSTER;2;1980;37;2;1;20000;7;SUZUKI;125;GN125D;CUSTOM;2;1998;37;3;1;1000;7;PEUGEOT;80;SCL;SCOOTER;2;2000;37;4;2;10000;7;;;;;;;;;;;;;;;;;;;;;;;31000;2;3;4;;;;;;;NRP;NRP;NRP;1977;1978;NRP;NRP;1987;NRP
1437;5491;;1;0;4;;;;;;0;1;;;;;;0;4;;;;;;0;3;;;;;;0;3;;;;;;0;2;;;;;;0;2;;;;;;0;2;;;;;;0;1;;;;;;1;4;2012;;;;;0;4;;;;;;0;3;;;;;;0;2;;;;;;0;5;;;;;;1;2;2010;2011;;;;Champigny sur M;Paris;;;;j'étais arrêté au feu rouge à un carrefour et un camion, devant moi, m'a reculé dessus et a projeté ma moto sur les voitures arrivant en face.;Je me suis arrêté au passage clouté pour laissé traverser des piétons et un scooter 3 roues m'est rentré dedans. Sans dommage pour ma moto et moi même.;;;;0;0;0;0;6;1;71;15;2010;Champigny sur M;;;;;;;;;;;;;;;;;;;;;;;;;;;;;;;;;;;;;;;;;;;;;;;;;;;;;;;;;;;;;;;;;;;;;;;;;;;;;;;;;;;;;;;;;;;;;;;;;;;;;;;;;;;;;;;;;;;;;;;;;;;;;;;;;;;;;;;;;;;;;;;;;;;;;;;;;;;;;24JUN1977;4;1;3;2;2;3;;NRP;;;;1;0;0;1;0;1;KAWASAKI;650;"ER-6 ""N"" ABS";ROADSTER;2;2007;37;1;2;25000;6;;;;;;;;;;;;;;;;;;;;;;;;;;;;;;;;;;;;;;;;;;;;;25000;3;;;;;;;;;NRP;NRP;NRP;NRP;2009;NRP;NRP;NRP;NRP
776;5492;;1;0;6;;;;;;0;5;;;;;;0;5;;;;;;0;3;;;;;;0;5;;;;;;0;5;;;;;;0;5;;;;;;1;5;1998;;;;;1;5;1998;;;;;0;5;;;;;;0;6;;;;;;0;5;;;;;;0;4;;;;;;0;5;;;;;;0;;;;;;;;;;;;;;;;;;;5;6;8;1;41;9;1998;;;;;;;;;;;;;;;;;;;;;;;;;;;;;;;;;;;;;;;;;;;;;;;;;;;;;;;;;;;;;;;;;;;;;;;;;;;;;;;;;;;;;;;;;;;;;;;;;;;;;;;;;;;;;;;;;;;;;;;;;;;;;;;;;;;;;;;;;;;;;;;;;;;;;;;;;;;;;;19NOV1978;8;2;3;2;4;4;2;NRP;;;;1;0;0;1;0;1;YAMAHA;600;FZ6-S FAZER  S2;ROADSTER;2;2007;9;2;1;10000;7;;;;;;;;;;;;;;;;;;;;;;;;;;;;;;;;;;;;;;;;;;;;;10000;3;;;;;;;;;NRP;NRP;NRP;NRP;2006;NRP;NRP;NRP;NRP
1907;5493;;1;0;5;;;;;;0;5;;;;;;0;6;;;;;;0;3;;;;;;0;5;;;;;;0;4;;;;;;0;4;;;;;;0;4;;;;;;1;5;1997;;;;;0;5;;;;;;0;6;;;;;;0;2;;;;;;0;5;;;;;;0;4;;;;;;0;;;;;;;;;;;;;;;;;;;3;2;3;1;41;9;1997;;;;;;;;;;;;;;;;;;;;;;;;;;;;;;;;;;;;;;;;;;;;;;;;;;;;;;;;;;;;;;;;;;;;;;;;;;;;;;;;;;;;;;;;;;;;;;;;;;;;;;;;;;;;;;;;;;;;;;;;;;;;;;;;;;;;;;;;;;;;;;;;;;;;;;;;;;;;;;26MAY1979;7;2;3;2;4;4;2;NRP;;;;2;1;0;1;0;1;MOTO GUZZI;1200;SPORT;ROADSTER;2;2007;29;2;2;6000;7;;;;;;;;;;;;;;;;;;;;;;;;;;;;;;;;;;;;;;;;;;;;;6000;2;3;4;;;;;;;NRP;NRP;NRP;1996;2012;NRP;NRP;1997;NRP
624;5495;459;1;0;6;;;;;;1;5;1999;;;;;0;5;;;;;;0;3;;;;;;1;6;2008;;;;;0;2;;;;;;0;4;;;;;;0;5;;;;;;1;4;1996;;;;;0;4;;;;;;1;4;2005;;;;;0;3;;;;;;1;5;1999;;;;;0;4;;;;;;0;;;;;;;;;;;;;;;;;;;4;0;22;1;21;5;2008;;2008;Vous circuliez sur un axe prioritaire. Un véhicule venant d’un axe non prioritaire vous a coupé la route.;3;;;;;;;Circulant sur une route prioritaire en ligne droite, et à l'approche d'un carrefour avec visibilité, j'ai constaté qu'un véhicule était arrêté au stop. Le conducteur ne semblant pas regarder dans ma direction (sur son côté gauche), j'ai décéléré. Il n'a effectué un contrôle que sur son côté droit et s'est engagé alors que j'arrivais. J'ai alors accéléré pour me dégager mais n'ai pu éviter d'être percuté à l'arrière droit (au niveau de l'échappement).;la non prise en compte par l'autre conducteur de ma présence sur la route !;Voir pages précédentes. Décélération puis réaccéleration pour me dégager. L'autre usager a freiné, mais trop tard car déjà engagé sur la chaussée. Termes utilisés post accident : 'je ne vous avais pas vu'. Normal, pour voir il faut regarder ...;NRP;1;J'aurais pu encore plus ralentir pour être certain d'avoir été vu par l'autre conducteur.;L'autre véhicule était à l'arrêt et supposé respecter le code de la route. Il faisait jour, j'étais en ligne droite et ne roulait pas particulièrement vite, donc pas de problème de visibilité possible à mon sens.;;2;1;1;1;Réaction trop tardive alors que j'étais déjà à son niveau;2;Une fois engagé, il était difficile d'agir autrement. S'il n'avait pas freiné, je pense qu'il m'aurait percuté plus violemment.;8;;;;;;;;;;;;;;;4;3;;;1;1;3;4;2;1;1;NSP;1;4;4;4;4;5;;;;;;;;;1;2;4;;;;;;;2;2;;2;1;1;1;0;80;0;20;0;2;;;;;;AUT|aucun autre véhicule en présence;1;;;;1;;;;;;;;;;;1;2;1;2;0;70;1;10;2;3;4;7;;;;;4;4;4;4;4;2;SUZUKI;650;SV-N ABS;ROADSTER;2;0;1;1;1;1;1;1;1;1;1;NSP;12;4;1;SUZUKI;600;BANDIT-S;ROADSTER;2;4;4;20MAR1973;5;2;3;2;4;4;2;NRP;;;;2;0;0;1;0;1;SUZUKI;650;V-STROM ABS;TRAIL / SUPERMOTARD;2;2009;9;3;2;6000;7;;;;;;;;;;;;;;;;;;;;;;;;;;;;;;;;;;;;;;;;;;;;;6000;4;3;;;;;;;;NRP;NRP;NRP;NRP;1993;NRP;NRP;1991;NRP
1099;5502;;1;0;2;;;;;;0;5;;;;;;0;5;;;;;;1;5;2014;;;;;0;3;;;;;;0;4;;;;;;0;4;;;;;;1;6;2011;;;;;0;6;;;;;;0;5;;;;;;0;4;;;;;;0;2;;;;;;0;3;;;;;;0;3;;;;;;0;;;;;;;;;;;;;;;;;;;0;1;4;1;36;8;2011;;;;;;;;;;;;;;;;;;;;;;;;;;;;;;;;;;;;;;;;;;;;;;;;;;;;;;;;;;;;;;;;;;;;;;;;;;;;;;;;;;;;;;;;;;;;;;;;;;;;;;;;;;;;;;;;;;;;;;;;;;;;;;;;;;;;;;;;;;;;;;;;;;;;;;;;;;;;;;04JUN1987;5;2;3;2;2;3;;NRP;;;;0;0;0;1;0;1;KAWASAKI;650;ER-6  F  ABS;Routière / GT;2;2007;31;2;1;12000;1;;;;;;;;;;;;;;;;;;;;;;;;;;;;;;;;;;;;;;;;;;;;;12000;4;3;;;;;;;;NRP;NRP;NRP;NRP;2010;NRP;NRP;2005;NRP
208;5505;75;1;0;4;;;;;;0;5;;;;;;0;4;;;;;;0;2;;;;;;1;5;2011;;;;;0;5;;;;;;0;4;;;;;;2;4;1988;1990;;;;4;4;1988;1999;2001;2003;;0;5;;;;;;0;5;;;;;;0;3;;;;;;0;4;;;;;;1;3;1998;;;;;1;0;;;;;;;;;;;;;;;;1;10;10;5;30;1;21;5;2011;;2011;Vous circuliez sur un axe prioritaire. Un véhicule venant d’un axe non prioritaire vous a coupé la route.;4;;;;;;;La voiture était déjà complètement sur ma voie quand je l'ai vue, elle a du s'avancer dans l'instant où je jetais un oeil dans mon rétroviseur ... Mon analyse a tout de suite confirmé que je n'avais aucun moyen de l'éviter, mon réflexe a été de toucher les freins mais je n'en ai pas eu le temps. Une grosse détonation, un blanc d'une seconde (absence de mémoire / souvenir), et je me suis retrouvé assis de l'autre côté de la voiture avec une énorme douleur aux pouces / coxis / et talons. Moi j'ai fait un looping par l'avant au dessus du capot, la moto a tenté de passer au travers et c'est retrouvée coupée en deux à la colonne de direction. Au final, juste un gros bleu aux fesses et un pouce cassé, le lendemain j'étais au boulot, mais j'ai mis une semaine avant de reprendre la moto.;La conductrice de la voiture ne m'a pas vu venir, elle a juste entendu le choc et vu passer une ombre devant son pare-brise.;Avant le choc, aucune réaction, sauf la sensation de monter en l'air, sans savoir si c'est un réflexe ou la conséquence du choc.;AUT|Beaucoup trop rapide pour avoir le temps de faire quelque chose, juste une idée qui traverse l'esprit;0;;;Trop rapide le tout s'est passé un une fraction de seconde.;2;1;2;;Elle ne m'a pas vu, alors que l'endroit était dégagé et que j'étais seul avec mon phare allumé.;2;Elle n'a absolument eu aucune réaction avant le choc.;6;;;;;;;;;;;;1;;Pas le temps de faire quoi que ce soit ! Pas de possibilité d'évitement ni de ralentissement, la voiture à surgit devant moi ...;4;1;1;;2;2;4;3;3;1;1;1;2;1;4;4;4;10;;;;;;;;;2;;;;;;;;;2;2;;2;1;1;1;5;95;0;0;0;2;;;;;;1;1;7;;;2;1;4;6;;;;;;1;0;1;1;1;1;0;60;1;2;3;4;9;;;;;;3;3;3;2;3;3;DUCATI;800;MONSTER S2R;ROADSTER;2;1;1;1;1;1;1;1;1;1;1;35000;12;3;1;DUCATI;620;MONSTER IE APTC;ROADSTER;2;4;3;24MAR1965;5;1;3;1;2;3;;NRP;;;;2;0;1;7;0;8;DUCATI;900;MONSTER;ROADSTER;2;2000;29;3;1;3000;7;DUCATI;1000;MULTISTRADA DS;ROADSTER;2;2005;29;3;2;3000;7;DUCATI;999;999 SUPERBIKE S MONOPOSTO;SPORTIVE;2;2003;37;4;1;2000;7;PEUGEOT;125;SATELIS EXECUTIVE;SCOOTER;2;2012;40;1;3;4000;4;SUZUKI;400;DRZ-S;TRAIL / SUPERMOTARD;2;2000;29;4;1;500;7;12500;3;4;5;;;;;;;NRP;NRP;NRP;NRP;1985;NRP;NRP;1983;1991
919;5506;;1;0;4;;;;;;0;5;;;;;;0;4;;;;;;0;2;;;;;;0;4;;;;;;0;4;;;;;;0;1;;;;;;0;2;;;;;;0;2;;;;;;0;4;;;;;;0;6;;;;;;1;3;1995;;;;;0;2;;;;;;0;2;;;;;;0;;;;;;;;;;;;;;;;;;;4;0;10;1;56;12;1995;;;;;;;;;;;;;;;;;;;;;;;;;;;;;;;;;;;;;;;;;;;;;;;;;;;;;;;;;;;;;;;;;;;;;;;;;;;;;;;;;;;;;;;;;;;;;;;;;;;;;;;;;;;;;;;;;;;;;;;;;;;;;;;;;;;;;;;;;;;;;;;;;;;;;;;;;;;;;;10SEP1977;7;1;3;2;1;1;;NRP;;;;1;0;0;2;0;2;SUZUKI;1400;GSX;ROADSTER;2;2007;37;2;1;5000;7;SUZUKI;1000;GSX-R IE;SPORTIVE;2;2001;37;4;1;1000;7;;;;;;;;;;;;;;;;;;;;;;;;;;;;;;;;;;6000;3;4;;;;;;;;NRP;NRP;NRP;NRP;2003;NRP;NRP;1996;NRP
1275;5507;;1;0;3;;;;;;0;2;;;;;;0;3;;;;;;0;1;;;;;;0;3;;;;;;0;3;;;;;;0;3;;;;;;0;3;;;;;;1;2;1994;;;;;0;3;;;;;;0;3;;;;;;0;2;;;;;;1;4;1995;;;;;0;3;;;;;;1;2;2002;2014;;;;Nanterre;Rueil Malmaison;;;;Automobile sortant d'un parking souterrain, très peu de visibilité, elle me percute du coté droit violemment mais à faible vitesse. Rue à sens unique avec stationnement à droite.;Automobile venant de face sur voie opposée, dans léger virage à gauche pour elle, se déporte d'1 mètre sur ma voie et me percute à faible vitesse, coté gauche puis la moto tombe coté droit.;;;;0;0;8;0;20;1;71;15;2002;Nanterre;;;;;;;;;;;;;;;;;;;;;;;;;;;;;;;;;;;;;;;;;;;;;;;;;;;;;;;;;;;;;;;;;;;;;;;;;;;;;;;;;;;;;;;;;;;;;;;;;;;;;;;;;;;;;;;;;;;;;;;;;;;;;;;;;;;;;;;;;;;;;;;;;;;;;;;;;;;;;17JUN1968;7;2;3;2;5;4;3;NRP;;;;1;0;0;1;0;1;YAMAHA;600;FZ6-S FAZER;ROADSTER;2;2010;8;1;2;12000;7;;;;;;;;;;;;;;;;;;;;;;;;;;;;;;;;;;;;;;;;;;;;;12000;3;4;;;;;;;;NRP;NRP;NRP;NRP;1995;NRP;NRP;1992;NRP