Ligne;Ligne Q qualif;Ligne approfondissement Accident;ACCIDENT;NBACC1;ACCFREQUENCE1;ANNEEACC1_1;ANNEEACC1_2;ANNEEACC1_3;ANNEEACC1_4;ANNEEACC1_5;NBACC2;ACCFREQUENCE2;ANNEEACC2_1;ANNEEACC2_2;ANNEEACC2_3;ANNEEACC2_4;ANNEEACC2_5;NBACC3;ACCFREQUENCE3;ANNEEACC3_1;ANNEEACC3_2;ANNEEACC3_3;ANNEEACC3_4;ANNEEACC3_5;NBACC4;ACCFREQUENCE4;ANNEEACC4_1;ANNEEACC4_2;ANNEEACC4_3;ANNEEACC4_4;ANNEEACC4_5;NBACC5;ACCFREQUENCE5;ANNEEACC5_1;ANNEEACC5_2;ANNEEACC5_3;ANNEEACC5_4;ANNEEACC5_5;NBACC6;ACCFREQUENCE6;ANNEEACC6_1;ANNEEACC6_2;ANNEEACC6_3;ANNEEACC6_4;ANNEEACC6_5;NBACC7;ACCFREQUENCE7;ANNEEACC7_1;ANNEEACC7_2;ANNEEACC7_3;ANNEEACC7_4;ANNEEACC7_5;NBACC8;ACCFREQUENCE8;ANNEEACC8_1;ANNEEACC8_2;ANNEEACC8_3;ANNEEACC8_4;ANNEEACC8_5;NBACC9;ACCFREQUENCE9;ANNEEACC9_1;ANNEEACC9_2;ANNEEACC9_3;ANNEEACC9_4;ANNEEACC9_5;NBACC10;ACCFREQUENCE10;ANNEEACC10_1;ANNEEACC10_2;ANNEEACC10_3;ANNEEACC10_4;ANNEEACC10_5;NBACC11;ACCFREQUENCE11;ANNEEACC11_1;ANNEEACC11_2;ANNEEACC11_3;ANNEEACC11_4;ANNEEACC11_5;NBACC12;ACCFREQUENCE12;ANNEEACC12_1;ANNEEACC12_2;ANNEEACC12_3;ANNEEACC12_4;ANNEEACC12_5;NBACC13;ACCFREQUENCE13;ANNEEACC13_1;ANNEEACC13_2;ANNEEACC13_3;ANNEEACC13_4;ANNEEACC13_5;NBACC14;ACCFREQUENCE14;ANNEEACC14_1;ANNEEACC14_2;ANNEEACC14_3;ANNEEACC14_4;ANNEEACC14_5;AUTRESACC;NBAUTRESACC;ANNEEAUTREACC1;ANNEEAUTREACC2;ANNEEAUTREACC3;ANNEEAUTREACC4;ANNEEAUTREACC5;LIEUAUTREACC1;LIEUAUTREACC2;LIEUAUTREACC3;LIEUAUTREACC4;LIEUAUTREACC5;DESCRIPTIONAUTRESACC1;DESCRIPTIONAUTRESACC2;DESCRIPTIONAUTRESACC3;DESCRIPTIONAUTRESACC4;DESCRIPTIONAUTRESACC5;NBAUTRESACCCIRCUIT;NBAUTRESTOUTTERRAIN;EXPCYCLO;EXP125;EXPSUP125;ACCORDNEXTQ;CHOIXACC;RGPMTACC;RECUPANNEE;RECUPLIEU;RECUPANNE;RGPMTAC;CHOIX1;CHOIX2;CHOIX3;CHOIX4;CHOIX5;CHOIX6;CHOIX7;DESCRIPTION;RUPTURE;FAITS;ABS_REACTION;AUTRE_REACTION;PRECISIONREACTIONOUI;RECUL;PRECISIONREACTIONNON;IMPACTCOMPORTEMENT;AUTREUSAGER;REACTIONAUTREUSAGER;CONNAISSANCEREACTIONUSAGER;DIFFICULTES;AGGRAVATION;DIFFICULTES2;EMOTIONS1;EMOTIONS2;EMOTIONS3;EMOTIONS4;EMOTIONS5;EMOTIONS6;AUTRESENTIMENT;CLASSEMENTEMOTIONS1;CLASSEMENTEMOTIONS;CLASSEMENTEMOTIONS5;CLASSEMENTEMOTIONS6;CLASSEMENTEMOTIONS7;CLASSEMENTEMOTIONS8;CLASSEMENTEMOTIONS9;EXPLICATIONRESSENTI;BIENEQUIPE;ALLURE;ALLUREVITEDETAIL;ALLURELENTEDETAIL;SITUATIONPRESSE;SITUATIONDISTRAIT;SITUATIONCONFIANT;SITUATIONCONTROLE;SITUATIONLUDIQUE;SITUATIONPERF;SITUATIONSTRESS;SITUATIONFATIGUE;HUMEURNEUTRE;HUMEURGAI;HUMEURMECONTENT;HUMEURTRISTE;HUMEURCOLERE;CONTRIBUTION1;CONTRIBUTION2;CONTRIBUTION3;CONTRIBUTION4;CONTRIBUTION5;CONTRIBUTION6;CONTRIBUTION7;CONTRIBUTION8;CONTRIBUTION9;ROLEINFRA;ELEMENTINFRA1;ELEMENTINFRA2;ELEMENTINFRA3;ELEMENTINFRA4;ELEMENTINFRA5;ELEMENTINFRA6;ELEMENTINFRA7;ELEMENTINFRA8;ELEMENTINFRA9;ALCOOL;TXALCOOL;STUP;SEMAINE;MOMENTJOURNEE;TEMPS;CAUSEACC1;CAUSEACC2;CAUSEACC3;CAUSEACC4;CAUSEACC5;FORMATIONCAUSE;FORMATION1;FORMATION2;FORMATION3;FORMATION4;FORMATION5;TRAFIC;CHAUSSEE1;CHAUSSEE2;CHAUSSEE3;CHAUSSEE4;TYPEACC;BLESSURE;TETE;COU;THORAX;MEMBRESSUP;COLONNE;BASSIN;MEMBRESINF;HOPITAL;PLUS24H;TRAJET;TYPEROUTE;MOTIF;SENSTRAJET;PASSAGER;VITESSE;DESCEQ1;DESCEQ2;DESCEQ3;DESCEQ4;DESCEQ5;DESCEQ6;DESCEQ7;DESCEQ8;DESCEQ9;DESCEQ10;VEHICULEETE;VEHICULEAUTOMNE;VEHICULEPRINTEMPS;VEHICULEHIVER;VEHICULESEMAINE;VEHICULEWE;VEHMARQUE;VEHCYLINDREE;VEHMODELE;VEHSEGMENT;VEHSIDE;EQ2RMABS;EQ2RMCBS;EQ2RMABSCBS;EQ2RMREGULATEUR;EQ2RMLIMITEUR;EQ2RMPHARESDIRECT;EQ2RMCOUPURE;EQ2RMANTIPATINAGE;EQ2RMANTIXHEELING;EQ2RMSTABILILTE;VEHKM;POINTS;DUREE;AUTRE2RM;VEHPRECMARQUE;VEHPRECCYLINDREE;VEHPRECMODELE;VEHPRECSEGMENT;VEHPRECSIDE;TEMPS2RMPREC;FREQVEHPREC;DATE_NAISS;CSP;SOCIETAIRE;SALARIE;SECTEUR2RM;NBPERSFOYER;SITFAM;NBENF;TRNBENF1;TRNBENF2;TRNBENF3;TRNBENF4;NBAUTOFOYER;NBCYCLOFOYER;NBSCOOTFOYER;NBMOTOFOYER;NBTRIKEFOYER;NB2RMCONDUIT;MARQUE1;CYLINDREE1;MODELE1;SEGMENT1;SIDE1;ANMISECIRCU1;ASS1;FREQ1;USAGE1;NBKM1;GARAGE1;MARQUE2;CYLINDREE2;MODELE2;SEGMENT2;SIDE2;ANMISECIRCU2;ASS2;FREQ2;USAGE2;NBKM2;GARAGE2;MARQUE3;CYLINDREE3;MODELE3;SEGMENT3;SIDE3;ANMISECIRCU3;ASS3;FREQ3;USAGE3;NBKM3;GARAGE3;MARQUE4;CYLINDREE4;MODELE4;SEGMENT4;SIDE4;ANMISECIRCU4;ASS4;FREQ4;USAGE4;NBKM4;GARAGE4;MARQUE5;CYLINDREE5;MODELE5;SEGMENT5;SIDE5;ANMISECIRCU5;ASS5;FREQ5;USAGE5;NBKM5;GARAGE5;NBKMTOT;PERMIS1;PERMIS2;PERMIS3;PERMIS4;PERMIS5;PERMIS6;PERMIS7;PERMIS8;PERMIS9;ANPERMIS1;ANPERMIS6;ANPERMIS7;ANPERMIS2;ANPERMIS3;ANPERMIS8;ANPERMIS9;ANPERMIS4;ANPERMIS5
1094;5509;184;1;0;3;;;;;;0;5;;;;;;0;4;;;;;;0;3;;;;;;1;6;2004;;;;;0;6;;;;;;0;4;;;;;;0;4;;;;;;1;6;2002;;;;;0;4;;;;;;0;6;;;;;;0;1;;;;;;0;3;;;;;;0;3;;;;;;0;;;;;;;;;;;;;;;;;;;4;0;18;1;41;9;2002;;2002;Vous avez fait une sortie de route, une perte de contrôle ou une glissade sans rien percuter.;2;AUT|encouragé par la police pour ne pas porter plainte;;;;;;Je circulait avec mon épouse en pleine nuit sur une route de campagne. Lorsque nous sommes arrivés à l'approche d'un virage avec carrefour à priorité à droite, j'ai ralenti mais pas suffisamment. La roue avant à décrochée. la moto à glissée sur moins 4 à 5 mètres. Nous n'avons subit aucune blessures inquiétante et nous sommes relevés tout de suite. Pour nous, plus de peur que de mal. J'ai relevé la moto qui tournait toujours (seul le  carenage était abimé). Des habitants de la rue, en circulant, se sont arrêtés et nous ont dit que le fermier était peu préoccupé de laisser la route enbouée. Le cout des réparations s'élevant rapidement, nous avons décidé d'appeler la gendarmerie pour constater l'état de la route. Arrivés sur les lieux, les gendarmes nous ont encouragés à ne pas porter devant les tribunaux une plainte contre X, l'agriculteur responsable étant selon eux difficilement identifiable et prouver sa seule responsabilité difficilement imputable (bref, on a vraiment eu l'impression qu'on leur avait foutu en l'air leur soirée et qu'on risquait en plus de leur donner du boulot). Pour finir de me convaincre, ils pourrait même me verbaliser pour non contrôle du véhicule. Conséquence, nous sommes rentrés et avons pris sur nous pour les réparations. Je ne me suis pas senti soutenu par les forces de l'ordre.;1° la perte brusque d'adhérence 2° la surprise 3° une moto qui ne disposait pas des assistances qu'on peut trouver aujourd'hui.;ralentir;AUT|ralentir n'y a rien fait !;0;;;il était trop tard, sur ces virages, ils aurait fallu ralentir au moins à 30km/h et/ou avoir un carrefour mieux éclairé et/ou un panneau virage dangereux et/ou un panneau risque de glissade posé par l'agriculteur.;2;0;;;;;;1;2;3;6;;;;3;1;2;;;;;ce fut une perte d'adhérence inattendu;3;1;1;;1;1;2;4;3;1;1;2;3;3;4;4;4;1;;;;;;;;;1;2;3;4;7;;;;;2;2;;2;2;2;1;6;47;0;47;0;2;;;;;;1;5;;;;1;;;;;;;;;;;3;2;3;;1;40;1;2;3;4;;;;;;;4;4;4;1;4;4;YAMAHA;850;TDM;ROADSTER;2;2;1;1;1;1;1;1;1;1;1;25000;12;3;1;HONDA;600;TRANSALP +35KW;TRAIL / SUPERMOTARD;2;4;4;21DEC1977;7;1;3;2;3;4;1;NRP;;;;2;0;0;1;0;1;HONDA;800;VFR-F;Routière / GT;2;2000;37;1;2;10000;7;;;;;;;;;;;;;;;;;;;;;;;;;;;;;;;;;;;;;;;;;;;;;10000;2;3;4;;;;;;;NRP;NRP;NRP;1996;1998;NRP;NRP;1996;NRP
1123;5510;261;1;0;4;;;;;;0;3;;;;;;0;3;;;;;;0;3;;;;;;1;5;1984;;;;;0;3;;;;;;0;3;;;;;;0;3;;;;;;0;3;;;;;;1;3;1998;;;;;0;4;;;;;;0;2;;;;;;0;2;;;;;;0;3;;;;;;0;;;;;;;;;;;;;;;;;;;0;0;31;1;21;5;1984;;1984;Vous circuliez sur un axe prioritaire. Un véhicule venant d’un axe non prioritaire vous a coupé la route.;2;;;;;;;"Deux véhicules arrêtés quasi face à face à un stop, voulant aller sur la même route et dans la même direction ont démarré simultanément en me refusant la priorité. Il se sont arrêtés simultanément en ""bloquant"" la chaussée. J'ai effectué un freinage d'urgence pour éviter l'accident et ai pu m'arrêter car je roulais environ à 50 km/h, c'était en agglomération. Le véhicule venant de ma droite a redémarré pour me précéder (sur ma voie). Le véhicule venant de ma gauche, une camionnette, a redémarré au moment où je passais devant lui au ralenti et a percuté ma moto. La moto s'est couchée mais j'ai pu rester debout et n'ai pas été blessé. Le conducteur de la camionnette a avoué ne pas m'avoir vu. Pourtant, j'avais fait un appel de phare quelques secondes auparavant car un autre véhicule venait de repartir du même stop sur ma droite, un peu trop près de moi. En réalité, il s'était arrêté à cause de l'autre véhicule. Le soleil dans mon dos a peut-être légèrement masqué mon arrivée mais il était haut à environ 11h du matin début juillet, la rue était droite.";Le conducteur du véhicule qui m'a percuté avait l'attention accaparée par celui à qui il venait de céder la priorité, et sa visibilité était gênée car il était légèrement de biais dans une camionnette : il ne m'a pas vu. De mon côté, j'ai cru à tort qu'il s'était arrêté au milieu de la chaussée pour me laisser la priorité.;"Je me suis arrêté car les 2 véhicules ont obstrué la chaussée. Après avoir redémarré, je m'apprétais à passer devant la camionnette (à 1m) quand celle-ci a redémarré. J'ai tenté de m'écarter sur la droite mais j'ai été coincé par le trottoir. J'ai freiné et stoppé la moto puis l'ai accompagnée dans sa chute en restant debout. Le conducteur de la camionnette a été très surpris de l'accident. Il est sorti du véhicule et m'a demandé ""d'où je venais"" car il ne m'avais absolument pas vu. Tout le monde est resté cordial. Le conducteur de l'autre véhicule, celui qui avait démarré au stop sur ma droite, s'est arrêté un peu plus loin et est venu prendre des nouvelles.";AUT|impossible d'évier le choc à cause du trottoir.;1;J'aurais dû rechercher le regard du véhicule venant de ma gauche pour vérifier qu'il m'avait vu.;"Manque d'expérience et de formation sur cette situation. La formation ""perfectionnement"" m'a appris que les conducteurs ne cherchent pas assez la présence d'une moto.";;2;1;2;;Il ne m'a pas vu lui non plus (malgré le feu de croisement allumé et un appel de phare) et a quitté le stop à quelques dizaines de mètres de moi. Il ne regardait que le véhicule arrêté au stop face à lui.;1;Situation complexe : deux véhicules arrêtés face à face à un stop, voulant aller tous les deux dans la même direction. Chacun se demande si l'autre va lui laisser la priorité et ne s'occupe pas assez d'autres éléments potentiels;2;3;6;;;;;;3;2;;;1;;Je n'ai pas pu éviter l'accident à cause du trottoir, alors que je maîtrisais bien ma moto.;4;3;;;1;1;4;4;1;1;1;1;1;4;4;4;4;5;;;;;;;;;1;2;;;;;;;;2;2;;2;1;1;1;0;80;0;20;0;1;3;;;;;1;1;;;;1;;;;;;;;;;;3;1;3;;0;15;1;10;2;3;5;;;;;;3;3;3;3;NRP;3;BMW;800;R80RT;Routière / GT;2;1;1;1;1;1;1;2;1;1;1;4000;12;2;0;;;;;;;;01DEC1963;5;1;3;2;5;4;3;NRP;;;;2;0;0;1;0;1;BMW;1200;R1200RT PACK;Routière / GT;2;2011;37;3;1;4000;7;;;;;;;;;;;;;;;;;;;;;;;;;;;;;;;;;;;;;;;;;;;;;4000;3;;;;;;;;;NRP;NRP;NRP;NRP;1983;NRP;NRP;NRP;NRP
132;5511;123;1;0;6;;;;;;2;6;1977;1998;;;;0;5;;;;;;0;4;;;;;;0;6;;;;;;0;1;;;;;;0;4;;;;;;0;4;;;;;;0;3;;;;;;0;6;;;;;;0;6;;;;;;0;4;;;;;;1;5;1976;;;;;0;5;;;;;;0;;;;;;;;;;;;;;;;;;;3;5;29;1;6;2;1977;;1977;Vous circuliez derrière un véhicule. Ce véhicule a ralenti. Vous avez entrepris de dépasser ce véhicule par la gauche et celui-ci vous a coupé la route en tournant à gauche (ou en effectuant un ½ tour;2;;;;;;;Cet accident a eu lieu en agglomération, je roulais à faible allure, mais le conducteur du véhicule qui me précédait était âgé et n'était concentré sur sa conduite et sur les autres usagers.;Le manque de vigilance du conducteur de la voiture !;J'ai essayé d'éviter le véhicule en vain !;1;0;;;L'action a été trop rapide !;2;0;;;;;;1;2;6;;;;;2;1;;;;3;;l'action était incompréhensible ! le conducteur décide d'une manoeuvre, se ravise et me renverse !;1;3;;;2;1;4;4;3;1;1;1;3;1;4;4;4;1;;;;;;;;;1;4;;;;;;;;2;2;;2;1;1;1;10;90;0;0;0;2;;;;;;1;1;;;;2;1;4;6;;;;;;0;;2;1;3;;0;45;1;;;;;;;;;;4;4;4;4;4;4;MOBYLETTE;50;AV78;ROADSTER;2;1;1;1;1;1;1;1;1;1;1;5000;NSP;4;1;MOTOBECANE;50;AV76 (BLEU);ROADSTER;null;3;4;14JUN1962;6;2;3;2;1;1;;NRP;;;;1;0;0;1;0;1;KAWASAKI;1400;GTR;Routière / GT;2;2007;33;1;2;12000;4;;;;;;;;;;;;;;;;;;;;;;;;;;;;;;;;;;;;;;;;;;;;;12000;2;3;4;;;;;;;NRP;NRP;NRP;1978;1986;NRP;NRP;1980;NRP
1131;5512;;1;0;4;;;;;;1;3;2002;;;;;0;4;;;;;;0;3;;;;;;0;4;;;;;;0;3;;;;;;0;5;;;;;;0;4;;;;;;1;5;2010;;;;;0;4;;;;;;0;4;;;;;;0;2;;;;;;0;3;;;;;;0;3;;;;;;0;;;;;;;;;;;;;;;;;;;0;0;20;1;41;9;2010;;;;;;;;;;;;;;;;;;;;;;;;;;;;;;;;;;;;;;;;;;;;;;;;;;;;;;;;;;;;;;;;;;;;;;;;;;;;;;;;;;;;;;;;;;;;;;;;;;;;;;;;;;;;;;;;;;;;;;;;;;;;;;;;;;;;;;;;;;;;;;;;;;;;;;;;;;;;;;03APR1965;7;1;3;2;1;1;;NRP;;;;1;0;0;1;0;1;HONDA;500;CB;ROADSTER;2;1995;37;2;1;10000;7;;;;;;;;;;;;;;;;;;;;;;;;;;;;;;;;;;;;;;;;;;;;;10000;4;3;;;;;;;;NRP;NRP;NRP;NRP;1994;NRP;NRP;1983;NRP
1139;5513;;0;;;;;;;;;;;;;;;;;;;;;;;;;;;;;;;;;;;;;;;;;;;;;;;;;;;;;;;;;;;;;;;;;;;;;;;;;;;;;;;;;;;;;;;;;;;;;;;;;;;;;;;;;;;;;;;;;;;;;;;;;;;;;;;;;;;;;;;;;;;;;;;;;;;;;;;;;;;;;;;;;;;;;;;;;;;;;;;;;;;;;;;;;;;;;;;;;;;;;;;;;;;;;;;;;;;;;;;;;;;;;;;;;;;;;;;;;;;;;;;;;;;;;;;;;;;;;;;;;;;;;;;;;;;;;;;;;;;;;;;;;;11DEC1954;5;1;3;2;1;1;;NRP;;;;1;0;0;1;0;1;BMW;1150;R1150RT;Routière / GT;2;2002;37;2;2;12000;7;;;;;;;;;;;;;;;;;;;;;;;;;;;;;;;;;;;;;;;;;;;;;12000;4;3;;;;;;;;NRP;NRP;NRP;NRP;1977;NRP;NRP;1974;NRP
992;5515;;1;0;4;;;;;;0;5;;;;;;0;5;;;;;;0;5;;;;;;1;5;1992;;;;;0;4;;;;;;0;4;;;;;;0;4;;;;;;1;4;1999;;;;;0;5;;;;;;0;5;;;;;;0;5;;;;;;1;4;1991;;;;;0;3;;;;;;0;;;;;;;;;;;;;;;;;;;3;2;21;1;21;5;1992;;;;;;;;;;;;;;;;;;;;;;;;;;;;;;;;;;;;;;;;;;;;;;;;;;;;;;;;;;;;;;;;;;;;;;;;;;;;;;;;;;;;;;;;;;;;;;;;;;;;;;;;;;;;;;;;;;;;;;;;;;;;;;;;;;;;;;;;;;;;;;;;;;;;;;;;;;;;;;20NOV1974;5;1;3;2;4;4;2;NRP;;;;1;0;0;1;0;1;TRIUMPH;675;DAYTONA;SPORTIVE;2;2011;37;1;2;20000;7;;;;;;;;;;;;;;;;;;;;;;;;;;;;;;;;;;;;;;;;;;;;;20000;2;3;4;;;;;;;NRP;NRP;NRP;1991;1997;NRP;NRP;1994;NRP
1575;5518;;1;0;6;;;;;;0;4;;;;;;0;4;;;;;;0;1;;;;;;0;3;;;;;;0;2;;;;;;0;3;;;;;;0;2;;;;;;0;2;;;;;;0;1;;;;;;0;4;;;;;;0;1;;;;;;0;2;;;;;;0;2;;;;;;1;1;NSP;;;;;Toulouges;;;;;Le véhicule a empiété sur la voie de circulation, l'obstruant et poussant la moto dans l'accotement.;;;;;0;0;0;0;5;1;71;15;;Toulouges;;;;;;;;;;;;;;;;;;;;;;;;;;;;;;;;;;;;;;;;;;;;;;;;;;;;;;;;;;;;;;;;;;;;;;;;;;;;;;;;;;;;;;;;;;;;;;;;;;;;;;;;;;;;;;;;;;;;;;;;;;;;;;;;;;;;;;;;;;;;;;;;;;;;;;;;;;;;;03OCT1987;7;1;3;2;1;1;;NRP;;;;1;0;0;1;0;1;SUZUKI;650;V-STROM;TRAIL / SUPERMOTARD;2;2007;37;2;2;10000;7;;;;;;;;;;;;;;;;;;;;;;;;;;;;;;;;;;;;;;;;;;;;;10000;3;4;;;;;;;;NRP;NRP;NRP;NRP;2010;NRP;NRP;2005;NRP
709;5520;443;1;0;4;;;;;;0;4;;;;;;1;5;2006;;;;;0;2;;;;;;0;4;;;;;;0;3;;;;;;0;2;;;;;;1;4;2008;;;;;1;4;2014;;;;;0;3;;;;;;0;4;;;;;;0;2;;;;;;0;2;;;;;;0;5;;;;;;0;;;;;;;;;;;;;;;;;;;2;2;7;1;11;3;2006;;2006;Vous remontiez une file de véhicules (à l’arrêt ou au ralenti) par la gauche. Un véhicule de cette file vous a coupé la route en tournant à gauche.;2;;;;;;;Une file de voitures arrêtées au feu rouge, je décide de remonter cette file, la ligne au sol étant discontinue. Trouvant le temps long, un conducteur décide brutalement de sortir de la file en faisant demi-tour et ce sans clignotant, et sans contrôler son rétroviseur et l'angle mort. Il a commencé à sortir de la file au moment où j'arrivais à sa hauteur et m'a percuté juste devant le genou droit. Ma femme et moi avons été projeté au sol. Nous nous sommes relevés, ma femme avait des douleurs au poignet, et moi rien. Bien qu'en circulant en 125cc, nous étions correctement équipé. S'en est suivi un constat amiable, et ma moto a été déposé chez le concessionnaire pour expertise et réparations.;Le manque d'attention du conducteur du véhicule nous ayant percuté.;Pour ma part, je n'ai eu le temps de réagir, tout comme le conducteur de la voiture.;AUT|Ce fut trop rapide;0;;;Pas le temps de réagir en une fraction de seconde.;2;1;2;;Son manque d'attention.;1;Quand on ne regarde pas, on ne voit pas...;2;;;;;;;;1;;;;;;Rien a fait présager ce qu'il allait se passer.;4;3;;;1;4;4;4;2;1;1;2;3;4;4;4;4;10;;;;;;;;;2;;;;;;;;;2;2;;2;1;3;2;0;100;0;0;0;NSP;;;;;;4;2;;;;2;0;;;;;;;;;;1;1;1;2;1;20;1;10;2;3;4;7;;;;;4;4;4;4;4;4;HONDA;125;CBR;Routière / GT;2;1;1;1;1;1;1;1;1;1;1;10000;12;2;0;;;;;;;;30SEP1982;7;1;3;2;3;4;1;NRP;;;;2;0;0;1;0;1;YAMAHA;1100;BULLDOG (BT);ROADSTER;2;2006;37;3;1;3000;7;;;;;;;;;;;;;;;;;;;;;;;;;;;;;;;;;;;;;;;;;;;;;3000;4;3;;;;;;;;NRP;NRP;NRP;NRP;2008;NRP;NRP;2000;NRP
1957;5521;;1;0;4;;;;;;0;4;;;;;;0;4;;;;;;0;4;;;;;;0;4;;;;;;0;2;;;;;;0;4;;;;;;0;6;;;;;;0;5;;;;;;0;5;;;;;;0;5;;;;;;0;5;;;;;;0;5;;;;;;0;3;;;;;;1;1;2013;;;;;Belbeuf;;;;;Je me suis arrêté à un feux rouge à la gauche d'une voiture avec caravane (un anglais), il ne m'a pas vu (je pense) et s'est déporté vers moi en démarrant, il m'a accroché par l'arrière avec sa caravane et je suis tombé;;;;;0;0;4;0;6;1;71;15;2013;Belbeuf;;;;;;;;;;;;;;;;;;;;;;;;;;;;;;;;;;;;;;;;;;;;;;;;;;;;;;;;;;;;;;;;;;;;;;;;;;;;;;;;;;;;;;;;;;;;;;;;;;;;;;;;;;;;;;;;;;;;;;;;;;;;;;;;;;;;;;;;;;;;;;;;;;;;;;;;;;;;;14FEB1988;5;2;3;2;2;3;;NRP;;;;2;0;0;1;0;1;TRIUMPH;675;STREET TRIPLE;ROADSTER;2;2011;28;2;1;10000;5;;;;;;;;;;;;;;;;;;;;;;;;;;;;;;;;;;;;;;;;;;;;;10000;4;3;2;1;;;;;;2002;NRP;NRP;2006;2010;NRP;NRP;2006;NRP
1597;5522;;0;;;;;;;;;;;;;;;;;;;;;;;;;;;;;;;;;;;;;;;;;;;;;;;;;;;;;;;;;;;;;;;;;;;;;;;;;;;;;;;;;;;;;;;;;;;;;;;;;;;;;;;;;;;;;;;;;;;;;;;;;;;;;;;;;;;;;;;;;;;;;;;;;;;;;;;;;;;;;;;;;;;;;;;;;;;;;;;;;;;;;;;;;;;;;;;;;;;;;;;;;;;;;;;;;;;;;;;;;;;;;;;;;;;;;;;;;;;;;;;;;;;;;;;;;;;;;;;;;;;;;;;;;;;;;;;;;;;;;;;;;;15DEC1970;5;1;3;2;5;4;3;NRP;;;;2;0;0;1;0;1;KAWASAKI;650;ER-6  F  ABS;Routière / GT;2;2012;37;1;2;14000;7;;;;;;;;;;;;;;;;;;;;;;;;;;;;;;;;;;;;;;;;;;;;;14000;4;3;;;;;;;;NRP;NRP;NRP;NRP;2012;NRP;NRP;1990;NRP
1738;5523;;0;;;;;;;;;;;;;;;;;;;;;;;;;;;;;;;;;;;;;;;;;;;;;;;;;;;;;;;;;;;;;;;;;;;;;;;;;;;;;;;;;;;;;;;;;;;;;;;;;;;;;;;;;;;;;;;;;;;;;;;;;;;;;;;;;;;;;;;;;;;;;;;;;;;;;;;;;;;;;;;;;;;;;;;;;;;;;;;;;;;;;;;;;;;;;;;;;;;;;;;;;;;;;;;;;;;;;;;;;;;;;;;;;;;;;;;;;;;;;;;;;;;;;;;;;;;;;;;;;;;;;;;;;;;;;;;;;;;;;;;;;;07MAY1960;6;1;3;2;2;3;;NRP;;;;2;1;0;1;0;1;HONDA;125;VARADERO IE DELUXE;TRAIL / SUPERMOTARD;2;2008;37;2;2;3000;7;;;;;;;;;;;;;;;;;;;;;;;;;;;;;;;;;;;;;;;;;;;;;3000;4;;;;;;;;;NRP;NRP;NRP;NRP;NRP;NRP;NRP;1981;NRP
1755;5524;;0;;;;;;;;;;;;;;;;;;;;;;;;;;;;;;;;;;;;;;;;;;;;;;;;;;;;;;;;;;;;;;;;;;;;;;;;;;;;;;;;;;;;;;;;;;;;;;;;;;;;;;;;;;;;;;;;;;;;;;;;;;;;;;;;;;;;;;;;;;;;;;;;;;;;;;;;;;;;;;;;;;;;;;;;;;;;;;;;;;;;;;;;;;;;;;;;;;;;;;;;;;;;;;;;;;;;;;;;;;;;;;;;;;;;;;;;;;;;;;;;;;;;;;;;;;;;;;;;;;;;;;;;;;;;;;;;;;;;;;;;;;15OCT1967;7;2;3;2;3;4;1;NRP;;;;2;0;0;2;0;2;KAWASAKI;650;ER-6  N;ROADSTER;2;2006;29;2;2;5000;7;HONDA;400;CB-F1;ROADSTER;2;1976;40;4;1;500;7;;;;;;;;;;;;;;;;;;;;;;;;;;;;;;;;;;5500;2;3;4;;;;;;;NRP;NRP;NRP;1992;1992;NRP;NRP;1987;NRP
518;5525;263;1;0;4;;;;;;0;3;;;;;;0;3;;;;;;0;1;;;;;;0;4;;;;;;0;3;;;;;;0;5;;;;;;0;5;;;;;;0;6;;;;;;0;4;;;;;;0;2;;;;;;0;2;;;;;;1;5;1997;;;;;0;1;;;;;;0;;;;;;;;;;;;;;;;;;;0;0;18;1;61;13;1997;;1997;Vous circuliez derrière un véhicule. Ce véhicule a freiné ou a ralenti et vous l’avez percuté par l’arrière.;1;2;3;5;;;;"Il pleuvait légèrement (crachin) ce soir là sur le Mans. J'étais à l'arrêt à un feu tricolore. A une cinquantaine d mètre devant moi, un bus de la ville du Mans était à l'arrêt. Le feu passe au vert, je démarre, le bus devant moi ne bouge pas, je prends les freins avant et arrière et de glisse aussitôt sur du gasoil probablement laissé par le bus sous lequel je m'encastre à faible vitesse. Le choc est si faible que le bus re-démarre et commence à trainer ma moto jusqu'à ce que des passagers crient au chauffeur de stopper.  La Police que j'appelle me dira que ""de toutes façons les motos roulent trop vite"" alors que je roulait à 25 kms/h maximum et refusera de noter que du gasoil souille abondemment la chaussée.  En résumé, pour la police je suis un voyou de motard qui roule trop vite et qui ""devrait s'estimer heureux de ne pas être verbalisé pour non maîtrise du véhicule"" selon ces braves policiers.  Une super expérience en somme...";Freinage impossible sur le gasoil et la chaussée mouillée;Dès la prise des freins la moto s'est couchée, je me suis retrouvé quasi immédiatement sous le bus...;AUT|freinage impossible, soudaineté de la chute;0;;;la route aurait toujours été mouillée, le gasoil abondant et je ne pouvais pas freiner plus tôt ou plus légèrement, en effleurant à peine les freins la moto s'est couchée...;2;1;2;;Aucune, ce bus était arrêté, il n'avait même pas constaté que je l'avais percuté;2;NRP;1;2;;;;;;1;2;;;;;;J'ai vu le bus se rapprocher de moi (bien que c'était plutôt moi qui m'en rapprochait);3;3;;;1;1;2;3;1;1;1;1;1;4;4;4;4;10;;;;;;;;;1;3;;;;;;;;2;2;;2;1;2;2;0;0;0;80;20;2;;;;;;2;2;6;;;2;1;7;;;;;;;0;;1;1;3;;0;25;1;10;2;3;4;;;;;;4;4;4;4;4;4;KAWASAKI;500;ER-5 BRIDEE 34CV;ROADSTER;2;1;1;1;1;1;1;1;1;1;1;8000;12;2;0;;;;;;;;09JUN1977;5;2;3;2;3;4;1;NRP;;;;2;0;0;1;0;1;HONDA;500;CB  PC32C  MTT2;ROADSTER;2;2000;10;3;1;4000;7;;;;;;;;;;;;;;;;;;;;;;;;;;;;;;;;;;;;;;;;;;;;;4000;3;4;;;;;;;;NRP;NRP;NRP;NRP;1997;NRP;NRP;1995;NRP