Ligne;Ligne Q qualif;Ligne approfondissement Accident;ACCIDENT;NBACC1;ACCFREQUENCE1;ANNEEACC1_1;ANNEEACC1_2;ANNEEACC1_3;ANNEEACC1_4;ANNEEACC1_5;NBACC2;ACCFREQUENCE2;ANNEEACC2_1;ANNEEACC2_2;ANNEEACC2_3;ANNEEACC2_4;ANNEEACC2_5;NBACC3;ACCFREQUENCE3;ANNEEACC3_1;ANNEEACC3_2;ANNEEACC3_3;ANNEEACC3_4;ANNEEACC3_5;NBACC4;ACCFREQUENCE4;ANNEEACC4_1;ANNEEACC4_2;ANNEEACC4_3;ANNEEACC4_4;ANNEEACC4_5;NBACC5;ACCFREQUENCE5;ANNEEACC5_1;ANNEEACC5_2;ANNEEACC5_3;ANNEEACC5_4;ANNEEACC5_5;NBACC6;ACCFREQUENCE6;ANNEEACC6_1;ANNEEACC6_2;ANNEEACC6_3;ANNEEACC6_4;ANNEEACC6_5;NBACC7;ACCFREQUENCE7;ANNEEACC7_1;ANNEEACC7_2;ANNEEACC7_3;ANNEEACC7_4;ANNEEACC7_5;NBACC8;ACCFREQUENCE8;ANNEEACC8_1;ANNEEACC8_2;ANNEEACC8_3;ANNEEACC8_4;ANNEEACC8_5;NBACC9;ACCFREQUENCE9;ANNEEACC9_1;ANNEEACC9_2;ANNEEACC9_3;ANNEEACC9_4;ANNEEACC9_5;NBACC10;ACCFREQUENCE10;ANNEEACC10_1;ANNEEACC10_2;ANNEEACC10_3;ANNEEACC10_4;ANNEEACC10_5;NBACC11;ACCFREQUENCE11;ANNEEACC11_1;ANNEEACC11_2;ANNEEACC11_3;ANNEEACC11_4;ANNEEACC11_5;NBACC12;ACCFREQUENCE12;ANNEEACC12_1;ANNEEACC12_2;ANNEEACC12_3;ANNEEACC12_4;ANNEEACC12_5;NBACC13;ACCFREQUENCE13;ANNEEACC13_1;ANNEEACC13_2;ANNEEACC13_3;ANNEEACC13_4;ANNEEACC13_5;NBACC14;ACCFREQUENCE14;ANNEEACC14_1;ANNEEACC14_2;ANNEEACC14_3;ANNEEACC14_4;ANNEEACC14_5;AUTRESACC;NBAUTRESACC;ANNEEAUTREACC1;ANNEEAUTREACC2;ANNEEAUTREACC3;ANNEEAUTREACC4;ANNEEAUTREACC5;LIEUAUTREACC1;LIEUAUTREACC2;LIEUAUTREACC3;LIEUAUTREACC4;LIEUAUTREACC5;DESCRIPTIONAUTRESACC1;DESCRIPTIONAUTRESACC2;DESCRIPTIONAUTRESACC3;DESCRIPTIONAUTRESACC4;DESCRIPTIONAUTRESACC5;NBAUTRESACCCIRCUIT;NBAUTRESTOUTTERRAIN;EXPCYCLO;EXP125;EXPSUP125;ACCORDNEXTQ;CHOIXACC;RGPMTACC;RECUPANNEE;RECUPLIEU;RECUPANNE;RGPMTAC;CHOIX1;CHOIX2;CHOIX3;CHOIX4;CHOIX5;CHOIX6;CHOIX7;DESCRIPTION;RUPTURE;FAITS;ABS_REACTION;AUTRE_REACTION;PRECISIONREACTIONOUI;RECUL;PRECISIONREACTIONNON;IMPACTCOMPORTEMENT;AUTREUSAGER;REACTIONAUTREUSAGER;CONNAISSANCEREACTIONUSAGER;DIFFICULTES;AGGRAVATION;DIFFICULTES2;EMOTIONS1;EMOTIONS2;EMOTIONS3;EMOTIONS4;EMOTIONS5;EMOTIONS6;AUTRESENTIMENT;CLASSEMENTEMOTIONS1;CLASSEMENTEMOTIONS;CLASSEMENTEMOTIONS5;CLASSEMENTEMOTIONS6;CLASSEMENTEMOTIONS7;CLASSEMENTEMOTIONS8;CLASSEMENTEMOTIONS9;EXPLICATIONRESSENTI;BIENEQUIPE;ALLURE;ALLUREVITEDETAIL;ALLURELENTEDETAIL;SITUATIONPRESSE;SITUATIONDISTRAIT;SITUATIONCONFIANT;SITUATIONCONTROLE;SITUATIONLUDIQUE;SITUATIONPERF;SITUATIONSTRESS;SITUATIONFATIGUE;HUMEURNEUTRE;HUMEURGAI;HUMEURMECONTENT;HUMEURTRISTE;HUMEURCOLERE;CONTRIBUTION1;CONTRIBUTION2;CONTRIBUTION3;CONTRIBUTION4;CONTRIBUTION5;CONTRIBUTION6;CONTRIBUTION7;CONTRIBUTION8;CONTRIBUTION9;ROLEINFRA;ELEMENTINFRA1;ELEMENTINFRA2;ELEMENTINFRA3;ELEMENTINFRA4;ELEMENTINFRA5;ELEMENTINFRA6;ELEMENTINFRA7;ELEMENTINFRA8;ELEMENTINFRA9;ALCOOL;TXALCOOL;STUP;SEMAINE;MOMENTJOURNEE;TEMPS;CAUSEACC1;CAUSEACC2;CAUSEACC3;CAUSEACC4;CAUSEACC5;FORMATIONCAUSE;FORMATION1;FORMATION2;FORMATION3;FORMATION4;FORMATION5;TRAFIC;CHAUSSEE1;CHAUSSEE2;CHAUSSEE3;CHAUSSEE4;TYPEACC;BLESSURE;TETE;COU;THORAX;MEMBRESSUP;COLONNE;BASSIN;MEMBRESINF;HOPITAL;PLUS24H;TRAJET;TYPEROUTE;MOTIF;SENSTRAJET;PASSAGER;VITESSE;DESCEQ1;DESCEQ2;DESCEQ3;DESCEQ4;DESCEQ5;DESCEQ6;DESCEQ7;DESCEQ8;DESCEQ9;DESCEQ10;VEHICULEETE;VEHICULEAUTOMNE;VEHICULEPRINTEMPS;VEHICULEHIVER;VEHICULESEMAINE;VEHICULEWE;VEHMARQUE;VEHCYLINDREE;VEHMODELE;VEHSEGMENT;VEHSIDE;EQ2RMABS;EQ2RMCBS;EQ2RMABSCBS;EQ2RMREGULATEUR;EQ2RMLIMITEUR;EQ2RMPHARESDIRECT;EQ2RMCOUPURE;EQ2RMANTIPATINAGE;EQ2RMANTIXHEELING;EQ2RMSTABILILTE;VEHKM;POINTS;DUREE;AUTRE2RM;VEHPRECMARQUE;VEHPRECCYLINDREE;VEHPRECMODELE;VEHPRECSEGMENT;VEHPRECSIDE;TEMPS2RMPREC;FREQVEHPREC;DATE_NAISS;CSP;SOCIETAIRE;SALARIE;SECTEUR2RM;NBPERSFOYER;SITFAM;NBENF;TRNBENF1;TRNBENF2;TRNBENF3;TRNBENF4;NBAUTOFOYER;NBCYCLOFOYER;NBSCOOTFOYER;NBMOTOFOYER;NBTRIKEFOYER;NB2RMCONDUIT;MARQUE1;CYLINDREE1;MODELE1;SEGMENT1;SIDE1;ANMISECIRCU1;ASS1;FREQ1;USAGE1;NBKM1;GARAGE1;MARQUE2;CYLINDREE2;MODELE2;SEGMENT2;SIDE2;ANMISECIRCU2;ASS2;FREQ2;USAGE2;NBKM2;GARAGE2;MARQUE3;CYLINDREE3;MODELE3;SEGMENT3;SIDE3;ANMISECIRCU3;ASS3;FREQ3;USAGE3;NBKM3;GARAGE3;MARQUE4;CYLINDREE4;MODELE4;SEGMENT4;SIDE4;ANMISECIRCU4;ASS4;FREQ4;USAGE4;NBKM4;GARAGE4;MARQUE5;CYLINDREE5;MODELE5;SEGMENT5;SIDE5;ANMISECIRCU5;ASS5;FREQ5;USAGE5;NBKM5;GARAGE5;NBKMTOT;PERMIS1;PERMIS2;PERMIS3;PERMIS4;PERMIS5;PERMIS6;PERMIS7;PERMIS8;PERMIS9;ANPERMIS1;ANPERMIS6;ANPERMIS7;ANPERMIS2;ANPERMIS3;ANPERMIS8;ANPERMIS9;ANPERMIS4;ANPERMIS5
270;5590;;1;0;6;;;;;;0;4;;;;;;0;4;;;;;;0;3;;;;;;0;6;;;;;;0;3;;;;;;0;3;;;;;;0;6;;;;;;1;4;2014;;;;;0;3;;;;;;0;4;;;;;;0;2;;;;;;1;4;NSP;;;;;0;3;;;;;;0;;;;;;;;;;;;;;;;;;;2;0;4;0;;NRP;;;;;;;;;;;;;;;;;;;;;;;;;;;;;;;;;;;;;;;;;;;;;;;;;;;;;;;;;;;;;;;;;;;;;;;;;;;;;;;;;;;;;;;;;;;;;;;;;;;;;;;;;;;;;;;;;;;;;;;;;;;;;;;;;;;;;;;;;;;;;;;;;;;;;;;;;;;;;;;25AUG1991;7;2;3;2;4;4;2;NRP;;;;2;3;1;3;0;2;BMW;800;F800R ABS;ROADSTER;2;2011;16;2;1;15000;7;HONDA;1000;CB-F C-ABS;ROADSTER;2;2012;29;1;2;20000;7;;;;;;;;;;;;;;;;;;;;;;;;;;;;;;;;;;35000;3;4;;;;;;;;NRP;NRP;NRP;NRP;2010;NRP;NRP;2010;NRP
465;5591;;0;;;;;;;;;;;;;;;;;;;;;;;;;;;;;;;;;;;;;;;;;;;;;;;;;;;;;;;;;;;;;;;;;;;;;;;;;;;;;;;;;;;;;;;;;;;;;;;;;;;;;;;;;;;;;;;;;;;;;;;;;;;;;;;;;;;;;;;;;;;;;;;;;;;;;;;;;;;;;;;;;;;;;;;;;;;;;;;;;;;;;;;;;;;;;;;;;;;;;;;;;;;;;;;;;;;;;;;;;;;;;;;;;;;;;;;;;;;;;;;;;;;;;;;;;;;;;;;;;;;;;;;;;;;;;;;;;;;;;;;;;;12NOV1961;7;2;3;2;2;3;;NRP;;;;1;0;0;1;0;1;HONDA;1300;PAN EUROPEAN;Routière / GT;2;2006;18;1;2;20000;7;;;;;;;;;;;;;;;;;;;;;;;;;;;;;;;;;;;;;;;;;;;;;20000;3;4;;;;;;;;NRP;NRP;NRP;NRP;2004;NRP;NRP;1980;NRP
1397;5592;;1;1;3;2005;;;;;0;3;;;;;;0;3;;;;;;0;3;;;;;;1;5;2006;;;;;0;3;;;;;;0;3;;;;;;2;5;1992;2010;;;;2;5;1992;2010;;;;0;3;;;;;;0;4;;;;;;0;3;;;;;;0;3;;;;;;0;3;;;;;;0;;;;;;;;;;;;;;;;;;;2;0;27;1;36;8;1992;;;;;;;;;;;;;;;;;;;;;;;;;;;;;;;;;;;;;;;;;;;;;;;;;;;;;;;;;;;;;;;;;;;;;;;;;;;;;;;;;;;;;;;;;;;;;;;;;;;;;;;;;;;;;;;;;;;;;;;;;;;;;;;;;;;;;;;;;;;;;;;;;;;;;;;;;;;;;;04JUL1963;6;2;3;2;3;4;1;NRP;;;;2;0;0;1;0;1;YAMAHA;1300;FJR ABS  AS;Routière / GT;2;2003;16;1;2;15000;7;;;;;;;;;;;;;;;;;;;;;;;;;;;;;;;;;;;;;;;;;;;;;15000;3;4;;;;;;;;NRP;NRP;NRP;NRP;1988;NRP;NRP;1982;NRP
573;5594;;1;0;4;;;;;;0;5;;;;;;0;5;;;;;;0;4;;;;;;1;6;2013;;;;;0;3;;;;;;0;5;;;;;;0;5;;;;;;1;5;2011;;;;;0;6;;;;;;0;6;;;;;;0;3;;;;;;0;4;;;;;;0;4;;;;;;0;;;;;;;;;;;;;;;;;;;0;20;5;1;41;9;2011;;;;;;;;;;;;;;;;;;;;;;;;;;;;;;;;;;;;;;;;;;;;;;;;;;;;;;;;;;;;;;;;;;;;;;;;;;;;;;;;;;;;;;;;;;;;;;;;;;;;;;;;;;;;;;;;;;;;;;;;;;;;;;;;;;;;;;;;;;;;;;;;;;;;;;;;;;;;;;07SEP1978;5;1;3;2;2;3;;NRP;;;;2;0;0;2;0;2;HONDA;600;HORNET;ROADSTER;2;2008;37;1;2;20000;7;HONDA;600;HORNET;ROADSTER;2;2001;37;1;2;10000;7;;;;;;;;;;;;;;;;;;;;;;;;;;;;;;;;;;30000;3;4;;;;;;;;NRP;NRP;NRP;NRP;2010;NRP;NRP;1998;NRP
136;5596;;0;;;;;;;;;;;;;;;;;;;;;;;;;;;;;;;;;;;;;;;;;;;;;;;;;;;;;;;;;;;;;;;;;;;;;;;;;;;;;;;;;;;;;;;;;;;;;;;;;;;;;;;;;;;;;;;;;;;;;;;;;;;;;;;;;;;;;;;;;;;;;;;;;;;;;;;;;;;;;;;;;;;;;;;;;;;;;;;;;;;;;;;;;;;;;;;;;;;;;;;;;;;;;;;;;;;;;;;;;;;;;;;;;;;;;;;;;;;;;;;;;;;;;;;;;;;;;;;;;;;;;;;;;;;;;;;;;;;;;;;;;;31AUG1970;5;1;3;1;4;4;2;NRP;;;;1;0;0;1;0;1;KAWASAKI;650;VERSYS ABS;ROADSTER;2;2010;37;1;2;15000;2;;;;;;;;;;;;;;;;;;;;;;;;;;;;;;;;;;;;;;;;;;;;;15000;3;4;;;;;;;;NRP;NRP;NRP;NRP;2010;NRP;NRP;1989;NRP
1280;5599;;0;;;;;;;;;;;;;;;;;;;;;;;;;;;;;;;;;;;;;;;;;;;;;;;;;;;;;;;;;;;;;;;;;;;;;;;;;;;;;;;;;;;;;;;;;;;;;;;;;;;;;;;;;;;;;;;;;;;;;;;;;;;;;;;;;;;;;;;;;;;;;;;;;;;;;;;;;;;;;;;;;;;;;;;;;;;;;;;;;;;;;;;;;;;;;;;;;;;;;;;;;;;;;;;;;;;;;;;;;;;;;;;;;;;;;;;;;;;;;;;;;;;;;;;;;;;;;;;;;;;;;;;;;;;;;;;;;;;;;;;;;;11OCT1961;5;2;3;2;3;2;2;NRP;;;;1;0;0;2;0;2;HONDA;650;DEAUVILLE;Routière / GT;2;2002;33;1;2;20000;7;SHERCO;300;3.0I RACING;TOUT TERRAIN (TRIAL, ENDURO, CROSS);2;2010;33;3;1;2000;7;;;;;;;;;;;;;;;;;;;;;;;;;;;;;;;;;;22000;3;4;;;;;;;;NRP;NRP;NRP;NRP;1990;NRP;NRP;1985;NRP
1476;5600;;0;;;;;;;;;;;;;;;;;;;;;;;;;;;;;;;;;;;;;;;;;;;;;;;;;;;;;;;;;;;;;;;;;;;;;;;;;;;;;;;;;;;;;;;;;;;;;;;;;;;;;;;;;;;;;;;;;;;;;;;;;;;;;;;;;;;;;;;;;;;;;;;;;;;;;;;;;;;;;;;;;;;;;;;;;;;;;;;;;;;;;;;;;;;;;;;;;;;;;;;;;;;;;;;;;;;;;;;;;;;;;;;;;;;;;;;;;;;;;;;;;;;;;;;;;;;;;;;;;;;;;;;;;;;;;;;;;;;;;;;;;;30MAY1965;7;1;3;2;2;3;;NRP;;;;2;2;0;2;0;2;KAWASAKI;1100;ZZR;Routière / GT;2;1996;37;3;1;3000;7;KAWASAKI;650;VERSYS ABS 34CV 2010;ROADSTER;2;2007;37;1;2;15000;7;;;;;;;;;;;;;;;;;;;;;;;;;;;;;;;;;;18000;2;3;4;;;;;;;NRP;NRP;NRP;2002;2002;NRP;NRP;1983;NRP
441;5603;;0;;;;;;;;;;;;;;;;;;;;;;;;;;;;;;;;;;;;;;;;;;;;;;;;;;;;;;;;;;;;;;;;;;;;;;;;;;;;;;;;;;;;;;;;;;;;;;;;;;;;;;;;;;;;;;;;;;;;;;;;;;;;;;;;;;;;;;;;;;;;;;;;;;;;;;;;;;;;;;;;;;;;;;;;;;;;;;;;;;;;;;;;;;;;;;;;;;;;;;;;;;;;;;;;;;;;;;;;;;;;;;;;;;;;;;;;;;;;;;;;;;;;;;;;;;;;;;;;;;;;;;;;;;;;;;;;;;;;;;;;;;20APR1972;12;2;3;2;1;1;;NRP;;;;1;0;0;3;0;3;YAMAHA;1000;XV VIRAGO;CUSTOM;2;1986;2;1;3;10000;7;BMW;650;F650 FUNDURO;TRAIL / SUPERMOTARD;2;1995;2;2;1;3000;7;SUZUKI;750;GSX-F;Routière / GT;2;2005;2;1;2;1000;7;;;;;;;;;;;;;;;;;;;;;;;14000;3;4;;;;;;;;NRP;NRP;NRP;NRP;2007;NRP;NRP;1990;NRP
1921;5605;;1;0;4;;;;;;0;6;;;;;;0;5;;;;;;0;1;;;;;;0;5;;;;;;0;4;;;;;;0;5;;;;;;0;5;;;;;;1;6;2010;;;;;0;5;;;;;;0;5;;;;;;0;3;;;;;;0;4;;;;;;0;3;;;;;;0;;;;;;;;;;;;;;;;;;;2;0;9;1;41;9;2010;;;;;;;;;;;;;;;;;;;;;;;;;;;;;;;;;;;;;;;;;;;;;;;;;;;;;;;;;;;;;;;;;;;;;;;;;;;;;;;;;;;;;;;;;;;;;;;;;;;;;;;;;;;;;;;;;;;;;;;;;;;;;;;;;;;;;;;;;;;;;;;;;;;;;;;;;;;;;;05MAR1980;7;2;3;2;2;3;;NRP;;;;2;0;0;2;0;2;YAMAHA;800;FZ8 R;ROADSTER;2;2012;28;2;1;20000;7;YAMAHA;1300;FJR ABS (SANS VALISE);Routière / GT;2;2013;28;2;1;20000;7;;;;;;;;;;;;;;;;;;;;;;;;;;;;;;;;;;40000;3;4;;;;;;;;NRP;NRP;NRP;NRP;1998;NRP;NRP;2001;NRP
1895;5606;;1;0;5;;;;;;0;4;;;;;;0;5;;;;;;0;3;;;;;;0;5;;;;;;0;4;;;;;;0;5;;;;;;0;3;;;;;;0;4;;;;;;0;2;;;;;;0;6;;;;;;0;2;;;;;;0;4;;;;;;0;4;;;;;;1;1;2011;;;;;pont de l'arche;;;;;refus de priorité dans un rond point par une voiture;;;;;0;0;3;0;24;1;71;15;2011;pont de l'arche;;;;;;;;;;;;;;;;;;;;;;;;;;;;;;;;;;;;;;;;;;;;;;;;;;;;;;;;;;;;;;;;;;;;;;;;;;;;;;;;;;;;;;;;;;;;;;;;;;;;;;;;;;;;;;;;;;;;;;;;;;;;;;;;;;;;;;;;;;;;;;;;;;;;;;;;;;;;;25MAR1970;7;1;3;2;6;4;4;NRP;;;;1;0;0;1;0;1;KAWASAKI;650;ER-6  N;ROADSTER;2;2008;37;1;2;3000;4;;;;;;;;;;;;;;;;;;;;;;;;;;;;;;;;;;;;;;;;;;;;;3000;3;4;;;;;;;;NRP;NRP;NRP;NRP;1991;NRP;NRP;1988;NRP
1544;5607;;1;0;4;;;;;;0;5;;;;;;0;6;;;;;;0;3;;;;;;0;4;;;;;;0;3;;;;;;0;5;;;;;;0;4;;;;;;0;5;;;;;;1;5;2012;;;;;0;5;;;;;;0;1;;;;;;0;4;;;;;;0;4;;;;;;0;;;;;;;;;;;;;;;;;;;0;0;5;1;46;10;2012;;;;;;;;;;;;;;;;;;;;;;;;;;;;;;;;;;;;;;;;;;;;;;;;;;;;;;;;;;;;;;;;;;;;;;;;;;;;;;;;;;;;;;;;;;;;;;;;;;;;;;;;;;;;;;;;;;;;;;;;;;;;;;;;;;;;;;;;;;;;;;;;;;;;;;;;;;;;;;15APR1983;5;1;3;2;2;3;;NRP;;;;2;0;0;1;0;1;KAWASAKI;500;ER-5;ROADSTER;2;1997;37;1;2;10000;AUT|Cour d'immeuble fermée;;;;;;;;;;;;;;;;;;;;;;;;;;;;;;;;;;;;;;;;;;;;;10000;3;4;;;;;;;;NRP;NRP;NRP;NRP;2010;NRP;NRP;2001;NRP
83;5608;;0;;;;;;;;;;;;;;;;;;;;;;;;;;;;;;;;;;;;;;;;;;;;;;;;;;;;;;;;;;;;;;;;;;;;;;;;;;;;;;;;;;;;;;;;;;;;;;;;;;;;;;;;;;;;;;;;;;;;;;;;;;;;;;;;;;;;;;;;;;;;;;;;;;;;;;;;;;;;;;;;;;;;;;;;;;;;;;;;;;;;;;;;;;;;;;;;;;;;;;;;;;;;;;;;;;;;;;;;;;;;;;;;;;;;;;;;;;;;;;;;;;;;;;;;;;;;;;;;;;;;;;;;;;;;;;;;;;;;;;;;;;14JUN1988;7;2;3;1;2;3;;NRP;;;;12;0;0;1;0;1;SUZUKI;750;GSX-R;SPORTIVE;2;2005;2;2;1;10000;4;;;;;;;;;;;;;;;;;;;;;;;;;;;;;;;;;;;;;;;;;;;;;10000;3;4;;;;;;;;NRP;NRP;NRP;NRP;2009;NRP;NRP;2007;NRP
339;5611;408;1;0;3;;;;;;0;4;;;;;;0;4;;;;;;0;4;;;;;;0;4;;;;;;0;3;;;;;;0;1;;;;;;0;1;;;;;;0;1;;;;;;0;5;;;;;;0;5;;;;;;0;2;;;;;;0;4;;;;;;0;5;;;;;;1;1;2014;;;;;A3;;;;;Remontee de file sur autoroute. Une voiture mets son clignotant pour déboîter. Je freine pour la laisser passer. Le motard qui était derrière moi me rentre dedans. Pas de blessure, peu de dégâts.;;;;;0;0;0;0;7;1;71;15;2014;A3;2014;Autre(s) type(s) d'accident(s).;1;;;;;;;De retour d'un voyage professionnel sur A3 en provenance de Roissy (où j'ai atterri vers 7 ou 8h su matin). J'étais donc fatigué. C'était un vendredi de départ en vacances, beaucoup de monde, circulation des voitures très lente, beaucoup de voitures belges et de hollandaises qui ne se poussaient pas voire cherchaient à bloquer les motos en inter-file.  J'avais derrière moi depuis plusieurs km une autre moto qui me suivait sans pression à distance correcte.  Une voiture a mis son clignotant et a commencé à se décaller. Je pense que je pouvais passer sans risque mais, j'ai préféré la laisser passer, car les voitures restent prioritaires quand on remonte une file.  Je m'arrete, le motard qui était derrière moi, me rentre dedans, enfin plus précisément dans une des valises latérales qui se détache et est projetée 3 ou 4 mètres plus loin sur la voie de gauche.  Toutes les voitures étaient arrétées, j'avance un peu pour me mettre sur la file de gauche et me garer à coté de ma valise. Je béquille, je descende de la moto, et là ... boum la moto parterre, je n'avais pas mis ou mal mis la béquille latérale :( Je relève la moto, remets la valise et décide avec l'autre motard de prendre a prochaine sortie pour faire un constat.  Ni lui ni moi n'avons de constat, nous nous arrangeons à l'amiable.  dégats matériels : valise gauche à changer, part carter éraflé, pot rayé sans gravité dégat corporels : aucun  voilà !;je pense que ma description précédente permet de répondre à cette question. Mais je pense que la moto qui me suivait me collait de trop près et que je n'ai pas vérifié derrière correctement.;NRP;3;1;vérifier la distance avec la moto derrière moi. ça aurait évité le choc;fatigue et densité de la circulation;;2;1;1;1;surprise => freinage;1;NRP;2;;;;;;;;1;;;;;;"je pensais faire ma ""BA"" en laissant la voiture psser, et j'ai vu ma valise me doubler, plus senti un choc.";3;4;;;2;3;3;3;NSP;1;3;3;5;4;4;4;4;4;;;;;;;;;2;;;;;;;;;2;2;;2;1;1;1;40;60;0;0;0;2;;;;;;4;1;;;;1;;;;;;;;;;;2;3;2;;0;0;1;2;3;4;6;9;;;;;3;3;3;3;3;3;BMW;1200;R1200ST ABS;Routière / GT;2;0;0;0;1;1;1;1;1;1;1;50000;12;1;1;SUZUKI;600;BANDIT;ROADSTER;2;4;3;07MAY1980;5;2;3;2;2;3;;NRP;;;;1;0;0;1;0;1;SUZUKI;600;BANDIT-N;ROADSTER;2;2004;28;2;1;6000;6;;;;;;;;;;;;;;;;;;;;;;;;;;;;;;;;;;;;;;;;;;;;;6000;4;3;;;;;;;;NRP;NRP;NRP;NRP;2007;NRP;NRP;1998;NRP
730;5612;;1;0;5;;;;;;0;4;;;;;;0;6;;;;;;0;1;;;;;;0;4;;;;;;0;1;;;;;;0;2;;;;;;0;1;;;;;;0;1;;;;;;0;2;;;;;;0;3;;;;;;0;3;;;;;;1;4;2012;;;;;0;1;;;;;;0;;;;;;;;;;;;;;;;;;;0;0;8;1;61;13;2012;;;;;;;;;;;;;;;;;;;;;;;;;;;;;;;;;;;;;;;;;;;;;;;;;;;;;;;;;;;;;;;;;;;;;;;;;;;;;;;;;;;;;;;;;;;;;;;;;;;;;;;;;;;;;;;;;;;;;;;;;;;;;;;;;;;;;;;;;;;;;;;;;;;;;;;;;;;;;;15SEP1982;5;2;3;2;1;1;;NRP;;;;1;0;0;1;0;1;SUZUKI;750;GSR;ROADSTER;2;2011;29;2;1;6000;3;;;;;;;;;;;;;;;;;;;;;;;;;;;;;;;;;;;;;;;;;;;;;6000;3;4;;;;;;;;NRP;NRP;NRP;NRP;2007;NRP;NRP;2002;NRP
1335;5614;;1;1;5;1994;;;;;1;5;2014;;;;;4;6;1994;1995;1995;NSP;;0;3;;;;;;0;5;;;;;;0;5;;;;;;0;5;;;;;;0;5;;;;;;1;4;1996;;;;;0;3;;;;;;0;5;;;;;;0;2;;;;;;0;5;;;;;;0;4;;;;;;0;;;;;;;;;;;;;;;;;;;2;2;23;1;6;2;2014;;;;;;;;;;;;;;;;;;;;;;;;;;;;;;;;;;;;;;;;;;;;;;;;;;;;;;;;;;;;;;;;;;;;;;;;;;;;;;;;;;;;;;;;;;;;;;;;;;;;;;;;;;;;;;;;;;;;;;;;;;;;;;;;;;;;;;;;;;;;;;;;;;;;;;;;;;;;;;21DEC1973;5;2;3;2;4;4;2;NRP;;;;1;1;1;1;0;1;YAMAHA;900;XJS DIVERSION;Routière / GT;2;1994;38;1;2;30000;7;;;;;;;;;;;;;;;;;;;;;;;;;;;;;;;;;;;;;;;;;;;;;30000;2;3;4;;;;;;;NRP;NRP;NRP;1990;1991;NRP;NRP;1991;NRP
2080;5615;;1;1;3;2011;;;;;0;3;;;;;;0;5;;;;;;0;4;;;;;;0;3;;;;;;0;3;;;;;;0;2;;;;;;1;3;2011;;;;;0;2;;;;;;0;5;;;;;;0;5;;;;;;0;2;;;;;;0;2;;;;;;0;3;;;;;;1;1;2011;;;;;Guédelond;;;;;Une moto a glissé sur des graviers et est venu percuter mon véhicule par la droite.;;;;;0;0;0;0;15;1;71;15;2011;Guédelond;;;;;;;;;;;;;;;;;;;;;;;;;;;;;;;;;;;;;;;;;;;;;;;;;;;;;;;;;;;;;;;;;;;;;;;;;;;;;;;;;;;;;;;;;;;;;;;;;;;;;;;;;;;;;;;;;;;;;;;;;;;;;;;;;;;;;;;;;;;;;;;;;;;;;;;;;;;;;14JAN1977;5;1;3;2;1;1;;NRP;;;;1;0;0;1;0;1;TRIUMPH;1050;SPEED TRIPLE ABS;ROADSTER;2;2011;37;1;2;12000;6;;;;;;;;;;;;;;;;;;;;;;;;;;;;;;;;;;;;;;;;;;;;;12000;3;4;;;;;;;;NRP;NRP;NRP;NRP;2010;NRP;NRP;1995;NRP
1483;5622;;1;0;5;;;;;;0;4;;;;;;0;4;;;;;;0;4;;;;;;1;5;NSP;;;;;0;4;;;;;;0;4;;;;;;0;4;;;;;;2;5;NSP;NSP;;;;0;4;;;;;;0;6;;;;;;0;3;;;;;;1;4;NSP;;;;;0;4;;;;;;0;;;;;;;;;;;;;;;;;;;3;0;20;1;21;5;0;;;;;;;;;;;;;;;;;;;;;;;;;;;;;;;;;;;;;;;;;;;;;;;;;;;;;;;;;;;;;;;;;;;;;;;;;;;;;;;;;;;;;;;;;;;;;;;;;;;;;;;;;;;;;;;;;;;;;;;;;;;;;;;;;;;;;;;;;;;;;;;;;;;;;;;;;;;;;;09AUG1974;7;2;3;2;2;3;;NRP;;;;2;1;0;1;0;1;BMW;1200;R1200R;ROADSTER;2;2010;10;2;2;10000;7;;;;;;;;;;;;;;;;;;;;;;;;;;;;;;;;;;;;;;;;;;;;;10000;4;3;;;;;;;;NRP;NRP;NRP;NRP;1996;NRP;NRP;1993;NRP
650;5623;;0;;;;;;;;;;;;;;;;;;;;;;;;;;;;;;;;;;;;;;;;;;;;;;;;;;;;;;;;;;;;;;;;;;;;;;;;;;;;;;;;;;;;;;;;;;;;;;;;;;;;;;;;;;;;;;;;;;;;;;;;;;;;;;;;;;;;;;;;;;;;;;;;;;;;;;;;;;;;;;;;;;;;;;;;;;;;;;;;;;;;;;;;;;;;;;;;;;;;;;;;;;;;;;;;;;;;;;;;;;;;;;;;;;;;;;;;;;;;;;;;;;;;;;;;;;;;;;;;;;;;;;;;;;;;;;;;;;;;;;;;;;23JUN1991;10;1;3;2;1;1;;NRP;;;;1;0;0;1;0;1;DUCATI;620;MONSTER IE;ROADSTER;2;2001;37;4;1;2000;7;;;;;;;;;;;;;;;;;;;;;;;;;;;;;;;;;;;;;;;;;;;;;2000;2;3;4;;;;;;;NRP;NRP;NRP;2008;2011;NRP;NRP;2009;NRP
1401;5624;;1;0;3;;;;;;0;2;;;;;;0;3;;;;;;0;1;;;;;;1;4;2013;;;;;0;2;;;;;;0;1;;;;;;0;3;;;;;;1;4;2009;;;;;0;3;;;;;;0;3;;;;;;0;1;;;;;;0;5;;;;;;0;2;;;;;;0;;;;;;;;;;;;;;;;;;;4;1;7;1;21;5;2013;;;;;;;;;;;;;;;;;;;;;;;;;;;;;;;;;;;;;;;;;;;;;;;;;;;;;;;;;;;;;;;;;;;;;;;;;;;;;;;;;;;;;;;;;;;;;;;;;;;;;;;;;;;;;;;;;;;;;;;;;;;;;;;;;;;;;;;;;;;;;;;;;;;;;;;;;;;;;;12DEC1978;7;2;3;2;3;4;1;NRP;;;;1;0;0;1;0;1;KAWASAKI;500;GPZ-S;Routière / GT;2;1992;29;1;2;10000;7;;;;;;;;;;;;;;;;;;;;;;;;;;;;;;;;;;;;;;;;;;;;;10000;4;3;;;;;;;;NRP;NRP;NRP;NRP;2010;NRP;NRP;1999;NRP
1412;5630;;0;;;;;;;;;;;;;;;;;;;;;;;;;;;;;;;;;;;;;;;;;;;;;;;;;;;;;;;;;;;;;;;;;;;;;;;;;;;;;;;;;;;;;;;;;;;;;;;;;;;;;;;;;;;;;;;;;;;;;;;;;;;;;;;;;;;;;;;;;;;;;;;;;;;;;;;;;;;;;;;;;;;;;;;;;;;;;;;;;;;;;;;;;;;;;;;;;;;;;;;;;;;;;;;;;;;;;;;;;;;;;;;;;;;;;;;;;;;;;;;;;;;;;;;;;;;;;;;;;;;;;;;;;;;;;;;;;;;;;;;;;;12NOV1978;5;2;3;2;3;4;1;NRP;;;;2;8;0;6;0;9;KAWASAKI;1200;ZRX-S;ROADSTER;2;2003;28;1;2;10000;7;YAMAHA;125;DTMX;TRAIL / SUPERMOTARD;2;1980;40;4;1;250;7;SUZUKI;125;TS-R;TRAIL / SUPERMOTARD;2;1979;40;4;1;250;7;YAMAHA;125;YZ;TOUT TERRAIN (TRIAL, ENDURO, CROSS);2;1987;31;1;1;50;7;VELOSOLEX;50;3008;ROADSTER;2;1968;40;4;1;30;7;10580;3;4;;;;;;;;NRP;NRP;NRP;NRP;2003;NRP;NRP;1997;NRP
1894;5631;;1;0;4;;;;;;1;4;1975;;;;;0;3;;;;;;0;4;;;;;;0;3;;;;;;0;4;;;;;;0;2;;;;;;0;2;;;;;;2;6;2009;2010;;;;0;1;;;;;;0;2;;;;;;0;2;;;;;;0;4;;;;;;0;3;;;;;;0;;;;;;;;;;;;;;;;;;;2;3;37;1;42;9;2010;;;;;;;;;;;;;;;;;;;;;;;;;;;;;;;;;;;;;;;;;;;;;;;;;;;;;;;;;;;;;;;;;;;;;;;;;;;;;;;;;;;;;;;;;;;;;;;;;;;;;;;;;;;;;;;;;;;;;;;;;;;;;;;;;;;;;;;;;;;;;;;;;;;;;;;;;;;;;;06NOV1957;2;1;3;1;2;3;;NRP;;;;2;0;0;5;0;2;KAWASAKI;1000;GTR;Routière / GT;2;2004;37;1;2;20000;7;KAWASAKI;1000;GTR;Routière / GT;2;1999;34;2;3;15000;7;;;;;;;;;;;;;;;;;;;;;;;;;;;;;;;;;;35000;2;3;4;;;;;;;NRP;NRP;NRP;1974;1976;NRP;NRP;1977;NRP
938;5633;;0;;;;;;;;;;;;;;;;;;;;;;;;;;;;;;;;;;;;;;;;;;;;;;;;;;;;;;;;;;;;;;;;;;;;;;;;;;;;;;;;;;;;;;;;;;;;;;;;;;;;;;;;;;;;;;;;;;;;;;;;;;;;;;;;;;;;;;;;;;;;;;;;;;;;;;;;;;;;;;;;;;;;;;;;;;;;;;;;;;;;;;;;;;;;;;;;;;;;;;;;;;;;;;;;;;;;;;;;;;;;;;;;;;;;;;;;;;;;;;;;;;;;;;;;;;;;;;;;;;;;;;;;;;;;;;;;;;;;;;;;;;11APR1953;5;2;3;2;1;1;;NRP;;;;1;0;0;1;0;1;YAMAHA;900;XJS DIVERSION;Routière / GT;2;2003;25;2;1;10000;7;;;;;;;;;;;;;;;;;;;;;;;;;;;;;;;;;;;;;;;;;;;;;10000;3;4;;;;;;;;NRP;NRP;NRP;NRP;2010;NRP;NRP;1971;NRP