Ligne;Ligne Q qualif;Ligne approfondissement Accident;ACCIDENT;NBACC1;ACCFREQUENCE1;ANNEEACC1_1;ANNEEACC1_2;ANNEEACC1_3;ANNEEACC1_4;ANNEEACC1_5;NBACC2;ACCFREQUENCE2;ANNEEACC2_1;ANNEEACC2_2;ANNEEACC2_3;ANNEEACC2_4;ANNEEACC2_5;NBACC3;ACCFREQUENCE3;ANNEEACC3_1;ANNEEACC3_2;ANNEEACC3_3;ANNEEACC3_4;ANNEEACC3_5;NBACC4;ACCFREQUENCE4;ANNEEACC4_1;ANNEEACC4_2;ANNEEACC4_3;ANNEEACC4_4;ANNEEACC4_5;NBACC5;ACCFREQUENCE5;ANNEEACC5_1;ANNEEACC5_2;ANNEEACC5_3;ANNEEACC5_4;ANNEEACC5_5;NBACC6;ACCFREQUENCE6;ANNEEACC6_1;ANNEEACC6_2;ANNEEACC6_3;ANNEEACC6_4;ANNEEACC6_5;NBACC7;ACCFREQUENCE7;ANNEEACC7_1;ANNEEACC7_2;ANNEEACC7_3;ANNEEACC7_4;ANNEEACC7_5;NBACC8;ACCFREQUENCE8;ANNEEACC8_1;ANNEEACC8_2;ANNEEACC8_3;ANNEEACC8_4;ANNEEACC8_5;NBACC9;ACCFREQUENCE9;ANNEEACC9_1;ANNEEACC9_2;ANNEEACC9_3;ANNEEACC9_4;ANNEEACC9_5;NBACC10;ACCFREQUENCE10;ANNEEACC10_1;ANNEEACC10_2;ANNEEACC10_3;ANNEEACC10_4;ANNEEACC10_5;NBACC11;ACCFREQUENCE11;ANNEEACC11_1;ANNEEACC11_2;ANNEEACC11_3;ANNEEACC11_4;ANNEEACC11_5;NBACC12;ACCFREQUENCE12;ANNEEACC12_1;ANNEEACC12_2;ANNEEACC12_3;ANNEEACC12_4;ANNEEACC12_5;NBACC13;ACCFREQUENCE13;ANNEEACC13_1;ANNEEACC13_2;ANNEEACC13_3;ANNEEACC13_4;ANNEEACC13_5;NBACC14;ACCFREQUENCE14;ANNEEACC14_1;ANNEEACC14_2;ANNEEACC14_3;ANNEEACC14_4;ANNEEACC14_5;AUTRESACC;NBAUTRESACC;ANNEEAUTREACC1;ANNEEAUTREACC2;ANNEEAUTREACC3;ANNEEAUTREACC4;ANNEEAUTREACC5;LIEUAUTREACC1;LIEUAUTREACC2;LIEUAUTREACC3;LIEUAUTREACC4;LIEUAUTREACC5;DESCRIPTIONAUTRESACC1;DESCRIPTIONAUTRESACC2;DESCRIPTIONAUTRESACC3;DESCRIPTIONAUTRESACC4;DESCRIPTIONAUTRESACC5;NBAUTRESACCCIRCUIT;NBAUTRESTOUTTERRAIN;EXPCYCLO;EXP125;EXPSUP125;ACCORDNEXTQ;CHOIXACC;RGPMTACC;RECUPANNEE;RECUPLIEU;RECUPANNE;RGPMTAC;CHOIX1;CHOIX2;CHOIX3;CHOIX4;CHOIX5;CHOIX6;CHOIX7;DESCRIPTION;RUPTURE;FAITS;ABS_REACTION;AUTRE_REACTION;PRECISIONREACTIONOUI;RECUL;PRECISIONREACTIONNON;IMPACTCOMPORTEMENT;AUTREUSAGER;REACTIONAUTREUSAGER;CONNAISSANCEREACTIONUSAGER;DIFFICULTES;AGGRAVATION;DIFFICULTES2;EMOTIONS1;EMOTIONS2;EMOTIONS3;EMOTIONS4;EMOTIONS5;EMOTIONS6;AUTRESENTIMENT;CLASSEMENTEMOTIONS1;CLASSEMENTEMOTIONS;CLASSEMENTEMOTIONS5;CLASSEMENTEMOTIONS6;CLASSEMENTEMOTIONS7;CLASSEMENTEMOTIONS8;CLASSEMENTEMOTIONS9;EXPLICATIONRESSENTI;BIENEQUIPE;ALLURE;ALLUREVITEDETAIL;ALLURELENTEDETAIL;SITUATIONPRESSE;SITUATIONDISTRAIT;SITUATIONCONFIANT;SITUATIONCONTROLE;SITUATIONLUDIQUE;SITUATIONPERF;SITUATIONSTRESS;SITUATIONFATIGUE;HUMEURNEUTRE;HUMEURGAI;HUMEURMECONTENT;HUMEURTRISTE;HUMEURCOLERE;CONTRIBUTION1;CONTRIBUTION2;CONTRIBUTION3;CONTRIBUTION4;CONTRIBUTION5;CONTRIBUTION6;CONTRIBUTION7;CONTRIBUTION8;CONTRIBUTION9;ROLEINFRA;ELEMENTINFRA1;ELEMENTINFRA2;ELEMENTINFRA3;ELEMENTINFRA4;ELEMENTINFRA5;ELEMENTINFRA6;ELEMENTINFRA7;ELEMENTINFRA8;ELEMENTINFRA9;ALCOOL;TXALCOOL;STUP;SEMAINE;MOMENTJOURNEE;TEMPS;CAUSEACC1;CAUSEACC2;CAUSEACC3;CAUSEACC4;CAUSEACC5;FORMATIONCAUSE;FORMATION1;FORMATION2;FORMATION3;FORMATION4;FORMATION5;TRAFIC;CHAUSSEE1;CHAUSSEE2;CHAUSSEE3;CHAUSSEE4;TYPEACC;BLESSURE;TETE;COU;THORAX;MEMBRESSUP;COLONNE;BASSIN;MEMBRESINF;HOPITAL;PLUS24H;TRAJET;TYPEROUTE;MOTIF;SENSTRAJET;PASSAGER;VITESSE;DESCEQ1;DESCEQ2;DESCEQ3;DESCEQ4;DESCEQ5;DESCEQ6;DESCEQ7;DESCEQ8;DESCEQ9;DESCEQ10;VEHICULEETE;VEHICULEAUTOMNE;VEHICULEPRINTEMPS;VEHICULEHIVER;VEHICULESEMAINE;VEHICULEWE;VEHMARQUE;VEHCYLINDREE;VEHMODELE;VEHSEGMENT;VEHSIDE;EQ2RMABS;EQ2RMCBS;EQ2RMABSCBS;EQ2RMREGULATEUR;EQ2RMLIMITEUR;EQ2RMPHARESDIRECT;EQ2RMCOUPURE;EQ2RMANTIPATINAGE;EQ2RMANTIXHEELING;EQ2RMSTABILILTE;VEHKM;POINTS;DUREE;AUTRE2RM;VEHPRECMARQUE;VEHPRECCYLINDREE;VEHPRECMODELE;VEHPRECSEGMENT;VEHPRECSIDE;TEMPS2RMPREC;FREQVEHPREC;DATE_NAISS;CSP;SOCIETAIRE;SALARIE;SECTEUR2RM;NBPERSFOYER;SITFAM;NBENF;TRNBENF1;TRNBENF2;TRNBENF3;TRNBENF4;NBAUTOFOYER;NBCYCLOFOYER;NBSCOOTFOYER;NBMOTOFOYER;NBTRIKEFOYER;NB2RMCONDUIT;MARQUE1;CYLINDREE1;MODELE1;SEGMENT1;SIDE1;ANMISECIRCU1;ASS1;FREQ1;USAGE1;NBKM1;GARAGE1;MARQUE2;CYLINDREE2;MODELE2;SEGMENT2;SIDE2;ANMISECIRCU2;ASS2;FREQ2;USAGE2;NBKM2;GARAGE2;MARQUE3;CYLINDREE3;MODELE3;SEGMENT3;SIDE3;ANMISECIRCU3;ASS3;FREQ3;USAGE3;NBKM3;GARAGE3;MARQUE4;CYLINDREE4;MODELE4;SEGMENT4;SIDE4;ANMISECIRCU4;ASS4;FREQ4;USAGE4;NBKM4;GARAGE4;MARQUE5;CYLINDREE5;MODELE5;SEGMENT5;SIDE5;ANMISECIRCU5;ASS5;FREQ5;USAGE5;NBKM5;GARAGE5;NBKMTOT;PERMIS1;PERMIS2;PERMIS3;PERMIS4;PERMIS5;PERMIS6;PERMIS7;PERMIS8;PERMIS9;ANPERMIS1;ANPERMIS6;ANPERMIS7;ANPERMIS2;ANPERMIS3;ANPERMIS8;ANPERMIS9;ANPERMIS4;ANPERMIS5
1039;5742;198;1;0;3;;;;;;0;4;;;;;;1;5;2013;;;;;0;3;;;;;;0;6;;;;;;0;5;;;;;;0;3;;;;;;0;5;;;;;;1;3;1992;;;;;0;5;;;;;;0;6;;;;;;0;3;;;;;;0;3;;;;;;0;4;;;;;;0;;;;;;;;;;;;;;;;;;;37;15;8;1;11;3;2013;;2013;Vous remontiez une file de véhicules (à l’arrêt ou au ralenti) par la gauche. Un véhicule de cette file vous a coupé la route en tournant à gauche.;3;;;;;;;Remontée de file sur une avenue urbaine à deux voies, quelques dizaines de mètre avant que se matérialise une voie centrale pour tourner à gauche à un carrefour tricolore.  Pendant mon dépassement un véhicule s'est décalé sur la gauche pour prendre cette voie centrale, sans contrôle rétroviseurs et sans clignotant.  Nous nous somme percutés latteralement (bord à bord) à environ 40 km/h  Le choc n'a pas été très violent. Mais je pense qu'il y aurait eu des conséquenses si je n'avais pas porté de gants, ni de protections aux coudes.  Je conduisais une moto légère (Honda CM125) avec laquelle j'ai un très bon appui sur les pieds sinon j'aurais très certainement chuté.;Quand la tonne roulante qui est à ta droite décide de virer à gauche sur toi..;Choc lattéral au niveau du guidon (droit), main, et coude.  Verrouillage du guidon  Louvoiment stabilisé avec les pieds.  L'autre a franchi le carrefour en tournant à droite, je l'ai rejoins pour prendre ses coordonnées.;NRP;0;;;NRP;2;0;;;;;;3;8;;;;;;;;1;;;;;Le choc s'est produit sans que je n'ai pu le percevoir, ou l'anticiper, hors champ visuel, pas de cligno de l'autre véhicule.;4;2;;3;3;2;4;4;1;1;1;2;1;3;4;4;4;3;5;;;;;;;;2;;;;;;;;;2;2;;2;1;1;1;10;90;0;0;0;2;;;;;;3;1;;;;1;;;;;;;;;;;1;1;1;2;0;40;1;2;3;4;7;9;;;;;4;4;4;4;4;2;HONDA;125;CM-C;CUSTOM;2;1;1;1;1;1;1;1;1;1;1;18000;12;4;1;APRILIA;750;SHIVER;ROADSTER;2;3;3;28APR1965;5;1;3;2;2;3;;NRP;;;;2;0;0;3;0;3;HONDA;125;CM-C;CUSTOM;2;1994;37;4;2;2200;7;APRILIA;750;SHIVER;ROADSTER;2;2008;37;2;2;6500;7;MOTO GUZZI;750;V7 SPECIAL;ROADSTER;2;2012;37;1;2;4000;7;;;;;;;;;;;;;;;;;;;;;;;12700;2;3;4;;;;;;;NRP;NRP;NRP;1991;2008;NRP;NRP;1991;NRP
2067;5743;;0;;;;;;;;;;;;;;;;;;;;;;;;;;;;;;;;;;;;;;;;;;;;;;;;;;;;;;;;;;;;;;;;;;;;;;;;;;;;;;;;;;;;;;;;;;;;;;;;;;;;;;;;;;;;;;;;;;;;;;;;;;;;;;;;;;;;;;;;;;;;;;;;;;;;;;;;;;;;;;;;;;;;;;;;;;;;;;;;;;;;;;;;;;;;;;;;;;;;;;;;;;;;;;;;;;;;;;;;;;;;;;;;;;;;;;;;;;;;;;;;;;;;;;;;;;;;;;;;;;;;;;;;;;;;;;;;;;;;;;;;;;19APR1987;7;2;3;2;2;3;;NRP;;;;1;0;0;2;0;2;KTM;990;SM-T;TRAIL / SUPERMOTARD;2;2012;28;1;2;8000;6;YAMAHA;600;FZS FAZER;ROADSTER;2;2003;28;3;1;8000;6;;;;;;;;;;;;;;;;;;;;;;;;;;;;;;;;;;16000;3;4;;;;;;;;NRP;NRP;NRP;NRP;2010;NRP;NRP;2005;NRP
847;5744;;0;;;;;;;;;;;;;;;;;;;;;;;;;;;;;;;;;;;;;;;;;;;;;;;;;;;;;;;;;;;;;;;;;;;;;;;;;;;;;;;;;;;;;;;;;;;;;;;;;;;;;;;;;;;;;;;;;;;;;;;;;;;;;;;;;;;;;;;;;;;;;;;;;;;;;;;;;;;;;;;;;;;;;;;;;;;;;;;;;;;;;;;;;;;;;;;;;;;;;;;;;;;;;;;;;;;;;;;;;;;;;;;;;;;;;;;;;;;;;;;;;;;;;;;;;;;;;;;;;;;;;;;;;;;;;;;;;;;;;;;;;;17JUN1961;7;1;3;2;4;4;2;NRP;;;;2;1;0;1;0;1;SUZUKI;1250;BANDIT-S ABS;ROADSTER;2;2007;10;2;1;10000;7;;;;;;;;;;;;;;;;;;;;;;;;;;;;;;;;;;;;;;;;;;;;;10000;3;4;;;;;;;;NRP;NRP;NRP;NRP;1982;NRP;NRP;1979;NRP
630;5746;;0;;;;;;;;;;;;;;;;;;;;;;;;;;;;;;;;;;;;;;;;;;;;;;;;;;;;;;;;;;;;;;;;;;;;;;;;;;;;;;;;;;;;;;;;;;;;;;;;;;;;;;;;;;;;;;;;;;;;;;;;;;;;;;;;;;;;;;;;;;;;;;;;;;;;;;;;;;;;;;;;;;;;;;;;;;;;;;;;;;;;;;;;;;;;;;;;;;;;;;;;;;;;;;;;;;;;;;;;;;;;;;;;;;;;;;;;;;;;;;;;;;;;;;;;;;;;;;;;;;;;;;;;;;;;;;;;;;;;;;;;;;30AUG1957;2;2;3;2;3;4;1;NRP;;;;2;0;0;1;0;1;HARLEY-DAVIDSON;1584;ULTRA CLASSIC ELECTRA GLIDE;Routière / GT;2;2009;16;2;1;12000;7;;;;;;;;;;;;;;;;;;;;;;;;;;;;;;;;;;;;;;;;;;;;;12000;4;3;;;;;;;;NRP;NRP;NRP;NRP;1991;NRP;NRP;1975;NRP
850;5747;;0;;;;;;;;;;;;;;;;;;;;;;;;;;;;;;;;;;;;;;;;;;;;;;;;;;;;;;;;;;;;;;;;;;;;;;;;;;;;;;;;;;;;;;;;;;;;;;;;;;;;;;;;;;;;;;;;;;;;;;;;;;;;;;;;;;;;;;;;;;;;;;;;;;;;;;;;;;;;;;;;;;;;;;;;;;;;;;;;;;;;;;;;;;;;;;;;;;;;;;;;;;;;;;;;;;;;;;;;;;;;;;;;;;;;;;;;;;;;;;;;;;;;;;;;;;;;;;;;;;;;;;;;;;;;;;;;;;;;;;;;;;17JUN1977;8;2;3;2;2;3;;NRP;;;;2;0;0;1;0;1;SUZUKI;1200;BANDIT-N;ROADSTER;2;2001;7;2;2;10000;7;;;;;;;;;;;;;;;;;;;;;;;;;;;;;;;;;;;;;;;;;;;;;10000;3;4;;;;;;;;NRP;NRP;NRP;NRP;2000;NRP;NRP;1995;NRP
1724;5748;;1;0;4;;;;;;0;4;;;;;;3;6;2008;2010;2012;;;0;4;;;;;;0;5;;;;;;0;4;;;;;;0;3;;;;;;0;4;;;;;;1;4;2008;;;;;0;4;;;;;;0;4;;;;;;0;3;;;;;;0;4;;;;;;0;5;;;;;;0;;;;;;;;;;;;;;;;;;;4;10;8;0;;NRP;;;;;;;;;;;;;;;;;;;;;;;;;;;;;;;;;;;;;;;;;;;;;;;;;;;;;;;;;;;;;;;;;;;;;;;;;;;;;;;;;;;;;;;;;;;;;;;;;;;;;;;;;;;;;;;;;;;;;;;;;;;;;;;;;;;;;;;;;;;;;;;;;;;;;;;;;;;;;;;01OCT1978;7;2;3;2;5;4;3;NRP;;;;2;0;0;1;0;1;KAWASAKI;1100;ZRX;ROADSTER;2;2000;16;1;2;25000;1;;;;;;;;;;;;;;;;;;;;;;;;;;;;;;;;;;;;;;;;;;;;;25000;3;4;;;;;;;;NRP;NRP;NRP;NRP;2007;NRP;NRP;1996;NRP
1564;5750;;1;0;5;;;;;;1;4;2001;;;;;0;3;;;;;;0;5;;;;;;1;5;2008;;;;;0;2;;;;;;0;4;;;;;;0;4;;;;;;0;4;;;;;;0;4;;;;;;0;3;;;;;;0;4;;;;;;0;2;;;;;;0;3;;;;;;0;;;;;;;;;;;;;;;;;;;0;2;18;1;21;5;2008;;;;;;;;;;;;;;;;;;;;;;;;;;;;;;;;;;;;;;;;;;;;;;;;;;;;;;;;;;;;;;;;;;;;;;;;;;;;;;;;;;;;;;;;;;;;;;;;;;;;;;;;;;;;;;;;;;;;;;;;;;;;;;;;;;;;;;;;;;;;;;;;;;;;;;;;;;;;;;01FEB1963;5;2;3;2;3;5;1;NRP;;;;2;0;0;1;0;1;BMW;1200;R1200GS;TRAIL / SUPERMOTARD;2;2010;28;3;1;15000;7;;;;;;;;;;;;;;;;;;;;;;;;;;;;;;;;;;;;;;;;;;;;;15000;2;3;4;;;;;;;NRP;NRP;NRP;1979;1997;NRP;NRP;1981;NRP
1425;5751;;1;0;4;;;;;;0;4;;;;;;0;3;;;;;;0;3;;;;;;0;2;;;;;;0;4;;;;;;0;4;;;;;;0;4;;;;;;1;5;1998;;;;;1;4;1996;;;;;0;4;;;;;;0;2;;;;;;0;2;;;;;;0;2;;;;;;0;;;;;;;;;;;;;;;;;;;4;0;22;1;41;9;1998;;;;;;;;;;;;;;;;;;;;;;;;;;;;;;;;;;;;;;;;;;;;;;;;;;;;;;;;;;;;;;;;;;;;;;;;;;;;;;;;;;;;;;;;;;;;;;;;;;;;;;;;;;;;;;;;;;;;;;;;;;;;;;;;;;;;;;;;;;;;;;;;;;;;;;;;;;;;;;29DEC1947;9;2;3;2;2;3;;NRP;;;;2;0;0;1;0;1;BMW;1200;K1200LT;Routière / GT;2;2005;28;2;3;17000;7;;;;;;;;;;;;;;;;;;;;;;;;;;;;;;;;;;;;;;;;;;;;;17000;3;4;;;;;;;;NRP;NRP;NRP;NRP;1994;NRP;NRP;1966;NRP
242;5752;441;1;0;4;;;;;;0;4;;;;;;0;3;;;;;;0;5;;;;;;0;5;;;;;;0;5;;;;;;0;3;;;;;;1;4;2013;;;;;1;5;2013;;;;;0;5;;;;;;0;4;;;;;;0;3;;;;;;0;4;;;;;;0;5;;;;;;0;;;;;;;;;;;;;;;;;;;3;3;30;1;41;9;2013;;2013;Vous avez fait une sortie de route, une perte de contrôle ou une glissade sans rien percuter.;3;;;;;;;une automobile a perdu toute son huile moteur sur la chaussée dans une montée en virage assez serré et dans un petit village. le conducteur m'a pas signalé la dégradation de la chaussée glissade de 2 motos à cet endroit au même moment;rien à rajouter, allure réduite dans le village, montée, groupe de 25 motos, 2 motos en glissade;aucune réaction avant la glissade, la roue avant est partie en sortie de virage;NRP;0;;;pas le temps;2;1;2;;NSP;1;aucun signalement de l'huile répandu sur la chaussée;7;;;;;;;;;;;;;;;4;3;;;1;2;2;3;4;1;1;1;3;3;4;4;4;5;;;;;;;;;1;5;;;;;;;;2;2;;2;2;1;1;10;90;0;0;0;2;;;;;;1;6;;;;1;;;;;;;;;;;2;1;3;;1;40;1;2;3;4;9;;;;;;4;3;3;3;2;3;HONDA;1300;PAN EUROPEAN;Routière / GT;2;1;0;1;1;1;1;1;1;1;1;11000;12;4;1;KAWASAKI;1100;GPZ-S;Routière / GT;1;3;3;25JUN1957;7;1;3;2;2;3;;NRP;;;;1;0;0;3;0;1;HONDA;1300;PAN EUROPEAN;Routière / GT;2;2003;37;2;1;8000;7;;;;;;;;;;;;;;;;;;;;;;;;;;;;;;;;;;;;;;;;;;;;;8000;3;4;;;;;;;;NRP;NRP;NRP;NRP;1977;NRP;NRP;1977;NRP
578;5753;;1;0;2;;;;;;0;3;;;;;;0;2;;;;;;0;1;;;;;;0;5;;;;;;0;4;;;;;;0;2;;;;;;0;3;;;;;;0;2;;;;;;0;3;;;;;;0;5;;;;;;0;2;;;;;;0;2;;;;;;0;2;;;;;;1;1;1990;;;;;Vizille (Isère);;;;;Un autocar doublait des cyclistes dans un virage et il s'est déporté sur ma voie. J'ai serré le côté droit de celle ci, et j'ai roulé sur des gravillons, puis j'ai essayé de prendre le virage. La moto a dérapé et a traversé la route et en fin de virage j'ai percuté un véhicule venant en face. Je n'ai rien eu mais le cadre de la moto était mort.;;;;;3;0;4;0;27;1;71;15;1990;Vizille (Isère);;;;;;;;;;;;;;;;;;;;;;;;;;;;;;;;;;;;;;;;;;;;;;;;;;;;;;;;;;;;;;;;;;;;;;;;;;;;;;;;;;;;;;;;;;;;;;;;;;;;;;;;;;;;;;;;;;;;;;;;;;;;;;;;;;;;;;;;;;;;;;;;;;;;;;;;;;;;;14MAY1961;5;1;3;2;4;4;2;NRP;;;;2;2;0;2;0;2;HONDA;800;VFR-F;Routière / GT;2;2002;37;1;2;12000;7;YAMAHA;1000;R1 (YZF-R1);SPORTIVE;2;2003;37;2;1;5000;7;;;;;;;;;;;;;;;;;;;;;;;;;;;;;;;;;;17000;3;4;;;;;;;;NRP;NRP;NRP;NRP;1988;NRP;NRP;1979;NRP
1952;5755;;1;0;2;;;;;;0;3;;;;;;1;5;2014;;;;;0;1;;;;;;0;4;;;;;;0;2;;;;;;0;4;;;;;;0;4;;;;;;1;4;2011;;;;;0;2;;;;;;0;3;;;;;;0;1;;;;;;0;3;;;;;;0;1;;;;;;1;1;2006;;;;;sainte maxime;;;;;rond point je suis déjà engager et la personne agée sortant d'un parking  s'engage dans le rond point sans regarder et accrochage....;;;;;0;0;3;0;20;1;71;15;2006;sainte maxime;;;;;;;;;;;;;;;;;;;;;;;;;;;;;;;;;;;;;;;;;;;;;;;;;;;;;;;;;;;;;;;;;;;;;;;;;;;;;;;;;;;;;;;;;;;;;;;;;;;;;;;;;;;;;;;;;;;;;;;;;;;;;;;;;;;;;;;;;;;;;;;;;;;;;;;;;;;;;03NOV1971;7;2;3;2;1;1;;NRP;;;;1;0;0;1;0;1;HONDA;1000;CBR-RR FIREBLADE;SPORTIVE;2;2007;27;2;1;20000;AUT|dans mon salon;;;;;;;;;;;;;;;;;;;;;;;;;;;;;;;;;;;;;;;;;;;;;20000;3;4;;;;;;;;NRP;NRP;NRP;NRP;1995;NRP;NRP;1991;NRP
51;5756;;0;;;;;;;;;;;;;;;;;;;;;;;;;;;;;;;;;;;;;;;;;;;;;;;;;;;;;;;;;;;;;;;;;;;;;;;;;;;;;;;;;;;;;;;;;;;;;;;;;;;;;;;;;;;;;;;;;;;;;;;;;;;;;;;;;;;;;;;;;;;;;;;;;;;;;;;;;;;;;;;;;;;;;;;;;;;;;;;;;;;;;;;;;;;;;;;;;;;;;;;;;;;;;;;;;;;;;;;;;;;;;;;;;;;;;;;;;;;;;;;;;;;;;;;;;;;;;;;;;;;;;;;;;;;;;;;;;;;;;;;;;;08NOV1964;5;1;3;2;4;4;2;NRP;;;;2;2;0;2;0;2;TRIUMPH;900;SPRINT;Routière / GT;2;1999;37;2;1;12000;7;SUZUKI;125;RM;TOUT TERRAIN (TRIAL, ENDURO, CROSS);2;1996;41;2;1;500;7;;;;;;;;;;;;;;;;;;;;;;;;;;;;;;;;;;12500;3;4;;;;;;;;NRP;NRP;NRP;NRP;1984;NRP;NRP;2009;NRP
1054;5759;;1;0;6;;;;;;0;6;;;;;;0;6;;;;;;1;6;2005;;;;;0;5;;;;;;0;6;;;;;;0;6;;;;;;0;4;;;;;;0;6;;;;;;0;6;;;;;;0;6;;;;;;0;6;;;;;;1;6;2005;;;;;0;6;;;;;;0;;;;;;;;;;;;;;;;;;;10;10;11;1;61;13;2005;;;;;;;;;;;;;;;;;;;;;;;;;;;;;;;;;;;;;;;;;;;;;;;;;;;;;;;;;;;;;;;;;;;;;;;;;;;;;;;;;;;;;;;;;;;;;;;;;;;;;;;;;;;;;;;;;;;;;;;;;;;;;;;;;;;;;;;;;;;;;;;;;;;;;;;;;;;;;;03OCT1964;7;2;3;1;2;3;;NRP;;;;1;0;0;1;0;1;BMW;850;R850RT;Routière / GT;2;2005;33;1;2;10000;5;;;;;;;;;;;;;;;;;;;;;;;;;;;;;;;;;;;;;;;;;;;;;10000;3;4;;;;;;;;NRP;NRP;NRP;NRP;2004;NRP;NRP;1983;NRP
1304;5760;391;1;0;4;;;;;;0;5;;;;;;0;5;;;;;;0;5;;;;;;3;5;2001;2008;2012;;;0;4;;;;;;0;4;;;;;;0;4;;;;;;2;5;2012;2013;;;;0;4;;;;;;0;5;;;;;;0;2;;;;;;0;4;;;;;;0;4;;;;;;0;;;;;;;;;;;;;;;;;;;1;19;0;1;41;9;2012;;2012;Vous avez fait une sortie de route, une perte de contrôle ou une glissade sans rien percuter.;4;;;;;;;j'ai été percuté à l'arrière par un camion qui m'a refusé la priorité. Ma trajectoire a été déviée sur le trottoir où j'ai heurté un piéton (légèrement blessé) et ai percuté un scooter à l'arrêt.  Perte de connaissance...;Je vois le véhicule au stop - je me dis :  il m'a vu, il va s'engager dans l'intersection derrière moi.  A moment de franchir l'intersection je le vois qui s'approche et je me dis que ça ne se passe pas comme prévu.  Trou noir ...;NRP;AUT|aucune réaction, c'était trop tard;1;ne pas faire confiance au véhicule, adapter ma vitesse bien qu'elle ne soit pas excessive;Confiance dans le respect du stop par le conducteur de l'autre véhicule;;2;1;2;;NSP;2;le comportement a provoqué l'accident;1;3;7;;;;;1;;2;;;;;J'ai vu s'approcher l'avant du camion et j'ai réalisé que la situation était irréversible;4;1;1;;1;2;3;4;1;1;1;1;1;4;4;4;4;2;5;;;;;;;;2;;;;;;;;;2;2;;2;1;3;1;5;95;0;0;0;2;;;;;;2;1;;;;2;1;7;;;;;;;1;0;1;1;1;2;0;50;1;10;2;3;4;7;;;;;4;4;4;4;4;NRP;PEUGEOT;125;SATELIS EXECUTIVE;SCOOTER;2;0;1;1;1;1;1;1;1;1;1;20000;12;4;1;PEUGEOT;125;ELYSTAR ADVANTAGE;SCOOTER;2;4;4;14OCT1966;6;2;3;2;4;4;2;NRP;;;;1;0;1;0;0;1;PIAGGIO;300;MP3 LT YOURBAN;SIDE-CAR / TRIKE;2;2012;25;1;2;6000;4;;;;;;;;;;;;;;;;;;;;;;;;;;;;;;;;;;;;;;;;;;;;;6000;4;;;;;;;;;NRP;NRP;NRP;NRP;NRP;NRP;NRP;1985;NRP
1193;5761;237;1;0;4;;;;;;0;3;;;;;;0;5;;;;;;0;4;;;;;;0;4;;;;;;0;4;;;;;;2;5;2009;2012;;;;0;4;;;;;;3;6;2006;2009;2010;;;1;6;2014;;;;;1;6;2010;;;;;0;2;;;;;;0;2;;;;;;0;3;;;;;;0;;;;;;;;;;;;;;;;;;;25;8;6;1;46;10;2014;;2014;"Vous circuliez sur un axe constitué d’au moins "" 2 X 2 voies "" (en urbain, périphérique, autoroute, RN …). Un véhicule vous a coupé la route en changeant de voie pour se placer sur celle de droite.";3;4;6;;;;;Celui-ci s’est produit par une journée ensoleillée sur l'autoroute sur une portion rectiligne à 2 voies après un radar automatique de contrôle de la vitesse.  Le trafic était dense et je roulais à moto en interfile plutôt sur la voie de droite à une vitesse approximative de 40km/h déportée sur la gauche de ma voie de façon à être visible dans les rétroviseurs des automobilistes des files de droite et de gauche. Quand subitement à moins de 10m devant moi une camionnette circulant sur la file de gauche a changée de file pour tenter de s’insérer sur la file de droite sans clignotant et sans regarder dans ses rétroviseurs. Comme elle n’a pas eu la place de s’insérer, cette camionnette s’est arrêtée à cheval sur les 2 voies sur ma trajectoire alors que j’étais quasiment derrière elle au moment de sa manœuvre. N’ayant pas réussi à  l’éviter ni stopper ma moto, je l’ai percutée par l’arrière en freinant très brusquement. J’ai chuté après avoir percuté son pare-chocs et sa porte arrière et suis tombée dans les pommes.  Lorsque j’ai ouvert les yeux, les services de protection civile étaient autour de moi ainsi qu'une autre conductrice qui m’a soutenue pendant toute la durée de l’intervention des secours. Etant allongée sur la chaussée incapable du moindre mouvement, je n’ai pas vu l’autre conducteur qui ne s’est pas présenté à moi ayant même cru à un délit de fuite.  Ayant percuté le véhicule par l'arrière, sans la présence du témoin, j'aurais été considérée comme responsable de l'accident. Par ailleurs je soupçonne l'autre conducteur d’avoir été au téléphone en conduisant.  Bilan d’une chute qui s’avérait pas trop grave car à basse vitesse : outre les contusions multiples aux cotes, lombaires, épaule, nez (entaille profonde provoquée par mes lunettes), j'ai eu une grave entorse du genou qui a nécessité une opération et une longue période de rééducation.;Manœuvre brutale et imprévisible d'un automobiliste Pas de contrôle de sécurité avant d'exécuter sa manœuvre (retro), pas de signalisation de son intention de manœuvrer. Ma présence dans l'autre file à moins de 10 m derrière lui. ralentissement de son véhicule sur ma trajectoire. Pas suffisamment de place pour moi pour dans les 2 files droite et gauche pour tenter un évitement. Pas une distance suffisante pour m'arrêter avant de le percuter. Roulant au ralenti, pas de bruit suffisant fait par mon moteur, gaz coupés car en décélération avant le changement de file de l'autre véhicule.;Dès que j' vu le véhicule changer de file, j'ai maintenu ma trajectoire et comme il était très proche de moi, j'ai serré les freins avant et arrière. Habituellement, j'utilise beaucoup le frein arrière pour stabiliser mon véhicule, mais là j'ai serré tellement fort l'avant que je me suis retrouvé en roue avant (stoppy) Je n'ai pas eu le réflexe de klaxonner.  L'autre véhicule impliqué n'a pas changer sonne m'a même pas vu ayant une porte arrière pleine.  Les autres véhicules ont ralenti et se sont écartés leur permettant de ne pas être impliqués (sur-accident);NRP;0;;;pas de marge de manoeuvre;2;1;2;;Pas de visibilité par sa porte arrière de coffre (véhicule type utilitaire) Rétroviseur extérieur réduisant les objets perturbant les distances;1;Si les contrôles avaient été faits avant le changement de file, il aurait attendu avant son changement de file;3;5;6;;;;;;;1;;2;3;;Mon incompréhension se rapporte à l'attitude de l'autre automobiliste : Pourquoi changer de file alors que j'étais juste derrière, que je ne roulais pas vite et que la visibilité en ligne droite par temps clair était excellente;3;3;;;3;1;2;3;1;1;3;4;3;2;1;1;4;1;;;;;;;;;2;;;;;;;;;2;2;;2;1;1;1;10;90;0;0;0;NSP;;;;;;3;1;;;;2;1;2;3;6;7;;;;1;0;1;3;1;1;0;45;1;10;2;3;4;7;;;;;4;4;4;4;4;4;HONDA;600;CBR-RR IE HANNSPREE TKR;SPORTIVE;2;1;1;1;1;1;1;1;1;1;1;54000;12;4;1;YAMAHA;600;FZ6-S FAZER GT04;ROADSTER;2;4;4;24OCT1971;5;2;3;2;4;4;2;NRP;;;;1;0;0;2;0;1;YAMAHA;600;FZ6-S FAZER GT04;ROADSTER;2;2004;31;2;1;4000;7;;;;;;;;;;;;;;;;;;;;;;;;;;;;;;;;;;;;;;;;;;;;;4000;3;4;;;;;;;;NRP;NRP;NRP;NRP;2008;NRP;NRP;1991;NRP