Ligne;Ligne Q qualif;Ligne approfondissement Accident;ACCIDENT;NBACC1;ACCFREQUENCE1;ANNEEACC1_1;ANNEEACC1_2;ANNEEACC1_3;ANNEEACC1_4;ANNEEACC1_5;NBACC2;ACCFREQUENCE2;ANNEEACC2_1;ANNEEACC2_2;ANNEEACC2_3;ANNEEACC2_4;ANNEEACC2_5;NBACC3;ACCFREQUENCE3;ANNEEACC3_1;ANNEEACC3_2;ANNEEACC3_3;ANNEEACC3_4;ANNEEACC3_5;NBACC4;ACCFREQUENCE4;ANNEEACC4_1;ANNEEACC4_2;ANNEEACC4_3;ANNEEACC4_4;ANNEEACC4_5;NBACC5;ACCFREQUENCE5;ANNEEACC5_1;ANNEEACC5_2;ANNEEACC5_3;ANNEEACC5_4;ANNEEACC5_5;NBACC6;ACCFREQUENCE6;ANNEEACC6_1;ANNEEACC6_2;ANNEEACC6_3;ANNEEACC6_4;ANNEEACC6_5;NBACC7;ACCFREQUENCE7;ANNEEACC7_1;ANNEEACC7_2;ANNEEACC7_3;ANNEEACC7_4;ANNEEACC7_5;NBACC8;ACCFREQUENCE8;ANNEEACC8_1;ANNEEACC8_2;ANNEEACC8_3;ANNEEACC8_4;ANNEEACC8_5;NBACC9;ACCFREQUENCE9;ANNEEACC9_1;ANNEEACC9_2;ANNEEACC9_3;ANNEEACC9_4;ANNEEACC9_5;NBACC10;ACCFREQUENCE10;ANNEEACC10_1;ANNEEACC10_2;ANNEEACC10_3;ANNEEACC10_4;ANNEEACC10_5;NBACC11;ACCFREQUENCE11;ANNEEACC11_1;ANNEEACC11_2;ANNEEACC11_3;ANNEEACC11_4;ANNEEACC11_5;NBACC12;ACCFREQUENCE12;ANNEEACC12_1;ANNEEACC12_2;ANNEEACC12_3;ANNEEACC12_4;ANNEEACC12_5;NBACC13;ACCFREQUENCE13;ANNEEACC13_1;ANNEEACC13_2;ANNEEACC13_3;ANNEEACC13_4;ANNEEACC13_5;NBACC14;ACCFREQUENCE14;ANNEEACC14_1;ANNEEACC14_2;ANNEEACC14_3;ANNEEACC14_4;ANNEEACC14_5;AUTRESACC;NBAUTRESACC;ANNEEAUTREACC1;ANNEEAUTREACC2;ANNEEAUTREACC3;ANNEEAUTREACC4;ANNEEAUTREACC5;LIEUAUTREACC1;LIEUAUTREACC2;LIEUAUTREACC3;LIEUAUTREACC4;LIEUAUTREACC5;DESCRIPTIONAUTRESACC1;DESCRIPTIONAUTRESACC2;DESCRIPTIONAUTRESACC3;DESCRIPTIONAUTRESACC4;DESCRIPTIONAUTRESACC5;NBAUTRESACCCIRCUIT;NBAUTRESTOUTTERRAIN;EXPCYCLO;EXP125;EXPSUP125;ACCORDNEXTQ;CHOIXACC;RGPMTACC;RECUPANNEE;RECUPLIEU;RECUPANNE;RGPMTAC;CHOIX1;CHOIX2;CHOIX3;CHOIX4;CHOIX5;CHOIX6;CHOIX7;DESCRIPTION;RUPTURE;FAITS;ABS_REACTION;AUTRE_REACTION;PRECISIONREACTIONOUI;RECUL;PRECISIONREACTIONNON;IMPACTCOMPORTEMENT;AUTREUSAGER;REACTIONAUTREUSAGER;CONNAISSANCEREACTIONUSAGER;DIFFICULTES;AGGRAVATION;DIFFICULTES2;EMOTIONS1;EMOTIONS2;EMOTIONS3;EMOTIONS4;EMOTIONS5;EMOTIONS6;AUTRESENTIMENT;CLASSEMENTEMOTIONS1;CLASSEMENTEMOTIONS;CLASSEMENTEMOTIONS5;CLASSEMENTEMOTIONS6;CLASSEMENTEMOTIONS7;CLASSEMENTEMOTIONS8;CLASSEMENTEMOTIONS9;EXPLICATIONRESSENTI;BIENEQUIPE;ALLURE;ALLUREVITEDETAIL;ALLURELENTEDETAIL;SITUATIONPRESSE;SITUATIONDISTRAIT;SITUATIONCONFIANT;SITUATIONCONTROLE;SITUATIONLUDIQUE;SITUATIONPERF;SITUATIONSTRESS;SITUATIONFATIGUE;HUMEURNEUTRE;HUMEURGAI;HUMEURMECONTENT;HUMEURTRISTE;HUMEURCOLERE;CONTRIBUTION1;CONTRIBUTION2;CONTRIBUTION3;CONTRIBUTION4;CONTRIBUTION5;CONTRIBUTION6;CONTRIBUTION7;CONTRIBUTION8;CONTRIBUTION9;ROLEINFRA;ELEMENTINFRA1;ELEMENTINFRA2;ELEMENTINFRA3;ELEMENTINFRA4;ELEMENTINFRA5;ELEMENTINFRA6;ELEMENTINFRA7;ELEMENTINFRA8;ELEMENTINFRA9;ALCOOL;TXALCOOL;STUP;SEMAINE;MOMENTJOURNEE;TEMPS;CAUSEACC1;CAUSEACC2;CAUSEACC3;CAUSEACC4;CAUSEACC5;FORMATIONCAUSE;FORMATION1;FORMATION2;FORMATION3;FORMATION4;FORMATION5;TRAFIC;CHAUSSEE1;CHAUSSEE2;CHAUSSEE3;CHAUSSEE4;TYPEACC;BLESSURE;TETE;COU;THORAX;MEMBRESSUP;COLONNE;BASSIN;MEMBRESINF;HOPITAL;PLUS24H;TRAJET;TYPEROUTE;MOTIF;SENSTRAJET;PASSAGER;VITESSE;DESCEQ1;DESCEQ2;DESCEQ3;DESCEQ4;DESCEQ5;DESCEQ6;DESCEQ7;DESCEQ8;DESCEQ9;DESCEQ10;VEHICULEETE;VEHICULEAUTOMNE;VEHICULEPRINTEMPS;VEHICULEHIVER;VEHICULESEMAINE;VEHICULEWE;VEHMARQUE;VEHCYLINDREE;VEHMODELE;VEHSEGMENT;VEHSIDE;EQ2RMABS;EQ2RMCBS;EQ2RMABSCBS;EQ2RMREGULATEUR;EQ2RMLIMITEUR;EQ2RMPHARESDIRECT;EQ2RMCOUPURE;EQ2RMANTIPATINAGE;EQ2RMANTIXHEELING;EQ2RMSTABILILTE;VEHKM;POINTS;DUREE;AUTRE2RM;VEHPRECMARQUE;VEHPRECCYLINDREE;VEHPRECMODELE;VEHPRECSEGMENT;VEHPRECSIDE;TEMPS2RMPREC;FREQVEHPREC;DATE_NAISS;CSP;SOCIETAIRE;SALARIE;SECTEUR2RM;NBPERSFOYER;SITFAM;NBENF;TRNBENF1;TRNBENF2;TRNBENF3;TRNBENF4;NBAUTOFOYER;NBCYCLOFOYER;NBSCOOTFOYER;NBMOTOFOYER;NBTRIKEFOYER;NB2RMCONDUIT;MARQUE1;CYLINDREE1;MODELE1;SEGMENT1;SIDE1;ANMISECIRCU1;ASS1;FREQ1;USAGE1;NBKM1;GARAGE1;MARQUE2;CYLINDREE2;MODELE2;SEGMENT2;SIDE2;ANMISECIRCU2;ASS2;FREQ2;USAGE2;NBKM2;GARAGE2;MARQUE3;CYLINDREE3;MODELE3;SEGMENT3;SIDE3;ANMISECIRCU3;ASS3;FREQ3;USAGE3;NBKM3;GARAGE3;MARQUE4;CYLINDREE4;MODELE4;SEGMENT4;SIDE4;ANMISECIRCU4;ASS4;FREQ4;USAGE4;NBKM4;GARAGE4;MARQUE5;CYLINDREE5;MODELE5;SEGMENT5;SIDE5;ANMISECIRCU5;ASS5;FREQ5;USAGE5;NBKM5;GARAGE5;NBKMTOT;PERMIS1;PERMIS2;PERMIS3;PERMIS4;PERMIS5;PERMIS6;PERMIS7;PERMIS8;PERMIS9;ANPERMIS1;ANPERMIS6;ANPERMIS7;ANPERMIS2;ANPERMIS3;ANPERMIS8;ANPERMIS9;ANPERMIS4;ANPERMIS5
2190;5833;;1;1;6;2014;;;;;0;5;;;;;;0;6;;;;;;0;3;;;;;;2;6;1996;2014;;;;0;5;;;;;;0;3;;;;;;0;4;;;;;;0;2;;;;;;1;6;2008;;;;;1;6;1995;;;;;0;4;;;;;;1;5;1995;;;;;0;3;;;;;;0;;;;;;;;;;;;;;;;;;;5;0;30;1;1;1;2014;;;;;;;;;;;;;;;;;;;;;;;;;;;;;;;;;;;;;;;;;;;;;;;;;;;;;;;;;;;;;;;;;;;;;;;;;;;;;;;;;;;;;;;;;;;;;;;;;;;;;;;;;;;;;;;;;;;;;;;;;;;;;;;;;;;;;;;;;;;;;;;;;;;;;;;;;;;;;;24SEP1966;5;1;3;2;4;4;2;NRP;;;;2;0;0;1;0;1;TRIUMPH;1050;SPRINT GT;Routière / GT;2;2010;37;1;2;10000;7;;;;;;;;;;;;;;;;;;;;;;;;;;;;;;;;;;;;;;;;;;;;;10000;3;4;;;;;;;;NRP;NRP;NRP;NRP;1996;NRP;NRP;1985;NRP
1962;5836;;1;0;4;;;;;;1;5;1975;;;;;0;4;;;;;;0;2;;;;;;0;3;;;;;;0;2;;;;;;0;3;;;;;;0;3;;;;;;0;3;;;;;;0;3;;;;;;0;4;;;;;;0;2;;;;;;0;3;;;;;;0;2;;;;;;0;;;;;;;;;;;;;;;;;;;2;5;41;1;6;2;1975;;;;;;;;;;;;;;;;;;;;;;;;;;;;;;;;;;;;;;;;;;;;;;;;;;;;;;;;;;;;;;;;;;;;;;;;;;;;;;;;;;;;;;;;;;;;;;;;;;;;;;;;;;;;;;;;;;;;;;;;;;;;;;;;;;;;;;;;;;;;;;;;;;;;;;;;;;;;;;26MAR1956;7;2;3;2;2;3;;NRP;;;;2;0;0;1;0;1;YAMAHA;1300;FJR;Routière / GT;2;2005;28;2;1;5000;7;;;;;;;;;;;;;;;;;;;;;;;;;;;;;;;;;;;;;;;;;;;;;5000;2;3;4;;;;;;;NRP;NRP;NRP;1974;1974;NRP;NRP;1974;NRP
1023;5839;;1;0;3;;;;;;0;4;;;;;;0;3;;;;;;0;1;;;;;;0;5;;;;;;0;2;;;;;;0;3;;;;;;0;4;;;;;;0;4;;;;;;0;2;;;;;;0;3;;;;;;0;2;;;;;;0;2;;;;;;0;2;;;;;;0;;;;;;;;;;;;;;;;;;;5;0;13;1;;NRP;;;;;;;;;;;;;;;;;;;;;;;;;;;;;;;;;;;;;;;;;;;;;;;;;;;;;;;;;;;;;;;;;;;;;;;;;;;;;;;;;;;;;;;;;;;;;;;;;;;;;;;;;;;;;;;;;;;;;;;;;;;;;;;;;;;;;;;;;;;;;;;;;;;;;;;;;;;;;;;02DEC1963;6;1;3;2;1;1;;NRP;;;;1;0;0;1;0;1;TRIUMPH;675;STREET TRIPLE;ROADSTER;2;2009;37;3;1;10000;6;;;;;;;;;;;;;;;;;;;;;;;;;;;;;;;;;;;;;;;;;;;;;10000;4;3;;;;;;;;NRP;NRP;NRP;NRP;1983;NRP;NRP;1983;NRP
683;5840;;0;;;;;;;;;;;;;;;;;;;;;;;;;;;;;;;;;;;;;;;;;;;;;;;;;;;;;;;;;;;;;;;;;;;;;;;;;;;;;;;;;;;;;;;;;;;;;;;;;;;;;;;;;;;;;;;;;;;;;;;;;;;;;;;;;;;;;;;;;;;;;;;;;;;;;;;;;;;;;;;;;;;;;;;;;;;;;;;;;;;;;;;;;;;;;;;;;;;;;;;;;;;;;;;;;;;;;;;;;;;;;;;;;;;;;;;;;;;;;;;;;;;;;;;;;;;;;;;;;;;;;;;;;;;;;;;;;;;;;;;;;;06APR1962;5;2;3;2;1;1;;NRP;;;;1;0;0;1;0;2;HONDA;1000;CB-F ABS;ROADSTER;2;2010;28;2;1;8000;6;HONDA;700;NC700X DUAL CT 52CV;ROADSTER;2;2012;28;2;1;12000;6;;;;;;;;;;;;;;;;;;;;;;;;;;;;;;;;;;20000;3;4;;;;;;;;NRP;NRP;NRP;NRP;1980;NRP;NRP;1981;NRP
1768;5843;;0;;;;;;;;;;;;;;;;;;;;;;;;;;;;;;;;;;;;;;;;;;;;;;;;;;;;;;;;;;;;;;;;;;;;;;;;;;;;;;;;;;;;;;;;;;;;;;;;;;;;;;;;;;;;;;;;;;;;;;;;;;;;;;;;;;;;;;;;;;;;;;;;;;;;;;;;;;;;;;;;;;;;;;;;;;;;;;;;;;;;;;;;;;;;;;;;;;;;;;;;;;;;;;;;;;;;;;;;;;;;;;;;;;;;;;;;;;;;;;;;;;;;;;;;;;;;;;;;;;;;;;;;;;;;;;;;;;;;;;;;;;06JUL1975;7;2;3;2;3;5;0;NRP;;;;1;0;0;2;0;2;SUZUKI;1100;GSX-R;SPORTIVE;2;1991;29;3;1;2000;4;SUZUKI;1300;GSX-R  HAYABUSA;Routière / GT;2;2009;29;2;1;10000;4;;;;;;;;;;;;;;;;;;;;;;;;;;;;;;;;;;12000;3;4;;;;;;;;NRP;NRP;NRP;NRP;1993;NRP;NRP;1993;NRP
1224;5851;;1;1;6;NSP;;;;;0;6;;;;;;1;6;2000;;;;;0;4;;;;;;0;5;;;;;;0;3;;;;;;0;4;;;;;;0;3;;;;;;1;3;2011;;;;;0;5;;;;;;0;6;;;;;;0;1;;;;;;0;4;;;;;;0;4;;;;;;1;1;2001;;;;;Nancy;;;;;je circulais en agglo (voie de droite) sur un boulevard sens unique à 2 voies, plus une voie de bus sur la droite. Au carrefour, une voiture est sortie du couloir de bus et à entrepris de couper les 2 voies pour tourner à gauche. manque de pot, j'étais là....;;;;;0;0;0;0;20;1;71;15;2001;Nancy;;;;;;;;;;;;;;;;;;;;;;;;;;;;;;;;;;;;;;;;;;;;;;;;;;;;;;;;;;;;;;;;;;;;;;;;;;;;;;;;;;;;;;;;;;;;;;;;;;;;;;;;;;;;;;;;;;;;;;;;;;;;;;;;;;;;;;;;;;;;;;;;;;;;;;;;;;;;;23JUL1966;6;2;3;2;3;4;1;NRP;;;;2;0;0;2;0;2;HONDA;1100;X-11  ELEVEN;ROADSTER;2;2001;29;1;2;15000;7;KAWASAKI;650;ER-6  N;ROADSTER;2;2004;29;3;1;7000;7;;;;;;;;;;;;;;;;;;;;;;;;;;;;;;;;;;22000;3;4;;;;;;;;NRP;NRP;NRP;NRP;1995;NRP;NRP;1984;NRP
1010;5854;;1;0;4;;;;;;0;5;;;;;;0;5;;;;;;0;3;;;;;;0;5;;;;;;0;4;;;;;;0;3;;;;;;0;5;;;;;;0;4;;;;;;0;5;;;;;;1;6;2007;;;;;0;2;;;;;;0;3;;;;;;0;5;;;;;;0;;;;;;;;;;;;;;;;;;;0;0;15;1;51;11;2007;;;;;;;;;;;;;;;;;;;;;;;;;;;;;;;;;;;;;;;;;;;;;;;;;;;;;;;;;;;;;;;;;;;;;;;;;;;;;;;;;;;;;;;;;;;;;;;;;;;;;;;;;;;;;;;;;;;;;;;;;;;;;;;;;;;;;;;;;;;;;;;;;;;;;;;;;;;;;;24JUN1969;7;2;3;2;3;4;1;NRP;;;;2;0;0;1;0;1;KAWASAKI;1100;ZRX;ROADSTER;2;1999;22;3;2;6000;7;;;;;;;;;;;;;;;;;;;;;;;;;;;;;;;;;;;;;;;;;;;;;6000;2;3;4;;;;;;;NRP;NRP;NRP;1992;1992;NRP;NRP;2001;NRP
911;5856;;1;0;3;;;;;;0;5;;;;;;0;5;;;;;;0;2;;;;;;1;6;1996;;;;;0;4;;;;;;0;3;;;;;;0;5;;;;;;0;5;;;;;;0;6;;;;;;0;6;;;;;;0;3;;;;;;1;4;2014;;;;;0;4;;;;;;0;;;;;;;;;;;;;;;;;;;4;0;21;1;21;5;1996;;;;;;;;;;;;;;;;;;;;;;;;;;;;;;;;;;;;;;;;;;;;;;;;;;;;;;;;;;;;;;;;;;;;;;;;;;;;;;;;;;;;;;;;;;;;;;;;;;;;;;;;;;;;;;;;;;;;;;;;;;;;;;;;;;;;;;;;;;;;;;;;;;;;;;;;;;;;;;27JUL1971;7;1;1;2;5;4;3;NRP;;;;3;1;0;5;0;5;TRIUMPH;955;DAYTONA IE;SPORTIVE;2;2004;37;1;2;25000;4;TRIUMPH;900;SPEED TRIPLE;ROADSTER;2;1996;16;3;1;5000;7;TRIUMPH;900;DAYTONA;Routière / GT;2;1994;16;3;1;5000;7;HONDA;500;CR;TOUT TERRAIN (TRIAL, ENDURO, CROSS);2;1986;40;4;1;1000;7;YAMAHA;250;WR;TOUT TERRAIN (TRIAL, ENDURO, CROSS);2;1999;29;3;1;3000;7;39000;3;4;;;;;;;;NRP;NRP;NRP;NRP;1995;NRP;NRP;1993;NRP
2027;5861;;1;0;5;;;;;;0;6;;;;;;0;5;;;;;;0;6;;;;;;0;6;;;;;;1;5;1997;;;;;0;6;;;;;;0;3;;;;;;0;6;;;;;;0;4;;;;;;0;6;;;;;;0;4;;;;;;1;5;NSP;;;;;0;3;;;;;;1;1;NSP;;;;;vaureal;;;;;Arreter a un stop le vehicule me suivant est venu me percuter se rendant compte trop tard de mon arret a se stop en ligne droite.;;;;;0;0;2;0;17;1;71;15;;vaureal;;;;;;;;;;;;;;;;;;;;;;;;;;;;;;;;;;;;;;;;;;;;;;;;;;;;;;;;;;;;;;;;;;;;;;;;;;;;;;;;;;;;;;;;;;;;;;;;;;;;;;;;;;;;;;;;;;;;;;;;;;;;;;;;;;;;;;;;;;;;;;;;;;;;;;;;;;;;;02MAR1973;7;2;3;2;5;4;3;NRP;;;;2;0;0;1;0;1;SUZUKI;650;SV-S;Routière / GT;2;2008;29;3;2;6000;7;;;;;;;;;;;;;;;;;;;;;;;;;;;;;;;;;;;;;;;;;;;;;6000;4;3;;;;;;;;NRP;NRP;NRP;NRP;1996;NRP;NRP;1992;NRP
1436;5866;;1;0;4;;;;;;1;5;2007;;;;;0;4;;;;;;0;3;;;;;;0;4;;;;;;0;3;;;;;;0;4;;;;;;0;4;;;;;;0;4;;;;;;0;4;;;;;;0;2;;;;;;0;1;;;;;;0;2;;;;;;1;4;2007;;;;;0;;;;;;;;;;;;;;;;;;;0;0;16;1;6;2;2007;;;;;;;;;;;;;;;;;;;;;;;;;;;;;;;;;;;;;;;;;;;;;;;;;;;;;;;;;;;;;;;;;;;;;;;;;;;;;;;;;;;;;;;;;;;;;;;;;;;;;;;;;;;;;;;;;;;;;;;;;;;;;;;;;;;;;;;;;;;;;;;;;;;;;;;;;;;;;;22DEC1979;8;1;3;2;1;1;;NRP;;;;2;1;0;6;0;4;SUZUKI;1500;INTRUDER (VL);CUSTOM;2;1998;29;2;2;20000;7;YAMAHA;350;RDLC;Routière / GT;2;1981;37;4;1;3000;7;YAMAHA;250;TDR;Routière / GT;2;1986;37;4;1;3000;7;SUZUKI;1200;BANDIT-S;ROADSTER;2;1996;41;4;1;1000;7;;;;;;;;;;;;27000;3;4;;;;;;;;NRP;NRP;NRP;NRP;1998;NRP;NRP;1997;NRP
357;5867;26;1;0;2;;;;;;0;3;;;;;;0;4;;;;;;0;3;;;;;;0;2;;;;;;0;4;;;;;;0;2;;;;;;0;2;;;;;;1;2;2011;;;;;0;2;;;;;;0;2;;;;;;0;2;;;;;;2;2;2010;2011;;;;0;3;;;;;;0;;;;;;;;;;;;;;;;;;;5;0;5;1;41;9;2011;;2011;Vous avez fait une sortie de route, une perte de contrôle ou une glissade sans rien percuter.;1;;;;;;;Dans un virage, l'avant de la moto a commencé à glisser pour finalement reprendre de l'adhérence. En sortie de virage la moto a guidonnée et j'ai été éjecté.;La perte d'adhésion de l'avant est à l'origine de cet accident. Encore aujourd'hui je ne sais pas ce qui a provoqué cette perdre de contrôle.  Précision, je respectait la limitation de vitesse.;Lorsque j'ai senti l'avant partir je me suis préparé (si c'est possible) au choc. A la reprise d'adhérence je me suis alors dit que finalement j'ai de la chance. Par contre quand le guidonnage a commencé j'ai eu le réflexe de sérer le réservoir et m'accrocher au guidon tout en maintenant l'allure.  Les véhicules qui me suivaient se sont tout de suite arrêté pour me porter secours. J'ai vu assez rapidement plusieurs personne venir m'aider spontanément : - Redresser la moto et la dégager de la voie - M'apporter mes papiers, mon téléphone ... - Appeler les secours - Tendre au dessus de moi une couverture de survie pour ma protéger du soleil  Certaines personnes ont même été jusqu'à venir prendre de mes nouvelles à l'hôpital.;NRP;0;;;Après m'être renseigné, je sais désormais que lors d'un guidonnage il faut accélérer. Mais je ne suis pas persuadé que c'est le réflexe que j'aurais si la situation se représente. Ce n'est pas naturel.;2;0;;;;;;2;3;6;;;;;;2;1;;;3;;Qu'est ce que j'ai mal fait ?;4;3;;;2;4;3;4;2;1;1;1;4;3;4;4;4;5;7;;;;;;;;1;1;;;;;;;;2;2;;2;1;1;1;80;0;0;10;10;2;;;;;;2;1;AUT|Il fausait très chaud. Goudron fondu ?;;;2;1;3;4;;;;;;1;1;3;2;3;;0;80;1;2;3;4;7;9;;;;;4;3;3;2;3;3;KAWASAKI;650;ER-6N;ROADSTER;2;1;1;1;1;1;1;1;1;1;1;20000;12;4;0;;;;;;;;05APR1983;7;2;3;2;1;1;;NRP;;;;1;0;0;1;0;1;KAWASAKI;650;ER-6  N;ROADSTER;2;2009;28;2;2;7000;4;;;;;;;;;;;;;;;;;;;;;;;;;;;;;;;;;;;;;;;;;;;;;7000;3;4;;;;;;;;NRP;NRP;NRP;NRP;2008;NRP;NRP;2001;NRP
857;5868;420;1;1;4;NSP;;;;;0;6;;;;;;0;4;;;;;;1;6;NSP;;;;;1;4;NSP;;;;;2;6;NSP;NSP;;;;0;2;;;;;;0;4;;;;;;0;6;;;;;;0;3;;;;;;0;3;;;;;;0;4;;;;;;0;4;;;;;;0;3;;;;;;1;3;NSP;2012;2011;;;Bretagne;Millau;Bordeaux;;;Rond point, refus de priorité;Rond point, refus de priorité;Une voiture de face, trop large dans un virage;;;0;0;0;0;22;1;21;5;0;;-1;Vous circuliez sur un axe prioritaire. Un véhicule venant d’un axe non prioritaire vous a coupé la route.;6;;;;;;;Je circulais a la vitesse du trafic, quand sortant d'une petite rue, une voiture a tourné et me percutant violement sur la droite. J'ai été propulsé avec ma moto, sur la voie en sens inverse pour finir sur le trottoir. J'ai eu d'autres accident, mais celui là a été le plus intense parce que je n'ai rien vu venir, rien pu anticiper, ou me préparer.;La surprise;Je n'ai pas eu le temps de réagir. Je me suis retrouver par terre ejecté de la moto. Une passant m'a dis de ne pas m'inquiéter, qu'elle avait tout vue et qu'elle avait la plaque d'immatriculation de la voiture. Je lui ai repondu que moi aussi je l'avais, arraché par le choc, le pare-choc de la mercedes était à côté de moi avec la plaque dessus. Le conducteur et sa passagère se sont arrété un peu plus loin afin de ne pas géner la circulation. Même si j'étais le bléssé, j'ai du calmer et rassurer les passager de la mercedes.;3;0;;;Parce qu'il m'était peu voir pas possible de voir la voiture d'ou elle arrivait;3;1;2;;Les autres personnes sont les passager de la dite mercedes, et il n'avait pas regardé vers la gauche si quelqu'un arrivait;1;Parce qu'ils n'ont pas fait attention!;7;;;;;;;;;;;;;;;4;3;;;1;1;3;3;1;1;1;1;1;4;4;4;4;10;;;;;;;;;2;;;;;;;;;2;2;;2;1;1;1;0;100;0;0;0;2;;;;;;3;1;;;;2;1;7;;;;;;;1;0;1;1;1;2;0;26;1;10;2;3;4;7;;;;;4;4;4;4;4;4;CAGIVA;1000;RAPTOR;ROADSTER;2;1;1;1;1;1;1;0;0;1;1;26000;12;4;1;SUZUKI;750;GSX-R;SPORTIVE;2;3;4;19OCT1972;4;1;3;2;1;1;;NRP;;;;3;1;0;1;0;1;SUZUKI;1000;GSX-R IE;SPORTIVE;2;2006;37;1;2;18000;4;;;;;;;;;;;;;;;;;;;;;;;;;;;;;;;;;;;;;;;;;;;;;18000;3;4;;;;;;;;NRP;NRP;NRP;NRP;1992;NRP;NRP;1990;NRP
954;5872;;0;;;;;;;;;;;;;;;;;;;;;;;;;;;;;;;;;;;;;;;;;;;;;;;;;;;;;;;;;;;;;;;;;;;;;;;;;;;;;;;;;;;;;;;;;;;;;;;;;;;;;;;;;;;;;;;;;;;;;;;;;;;;;;;;;;;;;;;;;;;;;;;;;;;;;;;;;;;;;;;;;;;;;;;;;;;;;;;;;;;;;;;;;;;;;;;;;;;;;;;;;;;;;;;;;;;;;;;;;;;;;;;;;;;;;;;;;;;;;;;;;;;;;;;;;;;;;;;;;;;;;;;;;;;;;;;;;;;;;;;;;;10NOV1966;7;1;3;2;5;4;3;NRP;;;;1;0;0;1;0;1;SUZUKI;600;GSR;ROADSTER;2;2007;37;3;2;2500;AUT|au pieds de l'immeuble partie privative, à un arceau sceller dans du béton armé;;;;;;;;;;;;;;;;;;;;;;;;;;;;;;;;;;;;;;;;;;;;;2500;4;3;;;;;;;;NRP;NRP;NRP;NRP;2003;NRP;NRP;1984;NRP
1294;5874;485;1;0;6;;;;;;1;6;1981;;;;;1;6;1978;;;;;0;6;;;;;;0;6;;;;;;0;6;;;;;;0;4;;;;;;0;6;;;;;;1;6;1977;;;;;0;6;;;;;;0;6;;;;;;0;2;;;;;;1;3;2003;;;;;0;3;;;;;;0;;;;;;;;;;;;;;;;;;;4;6;37;1;6;2;1981;;1981;Vous circuliez derrière un véhicule. Ce véhicule a ralenti. Vous avez entrepris de dépasser ce véhicule par la gauche et celui-ci vous a coupé la route en tournant à gauche (ou en effectuant un ½ tour;6;;;;;;;Route de Lyon a BOURG en BRESSE sortie du pont direction LYON je double un pas presse a la reprise sortie du virage,je me trouve seul sur un boulevard large avec des voitures en stationnement de chaque cote je casse la vitesse cause carburant sur la reserve une lancia sort de la file en stationnement a ma droite pour un demi tour sans clignotant sur les chapeaux de roue trop tard pour freiner je tente un evitement sur la file de gauche l'avant de la moto passe le moteur aussi la voitue qui ne c'est toujours pas arretee me percute la cheville droite la commande reculee casse la moto glisse sous moi je suis acule contre le dosseret de selle bras tendu impossible de prendre les freins avant meme du bout des doigts la moto finie sa course dans une renault 6 blue en stationnement a ma gauche je suis ejecte je verrai toujours les pieds en l'air la tete en bas le phare de ma moto exploser sur le capot de la R6 je retombe sur le trotoir sur le dos a part une cheville en vrac rien de casse;une voiture en travers de ma voie de circulation la rapidite inutile de la manoeuvre de l'automobiliste;j'ai eu l'impression que l'automobiliste m'attendait pour entreprendre son demi tour.Pas eu le temps d'avoir peur coup de guidon reflexe.Pas de reaction chez l'automobiliste qui a fini sa manoeuvre comme si de rien n'etait;NRP;0;;;la soudainetee la rapidite de la manoeuvre ne m'a laisse aucune chance.A savoir la majorite de mes accidents etaient evitable;2;1;2;;2 voitures etaient implique mais une en stationnement;1;Demi tour execute sans tenir compte des autres usages le resultat aurai ete le meme avec un cycliste;9;;;;;;Pas un sentiment pas eu le temps d'eprouve je pense plutot a l'instin de survie agir pour s'en sortir;;;;;;;1;Je pense que pour avoir peur il faut deja avoir une aprehention.Exemple on aprehende de perdre l'avant en moto a la moindre glisse le premier reflexe c'est la peur.Dans une situation inconnue soudaine rapide et brutal le premier reflexe c'est l'insting de survie agir pour s'en sortir;3;3;;;1;2;2;3;3;1;1;1;1;1;4;4;4;10;;;;;;;;;2;;;;;;;;;2;2;;2;1;1;1;0;100;0;0;0;2;;;;;;2;1;;;;2;1;7;;;;;;;1;0;2;1;3;;0;60;1;5;;;;;;;;;4;4;4;4;4;4;HONDA;1000;CBX;ROADSTER;2;1;1;1;1;1;1;1;1;1;1;NSP;12;3;1;HONDA;400;"CB-F1 ""SUPERSPORT""";ROADSTER;2;3;4;09JUL1958;7;1;3;2;4;4;2;NRP;;;;2;1;0;5;0;6;VOXAN;1000;CAFE RACER V2;Routière / GT;2;2004;37;2;1;10000;7;HONDA;1000;CBX;ROADSTER;2;1981;37;3;1;2000;7;MV AGUSTA;1000;F4-R;SPORTIVE;2;2008;37;2;1;5000;7;HONDA;1000;CBX;ROADSTER;2;1982;41;4;1;0;7;YAMAHA;535;XV VIRAGO;CUSTOM;2;1999;37;2;2;3000;7;20000;2;3;4;;;;;;;NRP;NRP;NRP;1976;1977;NRP;NRP;1977;NRP