Ligne;Ligne Q qualif;Ligne approfondissement Accident;ACCIDENT;NBACC1;ACCFREQUENCE1;ANNEEACC1_1;ANNEEACC1_2;ANNEEACC1_3;ANNEEACC1_4;ANNEEACC1_5;NBACC2;ACCFREQUENCE2;ANNEEACC2_1;ANNEEACC2_2;ANNEEACC2_3;ANNEEACC2_4;ANNEEACC2_5;NBACC3;ACCFREQUENCE3;ANNEEACC3_1;ANNEEACC3_2;ANNEEACC3_3;ANNEEACC3_4;ANNEEACC3_5;NBACC4;ACCFREQUENCE4;ANNEEACC4_1;ANNEEACC4_2;ANNEEACC4_3;ANNEEACC4_4;ANNEEACC4_5;NBACC5;ACCFREQUENCE5;ANNEEACC5_1;ANNEEACC5_2;ANNEEACC5_3;ANNEEACC5_4;ANNEEACC5_5;NBACC6;ACCFREQUENCE6;ANNEEACC6_1;ANNEEACC6_2;ANNEEACC6_3;ANNEEACC6_4;ANNEEACC6_5;NBACC7;ACCFREQUENCE7;ANNEEACC7_1;ANNEEACC7_2;ANNEEACC7_3;ANNEEACC7_4;ANNEEACC7_5;NBACC8;ACCFREQUENCE8;ANNEEACC8_1;ANNEEACC8_2;ANNEEACC8_3;ANNEEACC8_4;ANNEEACC8_5;NBACC9;ACCFREQUENCE9;ANNEEACC9_1;ANNEEACC9_2;ANNEEACC9_3;ANNEEACC9_4;ANNEEACC9_5;NBACC10;ACCFREQUENCE10;ANNEEACC10_1;ANNEEACC10_2;ANNEEACC10_3;ANNEEACC10_4;ANNEEACC10_5;NBACC11;ACCFREQUENCE11;ANNEEACC11_1;ANNEEACC11_2;ANNEEACC11_3;ANNEEACC11_4;ANNEEACC11_5;NBACC12;ACCFREQUENCE12;ANNEEACC12_1;ANNEEACC12_2;ANNEEACC12_3;ANNEEACC12_4;ANNEEACC12_5;NBACC13;ACCFREQUENCE13;ANNEEACC13_1;ANNEEACC13_2;ANNEEACC13_3;ANNEEACC13_4;ANNEEACC13_5;NBACC14;ACCFREQUENCE14;ANNEEACC14_1;ANNEEACC14_2;ANNEEACC14_3;ANNEEACC14_4;ANNEEACC14_5;AUTRESACC;NBAUTRESACC;ANNEEAUTREACC1;ANNEEAUTREACC2;ANNEEAUTREACC3;ANNEEAUTREACC4;ANNEEAUTREACC5;LIEUAUTREACC1;LIEUAUTREACC2;LIEUAUTREACC3;LIEUAUTREACC4;LIEUAUTREACC5;DESCRIPTIONAUTRESACC1;DESCRIPTIONAUTRESACC2;DESCRIPTIONAUTRESACC3;DESCRIPTIONAUTRESACC4;DESCRIPTIONAUTRESACC5;NBAUTRESACCCIRCUIT;NBAUTRESTOUTTERRAIN;EXPCYCLO;EXP125;EXPSUP125;ACCORDNEXTQ;CHOIXACC;RGPMTACC;RECUPANNEE;RECUPLIEU;RECUPANNE;RGPMTAC;CHOIX1;CHOIX2;CHOIX3;CHOIX4;CHOIX5;CHOIX6;CHOIX7;DESCRIPTION;RUPTURE;FAITS;ABS_REACTION;AUTRE_REACTION;PRECISIONREACTIONOUI;RECUL;PRECISIONREACTIONNON;IMPACTCOMPORTEMENT;AUTREUSAGER;REACTIONAUTREUSAGER;CONNAISSANCEREACTIONUSAGER;DIFFICULTES;AGGRAVATION;DIFFICULTES2;EMOTIONS1;EMOTIONS2;EMOTIONS3;EMOTIONS4;EMOTIONS5;EMOTIONS6;AUTRESENTIMENT;CLASSEMENTEMOTIONS1;CLASSEMENTEMOTIONS;CLASSEMENTEMOTIONS5;CLASSEMENTEMOTIONS6;CLASSEMENTEMOTIONS7;CLASSEMENTEMOTIONS8;CLASSEMENTEMOTIONS9;EXPLICATIONRESSENTI;BIENEQUIPE;ALLURE;ALLUREVITEDETAIL;ALLURELENTEDETAIL;SITUATIONPRESSE;SITUATIONDISTRAIT;SITUATIONCONFIANT;SITUATIONCONTROLE;SITUATIONLUDIQUE;SITUATIONPERF;SITUATIONSTRESS;SITUATIONFATIGUE;HUMEURNEUTRE;HUMEURGAI;HUMEURMECONTENT;HUMEURTRISTE;HUMEURCOLERE;CONTRIBUTION1;CONTRIBUTION2;CONTRIBUTION3;CONTRIBUTION4;CONTRIBUTION5;CONTRIBUTION6;CONTRIBUTION7;CONTRIBUTION8;CONTRIBUTION9;ROLEINFRA;ELEMENTINFRA1;ELEMENTINFRA2;ELEMENTINFRA3;ELEMENTINFRA4;ELEMENTINFRA5;ELEMENTINFRA6;ELEMENTINFRA7;ELEMENTINFRA8;ELEMENTINFRA9;ALCOOL;TXALCOOL;STUP;SEMAINE;MOMENTJOURNEE;TEMPS;CAUSEACC1;CAUSEACC2;CAUSEACC3;CAUSEACC4;CAUSEACC5;FORMATIONCAUSE;FORMATION1;FORMATION2;FORMATION3;FORMATION4;FORMATION5;TRAFIC;CHAUSSEE1;CHAUSSEE2;CHAUSSEE3;CHAUSSEE4;TYPEACC;BLESSURE;TETE;COU;THORAX;MEMBRESSUP;COLONNE;BASSIN;MEMBRESINF;HOPITAL;PLUS24H;TRAJET;TYPEROUTE;MOTIF;SENSTRAJET;PASSAGER;VITESSE;DESCEQ1;DESCEQ2;DESCEQ3;DESCEQ4;DESCEQ5;DESCEQ6;DESCEQ7;DESCEQ8;DESCEQ9;DESCEQ10;VEHICULEETE;VEHICULEAUTOMNE;VEHICULEPRINTEMPS;VEHICULEHIVER;VEHICULESEMAINE;VEHICULEWE;VEHMARQUE;VEHCYLINDREE;VEHMODELE;VEHSEGMENT;VEHSIDE;EQ2RMABS;EQ2RMCBS;EQ2RMABSCBS;EQ2RMREGULATEUR;EQ2RMLIMITEUR;EQ2RMPHARESDIRECT;EQ2RMCOUPURE;EQ2RMANTIPATINAGE;EQ2RMANTIXHEELING;EQ2RMSTABILILTE;VEHKM;POINTS;DUREE;AUTRE2RM;VEHPRECMARQUE;VEHPRECCYLINDREE;VEHPRECMODELE;VEHPRECSEGMENT;VEHPRECSIDE;TEMPS2RMPREC;FREQVEHPREC;DATE_NAISS;CSP;SOCIETAIRE;SALARIE;SECTEUR2RM;NBPERSFOYER;SITFAM;NBENF;TRNBENF1;TRNBENF2;TRNBENF3;TRNBENF4;NBAUTOFOYER;NBCYCLOFOYER;NBSCOOTFOYER;NBMOTOFOYER;NBTRIKEFOYER;NB2RMCONDUIT;MARQUE1;CYLINDREE1;MODELE1;SEGMENT1;SIDE1;ANMISECIRCU1;ASS1;FREQ1;USAGE1;NBKM1;GARAGE1;MARQUE2;CYLINDREE2;MODELE2;SEGMENT2;SIDE2;ANMISECIRCU2;ASS2;FREQ2;USAGE2;NBKM2;GARAGE2;MARQUE3;CYLINDREE3;MODELE3;SEGMENT3;SIDE3;ANMISECIRCU3;ASS3;FREQ3;USAGE3;NBKM3;GARAGE3;MARQUE4;CYLINDREE4;MODELE4;SEGMENT4;SIDE4;ANMISECIRCU4;ASS4;FREQ4;USAGE4;NBKM4;GARAGE4;MARQUE5;CYLINDREE5;MODELE5;SEGMENT5;SIDE5;ANMISECIRCU5;ASS5;FREQ5;USAGE5;NBKM5;GARAGE5;NBKMTOT;PERMIS1;PERMIS2;PERMIS3;PERMIS4;PERMIS5;PERMIS6;PERMIS7;PERMIS8;PERMIS9;ANPERMIS1;ANPERMIS6;ANPERMIS7;ANPERMIS2;ANPERMIS3;ANPERMIS8;ANPERMIS9;ANPERMIS4;ANPERMIS5
1030;5927;197;1;0;4;;;;;;0;5;;;;;;0;5;;;;;;0;6;;;;;;0;3;;;;;;0;4;;;;;;0;4;;;;;;0;4;;;;;;0;5;;;;;;0;5;;;;;;0;2;;;;;;0;4;;;;;;0;4;;;;;;0;3;;;;;;1;1;1998;;;;;Paris;;;;;Passager arrière droit de la voiture qui se trouvait sur ma gauche a ouvert sa portière alors que je remontais entre deux files.;;;;;0;0;21;0;21;1;71;15;1998;Paris;1998;Autre(s) type(s) d'accident(s).;5;;;;;;;Passager arrière d'une voiture qui ouvre sa porte alors que je passe à 50 km/h. La tranche de la porte heurte la moto au niveau du guidon à moins de 10 cm de ma main. Vol plané suivi d'une glissade sur la route, qui se poursuit sur le trottoir puis traverse un abri bus et qui n'en fini pas. Je me relève. Je n'ai rien. La moto est morte fourche et cadre tordus et la voiture finira à la casse montant central plié. Ca dure pas longtemps mais ça fait réfléchir longtemps.;la surprise. Une porte qui s'ouvre. Un évènement non anticipé.;Aucune action ni réaction entre l'état de conduite normale et le choc. Evènement trop soudain.;NRP;0;;;La porte de la voiture a été ouverte brutalement et donc aucun temps de réaction possible.;2;1;2;;Il n'a eu aucune difficulté étant donné qu'il ne s'est rendu compte de rien jusqu'à l'impact.;2;Il n'y a pas eu de comportement aggravant ou alors il n'y aurait pas eu d'accident.;7;;;;;;;;;;;;;;;4;1;4;;2;1;3;3;2;1;1;1;1;4;4;4;4;1;5;;;;;;;;2;;;;;;;;;2;2;;2;1;1;1;50;50;0;0;0;2;;;;;;4;1;;;;1;;;;;;;;;;;2;1;3;;0;50;1;10;2;3;4;;;;;;4;4;4;4;4;4;TRIUMPH;955;SPRINT ST;Routière / GT;2;1;1;1;1;1;1;1;1;1;1;50;12;4;1;APRILIA;650;PEGASO;TRAIL / SUPERMOTARD;2;4;4;27SEP1962;5;2;3;2;4;4;2;NRP;;;;1;0;1;2;0;3;HONDA;1000;CBR1000F;Routière / GT;2;1994;29;3;1;5000;AUT|Espace fermé et abrité;TRIUMPH;1200;DAYTONA;Routière / GT;2;1995;29;2;2;5000;AUT|Espace fermé et abrité;HONDA;1000;CBR1000F;Routière / GT;2;1995;29;2;1;2000;6;;;;;;;;;;;;;;;;;;;;;;;12000;3;4;;;;;;;;NRP;NRP;NRP;NRP;1994;NRP;NRP;1981;NRP
1458;5934;;0;;;;;;;;;;;;;;;;;;;;;;;;;;;;;;;;;;;;;;;;;;;;;;;;;;;;;;;;;;;;;;;;;;;;;;;;;;;;;;;;;;;;;;;;;;;;;;;;;;;;;;;;;;;;;;;;;;;;;;;;;;;;;;;;;;;;;;;;;;;;;;;;;;;;;;;;;;;;;;;;;;;;;;;;;;;;;;;;;;;;;;;;;;;;;;;;;;;;;;;;;;;;;;;;;;;;;;;;;;;;;;;;;;;;;;;;;;;;;;;;;;;;;;;;;;;;;;;;;;;;;;;;;;;;;;;;;;;;;;;;;;13OCT1952;7;1;3;2;4;4;2;NRP;;;;1;0;0;3;0;3;BMW;1200;R1200ST;Routière / GT;2;2007;37;3;1;10000;7;BMW;650;F650GS;TRAIL / SUPERMOTARD;2;2002;37;1;2;20000;7;BMW;650;F650GS;TRAIL / SUPERMOTARD;2;2003;41;4;1;500;7;;;;;;;;;;;;;;;;;;;;;;;30500;3;4;;;;;;;;NRP;NRP;NRP;NRP;1970;NRP;NRP;1972;NRP
498;5935;185;1;0;4;;;;;;0;4;;;;;;0;5;;;;;;0;3;;;;;;0;2;;;;;;0;5;;;;;;0;5;;;;;;0;5;;;;;;1;3;2014;;;;;0;3;;;;;;0;3;;;;;;0;2;;;;;;0;4;;;;;;0;3;;;;;;0;;;;;;;;;;;;;;;;;;;0;6;0;1;41;9;2014;;2014;Vous avez fait une sortie de route, une perte de contrôle ou une glissade sans rien percuter.;1;2;;;;;;Lors d'une reconnaissance de fin de saison (trajet inconnu), 1 virage plutôt serré dans un village juste après un passage piéton au mois d'octobre par temps sec mais frais (humidité au sol) qui, malgré les précautions d'usage et l'anticipation, m'a fait perdre l'avant sur un raccord de bitume. Les bonnes habitudes en matière de vitesse, d'attitude et de protection m'ont évité la blessure et minimiser les dégâts matériels. La chance a fait le reste : pas d'obstacle, pas d'autre véhicule sur le moment et un voisinage sympa.;Découverte du parcours, donc surprise et fatigue certainement aussi.;"Arrivant sur le virage gauche après avoir franchi le passage piéton entre 2 bandes blanches et rétrogradé, j'ai engagé mon virage (appui à gauche sur le guidon). Mon train avant s'est dérobé immédiatement et si vite que j'ai plongé tout droit vers le sol et la moto s'est couchée sur son flanc gauche et est partie sur le côté droit sur 1 quinzaine de mettre (merci les roulettes) pendant que je me stoppais  avec mes paumes les 2 bras en avant et le casque face contre terre (merci la bosse du blouson qui m'a maintenu la nuque droite). 5m de glissade et une chute rapide mais légère.  Action ensuite : 1. Me relever au milieu de la chaussée. 2. Regagner le trottoir en constatant que je marchais normalement et que j'avais tous mes doigts. 3. Relever ma visière (rayée) et me rappeler de ne pas enlever mon casque (tilt !). 4. Constater que le moteur et la roue arrière tournent encore. 5. Actionner le coupe-circuit et couper le contact. 6. Constater que le réservoir commence à couler par la trappe essence. 7. Relever simplement la moto sur béquille (sans la bouger puisque déjà hors de la route sans gêner). 8. M'asseoir et patienter 1 petit moment, ""que ça passe"". 9. Me sentir et observer mon équipement sur moi. 10. Retirer mes gants, retirer mon blouson, NE PAS retirer mon casque (pas encore). 10. Bouger mes membres et chercher mes blessures (oh j'ai rien, C fou !). 10bis. Me pincer, je rêve, j'ai rien et j'me sens bien. 11. Constater les dégâts et ramasser les morceaux (lieu de chute, d'impact). 12. Appeler mon assurance préférée pour rentrer (C dimanche en +). 13. Discuter avec les voisins  et finalement retirer mon casque après 20min. 14. Prendre des photos en attendant la dépanneuse 15. Prévenir mes proches.";NRP;0;;;J'ai fait ce qu'il fallait. La gravité était gérable et pas de traumatisme (j'suis tombé quoi).;2;0;;;;;;2;;;;;;;;1;;;;;;Ben je roulais et d'un coup plus de moto pour me porter : ça C fait !;4;3;;;1;1;3;3;1;1;1;2;3;1;4;4;4;6;;;;;;;;;1;3;;;;;;;;2;2;;2;2;1;1;20;0;0;60;20;2;;;;;;1;2;;;;1;;;;;;;;;;;3;2;3;;0;45;1;2;3;4;7;9;;;;;4;3;3;2;4;4;DERBI;125;GPR NUDE;ROADSTER;2;1;1;1;1;1;1;1;1;1;1;35000;NSP;4;0;;;;;;;;25JUN1984;5;1;3;2;2;3;;NRP;;;;2;0;0;1;0;1;DERBI;125;GPR 4T;Routière / GT;2;2009;37;2;2;7000;7;;;;;;;;;;;;;;;;;;;;;;;;;;;;;;;;;;;;;;;;;;;;;7000;4;5;;;;;;;;NRP;NRP;NRP;NRP;NRP;NRP;NRP;2003;2009
1715;5936;;1;0;3;;;;;;0;3;;;;;;0;5;;;;;;0;3;;;;;;1;5;1973;;;;;0;5;;;;;;0;3;;;;;;0;4;;;;;;0;3;;;;;;0;5;;;;;;0;5;;;;;;0;3;;;;;;0;4;;;;;;0;5;;;;;;0;;;;;;;;;;;;;;;;;;;4;0;43;1;21;5;1973;;;;;;;;;;;;;;;;;;;;;;;;;;;;;;;;;;;;;;;;;;;;;;;;;;;;;;;;;;;;;;;;;;;;;;;;;;;;;;;;;;;;;;;;;;;;;;;;;;;;;;;;;;;;;;;;;;;;;;;;;;;;;;;;;;;;;;;;;;;;;;;;;;;;;;;;;;;;;;22NOV1955;8;1;3;2;2;3;;NRP;;;;2;0;0;1;0;1;MOTO GUZZI;1100;CALIFORNIA IE CLASSIC;CUSTOM;2;2010;37;1;2;15000;7;;;;;;;;;;;;;;;;;;;;;;;;;;;;;;;;;;;;;;;;;;;;;15000;3;4;;;;;;;;NRP;NRP;NRP;NRP;1973;NRP;NRP;1983;NRP
1419;5940;;1;0;4;;;;;;0;5;;;;;;0;6;;;;;;0;5;;;;;;0;6;;;;;;0;6;;;;;;0;1;;;;;;0;3;;;;;;0;3;;;;;;0;5;;;;;;0;5;;;;;;0;3;;;;;;0;2;;;;;;0;1;;;;;;1;1;2005;;;;;Annecy;;;;;Perte de contrôle (conditions hivernales, beau temps mais température < 0C) sur accélération lors du dépassement, par la gauche bien sûr, d'une voiture roulant à faible vitesse en ville (du genre qui cherche une place de parking). N'ayant pas percuté la voiture ni autre chose il n'y a eu aucun constat. Seul accident/casse subie en conduisant.;;;;;0;0;0;0;12;1;71;15;2005;Annecy;;;;;;;;;;;;;;;;;;;;;;;;;;;;;;;;;;;;;;;;;;;;;;;;;;;;;;;;;;;;;;;;;;;;;;;;;;;;;;;;;;;;;;;;;;;;;;;;;;;;;;;;;;;;;;;;;;;;;;;;;;;;;;;;;;;;;;;;;;;;;;;;;;;;;;;;;;;;;14AUG1977;7;1;3;2;4;4;2;NRP;;;;3;0;0;1;0;1;TRIUMPH;600;DAYTONA;SPORTIVE;2;2003;37;2;2;5000;6;;;;;;;;;;;;;;;;;;;;;;;;;;;;;;;;;;;;;;;;;;;;;5000;4;3;;;;;;;;NRP;NRP;NRP;NRP;2002;NRP;NRP;1997;NRP
723;5942;76;1;0;5;;;;;;0;5;;;;;;0;4;;;;;;0;3;;;;;;1;5;2004;;;;;0;4;;;;;;0;1;;;;;;0;2;;;;;;0;4;;;;;;0;5;;;;;;0;5;;;;;;0;1;;;;;;0;4;;;;;;0;4;;;;;;0;;;;;;;;;;;;;;;;;;;2;0;23;1;21;5;2004;;2004;Vous circuliez sur un axe prioritaire. Un véhicule venant d’un axe non prioritaire vous a coupé la route.;1;4;5;6;;;;"J'ai découvert à mes dépends ce jour-là (j'avais peu d'expérience à l'époque) le peu d'attention qu'accordent les automobilistes en général aux 2 roues. Je pense qu'une meilleure formation dans les deux sens (auto et moto) serait grandement bénéfique pour tous. Apprendre (mais comment?)  aux automobilistes le respect et la reconnaissance des 2 roues et en retour apprendre aux débutants 2 roues d'adopter la plus grande vigilance face aux situations à risque. Et de pouvoir bénéficier des conseils des ""anciens"" ...";La voiture étant sur ma gauche à un stop lorsque je franchissais le carrefour, son démarrage quelques dizaines de mètres devant moi ne me permettait plus de m'arrêter à temps.;J'ai donc, par pur réflexe, tenté de faire un évitement du véhicule par l'avant de celui-ci (qui s'était arrêté au milieu du carrefour en m'apercevant (enfin!)). Malheureusement je n'ai pas totalement réussi la manoeuvre puisque le côté gauche de la moto ainsi que ma jambe sont venus heurter le pare-choc avant du véhicule, m'envoyant chuter et glisser sur plusieurs mètres jusqu'à finir ma course dans le fossé.;NRP;1;L'expérience m'a appris à me méfier de ce genre de situation à risque et à anticiper une éventuelle manoeuvre d'un véhicule. Cette situation s'est d'ailleurs reproduite à l'identique 2 fois depuis et seule mon expérience et l'anticipation m'ont permis d'éviter l'accident de nouveau. Mieux vaut anticiper pour rien que de réagir trop tard (comme disait Audiard, mieux vaut un con vivant qu'un héros mort... à méditer...);Le manque d'expérience...;;2;1;1;1;Il n'a pas prêté attention à mon arrivée et en a pris conscience bien trop tard.;NSP;NRP;1;2;6;;;;;2;1;;;;3;;Ben, généralement quand une voiture grille un stop et qu'on ne s'y attend pas...;3;3;;;1;2;3;3;1;1;1;1;1;4;4;4;4;1;5;;;;;;;;1;2;;;;;;;;2;2;;2;2;1;1;0;100;0;0;0;1;1;;;;;2;1;;;;2;1;4;7;;;;;;1;1;1;2;3;;0;90;1;10;2;3;5;;;;;;4;4;4;4;4;4;HONDA;600;TRANSALP +35KW;TRAIL / SUPERMOTARD;2;1;1;1;1;1;1;1;1;1;1;1900;12;4;1;HONDA;600;TRANSALP +35KW;TRAIL / SUPERMOTARD;2;4;4;01FEB1970;7;2;3;2;1;1;;NRP;;;;1;0;0;1;0;1;SUZUKI;650;V-STROM;TRAIL / SUPERMOTARD;2;2008;40;2;1;7000;7;;;;;;;;;;;;;;;;;;;;;;;;;;;;;;;;;;;;;;;;;;;;;7000;3;4;;;;;;;;NRP;NRP;NRP;NRP;1992;NRP;NRP;1990;NRP
2207;5946;;1;0;4;;;;;;1;5;1986;;;;;0;5;;;;;;0;4;;;;;;0;5;;;;;;0;4;;;;;;0;3;;;;;;2;5;2001;2013;;;;0;5;;;;;;0;2;;;;;;0;5;;;;;;0;3;;;;;;0;2;;;;;;0;3;;;;;;0;;;;;;;;;;;;;;;;;;;31;2;29;1;6;2;1986;;;;;;;;;;;;;;;;;;;;;;;;;;;;;;;;;;;;;;;;;;;;;;;;;;;;;;;;;;;;;;;;;;;;;;;;;;;;;;;;;;;;;;;;;;;;;;;;;;;;;;;;;;;;;;;;;;;;;;;;;;;;;;;;;;;;;;;;;;;;;;;;;;;;;;;;;;;;;;04OCT1962;6;1;3;2;2;3;;NRP;;;;1;0;1;1;0;2;HONDA;400;SW-T ABS;SCOOTER;2;2009;37;1;2;20000;7;MOTO GUZZI;1100;BREVA;ROADSTER;2;2006;37;3;1;6000;7;;;;;;;;;;;;;;;;;;;;;;;;;;;;;;;;;;26000;3;4;;;;;;;;NRP;NRP;NRP;NRP;1984;NRP;NRP;1981;NRP
2166;5949;;1;1;6;2014;;;;;0;6;;;;;;0;3;;;;;;0;3;;;;;;0;5;;;;;;0;3;;;;;;0;1;;;;;;1;2;1993;;;;;2;3;2013;2010;;;;0;3;;;;;;0;5;;;;;;0;1;;;;;;0;2;;;;;;0;4;;;;;;0;;;;;;;;;;;;;;;;;;;5;10;3;1;1;1;2014;;;;;;;;;;;;;;;;;;;;;;;;;;;;;;;;;;;;;;;;;;;;;;;;;;;;;;;;;;;;;;;;;;;;;;;;;;;;;;;;;;;;;;;;;;;;;;;;;;;;;;;;;;;;;;;;;;;;;;;;;;;;;;;;;;;;;;;;;;;;;;;;;;;;;;;;;;;;;;23SEP1975;7;1;3;2;3;4;1;NRP;;;;2;1;0;1;0;2;HONDA;750;VFR-F;Routière / GT;2;1997;37;2;2;10000;7;VELOSOLEX;50;3008;ROADSTER;2;1980;31;4;1;100;7;;;;;;;;;;;;;;;;;;;;;;;;;;;;;;;;;;10100;3;4;;;;;;;;NRP;NRP;NRP;NRP;2011;NRP;NRP;1993;NRP
351;5950;467;1;0;5;;;;;;0;5;;;;;;0;3;;;;;;0;4;;;;;;0;4;;;;;;0;2;;;;;;0;2;;;;;;0;3;;;;;;0;3;;;;;;0;3;;;;;;0;4;;;;;;0;1;;;;;;0;5;;;;;;0;3;;;;;;1;1;2010;;;;;albi;;;;;"le conducteur d'une automobile n'a pas respecté le stop et m'a percuté; soit disant qu'avec le solieil en face il ne m'avait pas vu!!!";;;;;0;0;2;2;44;1;71;15;2010;albi;2010;Autre(s) type(s) d'accident(s).;3;;;;;;;"je recommence, j'ai eu une deconnexion une premiere fois  je me suis fait accrocher par une voiture qui n'a pas respectée un stop; je roulais avec la moto de mon epoouse (ER6 Kawasaki) l'accident s'est passé sur un carrefour mal foutu; je tourne à gauche en face dans l'axe il y a une sortie de parking avec un stop le conducteur n'a pas respecté le stop et est venu me percuter à l'avant droit je tourne et meme en roulant prudement je ne peux pas tenter une manoeuvre d'evitement (1 seule voie, de toute façon je n'ai pas la place) la conductrice qui suivait le vehicule qui m'a accroché temoigne que je roulais avec prudence faut dire que je me mefie de cet endroit car comme je l'ai dit c'est vraiment mal pensé; il a ete modifié depuis d'apres le conducteur il avait le soleil rasant du matin en face et il ne m'a pas vu arriver, il a freiné au dernier moment mais trop tard; le choc n'as pas été tres violent mais j'ai chuté pas de casse mais quelques lesions au genou et à la cheville; je portais une veste avec des protections qui bien joué son rôle pour le haut l'ennuie c'est que depuis j'ai toujours mal au dos; je dirais par honneteté morale que j'avais déjà un pincement aux lombaires mais qui ne me faisait pas mal ou rarement quand je ""tirais"" trop dessus j'ai eu une visite medicale suite à cet accident mais le medecin n'a pas validé le mal sous pretexte qu'a mon age il y a aussi un peu d'arthrose qui peut provoquer aussi des douleurs; le fait est que maintenant le prends des antiinflammatoires à la moindre occasion ce qui ne m'arrivait que tres rarement avant j'ai eu une petite compensation financiere de l'assurance pour l'arret de travail et l'arret forcé momentané des activités sportives";"c'est le conducteur du vehicule qui fait une faute; je le vois arriver sur moi je ne peux rien faire";"faut dire que dans un premier temps je n'aurais pas immaginé que le conducteur reparte du stop sans me laisser passer apres ça va tres vite je suis déjà engagé dans mon tourne à gauche; je n'ai pas la place de tenter une manoeuvre d'evitement le conducteur s'est lancé puis a freiné pour eviter de me percuter mais trop tard";NRP;1;peut etre  en accelerant au risque de me faire prendre par l'arriere?;je ne suis meme pas sûr aujourd'hui que cette solution puisse eviter le choc ça reste une interrogation!;;2;1;1;1;dixit le conducteur le soleil rasant m'a caché;1;stop pas assez marqué;6;;;;;;;;;;;;1;;le vehicule vient sur moi, j'ai une seule voie avec une materialisation de voie à ma gauche (espece de rebord de trottoir qui separe les voies) l'evitement peut s'avere encore plus dangereux;3;3;;;1;1;4;4;1;1;1;1;1;1;4;4;4;10;;;;;;;;;1;4;;;;;;;;2;2;;2;1;1;1;0;95;0;5;0;2;;;;;;1;1;;;;2;1;7;;;;;;;0;;1;1;3;;0;15;1;10;2;4;;;;;;;4;4;4;4;4;4;KAWASAKI;650;ER-6F;SPORTIVE;2;1;1;1;1;1;1;1;1;1;1;NSP;12;4;1;MOTO GUZZI;1200;NORGE GT 8V;Routière / GT;2;4;4;02MAY1952;9;2;3;2;2;3;;NRP;;;;2;0;0;2;0;2;MOTO GUZZI;1200;NORGE GT;Routière / GT;2;2012;29;2;1;6000;4;KAWASAKI;650;ER-6  N;ROADSTER;2;2006;29;2;1;4000;4;;;;;;;;;;;;;;;;;;;;;;;;;;;;;;;;;;10000;2;3;4;;;;;;;NRP;NRP;NRP;1969;1971;NRP;NRP;1972;NRP
1969;5952;;1;0;5;;;;;;0;3;;;;;;1;5;2009;;;;;0;5;;;;;;0;5;;;;;;0;3;;;;;;0;3;;;;;;0;4;;;;;;1;5;2013;;;;;1;5;2010;;;;;0;4;;;;;;0;2;;;;;;0;3;;;;;;0;4;;;;;;0;;;;;;;;;;;;;;;;;;;16;2;8;1;46;10;2010;;;;;;;;;;;;;;;;;;;;;;;;;;;;;;;;;;;;;;;;;;;;;;;;;;;;;;;;;;;;;;;;;;;;;;;;;;;;;;;;;;;;;;;;;;;;;;;;;;;;;;;;;;;;;;;;;;;;;;;;;;;;;;;;;;;;;;;;;;;;;;;;;;;;;;;;;;;;;;01APR1957;6;2;3;2;4;4;2;NRP;;;;2;0;1;0;0;1;PIAGGIO;500;MP3 LT TOURING BUSINESS (TM);SCOOTER;2;2011;10;1;2;35000;7;;;;;;;;;;;;;;;;;;;;;;;;;;;;;;;;;;;;;;;;;;;;;35000;2;4;;;;;;;;NRP;NRP;NRP;1982;NRP;NRP;NRP;1982;NRP