Ligne;Ligne Q qualif;Ligne approfondissement Accident;ACCIDENT;NBACC1;ACCFREQUENCE1;ANNEEACC1_1;ANNEEACC1_2;ANNEEACC1_3;ANNEEACC1_4;ANNEEACC1_5;NBACC2;ACCFREQUENCE2;ANNEEACC2_1;ANNEEACC2_2;ANNEEACC2_3;ANNEEACC2_4;ANNEEACC2_5;NBACC3;ACCFREQUENCE3;ANNEEACC3_1;ANNEEACC3_2;ANNEEACC3_3;ANNEEACC3_4;ANNEEACC3_5;NBACC4;ACCFREQUENCE4;ANNEEACC4_1;ANNEEACC4_2;ANNEEACC4_3;ANNEEACC4_4;ANNEEACC4_5;NBACC5;ACCFREQUENCE5;ANNEEACC5_1;ANNEEACC5_2;ANNEEACC5_3;ANNEEACC5_4;ANNEEACC5_5;NBACC6;ACCFREQUENCE6;ANNEEACC6_1;ANNEEACC6_2;ANNEEACC6_3;ANNEEACC6_4;ANNEEACC6_5;NBACC7;ACCFREQUENCE7;ANNEEACC7_1;ANNEEACC7_2;ANNEEACC7_3;ANNEEACC7_4;ANNEEACC7_5;NBACC8;ACCFREQUENCE8;ANNEEACC8_1;ANNEEACC8_2;ANNEEACC8_3;ANNEEACC8_4;ANNEEACC8_5;NBACC9;ACCFREQUENCE9;ANNEEACC9_1;ANNEEACC9_2;ANNEEACC9_3;ANNEEACC9_4;ANNEEACC9_5;NBACC10;ACCFREQUENCE10;ANNEEACC10_1;ANNEEACC10_2;ANNEEACC10_3;ANNEEACC10_4;ANNEEACC10_5;NBACC11;ACCFREQUENCE11;ANNEEACC11_1;ANNEEACC11_2;ANNEEACC11_3;ANNEEACC11_4;ANNEEACC11_5;NBACC12;ACCFREQUENCE12;ANNEEACC12_1;ANNEEACC12_2;ANNEEACC12_3;ANNEEACC12_4;ANNEEACC12_5;NBACC13;ACCFREQUENCE13;ANNEEACC13_1;ANNEEACC13_2;ANNEEACC13_3;ANNEEACC13_4;ANNEEACC13_5;NBACC14;ACCFREQUENCE14;ANNEEACC14_1;ANNEEACC14_2;ANNEEACC14_3;ANNEEACC14_4;ANNEEACC14_5;AUTRESACC;NBAUTRESACC;ANNEEAUTREACC1;ANNEEAUTREACC2;ANNEEAUTREACC3;ANNEEAUTREACC4;ANNEEAUTREACC5;LIEUAUTREACC1;LIEUAUTREACC2;LIEUAUTREACC3;LIEUAUTREACC4;LIEUAUTREACC5;DESCRIPTIONAUTRESACC1;DESCRIPTIONAUTRESACC2;DESCRIPTIONAUTRESACC3;DESCRIPTIONAUTRESACC4;DESCRIPTIONAUTRESACC5;NBAUTRESACCCIRCUIT;NBAUTRESTOUTTERRAIN;EXPCYCLO;EXP125;EXPSUP125;ACCORDNEXTQ;CHOIXACC;RGPMTACC;RECUPANNEE;RECUPLIEU;RECUPANNE;RGPMTAC;CHOIX1;CHOIX2;CHOIX3;CHOIX4;CHOIX5;CHOIX6;CHOIX7;DESCRIPTION;RUPTURE;FAITS;ABS_REACTION;AUTRE_REACTION;PRECISIONREACTIONOUI;RECUL;PRECISIONREACTIONNON;IMPACTCOMPORTEMENT;AUTREUSAGER;REACTIONAUTREUSAGER;CONNAISSANCEREACTIONUSAGER;DIFFICULTES;AGGRAVATION;DIFFICULTES2;EMOTIONS1;EMOTIONS2;EMOTIONS3;EMOTIONS4;EMOTIONS5;EMOTIONS6;AUTRESENTIMENT;CLASSEMENTEMOTIONS1;CLASSEMENTEMOTIONS;CLASSEMENTEMOTIONS5;CLASSEMENTEMOTIONS6;CLASSEMENTEMOTIONS7;CLASSEMENTEMOTIONS8;CLASSEMENTEMOTIONS9;EXPLICATIONRESSENTI;BIENEQUIPE;ALLURE;ALLUREVITEDETAIL;ALLURELENTEDETAIL;SITUATIONPRESSE;SITUATIONDISTRAIT;SITUATIONCONFIANT;SITUATIONCONTROLE;SITUATIONLUDIQUE;SITUATIONPERF;SITUATIONSTRESS;SITUATIONFATIGUE;HUMEURNEUTRE;HUMEURGAI;HUMEURMECONTENT;HUMEURTRISTE;HUMEURCOLERE;CONTRIBUTION1;CONTRIBUTION2;CONTRIBUTION3;CONTRIBUTION4;CONTRIBUTION5;CONTRIBUTION6;CONTRIBUTION7;CONTRIBUTION8;CONTRIBUTION9;ROLEINFRA;ELEMENTINFRA1;ELEMENTINFRA2;ELEMENTINFRA3;ELEMENTINFRA4;ELEMENTINFRA5;ELEMENTINFRA6;ELEMENTINFRA7;ELEMENTINFRA8;ELEMENTINFRA9;ALCOOL;TXALCOOL;STUP;SEMAINE;MOMENTJOURNEE;TEMPS;CAUSEACC1;CAUSEACC2;CAUSEACC3;CAUSEACC4;CAUSEACC5;FORMATIONCAUSE;FORMATION1;FORMATION2;FORMATION3;FORMATION4;FORMATION5;TRAFIC;CHAUSSEE1;CHAUSSEE2;CHAUSSEE3;CHAUSSEE4;TYPEACC;BLESSURE;TETE;COU;THORAX;MEMBRESSUP;COLONNE;BASSIN;MEMBRESINF;HOPITAL;PLUS24H;TRAJET;TYPEROUTE;MOTIF;SENSTRAJET;PASSAGER;VITESSE;DESCEQ1;DESCEQ2;DESCEQ3;DESCEQ4;DESCEQ5;DESCEQ6;DESCEQ7;DESCEQ8;DESCEQ9;DESCEQ10;VEHICULEETE;VEHICULEAUTOMNE;VEHICULEPRINTEMPS;VEHICULEHIVER;VEHICULESEMAINE;VEHICULEWE;VEHMARQUE;VEHCYLINDREE;VEHMODELE;VEHSEGMENT;VEHSIDE;EQ2RMABS;EQ2RMCBS;EQ2RMABSCBS;EQ2RMREGULATEUR;EQ2RMLIMITEUR;EQ2RMPHARESDIRECT;EQ2RMCOUPURE;EQ2RMANTIPATINAGE;EQ2RMANTIXHEELING;EQ2RMSTABILILTE;VEHKM;POINTS;DUREE;AUTRE2RM;VEHPRECMARQUE;VEHPRECCYLINDREE;VEHPRECMODELE;VEHPRECSEGMENT;VEHPRECSIDE;TEMPS2RMPREC;FREQVEHPREC;DATE_NAISS;CSP;SOCIETAIRE;SALARIE;SECTEUR2RM;NBPERSFOYER;SITFAM;NBENF;TRNBENF1;TRNBENF2;TRNBENF3;TRNBENF4;NBAUTOFOYER;NBCYCLOFOYER;NBSCOOTFOYER;NBMOTOFOYER;NBTRIKEFOYER;NB2RMCONDUIT;MARQUE1;CYLINDREE1;MODELE1;SEGMENT1;SIDE1;ANMISECIRCU1;ASS1;FREQ1;USAGE1;NBKM1;GARAGE1;MARQUE2;CYLINDREE2;MODELE2;SEGMENT2;SIDE2;ANMISECIRCU2;ASS2;FREQ2;USAGE2;NBKM2;GARAGE2;MARQUE3;CYLINDREE3;MODELE3;SEGMENT3;SIDE3;ANMISECIRCU3;ASS3;FREQ3;USAGE3;NBKM3;GARAGE3;MARQUE4;CYLINDREE4;MODELE4;SEGMENT4;SIDE4;ANMISECIRCU4;ASS4;FREQ4;USAGE4;NBKM4;GARAGE4;MARQUE5;CYLINDREE5;MODELE5;SEGMENT5;SIDE5;ANMISECIRCU5;ASS5;FREQ5;USAGE5;NBKM5;GARAGE5;NBKMTOT;PERMIS1;PERMIS2;PERMIS3;PERMIS4;PERMIS5;PERMIS6;PERMIS7;PERMIS8;PERMIS9;ANPERMIS1;ANPERMIS6;ANPERMIS7;ANPERMIS2;ANPERMIS3;ANPERMIS8;ANPERMIS9;ANPERMIS4;ANPERMIS5
1937;5955;;0;;;;;;;;;;;;;;;;;;;;;;;;;;;;;;;;;;;;;;;;;;;;;;;;;;;;;;;;;;;;;;;;;;;;;;;;;;;;;;;;;;;;;;;;;;;;;;;;;;;;;;;;;;;;;;;;;;;;;;;;;;;;;;;;;;;;;;;;;;;;;;;;;;;;;;;;;;;;;;;;;;;;;;;;;;;;;;;;;;;;;;;;;;;;;;;;;;;;;;;;;;;;;;;;;;;;;;;;;;;;;;;;;;;;;;;;;;;;;;;;;;;;;;;;;;;;;;;;;;;;;;;;;;;;;;;;;;;;;;;;;;02JUN1989;7;1;3;2;2;3;;NRP;;;;2;0;0;2;0;1;YAMAHA;660;MT03;ROADSTER;2;2010;37;3;1;5000;7;;;;;;;;;;;;;;;;;;;;;;;;;;;;;;;;;;;;;;;;;;;;;5000;4;3;;;;;;;;NRP;NRP;NRP;NRP;2011;NRP;NRP;2007;NRP
904;5957;51;1;1;4;1988;;;;;0;4;;;;;;0;4;;;;;;0;2;;;;;;0;4;;;;;;1;4;1994;;;;;0;3;;;;;;0;5;;;;;;2;2;1989;2004;;;;0;5;;;;;;0;3;;;;;;0;1;;;;;;0;2;;;;;;0;4;;;;;;1;1;2004;;;;;Toulouse;;;;;Accélérateur bloqué en grand,freinage car virage, glissade 60 m ouf.;;;;;0;0;4;1;29;1;1;1;1988;;1988;Vous circuliez sur un axe prioritaire. Un autre véhicule arrivant sur le même axe en sens opposé vous a coupé la route en tournant à gauche.;2;;;;;;;La personne (une femme la cinquantaine)  ne ma absolument pas vue puisque elle à démarré devant moi, me refusant donc la priorité. Je n'allais pas très vite. J'étais équipé. Ce carrefour à était remplacer par un rond point.;La conductrice à mal regardé (peut être trop vite, pas pris assez de temps), elle ne ma pas vue.;Surpris totalement puisque elle à démarré au moment ou je passé, pas eu le temps de freiné, j'ai étais éjecté.Il y a eu que moi d'impliqué dans l'accident. La réaction de l'automobiliste à était de nier ça responsabilité.;NRP;0;;;Parce que vous ne pouvez évité qlq'un qui ne vous à pas vue et qui démarre au moment ou vous passez devant lui.;2;0;;;;;;2;3;6;;;;;;1;2;;;3;;Le fait que cette situation ne devait pas ce produire.;4;3;;;1;4;4;4;4;1;1;1;4;3;4;4;4;10;;;;;;;;;1;AUT|Zone peu éclairé;;;;;;;;2;2;;2;2;2;1;0;100;0;0;0;2;;;;;;1;1;;;;2;1;7;;;;;;;1;1;2;1;1;2;0;55;1;2;4;;;;;;;;4;4;4;4;NRP;4;HONDA;125;CB-TWIN;ROADSTER;2;1;1;1;1;1;1;1;1;1;1;30000;12;2;1;PEUGEOT;80;TXE;TRAIL / SUPERMOTARD;2;1;4;08MAY1969;5;1;3;2;4;4;2;NRP;;;;2;2;0;4;0;3;MOTO GUZZI;1000;CALIFORNIA III;Routière / GT;2;1988;16;1;2;20000;7;MOTO GUZZI;1000;LE MANS IV (LARIO);Routière / GT;2;1984;37;3;1;10000;7;MOTO GUZZI;850;850 LE MANS II;Routière / GT;2;1978;16;3;1;3000;7;;;;;;;;;;;;;;;;;;;;;;;33000;3;4;;;;;;;;NRP;NRP;NRP;NRP;1987;NRP;NRP;1996;NRP
486;5960;;0;;;;;;;;;;;;;;;;;;;;;;;;;;;;;;;;;;;;;;;;;;;;;;;;;;;;;;;;;;;;;;;;;;;;;;;;;;;;;;;;;;;;;;;;;;;;;;;;;;;;;;;;;;;;;;;;;;;;;;;;;;;;;;;;;;;;;;;;;;;;;;;;;;;;;;;;;;;;;;;;;;;;;;;;;;;;;;;;;;;;;;;;;;;;;;;;;;;;;;;;;;;;;;;;;;;;;;;;;;;;;;;;;;;;;;;;;;;;;;;;;;;;;;;;;;;;;;;;;;;;;;;;;;;;;;;;;;;;;;;;;;05NOV1963;5;2;3;2;3;4;1;NRP;;;;2;0;0;1;0;1;SUZUKI;650;V-STROM;TRAIL / SUPERMOTARD;2;2006;20;3;1;4000;7;;;;;;;;;;;;;;;;;;;;;;;;;;;;;;;;;;;;;;;;;;;;;4000;2;3;4;;;;;;;NRP;NRP;NRP;1980;2002;NRP;NRP;1983;NRP
702;5962;;0;;;;;;;;;;;;;;;;;;;;;;;;;;;;;;;;;;;;;;;;;;;;;;;;;;;;;;;;;;;;;;;;;;;;;;;;;;;;;;;;;;;;;;;;;;;;;;;;;;;;;;;;;;;;;;;;;;;;;;;;;;;;;;;;;;;;;;;;;;;;;;;;;;;;;;;;;;;;;;;;;;;;;;;;;;;;;;;;;;;;;;;;;;;;;;;;;;;;;;;;;;;;;;;;;;;;;;;;;;;;;;;;;;;;;;;;;;;;;;;;;;;;;;;;;;;;;;;;;;;;;;;;;;;;;;;;;;;;;;;;;;25SEP1953;9;2;3;2;2;3;;NRP;;;;1;0;0;1;0;1;YAMAHA;900;TDM;ROADSTER;2;2006;33;3;1;2500;7;;;;;;;;;;;;;;;;;;;;;;;;;;;;;;;;;;;;;;;;;;;;;2500;7;4;3;2;;;;;;NRP;NRP;1972;1972;1995;NRP;NRP;1978;NRP
589;5963;;0;;;;;;;;;;;;;;;;;;;;;;;;;;;;;;;;;;;;;;;;;;;;;;;;;;;;;;;;;;;;;;;;;;;;;;;;;;;;;;;;;;;;;;;;;;;;;;;;;;;;;;;;;;;;;;;;;;;;;;;;;;;;;;;;;;;;;;;;;;;;;;;;;;;;;;;;;;;;;;;;;;;;;;;;;;;;;;;;;;;;;;;;;;;;;;;;;;;;;;;;;;;;;;;;;;;;;;;;;;;;;;;;;;;;;;;;;;;;;;;;;;;;;;;;;;;;;;;;;;;;;;;;;;;;;;;;;;;;;;;;;;06NOV1975;4;1;3;2;2;3;;NRP;;;;1;0;0;2;0;1;YAMAHA;600;FZ;Routière / GT;2;2002;37;1;2;4500;7;;;;;;;;;;;;;;;;;;;;;;;;;;;;;;;;;;;;;;;;;;;;;4500;5;4;3;;;;;;;NRP;NRP;NRP;NRP;2013;NRP;NRP;1993;2012
2152;5964;;1;0;1;;;;;;0;4;;;;;;0;4;;;;;;0;1;;;;;;1;3;2011;;;;;0;3;;;;;;0;3;;;;;;0;2;;;;;;0;2;;;;;;0;4;;;;;;0;4;;;;;;0;3;;;;;;0;3;;;;;;0;2;;;;;;0;;;;;;;;;;;;;;;;;;;3;4;7;1;21;5;2011;;;;;;;;;;;;;;;;;;;;;;;;;;;;;;;;;;;;;;;;;;;;;;;;;;;;;;;;;;;;;;;;;;;;;;;;;;;;;;;;;;;;;;;;;;;;;;;;;;;;;;;;;;;;;;;;;;;;;;;;;;;;;;;;;;;;;;;;;;;;;;;;;;;;;;;;;;;;;;21APR1966;5;2;3;2;5;4;3;NRP;;;;2;0;0;2;0;2;DUCATI;1000;MONSTER S2R;ROADSTER;2;2007;16;1;2;10000;7;MOTO GUZZI;750;NEVADA;CUSTOM;2;2002;16;3;2;1000;7;;;;;;;;;;;;;;;;;;;;;;;;;;;;;;;;;;11000;4;3;;;;;;;;NRP;NRP;NRP;NRP;2009;NRP;NRP;1984;NRP
1618;5965;;0;;;;;;;;;;;;;;;;;;;;;;;;;;;;;;;;;;;;;;;;;;;;;;;;;;;;;;;;;;;;;;;;;;;;;;;;;;;;;;;;;;;;;;;;;;;;;;;;;;;;;;;;;;;;;;;;;;;;;;;;;;;;;;;;;;;;;;;;;;;;;;;;;;;;;;;;;;;;;;;;;;;;;;;;;;;;;;;;;;;;;;;;;;;;;;;;;;;;;;;;;;;;;;;;;;;;;;;;;;;;;;;;;;;;;;;;;;;;;;;;;;;;;;;;;;;;;;;;;;;;;;;;;;;;;;;;;;;;;;;;;;27JUN1961;7;2;3;2;2;3;;NRP;;;;1;0;0;1;0;1;TRIUMPH;1050;TIGER ABS;ROADSTER;2;2011;16;1;2;9000;7;;;;;;;;;;;;;;;;;;;;;;;;;;;;;;;;;;;;;;;;;;;;;9000;2;3;4;;;;;;;NRP;NRP;NRP;1980;2003;NRP;NRP;1980;NRP
649;5966;;1;0;2;;;;;;0;4;;;;;;1;5;2011;;;;;0;5;;;;;;0;4;;;;;;0;2;;;;;;0;2;;;;;;0;3;;;;;;0;3;;;;;;0;2;;;;;;0;5;;;;;;0;2;;;;;;0;5;;;;;;0;4;;;;;;0;;;;;;;;;;;;;;;;;;;4;0;15;0;;NRP;;;;;;;;;;;;;;;;;;;;;;;;;;;;;;;;;;;;;;;;;;;;;;;;;;;;;;;;;;;;;;;;;;;;;;;;;;;;;;;;;;;;;;;;;;;;;;;;;;;;;;;;;;;;;;;;;;;;;;;;;;;;;;;;;;;;;;;;;;;;;;;;;;;;;;;;;;;;;;;18APR1972;7;2;3;2;3;2;2;NRP;;;;1;1;0;1;0;1;HONDA;1000;CB-F ABS;ROADSTER;2;2011;29;1;2;25000;7;;;;;;;;;;;;;;;;;;;;;;;;;;;;;;;;;;;;;;;;;;;;;25000;4;3;;;;;;;;NRP;NRP;NRP;NRP;1992;NRP;NRP;1990;NRP
1428;5968;;1;0;5;;;;;;0;4;;;;;;0;5;;;;;;0;2;;;;;;0;3;;;;;;0;5;;;;;;0;4;;;;;;0;5;;;;;;1;4;NSP;;;;;0;6;;;;;;0;5;;;;;;0;2;;;;;;0;5;;;;;;0;5;;;;;;1;0;;;;;;;;;;;;;;;;0;0;1;15;15;0;;NRP;;;;;;;;;;;;;;;;;;;;;;;;;;;;;;;;;;;;;;;;;;;;;;;;;;;;;;;;;;;;;;;;;;;;;;;;;;;;;;;;;;;;;;;;;;;;;;;;;;;;;;;;;;;;;;;;;;;;;;;;;;;;;;;;;;;;;;;;;;;;;;;;;;;;;;;;;;;;;;;07NOV1952;5;1;3;2;2;3;;NRP;;;;3;1;0;1;0;1;BMW;650;F650GS;TRAIL / SUPERMOTARD;2;2000;37;2;2;7000;7;;;;;;;;;;;;;;;;;;;;;;;;;;;;;;;;;;;;;;;;;;;;;7000;2;3;4;;;;;;;NRP;NRP;NRP;1971;2007;NRP;NRP;1971;NRP
1559;5969;;1;2;4;NSP;NSP;;;;1;3;NSP;;;;;0;3;;;;;;0;3;;;;;;3;5;NSP;NSP;NSP;;;0;3;;;;;;0;3;;;;;;1;3;1978;;;;;5;5;2014;NSP;NSP;NSP;NSP;1;3;NSP;;;;;5;5;NSP;NSP;NSP;NSP;NSP;0;3;;;;;;1;3;1998;;;;;1;3;1979;;;;;0;;;;;;;;;;;;;;;;;;;2;10;37;1;41;9;2014;;;;;;;;;;;;;;;;;;;;;;;;;;;;;;;;;;;;;;;;;;;;;;;;;;;;;;;;;;;;;;;;;;;;;;;;;;;;;;;;;;;;;;;;;;;;;;;;;;;;;;;;;;;;;;;;;;;;;;;;;;;;;;;;;;;;;;;;;;;;;;;;;;;;;;;;;;;;;;07OCT1956;7;2;3;2;3;4;1;NRP;;;;0;0;0;1;0;1;DUCATI;1200;MULTISTRADA;ROADSTER;2;2011;10;1;2;17000;1;;;;;;;;;;;;;;;;;;;;;;;;;;;;;;;;;;;;;;;;;;;;;17000;3;4;;;;;;;;NRP;NRP;NRP;NRP;1975;NRP;NRP;1976;NRP
421;5970;136;1;0;5;;;;;;0;6;;;;;;0;4;;;;;;0;1;;;;;;0;5;;;;;;0;4;;;;;;0;4;;;;;;0;4;;;;;;2;4;2000;2012;;;;0;3;;;;;;0;4;;;;;;0;2;;;;;;0;5;;;;;;0;2;;;;;;0;;;;;;;;;;;;;;;;;;;4;0;22;1;42;9;2012;;2012;Vous avez fait une sortie de route, une perte de contrôle ou une glissade sans rien percuter.;3;6;;;;;;j'arrive dans un rond point, je perds l'avant et traverse le rond-point en question en glissade la jambe gauche coincée sous la moto. La cause : du gazole certainement perdu par un camion. pourquoi les bouchons anti-refoulement ne sont-ils pas obligatoires ?;gazole dans le rond point;aucune action sur les commandes n'a été possible car cela s'est passé très rapidement et brutalement. pas d'autre usager impliqué;2;0;;;c'est un droit acquis pour les camions de pouvoir dégueuler leur trop plein de gazole sur les routes et le gazole en question est indétectable si la chaussée est humide;2;0;;;;;;7;;;;;;;;;;;;;;;3;3;;;1;1;3;3;2;1;1;1;3;4;4;4;4;1;5;;;;;;;;1;5;AUT|gazole répandu;;;;;;;2;2;;2;2;1;2;0;50;0;50;0;2;;;;;;2;2;6;;;2;1;7;;;;;;;0;;1;2;3;;0;30;1;10;2;3;4;7;;;;;4;4;4;2;3;4;HONDA;600;"XL-LM ""PARIS DAKAR""";TRAIL / SUPERMOTARD;2;1;1;1;1;1;1;1;1;1;1;57000;12;4;1;DUCATI;944;ST2 (SPORT-TOURING2);Routière / GT;2;4;3;02NOV1968;5;2;3;2;4;4;2;NRP;;;;2;2;0;2;0;1;DUCATI;944;ST2 (SPORT-TOURING2);Routière / GT;2;2001;29;2;1;6000;7;;;;;;;;;;;;;;;;;;;;;;;;;;;;;;;;;;;;;;;;;;;;;6000;4;3;;;;;;;;NRP;NRP;NRP;NRP;1992;NRP;NRP;1986;NRP
1642;5971;;1;0;5;;;;;;0;4;;;;;;0;2;;;;;;0;2;;;;;;0;5;;;;;;0;6;;;;;;0;1;;;;;;0;3;;;;;;1;4;2002;;;;;0;4;;;;;;0;6;;;;;;0;2;;;;;;1;3;2004;;;;;0;5;;;;;;1;1;2005;;;;;Asnières 92;;;;;Collision  frontale suite à ouverture d'une portière d'un véhiculé stationné à droite de ma voie de circulation;;;;;3;0;0;2;11;1;71;15;2005;Asnières 92;;;;;;;;;;;;;;;;;;;;;;;;;;;;;;;;;;;;;;;;;;;;;;;;;;;;;;;;;;;;;;;;;;;;;;;;;;;;;;;;;;;;;;;;;;;;;;;;;;;;;;;;;;;;;;;;;;;;;;;;;;;;;;;;;;;;;;;;;;;;;;;;;;;;;;;;;;;;;11JAN1977;5;2;3;2;2;3;;NRP;;;;2;0;1;1;0;2;HONDA;400;SW-T ABS;SCOOTER;2;2010;31;1;2;10000;7;HONDA;600;CBR;Routière / GT;2;2012;22;3;1;5000;7;;;;;;;;;;;;;;;;;;;;;;;;;;;;;;;;;;15000;2;3;4;7;;;;;;NRP;NRP;1996;1996;2003;NRP;NRP;1996;NRP
320;5973;;1;0;3;;;;;;0;4;;;;;;0;6;;;;;;0;2;;;;;;0;2;;;;;;0;5;;;;;;0;3;;;;;;0;5;;;;;;1;5;1985;;;;;0;6;;;;;;0;5;;;;;;0;2;;;;;;1;4;1986;;;;;0;2;;;;;;1;2;1985;1986;;;;Loiret;Chateauroux;;;;Glissade dans un virage sur des gravillons;Un véhicule a doubler en face du véhicule me précédant, celui a freiné violement car nous sommes passer à 3 sur une 2 voies et comme je m'apprêtai à doubler  j'étais proche du véhicule;;;;0;0;4;0;31;0;;NRP;;;;;;;;;;;;;;;;;;;;;;;;;;;;;;;;;;;;;;;;;;;;;;;;;;;;;;;;;;;;;;;;;;;;;;;;;;;;;;;;;;;;;;;;;;;;;;;;;;;;;;;;;;;;;;;;;;;;;;;;;;;;;;;;;;;;;;;;;;;;;;;;;;;;;;;;;;;;;;;10APR1963;5;2;3;2;2;3;;NRP;;;;2;0;0;1;0;1;HONDA;1200;VFR-F;Routière / GT;2;2010;29;2;1;5000;7;;;;;;;;;;;;;;;;;;;;;;;;;;;;;;;;;;;;;;;;;;;;;5000;3;4;;;;;;;;NRP;NRP;NRP;NRP;1983;NRP;NRP;1981;NRP
1404;5974;;1;0;4;;;;;;2;5;2012;2011;;;;0;4;;;;;;0;5;;;;;;0;4;;;;;;0;3;;;;;;0;2;;;;;;2;5;2012;2011;;;;2;5;2011;2012;;;;0;5;;;;;;0;5;;;;;;0;2;;;;;;0;5;;;;;;0;4;;;;;;0;;;;;;;;;;;;;;;;;;;5;2;3;1;42;9;2012;;;;;;;;;;;;;;;;;;;;;;;;;;;;;;;;;;;;;;;;;;;;;;;;;;;;;;;;;;;;;;;;;;;;;;;;;;;;;;;;;;;;;;;;;;;;;;;;;;;;;;;;;;;;;;;;;;;;;;;;;;;;;;;;;;;;;;;;;;;;;;;;;;;;;;;;;;;;;;20JAN1989;10;1;3;2;1;1;;NRP;;;;0;0;0;1;0;1;HONDA;125;NX (TRANSCITY);TRAIL / SUPERMOTARD;2;1998;37;2;2;1000;1;;;;;;;;;;;;;;;;;;;;;;;;;;;;;;;;;;;;;;;;;;;;;1000;3;4;;;;;;;;NRP;NRP;NRP;NRP;2007;NRP;NRP;2008;NRP
1252;5976;307;1;0;6;;;;;;0;6;;;;;;0;5;;;;;;0;4;;;;;;1;5;1987;;;;;0;5;;;;;;0;5;;;;;;0;5;;;;;;2;6;NSP;NSP;;;;0;5;;;;;;0;4;;;;;;0;2;;;;;;1;4;NSP;;;;;0;4;;;;;;1;1;1986;;;;;Ecosse;;;;;Erreur de voie: circulation à droite sur une route anglaise. Face à face avec une voiture dans son bon sens de circulation...;;;;;0;3;0;0;30;1;71;15;1986;Ecosse;1986;Autre(s) type(s) d'accident(s).;5;6;;;;;;"Je venais de m'arrêter pour faire le plein et me dégourdir les jambes. Je roulais depuis le matin et j'avais hâte d'arriver. Après avoir dépassé un véhicule je me suis retrouvé sur la voie de droite (je roulais à gauche étant en Ecosse). Je ne me suis pas rabattu.  J'ai donc pris l'accès de l'autoroute à contre sens. La voie était unique. J'ai vu une voiture sortir d'un virage et arriver sur moi. Je me suis dit que nous allions pouvoir nous croiser, mais le conducteur a paniqué (un peu normal...) et il a bloqué ses routes (j'ai vu de la fumée bleue derrière ses pneus). Sa voiture s'est mise en travers de la route tout en glissant et je l'ai percutée au niveau de l'aile avant gauche.  J'ai heureusement été éjecté de la ma moto et je suis passé au dessus de son pavillon. J'ai ""atterri"" sur le talus en face de moi.   J'étais un peu sonné. La seule blessure était le petit doigt de ma main gauche qui a dû être écrasé entre le guidon et l'aile. Je m'en suis aperçu en retirant mon gant. J'ai fait l'erreur de retirer mon casque et de me relever avant l'arrivée des secours. Fort heureusement, je n'avais aucune autre lésion.  La voiture a été enlevée par une dépanneuse. J'ai pu repartir mais sur deux cylindres (je roulais sur un CB750 honda). Mon capteur d'allumage avait été partiellement détruit. Le moteur a été protégé par des par-cylindres.  Je pense que ce qui m'a ""sauvé"" est d'avoir tapé la voiture de côté et pas de face. Ensuite, le moteur a protégé mes jambes qui n'ont pas été coincées entre la moto et la voiture. Enfin, le fait d'être éjecté au-dessus de la voiture a évité tout choc direct avec une partie dure.  Cela reste une expérience marquante, car, en dehors de l'accident, la Police ne comprenait pas l'équivalence de mes papiers avec les documents anglais.";Le principal fait était de rouler dans un pays où la conduite est à gauche de la route. C'était l'un de mes premiers long voyage. Je m'arrêtais régulièrement mais j'aurais dû faire des étapes. J'ai certainement présumé de mes forces. De plus, la moto était chargée et elle demandait plus d'attention ce qui a dû me fatiguer plus que la normale.;Je pensais pouvoir passer sur le côté de la voiture. Le fait que le conducteur ait bloqué ses roues a mis sa voiture en travers.  J'ai ralenti la moto, mais je savais que l'impact était inévitable. J'ai donc évité de bloquer pour ne pas tomber et alors de me retrouver sous ses roues.  Au moment de l'impact, je m'étais mis en détente en poussant sur mes jambes pour être propulsé au-dessus de la voiture.  L'erreur ensuite a été de ne pas attendre les secours pour commencer à retirer mon équipement.;NRP;0;;;Il n'y avait pas d'échappatoire. Le choc était inévitable.;2;1;1;1;"La surprise. Je n'aurais jamais dû me trouver à l'endroit où j'étais. J'ai eu, je pense, la même pensée : ""qu'est-ce qu'il fout là ?"" sauf que c'est moi qui était en faute.";1;Sa voiture s'est mise en travers. Par contre, j'étais sur la bande d'accès à l'autoroute. Quelques centaines de mètres plus loin je prenais l'autoroute en sens inverse sans cet accident...;4;9;;;;;De la sérénité. J'étais paré pour le choc et je savais que la solution pour m'en sortir vivant était d'être éjecté.;;;;2;;;1;J'ai eu le temps d'analyser la situation et de réfléchir aux moyens de limiter les conséquences corporelles.;3;3;;;2;3;3;2;1;1;3;4;1;2;4;4;4;4;7;;;;;;;;1;2;AUT|conduite à gauche dans un pays anglo-saxon;;;;;;;2;2;;2;2;1;1;50;0;0;50;0;1;AUT|Les facteurs humains n'étaient pas assez enseignés (fatique, habitude de conduite);;;;;2;1;;;;2;1;4;;;;;;;0;;3;AUT|voie d'accès à autoroute;2;;0;90;1;10;2;3;5;;;;;;4;4;4;4;4;4;HONDA;750;CB-KZ;ROADSTER;2;1;1;1;1;1;1;1;1;1;1;NSP;NSP;3;0;;;;;;;;28FEB1965;5;1;3;2;5;4;3;NRP;;;;3;0;0;2;0;2;SUZUKI;350;DR-S;TRAIL / SUPERMOTARD;2;1997;37;3;1;1000;7;KAWASAKI;636;ZX-6R NINJA;SPORTIVE;2;2003;37;4;1;2000;7;;;;;;;;;;;;;;;;;;;;;;;;;;;;;;;;;;3000;3;4;;;;;;;;NRP;NRP;NRP;NRP;1985;NRP;NRP;1984;NRP