Ligne;Ligne Q qualif;Ligne approfondissement Accident;ACCIDENT;NBACC1;ACCFREQUENCE1;ANNEEACC1_1;ANNEEACC1_2;ANNEEACC1_3;ANNEEACC1_4;ANNEEACC1_5;NBACC2;ACCFREQUENCE2;ANNEEACC2_1;ANNEEACC2_2;ANNEEACC2_3;ANNEEACC2_4;ANNEEACC2_5;NBACC3;ACCFREQUENCE3;ANNEEACC3_1;ANNEEACC3_2;ANNEEACC3_3;ANNEEACC3_4;ANNEEACC3_5;NBACC4;ACCFREQUENCE4;ANNEEACC4_1;ANNEEACC4_2;ANNEEACC4_3;ANNEEACC4_4;ANNEEACC4_5;NBACC5;ACCFREQUENCE5;ANNEEACC5_1;ANNEEACC5_2;ANNEEACC5_3;ANNEEACC5_4;ANNEEACC5_5;NBACC6;ACCFREQUENCE6;ANNEEACC6_1;ANNEEACC6_2;ANNEEACC6_3;ANNEEACC6_4;ANNEEACC6_5;NBACC7;ACCFREQUENCE7;ANNEEACC7_1;ANNEEACC7_2;ANNEEACC7_3;ANNEEACC7_4;ANNEEACC7_5;NBACC8;ACCFREQUENCE8;ANNEEACC8_1;ANNEEACC8_2;ANNEEACC8_3;ANNEEACC8_4;ANNEEACC8_5;NBACC9;ACCFREQUENCE9;ANNEEACC9_1;ANNEEACC9_2;ANNEEACC9_3;ANNEEACC9_4;ANNEEACC9_5;NBACC10;ACCFREQUENCE10;ANNEEACC10_1;ANNEEACC10_2;ANNEEACC10_3;ANNEEACC10_4;ANNEEACC10_5;NBACC11;ACCFREQUENCE11;ANNEEACC11_1;ANNEEACC11_2;ANNEEACC11_3;ANNEEACC11_4;ANNEEACC11_5;NBACC12;ACCFREQUENCE12;ANNEEACC12_1;ANNEEACC12_2;ANNEEACC12_3;ANNEEACC12_4;ANNEEACC12_5;NBACC13;ACCFREQUENCE13;ANNEEACC13_1;ANNEEACC13_2;ANNEEACC13_3;ANNEEACC13_4;ANNEEACC13_5;NBACC14;ACCFREQUENCE14;ANNEEACC14_1;ANNEEACC14_2;ANNEEACC14_3;ANNEEACC14_4;ANNEEACC14_5;AUTRESACC;NBAUTRESACC;ANNEEAUTREACC1;ANNEEAUTREACC2;ANNEEAUTREACC3;ANNEEAUTREACC4;ANNEEAUTREACC5;LIEUAUTREACC1;LIEUAUTREACC2;LIEUAUTREACC3;LIEUAUTREACC4;LIEUAUTREACC5;DESCRIPTIONAUTRESACC1;DESCRIPTIONAUTRESACC2;DESCRIPTIONAUTRESACC3;DESCRIPTIONAUTRESACC4;DESCRIPTIONAUTRESACC5;NBAUTRESACCCIRCUIT;NBAUTRESTOUTTERRAIN;EXPCYCLO;EXP125;EXPSUP125;ACCORDNEXTQ;CHOIXACC;RGPMTACC;RECUPANNEE;RECUPLIEU;RECUPANNE;RGPMTAC;CHOIX1;CHOIX2;CHOIX3;CHOIX4;CHOIX5;CHOIX6;CHOIX7;DESCRIPTION;RUPTURE;FAITS;ABS_REACTION;AUTRE_REACTION;PRECISIONREACTIONOUI;RECUL;PRECISIONREACTIONNON;IMPACTCOMPORTEMENT;AUTREUSAGER;REACTIONAUTREUSAGER;CONNAISSANCEREACTIONUSAGER;DIFFICULTES;AGGRAVATION;DIFFICULTES2;EMOTIONS1;EMOTIONS2;EMOTIONS3;EMOTIONS4;EMOTIONS5;EMOTIONS6;AUTRESENTIMENT;CLASSEMENTEMOTIONS1;CLASSEMENTEMOTIONS;CLASSEMENTEMOTIONS5;CLASSEMENTEMOTIONS6;CLASSEMENTEMOTIONS7;CLASSEMENTEMOTIONS8;CLASSEMENTEMOTIONS9;EXPLICATIONRESSENTI;BIENEQUIPE;ALLURE;ALLUREVITEDETAIL;ALLURELENTEDETAIL;SITUATIONPRESSE;SITUATIONDISTRAIT;SITUATIONCONFIANT;SITUATIONCONTROLE;SITUATIONLUDIQUE;SITUATIONPERF;SITUATIONSTRESS;SITUATIONFATIGUE;HUMEURNEUTRE;HUMEURGAI;HUMEURMECONTENT;HUMEURTRISTE;HUMEURCOLERE;CONTRIBUTION1;CONTRIBUTION2;CONTRIBUTION3;CONTRIBUTION4;CONTRIBUTION5;CONTRIBUTION6;CONTRIBUTION7;CONTRIBUTION8;CONTRIBUTION9;ROLEINFRA;ELEMENTINFRA1;ELEMENTINFRA2;ELEMENTINFRA3;ELEMENTINFRA4;ELEMENTINFRA5;ELEMENTINFRA6;ELEMENTINFRA7;ELEMENTINFRA8;ELEMENTINFRA9;ALCOOL;TXALCOOL;STUP;SEMAINE;MOMENTJOURNEE;TEMPS;CAUSEACC1;CAUSEACC2;CAUSEACC3;CAUSEACC4;CAUSEACC5;FORMATIONCAUSE;FORMATION1;FORMATION2;FORMATION3;FORMATION4;FORMATION5;TRAFIC;CHAUSSEE1;CHAUSSEE2;CHAUSSEE3;CHAUSSEE4;TYPEACC;BLESSURE;TETE;COU;THORAX;MEMBRESSUP;COLONNE;BASSIN;MEMBRESINF;HOPITAL;PLUS24H;TRAJET;TYPEROUTE;MOTIF;SENSTRAJET;PASSAGER;VITESSE;DESCEQ1;DESCEQ2;DESCEQ3;DESCEQ4;DESCEQ5;DESCEQ6;DESCEQ7;DESCEQ8;DESCEQ9;DESCEQ10;VEHICULEETE;VEHICULEAUTOMNE;VEHICULEPRINTEMPS;VEHICULEHIVER;VEHICULESEMAINE;VEHICULEWE;VEHMARQUE;VEHCYLINDREE;VEHMODELE;VEHSEGMENT;VEHSIDE;EQ2RMABS;EQ2RMCBS;EQ2RMABSCBS;EQ2RMREGULATEUR;EQ2RMLIMITEUR;EQ2RMPHARESDIRECT;EQ2RMCOUPURE;EQ2RMANTIPATINAGE;EQ2RMANTIXHEELING;EQ2RMSTABILILTE;VEHKM;POINTS;DUREE;AUTRE2RM;VEHPRECMARQUE;VEHPRECCYLINDREE;VEHPRECMODELE;VEHPRECSEGMENT;VEHPRECSIDE;TEMPS2RMPREC;FREQVEHPREC;DATE_NAISS;CSP;SOCIETAIRE;SALARIE;SECTEUR2RM;NBPERSFOYER;SITFAM;NBENF;TRNBENF1;TRNBENF2;TRNBENF3;TRNBENF4;NBAUTOFOYER;NBCYCLOFOYER;NBSCOOTFOYER;NBMOTOFOYER;NBTRIKEFOYER;NB2RMCONDUIT;MARQUE1;CYLINDREE1;MODELE1;SEGMENT1;SIDE1;ANMISECIRCU1;ASS1;FREQ1;USAGE1;NBKM1;GARAGE1;MARQUE2;CYLINDREE2;MODELE2;SEGMENT2;SIDE2;ANMISECIRCU2;ASS2;FREQ2;USAGE2;NBKM2;GARAGE2;MARQUE3;CYLINDREE3;MODELE3;SEGMENT3;SIDE3;ANMISECIRCU3;ASS3;FREQ3;USAGE3;NBKM3;GARAGE3;MARQUE4;CYLINDREE4;MODELE4;SEGMENT4;SIDE4;ANMISECIRCU4;ASS4;FREQ4;USAGE4;NBKM4;GARAGE4;MARQUE5;CYLINDREE5;MODELE5;SEGMENT5;SIDE5;ANMISECIRCU5;ASS5;FREQ5;USAGE5;NBKM5;GARAGE5;NBKMTOT;PERMIS1;PERMIS2;PERMIS3;PERMIS4;PERMIS5;PERMIS6;PERMIS7;PERMIS8;PERMIS9;ANPERMIS1;ANPERMIS6;ANPERMIS7;ANPERMIS2;ANPERMIS3;ANPERMIS8;ANPERMIS9;ANPERMIS4;ANPERMIS5
1710;6042;;1;0;6;;;;;;0;4;;;;;;0;5;;;;;;0;5;;;;;;1;6;2014;;;;;0;6;;;;;;0;5;;;;;;0;4;;;;;;0;4;;;;;;0;6;;;;;;0;6;;;;;;0;5;;;;;;0;5;;;;;;0;6;;;;;;0;;;;;;;;;;;;;;;;;;;6;1;1;1;21;5;2014;;;;;;;;;;;;;;;;;;;;;;;;;;;;;;;;;;;;;;;;;;;;;;;;;;;;;;;;;;;;;;;;;;;;;;;;;;;;;;;;;;;;;;;;;;;;;;;;;;;;;;;;;;;;;;;;;;;;;;;;;;;;;;;;;;;;;;;;;;;;;;;;;;;;;;;;;;;;;;22APR1952;9;2;3;2;2;3;;NRP;;;;1;0;0;1;0;1;YAMAHA;600;FZ;Routière / GT;2;2008;29;2;1;12000;7;;;;;;;;;;;;;;;;;;;;;;;;;;;;;;;;;;;;;;;;;;;;;12000;2;3;4;7;;;;;;NRP;NRP;1977;1977;2009;NRP;NRP;1977;NRP
166;6043;4;1;0;3;;;;;;0;3;;;;;;0;3;;;;;;0;3;;;;;;0;3;;;;;;0;3;;;;;;0;3;;;;;;1;3;1972;;;;;0;3;;;;;;0;3;;;;;;0;3;;;;;;0;3;;;;;;0;3;;;;;;0;3;;;;;;0;;;;;;;;;;;;;;;;;;;2;0;42;1;36;8;1972;;1972;Vous avez fait une sortie de route, une perte de contrôle ou une glissade puis avez percuté un obstacle fixe (panneau, arbre poteau …).;4;6;;;;;;Marquant;Aucun souvenir. Le choc a effacé ma mémoire;Aucun souvenir des 15 minutes qui précèdent l'accident ni de l'accident lui même. Le choc a tout effacé de ma mémoire;AUT|Le choc a effacé ma mémoire;0;;;Je n'ai aucun souvenir des causes de l'accident ni de l'accident lui même;3;0;;;;;;7;;;;;;;;;;;;;;;4;5;;;1;NSP;NSP;NSP;NSP;NSP;1;1;3;3;4;4;4;10;;;;;;;;;1;2;3;5;;;;;;2;2;;2;1;1;1;0;50;0;50;0;2;;;;;;1;1;;;;2;1;4;7;;;;;;1;1;1;1;3;;1;0;1;2;5;9;;;;;;;4;4;4;4;4;4;NORTON;500;ES2;ROADSTER;2;1;1;1;1;1;1;1;1;1;1;50000;12;3;1;BMW;600;R60;ROADSTER;2;3;4;11APR1954;5;1;3;2;3;4;1;NRP;;;;2;1;0;1;0;2;MOBYLETTE;50;MOBIMATIC;ROADSTER;2;1970;29;4;1;200;7;BMW;1200;R1200RT;Routière / GT;2;2010;37;2;1;15000;7;;;;;;;;;;;;;;;;;;;;;;;;;;;;;;;;;;15200;3;4;;;;;;;;NRP;NRP;NRP;NRP;1971;NRP;NRP;1974;NRP
1813;6044;;1;0;3;;;;;;0;4;;;;;;0;5;;;;;;0;4;;;;;;1;5;1989;;;;;0;4;;;;;;0;4;;;;;;0;4;;;;;;5;4;NSP;NSP;NSP;NSP;2002;0;3;;;;;;0;4;;;;;;0;3;;;;;;1;2;1987;;;;;0;3;;;;;;0;;;;;;;;;;;;;;;;;;;0;2;32;1;21;5;1989;;;;;;;;;;;;;;;;;;;;;;;;;;;;;;;;;;;;;;;;;;;;;;;;;;;;;;;;;;;;;;;;;;;;;;;;;;;;;;;;;;;;;;;;;;;;;;;;;;;;;;;;;;;;;;;;;;;;;;;;;;;;;;;;;;;;;;;;;;;;;;;;;;;;;;;;;;;;;;04JUL1965;5;1;3;2;4;4;2;NRP;;;;2;0;0;3;0;3;BMW;1200;R1200GS ABS;TRAIL / SUPERMOTARD;2;2011;37;1;2;15000;7;SUZUKI;1200;BANDIT-N;ROADSTER;2;1997;37;3;1;1000;7;SUZUKI;400;BANDIT (GS-F);ROADSTER;2;1996;37;3;1;500;7;;;;;;;;;;;;;;;;;;;;;;;16500;2;4;8;9;;;;;;NRP;NRP;NRP;1982;NRP;1984;1984;1986;NRP
2048;6045;;0;;;;;;;;;;;;;;;;;;;;;;;;;;;;;;;;;;;;;;;;;;;;;;;;;;;;;;;;;;;;;;;;;;;;;;;;;;;;;;;;;;;;;;;;;;;;;;;;;;;;;;;;;;;;;;;;;;;;;;;;;;;;;;;;;;;;;;;;;;;;;;;;;;;;;;;;;;;;;;;;;;;;;;;;;;;;;;;;;;;;;;;;;;;;;;;;;;;;;;;;;;;;;;;;;;;;;;;;;;;;;;;;;;;;;;;;;;;;;;;;;;;;;;;;;;;;;;;;;;;;;;;;;;;;;;;;;;;;;;;;;;04SEP1963;8;2;3;2;3;4;1;NRP;;;;1;0;0;2;0;2;SUZUKI;125;ER;TRAIL / SUPERMOTARD;2;1983;29;2;2;3000;7;SUZUKI;1250;GSX-F;Routière / GT;2;2010;29;3;1;3500;7;;;;;;;;;;;;;;;;;;;;;;;;;;;;;;;;;;6500;2;3;4;;;;;;;NRP;NRP;NRP;1981;2006;NRP;NRP;1981;NRP
1355;6047;;1;0;3;;;;;;0;5;;;;;;0;4;;;;;;0;6;;;;;;0;4;;;;;;0;3;;;;;;0;4;;;;;;0;5;;;;;;3;6;2002;2004;2006;;;0;3;;;;;;0;5;;;;;;0;3;;;;;;1;5;2002;;;;;0;5;;;;;;0;;;;;;;;;;;;;;;;;;;4;3;7;1;61;13;2002;;;;;;;;;;;;;;;;;;;;;;;;;;;;;;;;;;;;;;;;;;;;;;;;;;;;;;;;;;;;;;;;;;;;;;;;;;;;;;;;;;;;;;;;;;;;;;;;;;;;;;;;;;;;;;;;;;;;;;;;;;;;;;;;;;;;;;;;;;;;;;;;;;;;;;;;;;;;;;13MAR1988;10;2;3;2;1;1;;NRP;;;;1;0;0;1;0;1;SUZUKI;750;GSX-R;SPORTIVE;2;2010;26;3;1;4000;7;;;;;;;;;;;;;;;;;;;;;;;;;;;;;;;;;;;;;;;;;;;;;4000;1;3;4;;;;;;;2002;NRP;NRP;NRP;2006;NRP;NRP;2006;NRP
855;6048;;0;;;;;;;;;;;;;;;;;;;;;;;;;;;;;;;;;;;;;;;;;;;;;;;;;;;;;;;;;;;;;;;;;;;;;;;;;;;;;;;;;;;;;;;;;;;;;;;;;;;;;;;;;;;;;;;;;;;;;;;;;;;;;;;;;;;;;;;;;;;;;;;;;;;;;;;;;;;;;;;;;;;;;;;;;;;;;;;;;;;;;;;;;;;;;;;;;;;;;;;;;;;;;;;;;;;;;;;;;;;;;;;;;;;;;;;;;;;;;;;;;;;;;;;;;;;;;;;;;;;;;;;;;;;;;;;;;;;;;;;;;;21SEP1929;9;2;3;2;2;3;;NRP;;;;2;0;0;1;0;1;BMW;800;F800ST;Routière / GT;2;2009;29;3;1;6000;7;;;;;;;;;;;;;;;;;;;;;;;;;;;;;;;;;;;;;;;;;;;;;6000;2;3;4;;;;;;;NRP;NRP;NRP;1948;1948;NRP;NRP;1948;NRP
20;6052;;0;;;;;;;;;;;;;;;;;;;;;;;;;;;;;;;;;;;;;;;;;;;;;;;;;;;;;;;;;;;;;;;;;;;;;;;;;;;;;;;;;;;;;;;;;;;;;;;;;;;;;;;;;;;;;;;;;;;;;;;;;;;;;;;;;;;;;;;;;;;;;;;;;;;;;;;;;;;;;;;;;;;;;;;;;;;;;;;;;;;;;;;;;;;;;;;;;;;;;;;;;;;;;;;;;;;;;;;;;;;;;;;;;;;;;;;;;;;;;;;;;;;;;;;;;;;;;;;;;;;;;;;;;;;;;;;;;;;;;;;;;;26JUN1981;8;2;3;2;4;4;2;NRP;;;;2;0;0;2;0;1;TRIUMPH;1050;SPEED TRIPLE;ROADSTER;2;2007;42;2;2;7000;7;;;;;;;;;;;;;;;;;;;;;;;;;;;;;;;;;;;;;;;;;;;;;7000;2;3;4;;;;;;;NRP;NRP;NRP;1999;2002;NRP;NRP;1999;NRP
944;6053;228;1;0;5;;;;;;0;5;;;;;;0;4;;;;;;0;4;;;;;;0;5;;;;;;0;5;;;;;;0;3;;;;;;0;3;;;;;;1;3;1977;;;;;0;3;;;;;;0;3;;;;;;0;2;;;;;;0;3;;;;;;0;3;;;;;;0;;;;;;;;;;;;;;;;;;;4;0;39;1;41;9;1977;;1977;Vous avez fait une sortie de route, une perte de contrôle ou une glissade sans rien percuter.;1;;;;;;;Chute avec sortie de route suite à une crevaison mal réparée avec une bombe de mousse.  Cette chute ne se serait sans doute pas produite actuellement avec les pneus sans chambre.  Le pneu arrière s'est à l'époque brutalement dégonflé après que j'ai utilisé une bombe anti crevaison (arrachage de la valve. Nous étions deux sur la moto chargée. J'ai essayé de contrôler les embardées sans succès et nous avons atterri dans le fossé, côté gauche de la chaussée (petite route à la sortie de Limogne en Quercy vers Cahors). Heureusement, pas de véhicule en face !  Bilan : une bonne entorse du gros orteil pour le pilote. Passager indemne. Pour la moto : fourche pliée, butées tordues et 3 mois d'immobilisation (c'était en juillet !!!).;Mauvais fonctionnement de la bombe anti crevaison ou défaut de vérification lors de l'utilisation suite à une crevaison détectée.;Je roulais doucement, environ 60km/h pour rejoindre le garage le plus proche. Quand le pneu AR s'est dégonflé brutalement, j'ai du faire face à des travers de plus en plus violents (je me souviens encore avoir le guidon en butée !!!). Je n'ai pas pu éviter la chute car le pneu était quasiment déjanté !!! Heureusement la route était déserte et pas de blessure grave : nous avons donc sécurisé nous même le lieu.;1;1;Je n'utiliserai plus jamais de bombe anti crevaison ! Fort de cet malheureuse expérience, j'aurais fait en sorte de faire réparer la crevaison initiale, même par un mécanicien voiture non spécialisé.;Trop confiant dans l'efficacité de la technique de réparation !;;2;0;;;;;;1;3;6;;;;;2;;1;;;3;;Nous avions déjà parcourus quelques kilomètres après la réparation, je commençais à prendre confiance. J'ai été très surpris par la brutalité des réactions de la moto.;3;3;;;1;1;2;3;1;1;NSP;1;4;4;1;4;4;5;;;;;;;;;2;;;;;;;;;2;2;;2;1;1;1;100;0;0;0;0;NSP;;;;;;1;1;;;;2;1;7;;;;;;;0;;3;2;3;;1;60;1;2;3;5;;;;;;;3;3;3;3;3;3;DUCATI;500;500 BS;ROADSTER;2;1;1;1;1;1;1;1;1;1;1;30000;12;3;1;SUZUKI;250;T250;ROADSTER;2;3;4;11AUG1957;5;2;3;2;3;4;1;NRP;;;;2;1;0;1;0;1;MOTO GUZZI;1200;NORGE GT 8V;Routière / GT;2;2010;29;2;2;12000;7;;;;;;;;;;;;;;;;;;;;;;;;;;;;;;;;;;;;;;;;;;;;;12000;4;3;;;;;;;;NRP;NRP;NRP;NRP;1976;NRP;NRP;1978;NRP
499;6054;;1;0;2;;;;;;0;2;;;;;;0;2;;;;;;0;2;;;;;;0;3;;;;;;0;2;;;;;;0;4;;;;;;0;6;;;;;;1;6;NSP;;;;;0;3;;;;;;0;4;;;;;;0;1;;;;;;1;2;2013;;;;;0;2;;;;;;1;1;2014;;;;;paris;;;;;Percuté par l'arrière alors que je suis arrêté à un feu rouge.;;;;;0;0;0;0;2;1;71;15;2014;paris;;;;;;;;;;;;;;;;;;;;;;;;;;;;;;;;;;;;;;;;;;;;;;;;;;;;;;;;;;;;;;;;;;;;;;;;;;;;;;;;;;;;;;;;;;;;;;;;;;;;;;;;;;;;;;;;;;;;;;;;;;;;;;;;;;;;;;;;;;;;;;;;;;;;;;;;;;;;;17FEB1987;6;2;3;2;1;1;;NRP;;;;0;0;0;1;0;1;KAWASAKI;650;ER-6  F;Routière / GT;2;2010;22;1;2;15000;1;;;;;;;;;;;;;;;;;;;;;;;;;;;;;;;;;;;;;;;;;;;;;15000;4;3;2;7;;;;;;NRP;NRP;2007;2012;2012;NRP;NRP;2007;NRP
968;6057;170;1;0;2;;;;;;0;2;;;;;;1;4;1970;;;;;0;2;;;;;;0;3;;;;;;0;3;;;;;;0;2;;;;;;0;3;;;;;;0;3;;;;;;0;2;;;;;;0;3;;;;;;0;1;;;;;;0;2;;;;;;0;3;;;;;;1;2;1971;2004;;;;paris;St jean de veda;;;;Voiture qui a grillée un feu rouge Port de Chatillon;Voiture qui m'a fait une queue de poisson pour sortir du Rond point par la droite avec délit de fuite de la voiture, non retrouvée malgré les témoins;;;;0;0;2;2;42;1;72;15;2004;St jean de veda;2004;Autre(s) type(s) d'accident(s).;4;;;;;;;je circulais à vitesse raisonnable sur la voie de droite et changement de direction brutale d'une voiture dans le rond point d'entrée de l'autoroute à St Jean de Vedas, elle m'a coupée la route et m'a fait chuté en me touchant très légèrement, fuite de la voiture, les témoins n'ont pas réussi à prendre le n° d'immatriculation en totalité, et la gendarmerie n'a pas réussi à retrouvé l'auteur du délit de fuite. résultat: mon scooter pas de casse sauf le rétro gauche. moi: tête radiale bras gauche éclatée opération + 10 jours d'hôpital 152 séances de reéducation(+ de 1 an) handicap 10% du bras gauche.;pas de possibilité d'appréhender, c'est la voiture qui a fait une manoeuvre sur moi de façon brutale;je suis tombé, j'ai senti lr craquement dans mon bras. allant relativement doucement peu de glissade au sol,   les automobilistes qui suivaient se sont arrêtés pour me porter assistance, m'ont aidé à me relever, a mettre mon véhicule sur le côté du rond point et m'ont donné le peu de renseignements de ce  qu'ils ont vu;3;0;;;impossible d'anticiper la réaction du véhicule qui me double et me coupe la route brusquement pour sortir du rond point;2;1;2;;NSP;1;conduite dangereuse de la part de l'usager + délit de fuite;3;7;;;;;;;;1;;;;;au sol sans rien comprendre;3;3;;;2;2;3;3;2;1;1;1;3;4;4;4;4;10;;;;;;;;;2;;;;;;;;;2;2;;2;1;1;1;0;100;0;0;0;2;;;;;;2;1;;;;2;1;4;;;;;;;1;1;1;1;1;2;0;30;1;10;2;3;4;;;;;;4;4;4;2;4;2;APRILIA;125;SCARABEO;SCOOTER;2;1;1;1;1;1;1;1;1;1;1;25000;12;4;1;BMW;1150;R1150RT;Routière / GT;2;4;3;07NOV1952;9;1;3;2;2;3;;NRP;;;;4;0;1;2;0;3;BMW;1200;R1200RT;Routière / GT;2;2012;37;2;1;10000;7;BMW;750;K75C;ROADSTER;2;1987;37;3;1;2000;7;APRILIA;125;SCARABEO;SCOOTER;2;2000;37;2;1;1500;7;;;;;;;;;;;;;;;;;;;;;;;13500;2;3;4;7;;;;;;NRP;NRP;1969;1969;1970;NRP;NRP;1971;NRP
526;6059;;0;;;;;;;;;;;;;;;;;;;;;;;;;;;;;;;;;;;;;;;;;;;;;;;;;;;;;;;;;;;;;;;;;;;;;;;;;;;;;;;;;;;;;;;;;;;;;;;;;;;;;;;;;;;;;;;;;;;;;;;;;;;;;;;;;;;;;;;;;;;;;;;;;;;;;;;;;;;;;;;;;;;;;;;;;;;;;;;;;;;;;;;;;;;;;;;;;;;;;;;;;;;;;;;;;;;;;;;;;;;;;;;;;;;;;;;;;;;;;;;;;;;;;;;;;;;;;;;;;;;;;;;;;;;;;;;;;;;;;;;;;;31JAN1959;5;2;3;2;2;3;;NRP;;;;2;0;0;2;0;2;BMW;1200;R1200GS ABS;TRAIL / SUPERMOTARD;2;2009;40;1;2;10000;7;BMW;1200;R1200GS;TRAIL / SUPERMOTARD;2;2006;29;3;1;5000;7;;;;;;;;;;;;;;;;;;;;;;;;;;;;;;;;;;15000;3;4;;;;;;;;NRP;NRP;NRP;NRP;1980;NRP;NRP;1980;NRP
1858;6061;;1;0;4;;;;;;0;3;;;;;;0;5;;;;;;0;3;;;;;;0;4;;;;;;0;4;;;;;;1;4;NSP;;;;;0;4;;;;;;2;5;2012;2013;;;;0;4;;;;;;0;5;;;;;;0;4;;;;;;0;3;;;;;;0;4;;;;;;0;;;;;;;;;;;;;;;;;;;22;0;22;1;42;9;2013;;;;;;;;;;;;;;;;;;;;;;;;;;;;;;;;;;;;;;;;;;;;;;;;;;;;;;;;;;;;;;;;;;;;;;;;;;;;;;;;;;;;;;;;;;;;;;;;;;;;;;;;;;;;;;;;;;;;;;;;;;;;;;;;;;;;;;;;;;;;;;;;;;;;;;;;;;;;;;11OCT1973;6;2;3;2;3;2;2;NRP;;;;1;0;0;1;0;1;TRIUMPH;1200;TROPHY;Routière / GT;2;1995;28;2;1;5000;7;;;;;;;;;;;;;;;;;;;;;;;;;;;;;;;;;;;;;;;;;;;;;5000;3;;;;;;;;;NRP;NRP;NRP;NRP;1993;NRP;NRP;NRP;NRP
50;6062;279;1;1;6;2001;;;;;0;6;;;;;;0;6;;;;;;0;3;;;;;;0;5;;;;;;0;4;;;;;;0;3;;;;;;0;6;;;;;;1;5;1993;;;;;0;3;;;;;;0;4;;;;;;0;2;;;;;;0;4;;;;;;0;3;;;;;;0;;;;;;;;;;;;;;;;;;;5;0;27;1;1;1;2001;;2001;Vous circuliez sur un axe prioritaire. Un autre véhicule arrivant sur le même axe en sens opposé vous a coupé la route en tournant à gauche.;1;;;;;;;"Contexte : Un matin à 8h30 en semaine sur le trajet du travail. J'y allais tous les jours à moto pour un trajet de 15 km. Deux semaines avant, je venais justement de m'acheter une seconde moto ""sage"" pour cela, un Suzuki 650 Freewind, au lieu de mon ZZR1100 débridé qui me semblait un peu dangereux pour aller travailler.  Localisation de l'accident : En ville, à moins d'un kilomètre de chez moi,la circulation était dense à un petit carrefour perpendiculaire de deux rues à double sens avec feu tricolore. Circulation très dense et ralenti par un feu tricolore.   Description de l'accident : Au feu vert, la circulation était bloquée sur ma voie à cause d'une camionnette qui voulait tourner à gauche. J'ai alors remonté la file de voitures arrêtées par la droite à vitesse raisonnable. Et lorsque j'ai débouché sur le carrefour, la voiture d'en-face qui voulait elle aussi tourner à gauche m'a coupé la route. J'ai bloqué la roue avant et je suis tombé à faible vitesse. Il n'y a pas eu de choc avec la voiture.  Mon équipement au moment de l'accident : veste 3/4 de moto en cuir sans protection à l'intérieur, Casque intégral, gant hiver moto en cuir, botte de route moto, pantalon de ville (sic !)  Blessure : Juste un genou légèrement rapé (pantalon de ville).  Explication complémentaire : En fait, la conductrice était effondrée par son erreur. J'ai compris ensuite qu'elle ne m'avait pas vu car ma remontée de file lui avait été masquée par la camionnette. J'ai pu rentrer seul chez moi et changer de moto pour aller travailler.";Lorsque la voiture a démarré pour tourner devant moi, une camionnette me cachait à sa vue. J'ai débouché dans le carrefour sans m'assurer que tout les véhicules m'avait bien repéré.  Lorsque la situation d'accident a fait jour, la distance entre la voiture et moi était bien trop courte pour me permettre de m'arrêter, cela même si ma moto avait été équipée d'un ABS.;Nous nous sommes aperçus en même temps.  La conductrice a eu peur et à piler, elle s'est arrêtée sur ma voie de circulation.  Dès que j'ai aperçu la voiture, j'ai freiné très rapidement (j'ai toujours deux doigts sur le frein avant en ville) et la roue avant a bloqué.;NRP;1;Je n'ai pas anticipé le fait que ma remontée de file était masquée par un véhicule volumineux et opaque (camionnette de livraison).  J'aurais dû déboucher dans le carrefour plus lentement pour permettre aux autres conducteurs de me repérer.;Je n'ai pas perçu ce danger car je venais de partir de chez au petit matin, peut-être un peu en retard. Je n'étais pas encore à 100% dans la conduite de ma moto.;;3;1;1;1;Surprise de me voir apparaître, la conductrice n'a pas pu analyser la situation et réagir correctement.;2;Dans cette situation, il aurait été préférable que la conductrice continue son chemin au lieu de freiner et rester sur ma voie, mais je serais de toute manière tombé.;2;;;;;;;;1;;;;;;Tout est allé très vite;3;1;1;;3;2;4;4;3;1;3;1;3;4;2;4;4;1;3;4;;;;;;;2;;;;;;;;;2;2;;2;1;1;1;70;30;0;0;0;2;;;;;;4;1;;;;2;1;7;;;;;;;0;;1;1;1;1;0;30;1;2;3;5;;;;;;;4;4;4;4;4;3;SUZUKI;650;FREEWIND (XF);ROADSTER;2;1;1;1;1;1;1;1;1;1;1;NSP;12;1;1;KAWASAKI;1100;ZZR;Routière / GT;2;4;4;26FEB1966;5;2;3;2;1;1;;NRP;;;;2;0;0;2;0;2;SUZUKI;1300;GSX-R  HAYABUSA;Routière / GT;2;2006;24;3;1;15000;7;KAWASAKI;1100;ZZR;Routière / GT;2;1999;29;3;1;5000;7;;;;;;;;;;;;;;;;;;;;;;;;;;;;;;;;;;20000;3;4;;;;;;;;NRP;NRP;NRP;NRP;1987;NRP;NRP;1984;NRP