Ligne;Ligne Q qualif;Ligne approfondissement Accident;ACCIDENT;NBACC1;ACCFREQUENCE1;ANNEEACC1_1;ANNEEACC1_2;ANNEEACC1_3;ANNEEACC1_4;ANNEEACC1_5;NBACC2;ACCFREQUENCE2;ANNEEACC2_1;ANNEEACC2_2;ANNEEACC2_3;ANNEEACC2_4;ANNEEACC2_5;NBACC3;ACCFREQUENCE3;ANNEEACC3_1;ANNEEACC3_2;ANNEEACC3_3;ANNEEACC3_4;ANNEEACC3_5;NBACC4;ACCFREQUENCE4;ANNEEACC4_1;ANNEEACC4_2;ANNEEACC4_3;ANNEEACC4_4;ANNEEACC4_5;NBACC5;ACCFREQUENCE5;ANNEEACC5_1;ANNEEACC5_2;ANNEEACC5_3;ANNEEACC5_4;ANNEEACC5_5;NBACC6;ACCFREQUENCE6;ANNEEACC6_1;ANNEEACC6_2;ANNEEACC6_3;ANNEEACC6_4;ANNEEACC6_5;NBACC7;ACCFREQUENCE7;ANNEEACC7_1;ANNEEACC7_2;ANNEEACC7_3;ANNEEACC7_4;ANNEEACC7_5;NBACC8;ACCFREQUENCE8;ANNEEACC8_1;ANNEEACC8_2;ANNEEACC8_3;ANNEEACC8_4;ANNEEACC8_5;NBACC9;ACCFREQUENCE9;ANNEEACC9_1;ANNEEACC9_2;ANNEEACC9_3;ANNEEACC9_4;ANNEEACC9_5;NBACC10;ACCFREQUENCE10;ANNEEACC10_1;ANNEEACC10_2;ANNEEACC10_3;ANNEEACC10_4;ANNEEACC10_5;NBACC11;ACCFREQUENCE11;ANNEEACC11_1;ANNEEACC11_2;ANNEEACC11_3;ANNEEACC11_4;ANNEEACC11_5;NBACC12;ACCFREQUENCE12;ANNEEACC12_1;ANNEEACC12_2;ANNEEACC12_3;ANNEEACC12_4;ANNEEACC12_5;NBACC13;ACCFREQUENCE13;ANNEEACC13_1;ANNEEACC13_2;ANNEEACC13_3;ANNEEACC13_4;ANNEEACC13_5;NBACC14;ACCFREQUENCE14;ANNEEACC14_1;ANNEEACC14_2;ANNEEACC14_3;ANNEEACC14_4;ANNEEACC14_5;AUTRESACC;NBAUTRESACC;ANNEEAUTREACC1;ANNEEAUTREACC2;ANNEEAUTREACC3;ANNEEAUTREACC4;ANNEEAUTREACC5;LIEUAUTREACC1;LIEUAUTREACC2;LIEUAUTREACC3;LIEUAUTREACC4;LIEUAUTREACC5;DESCRIPTIONAUTRESACC1;DESCRIPTIONAUTRESACC2;DESCRIPTIONAUTRESACC3;DESCRIPTIONAUTRESACC4;DESCRIPTIONAUTRESACC5;NBAUTRESACCCIRCUIT;NBAUTRESTOUTTERRAIN;EXPCYCLO;EXP125;EXPSUP125;ACCORDNEXTQ;CHOIXACC;RGPMTACC;RECUPANNEE;RECUPLIEU;RECUPANNE;RGPMTAC;CHOIX1;CHOIX2;CHOIX3;CHOIX4;CHOIX5;CHOIX6;CHOIX7;DESCRIPTION;RUPTURE;FAITS;ABS_REACTION;AUTRE_REACTION;PRECISIONREACTIONOUI;RECUL;PRECISIONREACTIONNON;IMPACTCOMPORTEMENT;AUTREUSAGER;REACTIONAUTREUSAGER;CONNAISSANCEREACTIONUSAGER;DIFFICULTES;AGGRAVATION;DIFFICULTES2;EMOTIONS1;EMOTIONS2;EMOTIONS3;EMOTIONS4;EMOTIONS5;EMOTIONS6;AUTRESENTIMENT;CLASSEMENTEMOTIONS1;CLASSEMENTEMOTIONS;CLASSEMENTEMOTIONS5;CLASSEMENTEMOTIONS6;CLASSEMENTEMOTIONS7;CLASSEMENTEMOTIONS8;CLASSEMENTEMOTIONS9;EXPLICATIONRESSENTI;BIENEQUIPE;ALLURE;ALLUREVITEDETAIL;ALLURELENTEDETAIL;SITUATIONPRESSE;SITUATIONDISTRAIT;SITUATIONCONFIANT;SITUATIONCONTROLE;SITUATIONLUDIQUE;SITUATIONPERF;SITUATIONSTRESS;SITUATIONFATIGUE;HUMEURNEUTRE;HUMEURGAI;HUMEURMECONTENT;HUMEURTRISTE;HUMEURCOLERE;CONTRIBUTION1;CONTRIBUTION2;CONTRIBUTION3;CONTRIBUTION4;CONTRIBUTION5;CONTRIBUTION6;CONTRIBUTION7;CONTRIBUTION8;CONTRIBUTION9;ROLEINFRA;ELEMENTINFRA1;ELEMENTINFRA2;ELEMENTINFRA3;ELEMENTINFRA4;ELEMENTINFRA5;ELEMENTINFRA6;ELEMENTINFRA7;ELEMENTINFRA8;ELEMENTINFRA9;ALCOOL;TXALCOOL;STUP;SEMAINE;MOMENTJOURNEE;TEMPS;CAUSEACC1;CAUSEACC2;CAUSEACC3;CAUSEACC4;CAUSEACC5;FORMATIONCAUSE;FORMATION1;FORMATION2;FORMATION3;FORMATION4;FORMATION5;TRAFIC;CHAUSSEE1;CHAUSSEE2;CHAUSSEE3;CHAUSSEE4;TYPEACC;BLESSURE;TETE;COU;THORAX;MEMBRESSUP;COLONNE;BASSIN;MEMBRESINF;HOPITAL;PLUS24H;TRAJET;TYPEROUTE;MOTIF;SENSTRAJET;PASSAGER;VITESSE;DESCEQ1;DESCEQ2;DESCEQ3;DESCEQ4;DESCEQ5;DESCEQ6;DESCEQ7;DESCEQ8;DESCEQ9;DESCEQ10;VEHICULEETE;VEHICULEAUTOMNE;VEHICULEPRINTEMPS;VEHICULEHIVER;VEHICULESEMAINE;VEHICULEWE;VEHMARQUE;VEHCYLINDREE;VEHMODELE;VEHSEGMENT;VEHSIDE;EQ2RMABS;EQ2RMCBS;EQ2RMABSCBS;EQ2RMREGULATEUR;EQ2RMLIMITEUR;EQ2RMPHARESDIRECT;EQ2RMCOUPURE;EQ2RMANTIPATINAGE;EQ2RMANTIXHEELING;EQ2RMSTABILILTE;VEHKM;POINTS;DUREE;AUTRE2RM;VEHPRECMARQUE;VEHPRECCYLINDREE;VEHPRECMODELE;VEHPRECSEGMENT;VEHPRECSIDE;TEMPS2RMPREC;FREQVEHPREC;DATE_NAISS;CSP;SOCIETAIRE;SALARIE;SECTEUR2RM;NBPERSFOYER;SITFAM;NBENF;TRNBENF1;TRNBENF2;TRNBENF3;TRNBENF4;NBAUTOFOYER;NBCYCLOFOYER;NBSCOOTFOYER;NBMOTOFOYER;NBTRIKEFOYER;NB2RMCONDUIT;MARQUE1;CYLINDREE1;MODELE1;SEGMENT1;SIDE1;ANMISECIRCU1;ASS1;FREQ1;USAGE1;NBKM1;GARAGE1;MARQUE2;CYLINDREE2;MODELE2;SEGMENT2;SIDE2;ANMISECIRCU2;ASS2;FREQ2;USAGE2;NBKM2;GARAGE2;MARQUE3;CYLINDREE3;MODELE3;SEGMENT3;SIDE3;ANMISECIRCU3;ASS3;FREQ3;USAGE3;NBKM3;GARAGE3;MARQUE4;CYLINDREE4;MODELE4;SEGMENT4;SIDE4;ANMISECIRCU4;ASS4;FREQ4;USAGE4;NBKM4;GARAGE4;MARQUE5;CYLINDREE5;MODELE5;SEGMENT5;SIDE5;ANMISECIRCU5;ASS5;FREQ5;USAGE5;NBKM5;GARAGE5;NBKMTOT;PERMIS1;PERMIS2;PERMIS3;PERMIS4;PERMIS5;PERMIS6;PERMIS7;PERMIS8;PERMIS9;ANPERMIS1;ANPERMIS6;ANPERMIS7;ANPERMIS2;ANPERMIS3;ANPERMIS8;ANPERMIS9;ANPERMIS4;ANPERMIS5
67;6064;;0;;;;;;;;;;;;;;;;;;;;;;;;;;;;;;;;;;;;;;;;;;;;;;;;;;;;;;;;;;;;;;;;;;;;;;;;;;;;;;;;;;;;;;;;;;;;;;;;;;;;;;;;;;;;;;;;;;;;;;;;;;;;;;;;;;;;;;;;;;;;;;;;;;;;;;;;;;;;;;;;;;;;;;;;;;;;;;;;;;;;;;;;;;;;;;;;;;;;;;;;;;;;;;;;;;;;;;;;;;;;;;;;;;;;;;;;;;;;;;;;;;;;;;;;;;;;;;;;;;;;;;;;;;;;;;;;;;;;;;;;;;19JAN1978;7;2;3;2;4;4;2;NRP;;;;3;0;0;1;0;1;KAWASAKI;1100;GPZ-S;Routière / GT;2;1997;10;2;1;15000;7;;;;;;;;;;;;;;;;;;;;;;;;;;;;;;;;;;;;;;;;;;;;;15000;3;4;;;;;;;;NRP;NRP;NRP;NRP;1999;NRP;NRP;1997;NRP
2149;6065;;1;0;3;;;;;;0;2;;;;;;0;3;;;;;;0;3;;;;;;0;4;;;;;;0;3;;;;;;0;2;;;;;;0;3;;;;;;0;3;;;;;;0;3;;;;;;0;3;;;;;;0;2;;;;;;1;4;2013;;;;;0;5;;;;;;1;2;NSP;2014;;;;roanne;cassis;;;;carrefour en dos d'âne, la voiture devant moi démarre, traverse, je la suis a 10m, regarde des deux cotés en passant et soudain vois que la voiture devant a fait pile pour laisser passer un piéton hors des passages cloutés après le carrefour. Freinage d'urgence, la roue avant glisse sur la bande passage piétons et glisse. Chute, tête de fourche déformée, épaule de mon cuir abimée, hématome au bras, la voiture repart en me laissant au sol.;Je fais un plein à une station de grande surface. Une voiture ( ou une poubelle vu son état)sort devant moi. J'ai un doute sur un gant posé sur la pompe et jette un coup d'oeil en arrière. Mais la voiture poubelle devant moi avait marqué un stop à la sortie de la station qui soit n'était pas marqué soit je n'avais pas vu. Freinage d'urgence, choc de la roue avant sur le parechoc arrière de la voiture à une vitese résiduelle de moins d' 1km/h ( après arrêt et détente des amortisseurs, la moto ne touchait plus la voiture). Le gars descend et veut faire un constat à l'amiable. Impossible pour lui de me montrer la trace laissée par ma roue dans son parechoc rayé et déformé auparavant. Il demande 50€ en cash. Je lui en donne 5 pour éviter un coût à mon assurance non justifié. C'est le midi...;;;;0;0;0;0;16;1;71;15;;roanne;;;;;;;;;;;;;;;;;;;;;;;;;;;;;;;;;;;;;;;;;;;;;;;;;;;;;;;;;;;;;;;;;;;;;;;;;;;;;;;;;;;;;;;;;;;;;;;;;;;;;;;;;;;;;;;;;;;;;;;;;;;;;;;;;;;;;;;;;;;;;;;;;;;;;;;;;;;;;08JUN1958;5;1;3;2;4;4;2;NRP;;;;2;0;0;4;0;4;BMW;1150;R1150RT;Routière / GT;2;2002;37;3;1;40000;7;SUZUKI;350;DR-S;TRAIL / SUPERMOTARD;2;1996;29;4;1;50;7;APRILIA;250;RS;SPORTIVE;2;1996;29;4;1;200;7;RAVAT;100;ROUTIERE;ROADSTER;2;1932;41;4;1;0;7;;;;;;;;;;;;40250;3;4;5;8;9;;;;;NRP;NRP;NRP;NRP;1998;1998;1998;1981;1981
1339;6066;;0;;;;;;;;;;;;;;;;;;;;;;;;;;;;;;;;;;;;;;;;;;;;;;;;;;;;;;;;;;;;;;;;;;;;;;;;;;;;;;;;;;;;;;;;;;;;;;;;;;;;;;;;;;;;;;;;;;;;;;;;;;;;;;;;;;;;;;;;;;;;;;;;;;;;;;;;;;;;;;;;;;;;;;;;;;;;;;;;;;;;;;;;;;;;;;;;;;;;;;;;;;;;;;;;;;;;;;;;;;;;;;;;;;;;;;;;;;;;;;;;;;;;;;;;;;;;;;;;;;;;;;;;;;;;;;;;;;;;;;;;;;01JAN1989;7;2;3;2;5;5;0;NRP;;;;3;0;1;2;0;2;DUCATI;796;MONSTER ABS;ROADSTER;2;2012;4;1;2;6000;7;PIAGGIO;850;GILERA GP800;SCOOTER;2;2009;9;2;2;2500;7;;;;;;;;;;;;;;;;;;;;;;;;;;;;;;;;;;8500;3;4;;;;;;;;NRP;NRP;NRP;NRP;2011;NRP;NRP;2008;NRP
1571;6067;;1;1;4;1989;;;;;0;4;;;;;;0;5;;;;;;0;4;;;;;;0;5;;;;;;0;3;;;;;;0;3;;;;;;0;3;;;;;;0;3;;;;;;0;4;;;;;;0;6;;;;;;0;3;;;;;;0;3;;;;;;0;2;;;;;;0;;;;;;;;;;;;;;;;;;;55;55;55;1;1;1;1989;;;;;;;;;;;;;;;;;;;;;;;;;;;;;;;;;;;;;;;;;;;;;;;;;;;;;;;;;;;;;;;;;;;;;;;;;;;;;;;;;;;;;;;;;;;;;;;;;;;;;;;;;;;;;;;;;;;;;;;;;;;;;;;;;;;;;;;;;;;;;;;;;;;;;;;;;;;;;;29JUN1946;9;2;3;2;1;1;;NRP;;;;2;0;0;1;0;1;KAWASAKI;900;VN CLASSIC;CUSTOM;1;2007;29;3;1;8000;7;;;;;;;;;;;;;;;;;;;;;;;;;;;;;;;;;;;;;;;;;;;;;8000;3;4;;;;;;;;NRP;NRP;NRP;NRP;1968;NRP;NRP;1964;NRP
638;6072;313;1;0;2;;;;;;0;3;;;;;;0;3;;;;;;0;4;;;;;;1;2;1972;;;;;0;3;;;;;;0;2;;;;;;0;2;;;;;;0;2;;;;;;0;4;;;;;;0;5;;;;;;0;2;;;;;;0;3;;;;;;1;4;1976;;;;;0;;;;;;;;;;;;;;;;;;;3;2;41;1;66;14;1976;;1976;Alors que vous étiez en train de rouler, un piéton a traversé devant vous.;3;;;;;;;Un piéton a traversé rapidement la rue sans vraiment regarder pour prendre son bus qui arrivait. Très surpris j'ai freiné brutalement, bloquage de la roue AV (pas d'ABS à l'époque) la moto s'est couchée et j'ai fauché le piéton sur la chaussée.;Ce jour là un 31 décembre la chaussée était humide et de plus vraiment surpris par ce piéton qui a surgi entre deux véhicule en stationnement.;Comme précisé avant devant l'effet de surprise j'ai freiné brutalement.;NRP;1;Se servir du klaxon mais je pense qu'il étai déjà trot tard.;Trop surpris et laps de temps trop court;;2;0;;;;;;2;5;6;;;;;;1;;;3;2;;Tout simplement en n'ayant pas pu anticiper;3;3;;;2;3;3;3;3;1;1;1;2;4;4;4;4;5;;;;;;;;;2;;;;;;;;;2;2;;2;1;1;2;20;60;0;0;20;2;;;;;;2;2;;;;2;0;;;;;;;;;;1;1;1;1;0;30;1;10;2;5;;;;;;;4;4;4;4;4;4;HONDA;750;"CB ""F1""";ROADSTER;2;1;1;1;1;1;1;1;1;1;1;25000;12;3;1;HONDA;450;CB450S;ROADSTER;2;4;4;17FEB1900;7;1;3;2;3;4;1;NRP;;;;3;0;0;2;0;2;SUZUKI;1250;BANDIT-S ABS;ROADSTER;2;2011;37;3;1;5000;7;YAMAHA;600;XJ;ROADSTER;2;2011;16;3;1;5000;7;;;;;;;;;;;;;;;;;;;;;;;;;;;;;;;;;;10000;3;4;;;;;;;;NRP;NRP;NRP;NRP;1973;NRP;NRP;1972;NRP
1995;6076;;1;0;2;;;;;;0;2;;;;;;0;4;;;;;;0;2;;;;;;0;3;;;;;;0;2;;;;;;0;2;;;;;;0;4;;;;;;1;1;NSP;;;;;0;2;;;;;;0;3;;;;;;0;1;;;;;;0;4;;;;;;0;4;;;;;;1;1;2014;;;;;Brignais;;;;;J'ai été percuté par l'arrière par une voiture qui a démarré derrière moi a un rond point;;;;;0;0;2;12;27;1;71;15;2014;Brignais;;;;;;;;;;;;;;;;;;;;;;;;;;;;;;;;;;;;;;;;;;;;;;;;;;;;;;;;;;;;;;;;;;;;;;;;;;;;;;;;;;;;;;;;;;;;;;;;;;;;;;;;;;;;;;;;;;;;;;;;;;;;;;;;;;;;;;;;;;;;;;;;;;;;;;;;;;;;;28APR1960;5;1;3;2;4;4;2;NRP;;;;3;0;0;1;0;1;BMW;1200;R1200GS;TRAIL / SUPERMOTARD;2;2004;37;1;2;7000;7;;;;;;;;;;;;;;;;;;;;;;;;;;;;;;;;;;;;;;;;;;;;;7000;2;3;4;;;;;;;NRP;NRP;NRP;1976;1988;NRP;NRP;1978;NRP
536;6077;;1;0;2;;;;;;0;5;;;;;;0;3;;;;;;0;4;;;;;;0;3;;;;;;1;2;NSP;;;;;0;3;;;;;;0;2;;;;;;1;5;NSP;;;;;0;5;;;;;;0;5;;;;;;0;2;;;;;;0;2;;;;;;0;5;;;;;;0;;;;;;;;;;;;;;;;;;;5;1;15;1;26;6;0;;;;;;;;;;;;;;;;;;;;;;;;;;;;;;;;;;;;;;;;;;;;;;;;;;;;;;;;;;;;;;;;;;;;;;;;;;;;;;;;;;;;;;;;;;;;;;;;;;;;;;;;;;;;;;;;;;;;;;;;;;;;;;;;;;;;;;;;;;;;;;;;;;;;;;;;;;;;;;05NOV1959;5;2;3;2;5;4;3;NRP;;;;3;1;0;1;0;1;KAWASAKI;650;VERSYS;ROADSTER;2;2006;29;3;1;6000;7;;;;;;;;;;;;;;;;;;;;;;;;;;;;;;;;;;;;;;;;;;;;;6000;3;4;;;;;;;;NRP;NRP;NRP;NRP;1980;NRP;NRP;1978;NRP
41;6084;225;1;1;5;1984;;;;;0;5;;;;;;1;6;1980;;;;;0;2;;;;;;0;5;;;;;;0;4;;;;;;0;4;;;;;;0;5;;;;;;0;5;;;;;;0;2;;;;;;0;5;;;;;;0;4;;;;;;0;4;;;;;;0;2;;;;;;0;;;;;;;;;;;;;;;;;;;2;0;35;1;1;1;1984;;1984;Vous circuliez sur un axe prioritaire. Un autre véhicule arrivant sur le même axe en sens opposé vous a coupé la route en tournant à gauche.;1;;;;;;;je roulais suer l'axe principal à vitesse normal 90 km/h .un vehicule sur ma gauche qui sortait d'un champ m'a coupé la route et m'a percuté;le véhicule qui m'a coupé la route a marqué une pose avant de redémarrer et je croyais qu'il m'avait vu , mais ce n'était pas le cas;comme je croyais qu'il m'avait vu , j'ai réagi trop tardivement en essayant de freiner et de l'eviter l'autre usagé etait une personne agé au volant d'une 2 cv il était autant choqué que moi;NRP;0;;;je croyais qu'il m'avait vu;2;0;;;;;;1;2;6;;;;;3;1;;;;2;;je croyais qu'il m'avait vu;4;3;;;3;1;4;4;2;1;2;1;3;3;4;4;4;5;;;;;;;;;2;;;;;;;;;2;2;;2;2;1;1;5;95;0;0;0;2;;;;;;1;1;;;;2;1;4;;;;;;;1;0;2;2;3;;1;90;1;2;5;;;;;;;;4;4;4;4;4;4;BMW;1000;R100RT;Routière / GT;2;1;1;1;1;1;1;1;1;1;1;NSP;12;4;1;BMW;600;R60/6;ROADSTER;2;4;4;06MAY1961;6;1;3;2;2;3;;NRP;;;;2;1;0;1;0;1;BMW;750;K75RT;Routière / GT;2;1994;37;3;1;3000;7;;;;;;;;;;;;;;;;;;;;;;;;;;;;;;;;;;;;;;;;;;;;;3000;3;4;;;;;;;;NRP;NRP;NRP;NRP;1979;NRP;NRP;1984;NRP
2145;6086;;1;0;5;;;;;;1;5;1990;;;;;0;5;;;;;;0;4;;;;;;1;5;1994;;;;;1;5;NSP;;;;;1;4;1987;;;;;0;3;;;;;;0;4;;;;;;0;5;;;;;;0;5;;;;;;1;4;1987;;;;;0;4;;;;;;0;3;;;;;;0;;;;;;;;;;;;;;;;;;;3;4;26;1;21;5;1994;;;;;;;;;;;;;;;;;;;;;;;;;;;;;;;;;;;;;;;;;;;;;;;;;;;;;;;;;;;;;;;;;;;;;;;;;;;;;;;;;;;;;;;;;;;;;;;;;;;;;;;;;;;;;;;;;;;;;;;;;;;;;;;;;;;;;;;;;;;;;;;;;;;;;;;;;;;;;;27JUN1958;7;2;3;2;2;3;;NRP;;;;3;1;0;1;0;1;HONDA;1000;VARADERO;TRAIL / SUPERMOTARD;2;2007;29;1;2;6000;7;;;;;;;;;;;;;;;;;;;;;;;;;;;;;;;;;;;;;;;;;;;;;6000;3;4;;;;;;;;NRP;NRP;NRP;NRP;1989;NRP;NRP;1977;NRP
878;6087;;0;;;;;;;;;;;;;;;;;;;;;;;;;;;;;;;;;;;;;;;;;;;;;;;;;;;;;;;;;;;;;;;;;;;;;;;;;;;;;;;;;;;;;;;;;;;;;;;;;;;;;;;;;;;;;;;;;;;;;;;;;;;;;;;;;;;;;;;;;;;;;;;;;;;;;;;;;;;;;;;;;;;;;;;;;;;;;;;;;;;;;;;;;;;;;;;;;;;;;;;;;;;;;;;;;;;;;;;;;;;;;;;;;;;;;;;;;;;;;;;;;;;;;;;;;;;;;;;;;;;;;;;;;;;;;;;;;;;;;;;;;;27APR1989;10;2;3;1;3;5;0;NRP;;;;3;0;0;1;0;1;HONDA;600;HORNET;ROADSTER;2;2008;10;2;1;9000;4;;;;;;;;;;;;;;;;;;;;;;;;;;;;;;;;;;;;;;;;;;;;;9000;1;2;3;4;;;;;;2005;NRP;NRP;2009;2009;NRP;NRP;2007;NRP
1156;6088;;0;;;;;;;;;;;;;;;;;;;;;;;;;;;;;;;;;;;;;;;;;;;;;;;;;;;;;;;;;;;;;;;;;;;;;;;;;;;;;;;;;;;;;;;;;;;;;;;;;;;;;;;;;;;;;;;;;;;;;;;;;;;;;;;;;;;;;;;;;;;;;;;;;;;;;;;;;;;;;;;;;;;;;;;;;;;;;;;;;;;;;;;;;;;;;;;;;;;;;;;;;;;;;;;;;;;;;;;;;;;;;;;;;;;;;;;;;;;;;;;;;;;;;;;;;;;;;;;;;;;;;;;;;;;;;;;;;;;;;;;;;;24MAR1960;5;2;3;2;4;4;2;NRP;;;;1;0;0;2;0;2;BMW;1150;R1150R;ROADSTER;2;2005;29;1;2;7000;7;HONDA;650;NTV (REVERE);ROADSTER;2;1990;30;3;2;300;7;;;;;;;;;;;;;;;;;;;;;;;;;;;;;;;;;;7300;3;4;;;;;;;;NRP;NRP;NRP;NRP;1981;NRP;NRP;1987;NRP
1505;6089;;0;;;;;;;;;;;;;;;;;;;;;;;;;;;;;;;;;;;;;;;;;;;;;;;;;;;;;;;;;;;;;;;;;;;;;;;;;;;;;;;;;;;;;;;;;;;;;;;;;;;;;;;;;;;;;;;;;;;;;;;;;;;;;;;;;;;;;;;;;;;;;;;;;;;;;;;;;;;;;;;;;;;;;;;;;;;;;;;;;;;;;;;;;;;;;;;;;;;;;;;;;;;;;;;;;;;;;;;;;;;;;;;;;;;;;;;;;;;;;;;;;;;;;;;;;;;;;;;;;;;;;;;;;;;;;;;;;;;;;;;;;;20JUL1983;10;2;3;2;2;3;;NRP;;;;2;0;0;2;0;2;TRIUMPH;675;STREET TRIPLE R;ROADSTER;2;2011;33;2;1;10000;7;SUZUKI;750;GSR;ROADSTER;2;2012;29;3;1;5000;7;;;;;;;;;;;;;;;;;;;;;;;;;;;;;;;;;;15000;3;4;;;;;;;;NRP;NRP;NRP;NRP;2007;NRP;NRP;2002;NRP
838;6091;;0;;;;;;;;;;;;;;;;;;;;;;;;;;;;;;;;;;;;;;;;;;;;;;;;;;;;;;;;;;;;;;;;;;;;;;;;;;;;;;;;;;;;;;;;;;;;;;;;;;;;;;;;;;;;;;;;;;;;;;;;;;;;;;;;;;;;;;;;;;;;;;;;;;;;;;;;;;;;;;;;;;;;;;;;;;;;;;;;;;;;;;;;;;;;;;;;;;;;;;;;;;;;;;;;;;;;;;;;;;;;;;;;;;;;;;;;;;;;;;;;;;;;;;;;;;;;;;;;;;;;;;;;;;;;;;;;;;;;;;;;;;01MAR1959;6;1;3;2;2;3;;NRP;;;;2;0;0;2;0;2;TRIUMPH;800;BONNEVILLE T100;ROADSTER;2;2004;37;2;2;3500;5;TRIUMPH;955;SPRINT ST;Routière / GT;2;2005;37;4;1;2000;7;;;;;;;;;;;;;;;;;;;;;;;;;;;;;;;;;;5500;2;3;4;7;;;;;;NRP;NRP;1980;1980;1995;NRP;NRP;1980;NRP
1683;6092;;1;1;5;2006;;;;;0;4;;;;;;0;5;;;;;;0;1;;;;;;0;5;;;;;;0;3;;;;;;0;2;;;;;;0;5;;;;;;0;4;;;;;;0;4;;;;;;0;5;;;;;;0;3;;;;;;0;2;;;;;;0;5;;;;;;0;;;;;;;;;;;;;;;;;;;0;0;10;1;1;1;2006;;;;;;;;;;;;;;;;;;;;;;;;;;;;;;;;;;;;;;;;;;;;;;;;;;;;;;;;;;;;;;;;;;;;;;;;;;;;;;;;;;;;;;;;;;;;;;;;;;;;;;;;;;;;;;;;;;;;;;;;;;;;;;;;;;;;;;;;;;;;;;;;;;;;;;;;;;;;;;28OCT1973;8;2;3;2;4;4;2;NRP;;;;2;0;0;1;0;1;YAMAHA;1000;THUNDER ACE (YZF-R);SPORTIVE;2;1997;2;2;1;8000;4;;;;;;;;;;;;;;;;;;;;;;;;;;;;;;;;;;;;;;;;;;;;;8000;3;4;;;;;;;;NRP;NRP;NRP;NRP;2005;NRP;NRP;1992;NRP
787;6093;;0;;;;;;;;;;;;;;;;;;;;;;;;;;;;;;;;;;;;;;;;;;;;;;;;;;;;;;;;;;;;;;;;;;;;;;;;;;;;;;;;;;;;;;;;;;;;;;;;;;;;;;;;;;;;;;;;;;;;;;;;;;;;;;;;;;;;;;;;;;;;;;;;;;;;;;;;;;;;;;;;;;;;;;;;;;;;;;;;;;;;;;;;;;;;;;;;;;;;;;;;;;;;;;;;;;;;;;;;;;;;;;;;;;;;;;;;;;;;;;;;;;;;;;;;;;;;;;;;;;;;;;;;;;;;;;;;;;;;;;;;;;11JUN1964;7;2;3;2;2;3;;NRP;;;;2;0;0;1;0;1;HONDA;1000;CBR1000F;Routière / GT;2;2009;2;3;1;4000;7;;;;;;;;;;;;;;;;;;;;;;;;;;;;;;;;;;;;;;;;;;;;;4000;4;3;;;;;;;;NRP;NRP;NRP;NRP;2006;NRP;NRP;1982;NRP
1403;6094;;1;0;4;;;;;;0;5;;;;;;0;4;;;;;;0;3;;;;;;1;4;2009;;;;;0;4;;;;;;0;3;;;;;;0;5;;;;;;1;5;2010;;;;;0;5;;;;;;0;4;;;;;;0;3;;;;;;1;3;2009;;;;;0;3;;;;;;0;;;;;;;;;;;;;;;;;;;12;4;8;1;21;5;2009;;;;;;;;;;;;;;;;;;;;;;;;;;;;;;;;;;;;;;;;;;;;;;;;;;;;;;;;;;;;;;;;;;;;;;;;;;;;;;;;;;;;;;;;;;;;;;;;;;;;;;;;;;;;;;;;;;;;;;;;;;;;;;;;;;;;;;;;;;;;;;;;;;;;;;;;;;;;;;14JAN1985;5;1;3;2;1;1;;NRP;;;;1;0;0;3;0;3;BUELL;1200;M2 CYCLONE;ROADSTER;2;2001;37;2;1;10000;7;BUELL;1200;XB12-SS;ROADSTER;2;2008;37;2;1;10000;7;SUZUKI;650;DR 650 RSE;TRAIL / SUPERMOTARD;2;1993;37;2;2;10000;7;;;;;;;;;;;;;;;;;;;;;;;30000;3;4;;;;;;;;NRP;NRP;NRP;NRP;2003;NRP;NRP;2003;NRP
941;6095;72;1;0;4;;;;;;1;4;1986;;;;;0;4;;;;;;0;4;;;;;;1;5;1979;;;;;0;4;;;;;;0;2;;;;;;0;3;;;;;;1;4;1983;;;;;0;3;;;;;;0;4;;;;;;0;3;;;;;;0;3;;;;;;0;4;;;;;;1;1;1985;;;;;Spa-Francorcham;;;;;"Près du circuit, nous avons été percuté DE FACE par une moto ! Heureusement pour nous, c'était en Belgique où les motards sont nettement mieux considérés que ""chez nous"" car nous étions 2 français, percutés par un casseur hollandais, sans papiers et la moto ne lui appartenait pas !";;;;;0;0;5;0;42;1;6;2;1986;;1986;Vous circuliez derrière un véhicule. Ce véhicule a ralenti. Vous avez entrepris de dépasser ce véhicule par la gauche et celui-ci vous a coupé la route en tournant à gauche (ou en effectuant un ½ tour;AUT|le plus débile !;;;;;;;"Dans une petite agglomération près de chez moi, vers 10H du matin, je suivais, à moto, une conductrice en voiture qui actionne son clignotant droit, ralentit tout en se serrant à droite et je me dis qu'elle va stationner sur le trottoir.    Comme je me baladais cool (en agglo), limite en sous-régime, je déboite pour la doubler sur la gauche, sans même accélérer, après avoir vérifié qu'il n'y a personne ni devant ni derrière et mon cligno mis.    Évidemment, lorsque j'arrive à la hauteur de sa portière, elle tourne brutalement à gauche pour faire 1/2 tour et, tout en me regardant, comme tétanisée, elle poursuit cependant sa manoeuvre en m'emmenant directement sur un poteau électrique en béton que je percute de plein fouet et qui fracasse la mentonnière de mon intégral.    J'avais pourtant commencé une manoeuvre d'évitement et si elle s'était arrêtée tout de suite en me voyant, je pense que j'aurais pu passer ... mais sans certitude car la route n'est pas très large !     Lorsque les gendarmes de la localité arrivent, très vite puisque la brigade est à moins d'1 km de là, je suis assis par terre toujours sonné, je saigne de la bouche et j'essaye de récupérer mais lorsqu'ils commencent à m'interroger et que je râle amèrement contre la conductrice, ils me déclarent : ""Vous les motards on vous connait alors si vous la ramenez trop, on va chercher ! Et quand on cherche, nous on trouve !""    Un brave homme qui s'était arrêté pour me porter secours réagit vivement à ce discours et déclare aux gendarmes qu'il a tout vu, que je ne roulais pas vite et qu'il veut témoigner en ma faveur mais il se fait virer comme un malpropre par les pandores qui le menacent également de ""représailles"" s'il insiste.    Il s'éloigne mais il revient peu après et me donne un papier où il a noté ses coordonnées ""au cas où"", ce qui énerve visiblement encore plus les défenseurs de ""la veuve et de l'orphelin"" qui ne s'y attendaient pas.    Entre-temps, les pompiers sont arrivés et s'apprêtent à m'embarquer pour l'hosto lorsqu'un des 2 gendarmes veut me faire souffler dans le ballon : je l'ai alors envoyé chi** comme il se doit !    En fait, ils ne connaissaient personne des 2 protagonistes mais ils ne voulaient surtout pas avoir de dossier à remplir alors ils ont dit à la dame de revenir me voir plus tard pour faire un constat, que nous avons rédigé quelques jours après !";Il me semble pourtant que ma description précédente est suffisamment claire pour ne pas avoir à en rajouter !;Il me semble pourtant que ma description précédente est suffisamment claire pour ne pas avoir à en rajouter !;AUT|J'ai réagi comme expliqué précédemment : manoeuvre d'évitement !;1;J'aurais pu rester derrière et attendre qu'elle termine sa manoeuvre et si elle s'était garée, attendre que son moteur soit coupé et qu'elle soit descendue avant de re-démarrer ... avec le risque de me faire percuter par l'arrière durant mon arrêt sur la chaussée !    Mais surtout, j'aurais pu (du ?) ne pas rouler à moto !    Sinon, même si je peux comprendre que ces questions peuvent avoir de l'intérêt dans certains cas précis, j'avoue qu'en ce qui me concerne, elles tournent vraiment au gag !;C'est à dire : m'être arrêté en attendant qu'elle fasse ce qu'elle avait à faire ?     Alors on passerait toute sa vie à l'arrêt car il me semble que, mettre son cligno DROIT, serrer à DROITE pour tourner à GAUCHE sans s'inquiéter de ce qui arrive derrière ... bin ... ça l'fait pas trop comme disent les d'jeun's et ça semble assez imparable !!!;;1;1;2;;NSP;1;Imaginez que cette voiture n'ait pas été là ... ou même qu'elle se soit garée sur le côté DROIT de la route ...;2;3;;;;;;;1;2;;;;;Devinez !;3;3;;;1;1;4;4;1;1;1;1;1;1;4;4;4;10;;;;;;;;;2;;;;;;;;;2;2;;2;2;1;1;0;100;0;0;0;1;AUT|Il s'agit de la formation de l'autre !;;;;;1;1;;;;2;1;1;3;7;;;;;1;0;2;AUT|Village de province;3;;0;60;1;10;2;3;5;;;;;;4;3;3;2;4;4;HONDA;650;CB650;ROADSTER;2;1;1;1;1;1;1;1;1;1;1;60000;12;4;1;HONDA;550;CB550F;ROADSTER;2;4;3;22JAN1952;9;2;3;2;2;3;;NRP;;;;2;0;0;5;0;5;BMW;1200;R1200R ABS ASC +PACK;ROADSTER;2;2008;29;2;1;10000;7;BMW;1000;K100RS 16S ABS;Routière / GT;2;1993;29;2;1;4000;7;HONDA;800;VFR-F;Routière / GT;2;2000;29;4;1;100;7;HONDA;500;CB  PC32A  MTT1;ROADSTER;2;2000;29;4;1;200;7;YAMAHA;350;RDLC;Routière / GT;2;1990;29;4;1;200;7;14500;3;4;;;;;;;;NRP;NRP;NRP;NRP;1972;NRP;NRP;1971;NRP