Ligne;Ligne Q qualif;Ligne approfondissement Accident;ACCIDENT;NBACC1;ACCFREQUENCE1;ANNEEACC1_1;ANNEEACC1_2;ANNEEACC1_3;ANNEEACC1_4;ANNEEACC1_5;NBACC2;ACCFREQUENCE2;ANNEEACC2_1;ANNEEACC2_2;ANNEEACC2_3;ANNEEACC2_4;ANNEEACC2_5;NBACC3;ACCFREQUENCE3;ANNEEACC3_1;ANNEEACC3_2;ANNEEACC3_3;ANNEEACC3_4;ANNEEACC3_5;NBACC4;ACCFREQUENCE4;ANNEEACC4_1;ANNEEACC4_2;ANNEEACC4_3;ANNEEACC4_4;ANNEEACC4_5;NBACC5;ACCFREQUENCE5;ANNEEACC5_1;ANNEEACC5_2;ANNEEACC5_3;ANNEEACC5_4;ANNEEACC5_5;NBACC6;ACCFREQUENCE6;ANNEEACC6_1;ANNEEACC6_2;ANNEEACC6_3;ANNEEACC6_4;ANNEEACC6_5;NBACC7;ACCFREQUENCE7;ANNEEACC7_1;ANNEEACC7_2;ANNEEACC7_3;ANNEEACC7_4;ANNEEACC7_5;NBACC8;ACCFREQUENCE8;ANNEEACC8_1;ANNEEACC8_2;ANNEEACC8_3;ANNEEACC8_4;ANNEEACC8_5;NBACC9;ACCFREQUENCE9;ANNEEACC9_1;ANNEEACC9_2;ANNEEACC9_3;ANNEEACC9_4;ANNEEACC9_5;NBACC10;ACCFREQUENCE10;ANNEEACC10_1;ANNEEACC10_2;ANNEEACC10_3;ANNEEACC10_4;ANNEEACC10_5;NBACC11;ACCFREQUENCE11;ANNEEACC11_1;ANNEEACC11_2;ANNEEACC11_3;ANNEEACC11_4;ANNEEACC11_5;NBACC12;ACCFREQUENCE12;ANNEEACC12_1;ANNEEACC12_2;ANNEEACC12_3;ANNEEACC12_4;ANNEEACC12_5;NBACC13;ACCFREQUENCE13;ANNEEACC13_1;ANNEEACC13_2;ANNEEACC13_3;ANNEEACC13_4;ANNEEACC13_5;NBACC14;ACCFREQUENCE14;ANNEEACC14_1;ANNEEACC14_2;ANNEEACC14_3;ANNEEACC14_4;ANNEEACC14_5;AUTRESACC;NBAUTRESACC;ANNEEAUTREACC1;ANNEEAUTREACC2;ANNEEAUTREACC3;ANNEEAUTREACC4;ANNEEAUTREACC5;LIEUAUTREACC1;LIEUAUTREACC2;LIEUAUTREACC3;LIEUAUTREACC4;LIEUAUTREACC5;DESCRIPTIONAUTRESACC1;DESCRIPTIONAUTRESACC2;DESCRIPTIONAUTRESACC3;DESCRIPTIONAUTRESACC4;DESCRIPTIONAUTRESACC5;NBAUTRESACCCIRCUIT;NBAUTRESTOUTTERRAIN;EXPCYCLO;EXP125;EXPSUP125;ACCORDNEXTQ;CHOIXACC;RGPMTACC;RECUPANNEE;RECUPLIEU;RECUPANNE;RGPMTAC;CHOIX1;CHOIX2;CHOIX3;CHOIX4;CHOIX5;CHOIX6;CHOIX7;DESCRIPTION;RUPTURE;FAITS;ABS_REACTION;AUTRE_REACTION;PRECISIONREACTIONOUI;RECUL;PRECISIONREACTIONNON;IMPACTCOMPORTEMENT;AUTREUSAGER;REACTIONAUTREUSAGER;CONNAISSANCEREACTIONUSAGER;DIFFICULTES;AGGRAVATION;DIFFICULTES2;EMOTIONS1;EMOTIONS2;EMOTIONS3;EMOTIONS4;EMOTIONS5;EMOTIONS6;AUTRESENTIMENT;CLASSEMENTEMOTIONS1;CLASSEMENTEMOTIONS;CLASSEMENTEMOTIONS5;CLASSEMENTEMOTIONS6;CLASSEMENTEMOTIONS7;CLASSEMENTEMOTIONS8;CLASSEMENTEMOTIONS9;EXPLICATIONRESSENTI;BIENEQUIPE;ALLURE;ALLUREVITEDETAIL;ALLURELENTEDETAIL;SITUATIONPRESSE;SITUATIONDISTRAIT;SITUATIONCONFIANT;SITUATIONCONTROLE;SITUATIONLUDIQUE;SITUATIONPERF;SITUATIONSTRESS;SITUATIONFATIGUE;HUMEURNEUTRE;HUMEURGAI;HUMEURMECONTENT;HUMEURTRISTE;HUMEURCOLERE;CONTRIBUTION1;CONTRIBUTION2;CONTRIBUTION3;CONTRIBUTION4;CONTRIBUTION5;CONTRIBUTION6;CONTRIBUTION7;CONTRIBUTION8;CONTRIBUTION9;ROLEINFRA;ELEMENTINFRA1;ELEMENTINFRA2;ELEMENTINFRA3;ELEMENTINFRA4;ELEMENTINFRA5;ELEMENTINFRA6;ELEMENTINFRA7;ELEMENTINFRA8;ELEMENTINFRA9;ALCOOL;TXALCOOL;STUP;SEMAINE;MOMENTJOURNEE;TEMPS;CAUSEACC1;CAUSEACC2;CAUSEACC3;CAUSEACC4;CAUSEACC5;FORMATIONCAUSE;FORMATION1;FORMATION2;FORMATION3;FORMATION4;FORMATION5;TRAFIC;CHAUSSEE1;CHAUSSEE2;CHAUSSEE3;CHAUSSEE4;TYPEACC;BLESSURE;TETE;COU;THORAX;MEMBRESSUP;COLONNE;BASSIN;MEMBRESINF;HOPITAL;PLUS24H;TRAJET;TYPEROUTE;MOTIF;SENSTRAJET;PASSAGER;VITESSE;DESCEQ1;DESCEQ2;DESCEQ3;DESCEQ4;DESCEQ5;DESCEQ6;DESCEQ7;DESCEQ8;DESCEQ9;DESCEQ10;VEHICULEETE;VEHICULEAUTOMNE;VEHICULEPRINTEMPS;VEHICULEHIVER;VEHICULESEMAINE;VEHICULEWE;VEHMARQUE;VEHCYLINDREE;VEHMODELE;VEHSEGMENT;VEHSIDE;EQ2RMABS;EQ2RMCBS;EQ2RMABSCBS;EQ2RMREGULATEUR;EQ2RMLIMITEUR;EQ2RMPHARESDIRECT;EQ2RMCOUPURE;EQ2RMANTIPATINAGE;EQ2RMANTIXHEELING;EQ2RMSTABILILTE;VEHKM;POINTS;DUREE;AUTRE2RM;VEHPRECMARQUE;VEHPRECCYLINDREE;VEHPRECMODELE;VEHPRECSEGMENT;VEHPRECSIDE;TEMPS2RMPREC;FREQVEHPREC;DATE_NAISS;CSP;SOCIETAIRE;SALARIE;SECTEUR2RM;NBPERSFOYER;SITFAM;NBENF;TRNBENF1;TRNBENF2;TRNBENF3;TRNBENF4;NBAUTOFOYER;NBCYCLOFOYER;NBSCOOTFOYER;NBMOTOFOYER;NBTRIKEFOYER;NB2RMCONDUIT;MARQUE1;CYLINDREE1;MODELE1;SEGMENT1;SIDE1;ANMISECIRCU1;ASS1;FREQ1;USAGE1;NBKM1;GARAGE1;MARQUE2;CYLINDREE2;MODELE2;SEGMENT2;SIDE2;ANMISECIRCU2;ASS2;FREQ2;USAGE2;NBKM2;GARAGE2;MARQUE3;CYLINDREE3;MODELE3;SEGMENT3;SIDE3;ANMISECIRCU3;ASS3;FREQ3;USAGE3;NBKM3;GARAGE3;MARQUE4;CYLINDREE4;MODELE4;SEGMENT4;SIDE4;ANMISECIRCU4;ASS4;FREQ4;USAGE4;NBKM4;GARAGE4;MARQUE5;CYLINDREE5;MODELE5;SEGMENT5;SIDE5;ANMISECIRCU5;ASS5;FREQ5;USAGE5;NBKM5;GARAGE5;NBKMTOT;PERMIS1;PERMIS2;PERMIS3;PERMIS4;PERMIS5;PERMIS6;PERMIS7;PERMIS8;PERMIS9;ANPERMIS1;ANPERMIS6;ANPERMIS7;ANPERMIS2;ANPERMIS3;ANPERMIS8;ANPERMIS9;ANPERMIS4;ANPERMIS5
839;6097;;0;;;;;;;;;;;;;;;;;;;;;;;;;;;;;;;;;;;;;;;;;;;;;;;;;;;;;;;;;;;;;;;;;;;;;;;;;;;;;;;;;;;;;;;;;;;;;;;;;;;;;;;;;;;;;;;;;;;;;;;;;;;;;;;;;;;;;;;;;;;;;;;;;;;;;;;;;;;;;;;;;;;;;;;;;;;;;;;;;;;;;;;;;;;;;;;;;;;;;;;;;;;;;;;;;;;;;;;;;;;;;;;;;;;;;;;;;;;;;;;;;;;;;;;;;;;;;;;;;;;;;;;;;;;;;;;;;;;;;;;;;;20JAN1961;7;1;3;2;2;3;;NRP;;;;1;0;0;1;1;2;KAWASAKI;1000;VERSYS;ROADSTER;2;2012;37;2;1;3000;7;BRP CAN-AM;1000;CAN-AM SPYDER RS SM5 PAC;SIDE-CAR / TRIKE;2;2010;37;2;1;2000;7;;;;;;;;;;;;;;;;;;;;;;;;;;;;;;;;;;5000;3;4;;;;;;;;NRP;NRP;NRP;NRP;1992;NRP;NRP;1981;NRP
1950;6099;;1;0;6;;;;;;1;5;2014;;;;;0;5;;;;;;0;2;;;;;;0;6;;;;;;0;6;;;;;;0;2;;;;;;0;3;;;;;;0;3;;;;;;0;5;;;;;;0;4;;;;;;0;2;;;;;;0;4;;;;;;0;3;;;;;;0;;;;;;;;;;;;;;;;;;;4;2;3;1;6;2;2014;;;;;;;;;;;;;;;;;;;;;;;;;;;;;;;;;;;;;;;;;;;;;;;;;;;;;;;;;;;;;;;;;;;;;;;;;;;;;;;;;;;;;;;;;;;;;;;;;;;;;;;;;;;;;;;;;;;;;;;;;;;;;;;;;;;;;;;;;;;;;;;;;;;;;;;;;;;;;;19MAY1981;5;2;3;2;2;3;;NRP;;;;4;4;0;4;0;4;YAMAHA;600;XJ-N;ROADSTER;2;1997;19;2;2;4000;7;HONDA;125;CA REBEL;CUSTOM;2;1996;40;3;1;1000;7;YAMAHA;600;XJ-N;ROADSTER;2;1997;19;4;1;500;7;HONDA;125;CG;ROADSTER;2;2005;40;4;1;500;7;;;;;;;;;;;;6000;2;3;4;5;;;;;;NRP;NRP;NRP;1999;2013;NRP;NRP;1999;2011
678;6100;;0;;;;;;;;;;;;;;;;;;;;;;;;;;;;;;;;;;;;;;;;;;;;;;;;;;;;;;;;;;;;;;;;;;;;;;;;;;;;;;;;;;;;;;;;;;;;;;;;;;;;;;;;;;;;;;;;;;;;;;;;;;;;;;;;;;;;;;;;;;;;;;;;;;;;;;;;;;;;;;;;;;;;;;;;;;;;;;;;;;;;;;;;;;;;;;;;;;;;;;;;;;;;;;;;;;;;;;;;;;;;;;;;;;;;;;;;;;;;;;;;;;;;;;;;;;;;;;;;;;;;;;;;;;;;;;;;;;;;;;;;;;25JAN1950;5;1;3;2;2;3;;NRP;;;;2;0;0;1;0;1;SUZUKI;1400;GSX;ROADSTER;2;2001;37;3;1;3000;7;;;;;;;;;;;;;;;;;;;;;;;;;;;;;;;;;;;;;;;;;;;;;3000;2;3;;;;;;;;NRP;NRP;NRP;1986;1968;NRP;NRP;NRP;NRP
845;6106;;1;1;4;NSP;;;;;1;6;1982;;;;;1;5;1982;;;;;0;5;;;;;;3;5;NSP;NSP;NSP;;;0;4;;;;;;0;4;;;;;;0;4;;;;;;0;4;;;;;;0;4;;;;;;0;5;;;;;;0;1;;;;;;0;4;;;;;;0;4;;;;;;1;2;NSP;NSP;;;;montpellier;campagne;;;;ouverture de portiere sans attention;de la glace a chute d'un camion elle se trouvee sur la bache et dans une courbe la force centrifuge la ejecte au moment ou je double.;;;;0;10;2;2;36;1;1;1;0;;;;;;;;;;;;;;;;;;;;;;;;;;;;;;;;;;;;;;;;;;;;;;;;;;;;;;;;;;;;;;;;;;;;;;;;;;;;;;;;;;;;;;;;;;;;;;;;;;;;;;;;;;;;;;;;;;;;;;;;;;;;;;;;;;;;;;;;;;;;;;;;;;;;;;;;;;;;;;14OCT1960;2;1;3;2;2;3;;NRP;;;;2;0;0;4;0;4;HONDA;650;TRANSALP;TRAIL / SUPERMOTARD;2;2004;37;3;1;15000;7;HONDA;600;TRANSALP;TRAIL / SUPERMOTARD;2;1992;37;3;1;15000;7;HONDA;650;DOMINATOR;TRAIL / SUPERMOTARD;2;1990;37;4;1;0;7;BMW;800;R80RT;Routière / GT;2;1980;37;4;1;0;7;;;;;;;;;;;;30000;3;4;;;;;;;;NRP;NRP;NRP;NRP;1979;NRP;NRP;1980;NRP
1775;6108;;1;0;6;;;;;;0;6;;;;;;0;6;;;;;;0;1;;;;;;0;4;;;;;;0;3;;;;;;0;5;;;;;;0;4;;;;;;1;5;2014;;;;;0;4;;;;;;1;6;2014;;;;;1;5;2014;;;;;0;4;;;;;;0;3;;;;;;0;;;;;;;;;;;;;;;;;;;5;0;5;1;51;11;2014;;;;;;;;;;;;;;;;;;;;;;;;;;;;;;;;;;;;;;;;;;;;;;;;;;;;;;;;;;;;;;;;;;;;;;;;;;;;;;;;;;;;;;;;;;;;;;;;;;;;;;;;;;;;;;;;;;;;;;;;;;;;;;;;;;;;;;;;;;;;;;;;;;;;;;;;;;;;;;18SEP1984;7;2;3;1;3;4;1;NRP;;;;2;0;0;1;0;1;SUZUKI;600;BANDIT-N;ROADSTER;2;2004;28;1;2;9000;5;;;;;;;;;;;;;;;;;;;;;;;;;;;;;;;;;;;;;;;;;;;;;9000;3;4;;;;;;;;NRP;NRP;NRP;NRP;2010;NRP;NRP;2007;NRP
25;6109;;0;;;;;;;;;;;;;;;;;;;;;;;;;;;;;;;;;;;;;;;;;;;;;;;;;;;;;;;;;;;;;;;;;;;;;;;;;;;;;;;;;;;;;;;;;;;;;;;;;;;;;;;;;;;;;;;;;;;;;;;;;;;;;;;;;;;;;;;;;;;;;;;;;;;;;;;;;;;;;;;;;;;;;;;;;;;;;;;;;;;;;;;;;;;;;;;;;;;;;;;;;;;;;;;;;;;;;;;;;;;;;;;;;;;;;;;;;;;;;;;;;;;;;;;;;;;;;;;;;;;;;;;;;;;;;;;;;;;;;;;;;;21JUL1986;7;2;3;2;2;3;;NRP;;;;1;0;0;1;0;1;YAMAHA;800;FAZER8;ROADSTER;2;2012;24;1;2;15000;6;;;;;;;;;;;;;;;;;;;;;;;;;;;;;;;;;;;;;;;;;;;;;15000;1;3;4;5;;;;;;2000;NRP;NRP;NRP;2011;NRP;NRP;2004;2011
1633;6110;;0;;;;;;;;;;;;;;;;;;;;;;;;;;;;;;;;;;;;;;;;;;;;;;;;;;;;;;;;;;;;;;;;;;;;;;;;;;;;;;;;;;;;;;;;;;;;;;;;;;;;;;;;;;;;;;;;;;;;;;;;;;;;;;;;;;;;;;;;;;;;;;;;;;;;;;;;;;;;;;;;;;;;;;;;;;;;;;;;;;;;;;;;;;;;;;;;;;;;;;;;;;;;;;;;;;;;;;;;;;;;;;;;;;;;;;;;;;;;;;;;;;;;;;;;;;;;;;;;;;;;;;;;;;;;;;;;;;;;;;;;;;12JUN1968;8;1;3;2;4;4;2;NRP;;;;1;2;0;1;0;1;HONDA;1000;CBR1000F;Routière / GT;2;1995;37;2;2;5000;7;;;;;;;;;;;;;;;;;;;;;;;;;;;;;;;;;;;;;;;;;;;;;5000;3;4;;;;;;;;NRP;NRP;NRP;NRP;1991;NRP;NRP;1996;NRP
926;6113;;0;;;;;;;;;;;;;;;;;;;;;;;;;;;;;;;;;;;;;;;;;;;;;;;;;;;;;;;;;;;;;;;;;;;;;;;;;;;;;;;;;;;;;;;;;;;;;;;;;;;;;;;;;;;;;;;;;;;;;;;;;;;;;;;;;;;;;;;;;;;;;;;;;;;;;;;;;;;;;;;;;;;;;;;;;;;;;;;;;;;;;;;;;;;;;;;;;;;;;;;;;;;;;;;;;;;;;;;;;;;;;;;;;;;;;;;;;;;;;;;;;;;;;;;;;;;;;;;;;;;;;;;;;;;;;;;;;;;;;;;;;;31MAY1958;6;2;3;2;2;3;;NRP;;;;2;0;0;2;0;1;TRIUMPH;800;BONNEVILLE;ROADSTER;2;2009;31;1;1;20000;7;;;;;;;;;;;;;;;;;;;;;;;;;;;;;;;;;;;;;;;;;;;;;20000;2;3;4;;;;;;;NRP;NRP;NRP;1979;2009;NRP;NRP;1979;NRP
2179;6114;;0;;;;;;;;;;;;;;;;;;;;;;;;;;;;;;;;;;;;;;;;;;;;;;;;;;;;;;;;;;;;;;;;;;;;;;;;;;;;;;;;;;;;;;;;;;;;;;;;;;;;;;;;;;;;;;;;;;;;;;;;;;;;;;;;;;;;;;;;;;;;;;;;;;;;;;;;;;;;;;;;;;;;;;;;;;;;;;;;;;;;;;;;;;;;;;;;;;;;;;;;;;;;;;;;;;;;;;;;;;;;;;;;;;;;;;;;;;;;;;;;;;;;;;;;;;;;;;;;;;;;;;;;;;;;;;;;;;;;;;;;;;29AUG1972;5;2;3;2;1;1;;NRP;;;;1;0;0;1;0;1;YAMAHA;600;XJ6;ROADSTER;2;2009;24;3;1;5000;7;;;;;;;;;;;;;;;;;;;;;;;;;;;;;;;;;;;;;;;;;;;;;5000;4;3;;;;;;;;NRP;NRP;NRP;NRP;2011;NRP;NRP;1997;NRP
137;6117;377;1;0;4;;;;;;2;5;1998;2000;;;;0;5;;;;;;0;3;;;;;;0;5;;;;;;0;5;;;;;;0;4;;;;;;0;5;;;;;;1;4;2000;;;;;0;5;;;;;;1;6;1998;;;;;0;3;;;;;;0;4;;;;;;0;3;;;;;;0;;;;;;;;;;;;;;;;;;;3;0;19;1;51;11;1998;;1998;"Vous circuliez sur un axe constitué d’au moins "" 2 X 2 voies "" (en urbain, périph, autoroute, RN …). Un véhicule vous a coupé la route en changeant de voie pour se placer sur celle de gauche.";3;;;;;;;chaussée humide 40 kmh ,un 50 cm3 me double par la gauche et me coupe la route pour tourner a droite immediatement ...blocage de roue avant, chute pas de bobos graves pour moi , 5000 € de réparation la chance assuré tout-risque mais la haine aprés cet ado inconcient;l'instinct du freinage fort et oui, maintenant j'ai l'ABS;j' ai relevé ma bullgog tout seul, les ados a l'arrêt de bus me regardaient bêtement mais personne n'a bougé quand a celui qui a provoqué ma chute a disparu dans le collège;1;1;j'airai freiné moins fort;l'instinct;;3;0;;;;;;2;6;;;;;;;1;;;;2;;on vous coupe la route vous faites quoi vous ?;4;3;;;1;1;3;2;1;1;1;1;1;5;5;5;5;10;;;;;;;;;1;3;AUT|coussin berlinois;;;;;;;2;2;;2;1;1;2;0;85;0;10;5;2;;;;;;1;2;;;;1;;;;;;;;;;;2;1;3;;0;40;1;10;2;3;4;7;;;;;4;4;4;4;4;4;YAMAHA;1100;BULLDOG (BT);ROADSTER;2;1;1;1;1;1;1;1;1;1;1;30000;12;3;1;SUZUKI;800;VX CARENEE;ROADSTER;2;3;4;26MAY1957;6;2;3;2;2;3;;NRP;;;;1;0;0;1;0;1;YAMAHA;1300;FJR ABS  AS;Routière / GT;2;2006;40;1;2;15000;4;;;;;;;;;;;;;;;;;;;;;;;;;;;;;;;;;;;;;;;;;;;;;15000;4;3;;;;;;;;NRP;NRP;NRP;NRP;1994;NRP;NRP;1978;NRP
1555;6118;;1;0;4;;;;;;0;4;;;;;;0;4;;;;;;0;2;;;;;;0;5;;;;;;0;3;;;;;;0;4;;;;;;0;5;;;;;;1;5;2013;;;;;0;3;;;;;;0;4;;;;;;0;3;;;;;;0;4;;;;;;0;3;;;;;;0;;;;;;;;;;;;;;;;;;;6;0;5;1;41;9;2013;;;;;;;;;;;;;;;;;;;;;;;;;;;;;;;;;;;;;;;;;;;;;;;;;;;;;;;;;;;;;;;;;;;;;;;;;;;;;;;;;;;;;;;;;;;;;;;;;;;;;;;;;;;;;;;;;;;;;;;;;;;;;;;;;;;;;;;;;;;;;;;;;;;;;;;;;;;;;;14APR1988;7;2;3;2;4;4;2;NRP;;;;2;0;0;2;0;2;SUZUKI;600;GSR;ROADSTER;2;2008;28;1;2;15000;7;KAWASAKI;500;ER-5;ROADSTER;2;1999;28;3;1;5000;7;;;;;;;;;;;;;;;;;;;;;;;;;;;;;;;;;;20000;1;3;4;;;;;;;2002;NRP;NRP;NRP;2009;NRP;NRP;2006;NRP
516;6119;;0;;;;;;;;;;;;;;;;;;;;;;;;;;;;;;;;;;;;;;;;;;;;;;;;;;;;;;;;;;;;;;;;;;;;;;;;;;;;;;;;;;;;;;;;;;;;;;;;;;;;;;;;;;;;;;;;;;;;;;;;;;;;;;;;;;;;;;;;;;;;;;;;;;;;;;;;;;;;;;;;;;;;;;;;;;;;;;;;;;;;;;;;;;;;;;;;;;;;;;;;;;;;;;;;;;;;;;;;;;;;;;;;;;;;;;;;;;;;;;;;;;;;;;;;;;;;;;;;;;;;;;;;;;;;;;;;;;;;;;;;;;14MAY1968;7;2;3;2;6;4;4;NRP;;;;2;0;0;1;0;1;TRIUMPH;675;STREET TRIPLE;ROADSTER;2;2008;10;1;2;7000;4;;;;;;;;;;;;;;;;;;;;;;;;;;;;;;;;;;;;;;;;;;;;;7000;3;4;;;;;;;;NRP;NRP;NRP;NRP;1998;NRP;NRP;1998;NRP
2113;6121;;0;;;;;;;;;;;;;;;;;;;;;;;;;;;;;;;;;;;;;;;;;;;;;;;;;;;;;;;;;;;;;;;;;;;;;;;;;;;;;;;;;;;;;;;;;;;;;;;;;;;;;;;;;;;;;;;;;;;;;;;;;;;;;;;;;;;;;;;;;;;;;;;;;;;;;;;;;;;;;;;;;;;;;;;;;;;;;;;;;;;;;;;;;;;;;;;;;;;;;;;;;;;;;;;;;;;;;;;;;;;;;;;;;;;;;;;;;;;;;;;;;;;;;;;;;;;;;;;;;;;;;;;;;;;;;;;;;;;;;;;;;;28JAN1959;5;2;3;2;2;3;;NRP;;;;1;0;0;1;0;1;DUCATI;796;MONSTER ABS;ROADSTER;2;2012;33;2;2;6000;4;;;;;;;;;;;;;;;;;;;;;;;;;;;;;;;;;;;;;;;;;;;;;6000;3;4;;;;;;;;NRP;NRP;NRP;NRP;2004;NRP;NRP;1977;NRP
991;6125;;1;0;4;;;;;;0;4;;;;;;0;3;;;;;;0;4;;;;;;0;4;;;;;;0;3;;;;;;0;2;;;;;;1;5;NSP;;;;;0;3;;;;;;0;3;;;;;;0;3;;;;;;0;2;;;;;;0;3;;;;;;0;3;;;;;;0;;;;;;;;;;;;;;;;;;;4;3;20;1;36;8;0;;;;;;;;;;;;;;;;;;;;;;;;;;;;;;;;;;;;;;;;;;;;;;;;;;;;;;;;;;;;;;;;;;;;;;;;;;;;;;;;;;;;;;;;;;;;;;;;;;;;;;;;;;;;;;;;;;;;;;;;;;;;;;;;;;;;;;;;;;;;;;;;;;;;;;;;;;;;;;28FEB1960;5;2;3;2;2;3;;NRP;;;;2;0;0;2;0;2;KAWASAKI;1400;GTR;Routière / GT;2;2008;4;3;1;12500;7;KAWASAKI;1000;Z1000LTD;CUSTOM;2;1983;2;4;1;500;7;;;;;;;;;;;;;;;;;;;;;;;;;;;;;;;;;;13000;2;3;4;;;;;;;NRP;NRP;NRP;1978;1996;NRP;NRP;1978;NRP
1990;6126;;1;0;4;;;;;;0;5;;;;;;0;4;;;;;;0;2;;;;;;1;4;1994;;;;;0;4;;;;;;0;4;;;;;;0;6;;;;;;0;4;;;;;;0;2;;;;;;0;4;;;;;;0;2;;;;;;0;4;;;;;;0;1;;;;;;0;;;;;;;;;;;;;;;;;;;3;0;15;1;21;5;1994;;;;;;;;;;;;;;;;;;;;;;;;;;;;;;;;;;;;;;;;;;;;;;;;;;;;;;;;;;;;;;;;;;;;;;;;;;;;;;;;;;;;;;;;;;;;;;;;;;;;;;;;;;;;;;;;;;;;;;;;;;;;;;;;;;;;;;;;;;;;;;;;;;;;;;;;;;;;;;26AUG1968;8;2;3;2;4;4;2;NRP;;;;2;0;0;1;0;1;DUCATI;944;ST2 (SPORT-TOURING2);Routière / GT;2;2003;39;3;1;5000;7;;;;;;;;;;;;;;;;;;;;;;;;;;;;;;;;;;;;;;;;;;;;;5000;2;3;4;7;;;;;;NRP;NRP;1986;1986;1990;NRP;NRP;1986;NRP
661;6128;203;1;0;4;;;;;;0;6;;;;;;0;5;;;;;;0;1;;;;;;0;5;;;;;;0;4;;;;;;0;1;;;;;;0;2;;;;;;1;3;1980;;;;;0;5;;;;;;0;5;;;;;;0;2;;;;;;0;2;;;;;;0;6;;;;;;0;;;;;;;;;;;;;;;;;;;2;0;46;1;41;9;1980;;1980;Vous avez fait une sortie de route, une perte de contrôle ou une glissade sans rien percuter.;2;;;;;;;Glissade sur du gravillon non signalé, de nuit par beau temps.L'épaisseur de gravillons était très importante et je me suis retrouver sur cette épaisseur d'où la glissade.;Le gravillon;Je suis parti en glisse d'un coté,j'ai contrebraqué la moto est repartie de l'autre coté,aprés un autre contrebraquage elle est repartie de l'autre coté et c'est couchée pour une longue glissade.;NRP;0;;;La surprise;3;0;;;;;;4;6;;;;;;;;;1;;2;;Le fait d'avoir essayé de récuperer la moto avec les différents contrebraquages;4;3;;;1;1;4;4;4;1;1;1;3;1;4;4;4;10;;;;;;;;;1;AUT|GRAVILLONS NON SIGNALES;;;;;;;;2;2;;2;2;2;1;0;0;0;100;0;2;;;;;;1;4;;;;2;0;;;;;;;;;;2;2;3;;1;100;1;2;3;4;7;9;;;;;4;4;4;4;4;4;KAWASAKI;650;W650;ROADSTER;2;1;1;1;1;1;1;1;1;1;1;35000;12;3;1;HONDA;750;"CB ""K1""";ROADSTER;2;4;4;31JUL1952;5;2;3;2;2;5;0;NRP;;;;2;0;0;1;0;1;BMW;1200;R1200GS;TRAIL / SUPERMOTARD;2;2012;29;1;1;30000;7;;;;;;;;;;;;;;;;;;;;;;;;;;;;;;;;;;;;;;;;;;;;;30000;4;3;;;;;;;;NRP;NRP;NRP;NRP;1968;NRP;NRP;1970;NRP
976;6131;473;1;0;4;;;;;;1;4;NSP;;;;;0;3;;;;;;0;3;;;;;;1;4;1980;;;;;0;3;;;;;;0;4;;;;;;1;4;1995;;;;;2;4;NSP;NSP;;;;0;3;;;;;;0;4;;;;;;0;4;;;;;;0;3;;;;;;0;4;;;;;;0;;;;;;;;;;;;;;;;;;;0;2;38;1;36;8;1995;;1995;Vous avez fait une sortie de route, une perte de contrôle ou une glissade puis avez percuté un obstacle fixe (panneau, arbre poteau …).;3;4;5;6;;;;Entrée trop rapide en courbe sur une moto que je connaissait mal....   quand vous avez un honda avec repatiteur de frainage et que vous pilotez une Yamaha sans... et bien vous bloqué votre roue arriere... vous vous mettez en travers... et qaund vous récupérez la moto vous etes déjà dans l'herbe et dans l'impossibilité de prendre  la courbe...;vitesse et manque de connaissance de la moto;J'ai freiné car jarrivais trop vite j'ai bloqué la roue arrière  j'ai recupéré le travers j'etais dans l'herbe et la moto c'est arreter dansla haie qui lngeais la route et moi j'ai roulé boulé  dans le fossé;NRP;1;Moi vite et en connaissant la moto j'aurais freiner del'avant;je ne conduit  plus de sportive et je  n'ai que des honda à repartiteurde freinage;;2;0;;;;;;6;;;;;;;;;;;;1;;quand j'ai recupéré la glissade j'etais dans l'herrbe dans l'impossibilité de freiner;3;1;2;;1;1;4;3;4;3;1;1;4;1;4;4;4;1;5;9;;;;;;;2;;;;;;;;;2;2;;2;2;1;1;100;0;0;0;0;2;;;;;;AUT|Col de montagne et pas de circulation;1;;;;1;;;;;;;;;;;2;2;3;;0;140;1;2;3;4;9;;;;;;1;1;1;1;1;1;YAMAHA;1300;XJR;ROADSTER;2;1;1;1;1;1;1;2;1;2;2;4000;12;1;1;HONDA;1500;GOLD WING ASPENCADE;Routière / GT;2;4;4;30DEC1958;5;2;3;2;2;3;;NRP;;;;3;0;0;2;0;2;HONDA;1800;GOLD WING;Routière / GT;2;2005;28;3;1;8000;7;HONDA;600;HORNET  S;ROADSTER;2;2002;28;4;1;1000;7;;;;;;;;;;;;;;;;;;;;;;;;;;;;;;;;;;9000;3;4;;;;;;;;NRP;NRP;NRP;NRP;1978;NRP;NRP;1977;NRP