Ligne;Ligne Q qualif;Ligne approfondissement Accident;ACCIDENT;NBACC1;ACCFREQUENCE1;ANNEEACC1_1;ANNEEACC1_2;ANNEEACC1_3;ANNEEACC1_4;ANNEEACC1_5;NBACC2;ACCFREQUENCE2;ANNEEACC2_1;ANNEEACC2_2;ANNEEACC2_3;ANNEEACC2_4;ANNEEACC2_5;NBACC3;ACCFREQUENCE3;ANNEEACC3_1;ANNEEACC3_2;ANNEEACC3_3;ANNEEACC3_4;ANNEEACC3_5;NBACC4;ACCFREQUENCE4;ANNEEACC4_1;ANNEEACC4_2;ANNEEACC4_3;ANNEEACC4_4;ANNEEACC4_5;NBACC5;ACCFREQUENCE5;ANNEEACC5_1;ANNEEACC5_2;ANNEEACC5_3;ANNEEACC5_4;ANNEEACC5_5;NBACC6;ACCFREQUENCE6;ANNEEACC6_1;ANNEEACC6_2;ANNEEACC6_3;ANNEEACC6_4;ANNEEACC6_5;NBACC7;ACCFREQUENCE7;ANNEEACC7_1;ANNEEACC7_2;ANNEEACC7_3;ANNEEACC7_4;ANNEEACC7_5;NBACC8;ACCFREQUENCE8;ANNEEACC8_1;ANNEEACC8_2;ANNEEACC8_3;ANNEEACC8_4;ANNEEACC8_5;NBACC9;ACCFREQUENCE9;ANNEEACC9_1;ANNEEACC9_2;ANNEEACC9_3;ANNEEACC9_4;ANNEEACC9_5;NBACC10;ACCFREQUENCE10;ANNEEACC10_1;ANNEEACC10_2;ANNEEACC10_3;ANNEEACC10_4;ANNEEACC10_5;NBACC11;ACCFREQUENCE11;ANNEEACC11_1;ANNEEACC11_2;ANNEEACC11_3;ANNEEACC11_4;ANNEEACC11_5;NBACC12;ACCFREQUENCE12;ANNEEACC12_1;ANNEEACC12_2;ANNEEACC12_3;ANNEEACC12_4;ANNEEACC12_5;NBACC13;ACCFREQUENCE13;ANNEEACC13_1;ANNEEACC13_2;ANNEEACC13_3;ANNEEACC13_4;ANNEEACC13_5;NBACC14;ACCFREQUENCE14;ANNEEACC14_1;ANNEEACC14_2;ANNEEACC14_3;ANNEEACC14_4;ANNEEACC14_5;AUTRESACC;NBAUTRESACC;ANNEEAUTREACC1;ANNEEAUTREACC2;ANNEEAUTREACC3;ANNEEAUTREACC4;ANNEEAUTREACC5;LIEUAUTREACC1;LIEUAUTREACC2;LIEUAUTREACC3;LIEUAUTREACC4;LIEUAUTREACC5;DESCRIPTIONAUTRESACC1;DESCRIPTIONAUTRESACC2;DESCRIPTIONAUTRESACC3;DESCRIPTIONAUTRESACC4;DESCRIPTIONAUTRESACC5;NBAUTRESACCCIRCUIT;NBAUTRESTOUTTERRAIN;EXPCYCLO;EXP125;EXPSUP125;ACCORDNEXTQ;CHOIXACC;RGPMTACC;RECUPANNEE;RECUPLIEU;RECUPANNE;RGPMTAC;CHOIX1;CHOIX2;CHOIX3;CHOIX4;CHOIX5;CHOIX6;CHOIX7;DESCRIPTION;RUPTURE;FAITS;ABS_REACTION;AUTRE_REACTION;PRECISIONREACTIONOUI;RECUL;PRECISIONREACTIONNON;IMPACTCOMPORTEMENT;AUTREUSAGER;REACTIONAUTREUSAGER;CONNAISSANCEREACTIONUSAGER;DIFFICULTES;AGGRAVATION;DIFFICULTES2;EMOTIONS1;EMOTIONS2;EMOTIONS3;EMOTIONS4;EMOTIONS5;EMOTIONS6;AUTRESENTIMENT;CLASSEMENTEMOTIONS1;CLASSEMENTEMOTIONS;CLASSEMENTEMOTIONS5;CLASSEMENTEMOTIONS6;CLASSEMENTEMOTIONS7;CLASSEMENTEMOTIONS8;CLASSEMENTEMOTIONS9;EXPLICATIONRESSENTI;BIENEQUIPE;ALLURE;ALLUREVITEDETAIL;ALLURELENTEDETAIL;SITUATIONPRESSE;SITUATIONDISTRAIT;SITUATIONCONFIANT;SITUATIONCONTROLE;SITUATIONLUDIQUE;SITUATIONPERF;SITUATIONSTRESS;SITUATIONFATIGUE;HUMEURNEUTRE;HUMEURGAI;HUMEURMECONTENT;HUMEURTRISTE;HUMEURCOLERE;CONTRIBUTION1;CONTRIBUTION2;CONTRIBUTION3;CONTRIBUTION4;CONTRIBUTION5;CONTRIBUTION6;CONTRIBUTION7;CONTRIBUTION8;CONTRIBUTION9;ROLEINFRA;ELEMENTINFRA1;ELEMENTINFRA2;ELEMENTINFRA3;ELEMENTINFRA4;ELEMENTINFRA5;ELEMENTINFRA6;ELEMENTINFRA7;ELEMENTINFRA8;ELEMENTINFRA9;ALCOOL;TXALCOOL;STUP;SEMAINE;MOMENTJOURNEE;TEMPS;CAUSEACC1;CAUSEACC2;CAUSEACC3;CAUSEACC4;CAUSEACC5;FORMATIONCAUSE;FORMATION1;FORMATION2;FORMATION3;FORMATION4;FORMATION5;TRAFIC;CHAUSSEE1;CHAUSSEE2;CHAUSSEE3;CHAUSSEE4;TYPEACC;BLESSURE;TETE;COU;THORAX;MEMBRESSUP;COLONNE;BASSIN;MEMBRESINF;HOPITAL;PLUS24H;TRAJET;TYPEROUTE;MOTIF;SENSTRAJET;PASSAGER;VITESSE;DESCEQ1;DESCEQ2;DESCEQ3;DESCEQ4;DESCEQ5;DESCEQ6;DESCEQ7;DESCEQ8;DESCEQ9;DESCEQ10;VEHICULEETE;VEHICULEAUTOMNE;VEHICULEPRINTEMPS;VEHICULEHIVER;VEHICULESEMAINE;VEHICULEWE;VEHMARQUE;VEHCYLINDREE;VEHMODELE;VEHSEGMENT;VEHSIDE;EQ2RMABS;EQ2RMCBS;EQ2RMABSCBS;EQ2RMREGULATEUR;EQ2RMLIMITEUR;EQ2RMPHARESDIRECT;EQ2RMCOUPURE;EQ2RMANTIPATINAGE;EQ2RMANTIXHEELING;EQ2RMSTABILILTE;VEHKM;POINTS;DUREE;AUTRE2RM;VEHPRECMARQUE;VEHPRECCYLINDREE;VEHPRECMODELE;VEHPRECSEGMENT;VEHPRECSIDE;TEMPS2RMPREC;FREQVEHPREC;DATE_NAISS;CSP;SOCIETAIRE;SALARIE;SECTEUR2RM;NBPERSFOYER;SITFAM;NBENF;TRNBENF1;TRNBENF2;TRNBENF3;TRNBENF4;NBAUTOFOYER;NBCYCLOFOYER;NBSCOOTFOYER;NBMOTOFOYER;NBTRIKEFOYER;NB2RMCONDUIT;MARQUE1;CYLINDREE1;MODELE1;SEGMENT1;SIDE1;ANMISECIRCU1;ASS1;FREQ1;USAGE1;NBKM1;GARAGE1;MARQUE2;CYLINDREE2;MODELE2;SEGMENT2;SIDE2;ANMISECIRCU2;ASS2;FREQ2;USAGE2;NBKM2;GARAGE2;MARQUE3;CYLINDREE3;MODELE3;SEGMENT3;SIDE3;ANMISECIRCU3;ASS3;FREQ3;USAGE3;NBKM3;GARAGE3;MARQUE4;CYLINDREE4;MODELE4;SEGMENT4;SIDE4;ANMISECIRCU4;ASS4;FREQ4;USAGE4;NBKM4;GARAGE4;MARQUE5;CYLINDREE5;MODELE5;SEGMENT5;SIDE5;ANMISECIRCU5;ASS5;FREQ5;USAGE5;NBKM5;GARAGE5;NBKMTOT;PERMIS1;PERMIS2;PERMIS3;PERMIS4;PERMIS5;PERMIS6;PERMIS7;PERMIS8;PERMIS9;ANPERMIS1;ANPERMIS6;ANPERMIS7;ANPERMIS2;ANPERMIS3;ANPERMIS8;ANPERMIS9;ANPERMIS4;ANPERMIS5
902;6162;335;1;0;3;;;;;;0;5;;;;;;0;6;;;;;;0;3;;;;;;0;4;;;;;;0;5;;;;;;0;4;;;;;;0;5;;;;;;1;5;2011;;;;;0;4;;;;;;0;4;;;;;;0;6;;;;;;0;4;;;;;;0;4;;;;;;0;;;;;;;;;;;;;;;;;;;4;0;6;1;41;9;2011;;2011;Vous avez fait une sortie de route, une perte de contrôle ou une glissade sans rien percuter.;6;;;;;;;Arrivé trop vite dans un virage sur une petite route de campagne, j'ai freiné donc la moto est allé tout droit et je suis arrivé dans le fossé.;Trop de confiance et pas assez d'expérience;J'ai compris que j'arrivais trop vite, par réflexe j'ai freiné fort la moto c'est presque arrêtée mais j'ai quand même basculé dans le fossé. Il n'y avais pas d'usager sur la route, très peu fréquentée. Une voiture est passée plus tard et m'a demandé si ça allait. Je n'ai rien eu, ensuite d'autres personnes sont passées et m'ont aidé à sortir la moto du fossé, ce qui n'a pas été facile.;2;1;Avec l'expérience j'aurais dû relacher les freins et pencher la moto pour prendre le virage;Pas assez d'expérience;;3;0;;;;;;1;6;;;;;;1;;;;;2;;NRP;4;1;3;;1;1;4;4;4;4;1;2;3;3;4;4;4;1;5;9;;;;;;;1;3;;;;;;;;2;2;;2;2;1;1;90;0;0;10;0;2;;;;;;AUT|pas de traffic;1;7;;;1;;;;;;;;;;;3;2;3;;0;90;1;10;2;4;7;;;;;;4;4;4;4;4;4;YAMAHA;600;FZ6-S FAZER;ROADSTER;2;1;1;1;1;1;1;2;1;1;1;10000;10;1;1;SUZUKI;500;GS-E 34CV;ROADSTER;2;4;4;27NOV1988;5;2;3;2;2;3;;NRP;;;;2;0;0;1;0;1;TRIUMPH;1050;SPEED TRIPLE ABS;ROADSTER;2;2011;39;2;1;6000;7;;;;;;;;;;;;;;;;;;;;;;;;;;;;;;;;;;;;;;;;;;;;;6000;3;4;;;;;;;;NRP;NRP;NRP;NRP;2008;NRP;NRP;2008;NRP
970;6163;;1;0;2;;;;;;0;4;;;;;;0;4;;;;;;0;3;;;;;;0;5;;;;;;0;2;;;;;;0;2;;;;;;0;4;;;;;;1;5;2014;;;;;0;3;;;;;;0;3;;;;;;0;3;;;;;;0;3;;;;;;0;2;;;;;;0;;;;;;;;;;;;;;;;;;;2;0;3;1;41;9;2014;;;;;;;;;;;;;;;;;;;;;;;;;;;;;;;;;;;;;;;;;;;;;;;;;;;;;;;;;;;;;;;;;;;;;;;;;;;;;;;;;;;;;;;;;;;;;;;;;;;;;;;;;;;;;;;;;;;;;;;;;;;;;;;;;;;;;;;;;;;;;;;;;;;;;;;;;;;;;;19JUL1988;7;2;3;2;2;3;;NRP;;;;1;0;0;1;0;1;SUZUKI;1400;INTRUDER (VS);CUSTOM;2;1988;40;2;1;15000;7;;;;;;;;;;;;;;;;;;;;;;;;;;;;;;;;;;;;;;;;;;;;;15000;4;3;;;;;;;;NRP;NRP;NRP;NRP;2009;NRP;NRP;2006;NRP
1424;6166;;1;0;4;;;;;;1;5;1981;;;;;0;6;;;;;;0;4;;;;;;0;4;;;;;;0;6;;;;;;0;4;;;;;;0;4;;;;;;1;4;2014;;;;;0;5;;;;;;0;6;;;;;;0;3;;;;;;0;4;;;;;;0;4;;;;;;0;;;;;;;;;;;;;;;;;;;0;2;33;1;6;2;1981;;;;;;;;;;;;;;;;;;;;;;;;;;;;;;;;;;;;;;;;;;;;;;;;;;;;;;;;;;;;;;;;;;;;;;;;;;;;;;;;;;;;;;;;;;;;;;;;;;;;;;;;;;;;;;;;;;;;;;;;;;;;;;;;;;;;;;;;;;;;;;;;;;;;;;;;;;;;;;02MAY1959;9;1;3;2;1;1;;NRP;;;;1;1;0;1;0;1;BMW;650;F650GS;TRAIL / SUPERMOTARD;2;2001;37;2;1;3500;7;;;;;;;;;;;;;;;;;;;;;;;;;;;;;;;;;;;;;;;;;;;;;3500;9;;;;;;;;;NRP;NRP;NRP;NRP;NRP;NRP;1981;NRP;NRP
142;6167;382;1;0;5;;;;;;0;4;;;;;;1;5;2005;;;;;0;5;;;;;;1;5;2010;;;;;0;4;;;;;;0;2;;;;;;0;4;;;;;;2;5;2007;2012;;;;0;4;;;;;;0;4;;;;;;0;2;;;;;;0;4;;;;;;1;5;2008;;;;;1;1;2009;;;;;Bordeaux;;;;;Au rouge la voiture devant moi est partie en marche arrière, et je n'ai pu l'éviter;;;;;0;0;0;10;8;1;66;14;2008;;2008;Alors que vous étiez en train de rouler, un piéton a traversé devant vous.;5;;;;;;;je remontati une file de voiture et de bus par la gauche, a faible vitesse. Juste après avoir doublé un bus j'ai été percuté (à hauteur du top case)par un piéton qui traversait en courant devant le bus (ce n'était pas un passage protégé). Nous nous sommes trouvés tous les deux au sol entre les voitures. Pas de grosse blessure mais beaucoup de peur, en raison du traffic et de l'effet surprise. Remarque: depuis j'apprécie quand les bus collent le véhicule de devant à l'arrêt, et rallenti plus fortement lorsque je passe un véhicule snas visibilité sur l'avant de celui-ci (bus, camion, camionnette, ...)même si cela n'aurait probablement rien changé.;Le manque de visibilité qui ne permet pas d'anticiper.;Au cas d'espèce complètemetn passif.;3;0;;;Pas possible de voir le danger arriver;2;1;2;;A mon avis a du se trouver surpris d'arrive sur une moto;1;On ne traverse pas en courant entre des voitures / bus, surtout sans avoir de visibilité;7;;;;;;;;;;;;;;;4;3;;;1;1;3;4;1;1;1;1;2;2;4;4;4;10;;;;;;;;;2;;;;;;;;;2;2;;2;1;1;1;10;90;0;0;0;2;;;;;;4;1;;;;2;0;;;;;;;;;;1;1;1;1;0;20;1;10;2;3;4;7;;;;;4;4;4;4;4;3;KTM;990;ADVENTURE S;TRAIL / SUPERMOTARD;2;0;1;1;1;1;1;1;1;1;1;42000;12;4;1;KTM;990;ADVENTURE ABS;TRAIL / SUPERMOTARD;2;4;4;01JUL1961;5;2;3;2;5;4;3;NRP;;;;2;0;0;2;0;2;KTM;990;ADVENTURE ABS;TRAIL / SUPERMOTARD;2;2009;25;1;2;10000;4;DUCATI;696;MONSTER;ROADSTER;2;2008;37;3;2;1200;4;;;;;;;;;;;;;;;;;;;;;;;;;;;;;;;;;;11200;4;3;2;;;;;;;NRP;NRP;NRP;1979;2008;NRP;NRP;1979;NRP
1372;6172;;1;0;5;;;;;;0;4;;;;;;0;5;;;;;;0;2;;;;;;0;5;;;;;;0;3;;;;;;0;3;;;;;;0;2;;;;;;0;2;;;;;;0;4;;;;;;0;4;;;;;;0;3;;;;;;1;5;1984;;;;;1;3;1982;;;;;1;1;1985;;;;;Roissy CDG;;;;;"Voulant éviter des véhicules arrêtés sur la chaussée (ce qui s'est avéré plus tard être un contrôle de police) j'ai pris la voie de gauche pensant être sur un axe à sens unique. J'avais mal vu, des véhicules sont arrivés en sens inverse j'ai bien essayé de les éviter par un écart mais je les ai percuté par le coté, ma moto a glissé et ma jambe ayant ""arrêté"" la voiture n'a pas aimé du tout. 2 mois d'hôpital 6 mois de rééducation";;;;;0;0;2;3;28;1;71;15;1985;Roissy CDG;;;;;;;;;;;;;;;;;;;;;;;;;;;;;;;;;;;;;;;;;;;;;;;;;;;;;;;;;;;;;;;;;;;;;;;;;;;;;;;;;;;;;;;;;;;;;;;;;;;;;;;;;;;;;;;;;;;;;;;;;;;;;;;;;;;;;;;;;;;;;;;;;;;;;;;;;;;;;13MAY1961;7;1;3;2;5;4;3;NRP;;;;2;1;0;1;0;2;APRILIA;50;MX SUPER MOTARD;TRAIL / SUPERMOTARD;2;2011;37;1;2;5000;7;YAMAHA;535;XV VIRAGO;CUSTOM;2;1994;37;2;1;3000;7;;;;;;;;;;;;;;;;;;;;;;;;;;;;;;;;;;8000;4;9;;;;;;;;NRP;NRP;NRP;NRP;NRP;NRP;1983;1999;NRP
1276;6173;;1;0;4;;;;;;0;6;;;;;;1;6;2011;;;;;0;5;;;;;;1;4;2005;;;;;0;2;;;;;;0;2;;;;;;0;4;;;;;;5;6;1998;2004;2012;2013;2014;1;6;NSP;;;;;0;6;;;;;;0;2;;;;;;1;6;1982;;;;;0;5;;;;;;1;3;1980;2006;2013;;;?;Corse;Corse;;;Tout-droit en cyclo sur route de campagne. (Cour de ferme sur la tangente, merci sainte Gamelle!!!) Ca passait..., c'était beau! Une tasse lancée, on ne coupe pas Mossieu!;1200RT.Aprés une semaine a pleine charge, top-case et sacoches vidés le matin-même.Sur un chemin, passage d'un trou au ralenti avec passagére. Sortie du trou, amortos comprimés, passagères saute et retombe sur la moto au moment où ils se détendent.2 vertèbres cassés. Causes: Amortisseurs réglés pour une charge inadaptée + coincidences dynamiques.(+ ou - vite c'eut été différent!);Avant un virage route bosselée, freinage inefficace. Le freinage agit au moment du retour sur un bon revêtement, et de la mise sur l'angle.Perte de l'arriérre, rattrapée d'un coup de pied, hight-side, passagère éjectée (Et dire qu'il avait fallu que je me fache pr qu'elle mette blouson et pantalon de route!)Pilote éjecté, retombe sur la moto, redresse et freine avant le ravin. Merci les 3 stages AFDM! Causes: Amortisseurs et fourche rincés + revêtement bosselé en dévers.;;;1;0;6;0;34;1;72;15;2006;Corse;;;;;;;;;;;;;;;;;;;;;;;;;;;;;;;;;;;;;;;;;;;;;;;;;;;;;;;;;;;;;;;;;;;;;;;;;;;;;;;;;;;;;;;;;;;;;;;;;;;;;;;;;;;;;;;;;;;;;;;;;;;;;;;;;;;;;;;;;;;;;;;;;;;;;;;;;;;;;02FEB1958;4;1;3;2;2;3;;NRP;;;;2;1;0;2;0;1;BMW;1200;R1200RT;Routière / GT;2;2005;37;3;1;10000;6;;;;;;;;;;;;;;;;;;;;;;;;;;;;;;;;;;;;;;;;;;;;;10000;3;4;;;;;;;;NRP;NRP;NRP;NRP;1978;NRP;NRP;1978;NRP
2000;6174;;1;0;3;;;;;;1;2;1978;;;;;0;2;;;;;;1;2;2014;;;;;0;2;;;;;;0;3;;;;;;0;2;;;;;;0;2;;;;;;5;5;NSP;NSP;NSP;NSP;NSP;0;4;;;;;;0;3;;;;;;0;2;;;;;;1;2;1980;;;;;0;2;;;;;;1;2;1979;2011;;;;Fontaine sr Saô;Tassin;;;;Une mobylette est sortie du bas coté des quais de Saône pour traverser la route;Le conducteur qui était au feu en face de moi, a décidé de faire demi tour;;;;0;0;0;1;37;1;45;9;0;;;;;;;;;;;;;;;;;;;;;;;;;;;;;;;;;;;;;;;;;;;;;;;;;;;;;;;;;;;;;;;;;;;;;;;;;;;;;;;;;;;;;;;;;;;;;;;;;;;;;;;;;;;;;;;;;;;;;;;;;;;;;;;;;;;;;;;;;;;;;;;;;;;;;;;;;;;;;;05JUL1959;8;2;3;2;5;5;0;NRP;;;;3;0;0;2;0;2;HONDA;1000;CBR1000F;Routière / GT;2;2007;29;3;1;4000;7;YAMAHA;650;DRAG STAR (XVS);CUSTOM;2;1999;29;3;1;2000;7;;;;;;;;;;;;;;;;;;;;;;;;;;;;;;;;;;6000;1;2;3;4;6;7;8;;;1976;1976;1976;1976;1977;1977;NRP;1978;NRP
1900;6178;;1;0;2;;;;;;1;4;1982;;;;;0;4;;;;;;0;2;;;;;;0;4;;;;;;1;4;1981;;;;;0;2;;;;;;0;2;;;;;;1;3;2002;;;;;0;3;;;;;;0;3;;;;;;0;1;;;;;;0;3;;;;;;0;4;;;;;;1;1;2014;;;;;Heuvelland(Belg;;;;;Un véhicule stationné sur la droite dans le même sens de circulation que moi, a entrepris un demi tour  à mon arrivée.;;;;;0;2;0;3;31;1;71;15;2014;Heuvelland(Belg;;;;;;;;;;;;;;;;;;;;;;;;;;;;;;;;;;;;;;;;;;;;;;;;;;;;;;;;;;;;;;;;;;;;;;;;;;;;;;;;;;;;;;;;;;;;;;;;;;;;;;;;;;;;;;;;;;;;;;;;;;;;;;;;;;;;;;;;;;;;;;;;;;;;;;;;;;;;;08APR1960;5;2;3;2;4;4;2;NRP;;;;2;0;0;1;0;1;SUZUKI;1000;SV-S;SPORTIVE;2;2003;29;3;1;2600;7;;;;;;;;;;;;;;;;;;;;;;;;;;;;;;;;;;;;;;;;;;;;;2600;2;3;4;;;;;;;NRP;NRP;NRP;1978;1983;NRP;NRP;1980;NRP
643;6181;;1;0;4;;;;;;0;4;;;;;;0;4;;;;;;0;4;;;;;;0;4;;;;;;0;4;;;;;;0;4;;;;;;0;5;;;;;;1;4;NSP;;;;;0;4;;;;;;0;4;;;;;;0;4;;;;;;0;4;;;;;;0;5;;;;;;1;1;NSP;;;;;Roubaix;;;;;Arrêté à un croisement , véhicule derrière ne s'est pas arrêté, moto et pilote à terre sans gravité;;;;;0;0;5;4;15;0;;NRP;;;;;;;;;;;;;;;;;;;;;;;;;;;;;;;;;;;;;;;;;;;;;;;;;;;;;;;;;;;;;;;;;;;;;;;;;;;;;;;;;;;;;;;;;;;;;;;;;;;;;;;;;;;;;;;;;;;;;;;;;;;;;;;;;;;;;;;;;;;;;;;;;;;;;;;;;;;;;;;26JUL1955;6;2;3;2;1;1;;NRP;;;;1;0;0;1;0;1;HARLEY-DAVIDSON;1584;ROAD KING CLASSIC;Routière / GT;2;2010;22;3;1;4000;7;;;;;;;;;;;;;;;;;;;;;;;;;;;;;;;;;;;;;;;;;;;;;4000;3;;;;;;;;;NRP;NRP;NRP;NRP;1973;NRP;NRP;NRP;NRP
1381;6182;;1;0;3;;;;;;0;5;;;;;;0;5;;;;;;0;2;;;;;;0;4;;;;;;0;5;;;;;;0;3;;;;;;0;4;;;;;;1;5;1980;;;;;0;2;;;;;;0;4;;;;;;0;2;;;;;;0;4;;;;;;0;4;;;;;;0;;;;;;;;;;;;;;;;;;;2;2;12;1;41;9;1980;;;;;;;;;;;;;;;;;;;;;;;;;;;;;;;;;;;;;;;;;;;;;;;;;;;;;;;;;;;;;;;;;;;;;;;;;;;;;;;;;;;;;;;;;;;;;;;;;;;;;;;;;;;;;;;;;;;;;;;;;;;;;;;;;;;;;;;;;;;;;;;;;;;;;;;;;;;;;;22NOV1962;5;2;3;2;5;4;3;NRP;;;;4;0;0;0;0;1;BMW;1200;R1200GS ABS;TRAIL / SUPERMOTARD;2;2004;10;2;2;10000;5;;;;;;;;;;;;;;;;;;;;;;;;;;;;;;;;;;;;;;;;;;;;;10000;4;3;2;7;;;;;;NRP;NRP;1979;1979;1988;NRP;NRP;1980;NRP
598;6184;18;1;0;5;;;;;;0;3;;;;;;0;4;;;;;;0;3;;;;;;0;3;;;;;;0;5;;;;;;0;3;;;;;;0;3;;;;;;0;3;;;;;;0;6;;;;;;0;6;;;;;;0;3;;;;;;0;3;;;;;;0;3;;;;;;1;1;2000;;;;;antibes;;;;;Percuter un camion sur le coté qui sortait d'une entreprise à la sortie d'un virage en coupant la ligne blanche pour gagner quelques minutes;;;;;0;0;4;0;25;1;71;15;2000;antibes;2000;Autre(s) type(s) d'accident(s).;4;;;;;;;Un camion sort d'un parking, pour gagner 3 minutes coupe les deux voies de circulation allant dans le même sens et s'immobilise en attentent de pouvoir s'insérer dans les voies de circulation de l'autre coté le tout juste à la sortie d'un virage. L'ayant vu trop tard la moto est partie en glisse, après plusieurs dizaines de mètres de glissage je rentre en contact avec le camion. Grace à une dorsale, des coudières, des épaulières , des gants et un casque haut de gamme je suis cassé de partout mais complet et en vie... Ensuite c'est plusieurs heures sur la route avec les pompiers avant d'être évacué. 3 opérations 10 semaines d'hopital 1 ans de centre de rééduction sans rentrer chez moi... Mal partout et tout le temps depuis, mais la vie continue...;Virage et camion qui ne devrait pas être la;La moto etait sur l'angle, j'ai freiné, elle c'est couché, je ne pense pas que le chauffeur du camion m'est vu arrivé, il devait regarder de l'autre coté pour attendre le bon moment pour avancer.;NRP;1;Redresser la moto et freiner ensuite, mais je pense que j'aurais quand meme fini encastré dans le camion mais plus vite;J'ai fais le bon choix (quoique...);;2;1;2;;Aucune;2;Il n'a pas respecté la signalisation c'est tout, ça n'a rien aggravé;9;;;;;;Un sentiment de fatalité à l'instant ou j'ai vu le camion;;;;;;;1;L'issue était inévitable c'etait une évidence;4;3;;;1;4;4;4;3;1;1;1;4;3;4;4;4;10;;;;;;;;;2;;;;;;;;;2;2;;2;1;1;1;0;100;0;0;0;2;;;;;;2;1;;;;2;1;1;4;7;;;;;1;1;1;1;3;;0;50;1;10;2;3;4;7;;;;;4;4;4;4;4;4;SUZUKI;650;SV-N;ROADSTER;2;1;1;1;1;1;1;1;1;1;1;10000;12;4;1;SUZUKI;1100;GSX-R;SPORTIVE;null;4;4;20OCT1969;2;2;3;1;3;4;1;NRP;;;;1;2;1;0;0;1;YAMAHA;500;T-MAX;SCOOTER;2;2007;2;1;3;10000;7;;;;;;;;;;;;;;;;;;;;;;;;;;;;;;;;;;;;;;;;;;;;;10000;2;3;4;;;;;;;NRP;NRP;NRP;1989;1993;NRP;NRP;1989;NRP
1496;6186;;0;;;;;;;;;;;;;;;;;;;;;;;;;;;;;;;;;;;;;;;;;;;;;;;;;;;;;;;;;;;;;;;;;;;;;;;;;;;;;;;;;;;;;;;;;;;;;;;;;;;;;;;;;;;;;;;;;;;;;;;;;;;;;;;;;;;;;;;;;;;;;;;;;;;;;;;;;;;;;;;;;;;;;;;;;;;;;;;;;;;;;;;;;;;;;;;;;;;;;;;;;;;;;;;;;;;;;;;;;;;;;;;;;;;;;;;;;;;;;;;;;;;;;;;;;;;;;;;;;;;;;;;;;;;;;;;;;;;;;;;;;;07MAY1975;5;2;3;2;4;4;2;NRP;;;;2;0;0;1;0;1;KAWASAKI;1200;ZZR;Routière / GT;2;2004;31;1;2;10000;7;;;;;;;;;;;;;;;;;;;;;;;;;;;;;;;;;;;;;;;;;;;;;10000;2;3;4;7;;;;;;NRP;NRP;1993;1993;2004;NRP;NRP;1993;NRP
1491;6187;;0;;;;;;;;;;;;;;;;;;;;;;;;;;;;;;;;;;;;;;;;;;;;;;;;;;;;;;;;;;;;;;;;;;;;;;;;;;;;;;;;;;;;;;;;;;;;;;;;;;;;;;;;;;;;;;;;;;;;;;;;;;;;;;;;;;;;;;;;;;;;;;;;;;;;;;;;;;;;;;;;;;;;;;;;;;;;;;;;;;;;;;;;;;;;;;;;;;;;;;;;;;;;;;;;;;;;;;;;;;;;;;;;;;;;;;;;;;;;;;;;;;;;;;;;;;;;;;;;;;;;;;;;;;;;;;;;;;;;;;;;;;09JUN1983;5;2;3;2;1;1;;NRP;;;;2;1;0;1;0;1;YAMAHA;1000;FZ1 FAZER;ROADSTER;2;2008;16;3;1;5000;7;;;;;;;;;;;;;;;;;;;;;;;;;;;;;;;;;;;;;;;;;;;;;5000;4;3;;;;;;;;NRP;NRP;NRP;NRP;2005;NRP;NRP;2001;NRP
1048;6188;;1;0;4;;;;;;0;2;;;;;;0;5;;;;;;0;5;;;;;;0;4;;;;;;0;3;;;;;;0;5;;;;;;0;5;;;;;;1;5;2011;;;;;0;5;;;;;;0;5;;;;;;0;5;;;;;;0;2;;;;;;0;3;;;;;;0;;;;;;;;;;;;;;;;;;;0;0;5;1;41;9;2011;;;;;;;;;;;;;;;;;;;;;;;;;;;;;;;;;;;;;;;;;;;;;;;;;;;;;;;;;;;;;;;;;;;;;;;;;;;;;;;;;;;;;;;;;;;;;;;;;;;;;;;;;;;;;;;;;;;;;;;;;;;;;;;;;;;;;;;;;;;;;;;;;;;;;;;;;;;;;;10OCT1957;4;2;3;2;3;4;1;NRP;;;;2;0;1;0;0;1;PIAGGIO;400;MP3 LT (TM);SCOOTER;2;2012;28;2;2;6000;7;;;;;;;;;;;;;;;;;;;;;;;;;;;;;;;;;;;;;;;;;;;;;6000;4;;;;;;;;;NRP;NRP;NRP;NRP;NRP;NRP;NRP;1976;NRP
1196;6189;;1;1;4;1991;;;;;0;5;;;;;;0;4;;;;;;0;4;;;;;;0;5;;;;;;0;4;;;;;;0;5;;;;;;0;4;;;;;;1;3;2003;;;;;0;4;;;;;;0;5;;;;;;0;4;;;;;;0;5;;;;;;0;4;;;;;;0;;;;;;;;;;;;;;;;;;;5;0;25;1;1;1;1991;;;;;;;;;;;;;;;;;;;;;;;;;;;;;;;;;;;;;;;;;;;;;;;;;;;;;;;;;;;;;;;;;;;;;;;;;;;;;;;;;;;;;;;;;;;;;;;;;;;;;;;;;;;;;;;;;;;;;;;;;;;;;;;;;;;;;;;;;;;;;;;;;;;;;;;;;;;;;;30MAR1969;8;1;3;2;1;1;;NRP;;;;1;0;0;1;0;1;BMW;850;R850RT;Routière / GT;2;1999;37;1;2;20000;7;;;;;;;;;;;;;;;;;;;;;;;;;;;;;;;;;;;;;;;;;;;;;20000;4;3;2;7;;;;;;NRP;NRP;1989;1989;1989;NRP;NRP;2002;NRP
387;6190;;0;;;;;;;;;;;;;;;;;;;;;;;;;;;;;;;;;;;;;;;;;;;;;;;;;;;;;;;;;;;;;;;;;;;;;;;;;;;;;;;;;;;;;;;;;;;;;;;;;;;;;;;;;;;;;;;;;;;;;;;;;;;;;;;;;;;;;;;;;;;;;;;;;;;;;;;;;;;;;;;;;;;;;;;;;;;;;;;;;;;;;;;;;;;;;;;;;;;;;;;;;;;;;;;;;;;;;;;;;;;;;;;;;;;;;;;;;;;;;;;;;;;;;;;;;;;;;;;;;;;;;;;;;;;;;;;;;;;;;;;;;;11JUN1983;4;2;3;2;2;3;;NRP;;;;0;0;1;0;0;1;PIAGGIO;125;X9 EVO;SCOOTER;2;2004;28;1;3;5000;1;;;;;;;;;;;;;;;;;;;;;;;;;;;;;;;;;;;;;;;;;;;;;5000;4;;;;;;;;;NRP;NRP;NRP;NRP;NRP;NRP;NRP;2001;NRP