Ligne;Ligne Q qualif;Ligne approfondissement Accident;ACCIDENT;NBACC1;ACCFREQUENCE1;ANNEEACC1_1;ANNEEACC1_2;ANNEEACC1_3;ANNEEACC1_4;ANNEEACC1_5;NBACC2;ACCFREQUENCE2;ANNEEACC2_1;ANNEEACC2_2;ANNEEACC2_3;ANNEEACC2_4;ANNEEACC2_5;NBACC3;ACCFREQUENCE3;ANNEEACC3_1;ANNEEACC3_2;ANNEEACC3_3;ANNEEACC3_4;ANNEEACC3_5;NBACC4;ACCFREQUENCE4;ANNEEACC4_1;ANNEEACC4_2;ANNEEACC4_3;ANNEEACC4_4;ANNEEACC4_5;NBACC5;ACCFREQUENCE5;ANNEEACC5_1;ANNEEACC5_2;ANNEEACC5_3;ANNEEACC5_4;ANNEEACC5_5;NBACC6;ACCFREQUENCE6;ANNEEACC6_1;ANNEEACC6_2;ANNEEACC6_3;ANNEEACC6_4;ANNEEACC6_5;NBACC7;ACCFREQUENCE7;ANNEEACC7_1;ANNEEACC7_2;ANNEEACC7_3;ANNEEACC7_4;ANNEEACC7_5;NBACC8;ACCFREQUENCE8;ANNEEACC8_1;ANNEEACC8_2;ANNEEACC8_3;ANNEEACC8_4;ANNEEACC8_5;NBACC9;ACCFREQUENCE9;ANNEEACC9_1;ANNEEACC9_2;ANNEEACC9_3;ANNEEACC9_4;ANNEEACC9_5;NBACC10;ACCFREQUENCE10;ANNEEACC10_1;ANNEEACC10_2;ANNEEACC10_3;ANNEEACC10_4;ANNEEACC10_5;NBACC11;ACCFREQUENCE11;ANNEEACC11_1;ANNEEACC11_2;ANNEEACC11_3;ANNEEACC11_4;ANNEEACC11_5;NBACC12;ACCFREQUENCE12;ANNEEACC12_1;ANNEEACC12_2;ANNEEACC12_3;ANNEEACC12_4;ANNEEACC12_5;NBACC13;ACCFREQUENCE13;ANNEEACC13_1;ANNEEACC13_2;ANNEEACC13_3;ANNEEACC13_4;ANNEEACC13_5;NBACC14;ACCFREQUENCE14;ANNEEACC14_1;ANNEEACC14_2;ANNEEACC14_3;ANNEEACC14_4;ANNEEACC14_5;AUTRESACC;NBAUTRESACC;ANNEEAUTREACC1;ANNEEAUTREACC2;ANNEEAUTREACC3;ANNEEAUTREACC4;ANNEEAUTREACC5;LIEUAUTREACC1;LIEUAUTREACC2;LIEUAUTREACC3;LIEUAUTREACC4;LIEUAUTREACC5;DESCRIPTIONAUTRESACC1;DESCRIPTIONAUTRESACC2;DESCRIPTIONAUTRESACC3;DESCRIPTIONAUTRESACC4;DESCRIPTIONAUTRESACC5;NBAUTRESACCCIRCUIT;NBAUTRESTOUTTERRAIN;EXPCYCLO;EXP125;EXPSUP125;ACCORDNEXTQ;CHOIXACC;RGPMTACC;RECUPANNEE;RECUPLIEU;RECUPANNE;RGPMTAC;CHOIX1;CHOIX2;CHOIX3;CHOIX4;CHOIX5;CHOIX6;CHOIX7;DESCRIPTION;RUPTURE;FAITS;ABS_REACTION;AUTRE_REACTION;PRECISIONREACTIONOUI;RECUL;PRECISIONREACTIONNON;IMPACTCOMPORTEMENT;AUTREUSAGER;REACTIONAUTREUSAGER;CONNAISSANCEREACTIONUSAGER;DIFFICULTES;AGGRAVATION;DIFFICULTES2;EMOTIONS1;EMOTIONS2;EMOTIONS3;EMOTIONS4;EMOTIONS5;EMOTIONS6;AUTRESENTIMENT;CLASSEMENTEMOTIONS1;CLASSEMENTEMOTIONS;CLASSEMENTEMOTIONS5;CLASSEMENTEMOTIONS6;CLASSEMENTEMOTIONS7;CLASSEMENTEMOTIONS8;CLASSEMENTEMOTIONS9;EXPLICATIONRESSENTI;BIENEQUIPE;ALLURE;ALLUREVITEDETAIL;ALLURELENTEDETAIL;SITUATIONPRESSE;SITUATIONDISTRAIT;SITUATIONCONFIANT;SITUATIONCONTROLE;SITUATIONLUDIQUE;SITUATIONPERF;SITUATIONSTRESS;SITUATIONFATIGUE;HUMEURNEUTRE;HUMEURGAI;HUMEURMECONTENT;HUMEURTRISTE;HUMEURCOLERE;CONTRIBUTION1;CONTRIBUTION2;CONTRIBUTION3;CONTRIBUTION4;CONTRIBUTION5;CONTRIBUTION6;CONTRIBUTION7;CONTRIBUTION8;CONTRIBUTION9;ROLEINFRA;ELEMENTINFRA1;ELEMENTINFRA2;ELEMENTINFRA3;ELEMENTINFRA4;ELEMENTINFRA5;ELEMENTINFRA6;ELEMENTINFRA7;ELEMENTINFRA8;ELEMENTINFRA9;ALCOOL;TXALCOOL;STUP;SEMAINE;MOMENTJOURNEE;TEMPS;CAUSEACC1;CAUSEACC2;CAUSEACC3;CAUSEACC4;CAUSEACC5;FORMATIONCAUSE;FORMATION1;FORMATION2;FORMATION3;FORMATION4;FORMATION5;TRAFIC;CHAUSSEE1;CHAUSSEE2;CHAUSSEE3;CHAUSSEE4;TYPEACC;BLESSURE;TETE;COU;THORAX;MEMBRESSUP;COLONNE;BASSIN;MEMBRESINF;HOPITAL;PLUS24H;TRAJET;TYPEROUTE;MOTIF;SENSTRAJET;PASSAGER;VITESSE;DESCEQ1;DESCEQ2;DESCEQ3;DESCEQ4;DESCEQ5;DESCEQ6;DESCEQ7;DESCEQ8;DESCEQ9;DESCEQ10;VEHICULEETE;VEHICULEAUTOMNE;VEHICULEPRINTEMPS;VEHICULEHIVER;VEHICULESEMAINE;VEHICULEWE;VEHMARQUE;VEHCYLINDREE;VEHMODELE;VEHSEGMENT;VEHSIDE;EQ2RMABS;EQ2RMCBS;EQ2RMABSCBS;EQ2RMREGULATEUR;EQ2RMLIMITEUR;EQ2RMPHARESDIRECT;EQ2RMCOUPURE;EQ2RMANTIPATINAGE;EQ2RMANTIXHEELING;EQ2RMSTABILILTE;VEHKM;POINTS;DUREE;AUTRE2RM;VEHPRECMARQUE;VEHPRECCYLINDREE;VEHPRECMODELE;VEHPRECSEGMENT;VEHPRECSIDE;TEMPS2RMPREC;FREQVEHPREC;DATE_NAISS;CSP;SOCIETAIRE;SALARIE;SECTEUR2RM;NBPERSFOYER;SITFAM;NBENF;TRNBENF1;TRNBENF2;TRNBENF3;TRNBENF4;NBAUTOFOYER;NBCYCLOFOYER;NBSCOOTFOYER;NBMOTOFOYER;NBTRIKEFOYER;NB2RMCONDUIT;MARQUE1;CYLINDREE1;MODELE1;SEGMENT1;SIDE1;ANMISECIRCU1;ASS1;FREQ1;USAGE1;NBKM1;GARAGE1;MARQUE2;CYLINDREE2;MODELE2;SEGMENT2;SIDE2;ANMISECIRCU2;ASS2;FREQ2;USAGE2;NBKM2;GARAGE2;MARQUE3;CYLINDREE3;MODELE3;SEGMENT3;SIDE3;ANMISECIRCU3;ASS3;FREQ3;USAGE3;NBKM3;GARAGE3;MARQUE4;CYLINDREE4;MODELE4;SEGMENT4;SIDE4;ANMISECIRCU4;ASS4;FREQ4;USAGE4;NBKM4;GARAGE4;MARQUE5;CYLINDREE5;MODELE5;SEGMENT5;SIDE5;ANMISECIRCU5;ASS5;FREQ5;USAGE5;NBKM5;GARAGE5;NBKMTOT;PERMIS1;PERMIS2;PERMIS3;PERMIS4;PERMIS5;PERMIS6;PERMIS7;PERMIS8;PERMIS9;ANPERMIS1;ANPERMIS6;ANPERMIS7;ANPERMIS2;ANPERMIS3;ANPERMIS8;ANPERMIS9;ANPERMIS4;ANPERMIS5
1100;6191;191;1;0;3;;;;;;0;3;;;;;;3;5;1997;1998;1999;;;0;3;;;;;;0;5;;;;;;0;5;;;;;;0;3;;;;;;1;4;1999;;;;;1;2;2013;;;;;0;6;;;;;;0;5;;;;;;0;2;;;;;;0;5;;;;;;0;5;;;;;;0;;;;;;;;;;;;;;;;;;;4;3;9;1;13;3;1999;;1999;Vous remontiez une file de véhicules (à l’arrêt ou au ralenti) par la gauche. Un véhicule de cette file vous a coupé la route en tournant à gauche.;4;;;;;;;"j'étais très fatiguée ce jour là et donc beaucoup moins alerte. Quand la voiture m'a coupé la route, j'ai ""pilé"" avec le frein arrière au lieu de faire un évitement et je suis allée au tapis.";pas assez alerte pour avoir le bon réflexe;répondu à cela dans les questions précédentes;NRP;1;si j'avais fait un évitement, je pense que j'aurais pu éviter l'accident;trop fatiguée pour réagir correctement et aussi manque d'exercices périodiques de pilotage pour entretenir les réflexes corrects en situation de stress;;2;1;1;3;il n'a pas regardé dans son rétroviseur et a mis son clignotant en même temps qu'il a commencé à changer de file;1;NRP;2;6;;;;;;;1;;;;2;;que ce conducteur change de file était inattendu;4;3;;;3;2;3;3;1;1;3;4;4;4;2;2;4;4;7;;;;;;;;2;;;;;;;;;2;2;;2;1;1;1;30;70;0;0;0;1;AUT|manque de post  formation;;;;;3;1;;;;2;1;4;;;;;;;1;1;1;4;1;1;1;60;1;10;2;3;5;;;;;;4;4;4;4;4;4;SUZUKI;500;GS-E 34CV;ROADSTER;2;1;1;1;1;1;1;1;1;1;1;80000;12;2;1;YAMAHA;125;SR;CUSTOM;2;2;4;14MAR1960;4;2;3;2;2;3;;NRP;;;;0;0;0;2;0;2;KAWASAKI;250;NINJA 250R  ZX2-R;Routière / GT;2;2008;16;3;1;2000;1;HONDA;750;VFR-F;Routière / GT;2;1992;20;4;1;100;1;;;;;;;;;;;;;;;;;;;;;;;;;;;;;;;;;;2100;2;3;4;;;;;;;NRP;NRP;NRP;1986;1986;NRP;NRP;1978;NRP
1503;6195;;1;0;5;;;;;;0;5;;;;;;0;5;;;;;;0;5;;;;;;0;5;;;;;;0;5;;;;;;0;4;;;;;;0;4;;;;;;1;5;2012;;;;;0;6;;;;;;0;6;;;;;;0;4;;;;;;0;5;;;;;;1;5;2013;;;;;0;;;;;;;;;;;;;;;;;;;5;11;0;1;66;14;2013;;;;;;;;;;;;;;;;;;;;;;;;;;;;;;;;;;;;;;;;;;;;;;;;;;;;;;;;;;;;;;;;;;;;;;;;;;;;;;;;;;;;;;;;;;;;;;;;;;;;;;;;;;;;;;;;;;;;;;;;;;;;;;;;;;;;;;;;;;;;;;;;;;;;;;;;;;;;;;31DEC1967;6;2;3;2;4;4;2;NRP;;;;2;0;0;1;0;1;DAELIM;125;DAYSTAR IE 40TH;CUSTOM;2;2009;28;1;2;10000;7;;;;;;;;;;;;;;;;;;;;;;;;;;;;;;;;;;;;;;;;;;;;;10000;2;4;;;;;;;;NRP;NRP;NRP;1986;NRP;NRP;NRP;1986;NRP
1926;6196;;1;0;2;;;;;;1;3;2014;;;;;0;3;;;;;;0;1;;;;;;1;2;NSP;;;;;1;1;2012;;;;;0;3;;;;;;0;3;;;;;;2;3;1990;NSP;;;;4;5;2013;2013;2014;2014;;0;2;;;;;;0;1;;;;;;1;4;1990;;;;;2;3;NSP;NSP;;;;0;;;;;;;;;;;;;;;;;;;29;0;29;1;41;9;1990;;;;;;;;;;;;;;;;;;;;;;;;;;;;;;;;;;;;;;;;;;;;;;;;;;;;;;;;;;;;;;;;;;;;;;;;;;;;;;;;;;;;;;;;;;;;;;;;;;;;;;;;;;;;;;;;;;;;;;;;;;;;;;;;;;;;;;;;;;;;;;;;;;;;;;;;;;;;;;14FEB1964;5;1;3;2;2;3;;NRP;;;;2;0;0;1;0;1;KAWASAKI;750;Z 750-S IE;ROADSTER;2;2005;37;2;2;5000;7;;;;;;;;;;;;;;;;;;;;;;;;;;;;;;;;;;;;;;;;;;;;;5000;4;9;;;;;;;;NRP;NRP;NRP;NRP;NRP;NRP;1986;1983;NRP
323;6197;;0;;;;;;;;;;;;;;;;;;;;;;;;;;;;;;;;;;;;;;;;;;;;;;;;;;;;;;;;;;;;;;;;;;;;;;;;;;;;;;;;;;;;;;;;;;;;;;;;;;;;;;;;;;;;;;;;;;;;;;;;;;;;;;;;;;;;;;;;;;;;;;;;;;;;;;;;;;;;;;;;;;;;;;;;;;;;;;;;;;;;;;;;;;;;;;;;;;;;;;;;;;;;;;;;;;;;;;;;;;;;;;;;;;;;;;;;;;;;;;;;;;;;;;;;;;;;;;;;;;;;;;;;;;;;;;;;;;;;;;;;;;05NOV1976;7;2;3;2;4;2;3;NRP;;;;1;0;0;1;0;1;SUZUKI;600;BANDIT-S;ROADSTER;2;1998;40;3;1;2500;7;;;;;;;;;;;;;;;;;;;;;;;;;;;;;;;;;;;;;;;;;;;;;2500;4;3;;;;;;;;NRP;NRP;NRP;NRP;2011;NRP;NRP;1996;NRP
1734;6198;;1;1;5;1992;;;;;0;6;;;;;;0;6;;;;;;0;3;;;;;;0;4;;;;;;0;5;;;;;;0;5;;;;;;0;5;;;;;;1;4;2001;;;;;0;6;;;;;;0;6;;;;;;0;3;;;;;;0;5;;;;;;0;6;;;;;;0;;;;;;;;;;;;;;;;;;;5;10;14;1;1;1;1992;;;;;;;;;;;;;;;;;;;;;;;;;;;;;;;;;;;;;;;;;;;;;;;;;;;;;;;;;;;;;;;;;;;;;;;;;;;;;;;;;;;;;;;;;;;;;;;;;;;;;;;;;;;;;;;;;;;;;;;;;;;;;;;;;;;;;;;;;;;;;;;;;;;;;;;;;;;;;;17SEP1953;9;1;3;2;2;3;;NRP;;;;1;0;0;1;0;1;HONDA;1800;GOLD WING LUXE (AIRBAG);Routière / GT;2;2008;37;3;1;7000;4;;;;;;;;;;;;;;;;;;;;;;;;;;;;;;;;;;;;;;;;;;;;;7000;4;3;2;7;;;;;;NRP;NRP;1977;1977;2001;NRP;NRP;1977;NRP
367;6199;172;1;0;5;;;;;;0;3;;;;;;0;3;;;;;;0;2;;;;;;0;5;;;;;;0;4;;;;;;0;4;;;;;;1;4;2013;;;;;5;6;1992;1993;1994;1995;1996;0;4;;;;;;0;3;;;;;;0;4;;;;;;0;4;;;;;;0;2;;;;;;1;1;2013;;;;;Toulon;;;;;Percuté a l'arrière par un autre 2 roues ,ma moto est partie et a tapé le trottoir d'en face;;;;;0;0;0;7;15;1;71;15;2013;Toulon;2013;Autre(s) type(s) d'accident(s).;3;;;;;;;j'étais au guidon de ma moto , près a déboiter ,et un 50 CM3 est arrivé derrière, en ayant un défaut de freinage , il m'a percuté ,sous le choc j'ai lâché l'embrayage de la moto ,ce qui a eut pour effet de faire traverser la route opposée aux 2 deux roues ,ma moto a tapé le trottoir d'en face . elle s'est couchée sur le flan gauche ,entrainant la même chose pour le 50 cm3. je n'ai rien vu venir ,je me suis retrouvé debout sans ma moto ,ne comprenant pas ce qu'il s'est passé  et après en regardant j'ai compris;le défaut de maitrise du véhicule qui m'a percuté .;j'ai été voir l'état des 2 passagères car elles étaient sur la chaussé ,surprise et légèrement choquée , pas de grosse blessures ,de la bobologies;NRP;1;appeler les pompiers et les forces de l'ordres ,cela n'aurais rien changé a l'accident proprement dit , mais les suites (fausse assurance et fausse plaque ) aurait été différente;un léger état de choc pour moi ,et la peur des forces de l'ordres pour les jeunes filles (j'ai compris après pourquoi );;3;1;2;;NSP;1;non maitrise du vehicule;7;;;;;;;;;;;;;;;4;4;;;1;1;4;4;4;1;4;1;1;4;4;4;4;10;;;;;;;;;2;;;;;;;;;2;2;;2;1;1;1;0;100;0;0;0;2;;;;;;4;1;;;;2;1;6;7;;;;;;1;0;1;1;1;2;0;0;1;2;3;4;9;;;;;;4;4;4;4;4;4;BMW;1100;"R1100RT ""75""";Routière / GT;2;0;1;1;1;1;1;1;1;1;1;100000;12;1;1;MOTO GUZZI;1100;V11 LE MANS;Routière / GT;2;3;4;19JAN1973;8;1;3;2;3;4;1;NRP;;;;1;0;0;3;0;4;TRIUMPH;900;BONNEVILLE;ROADSTER;2;2010;37;1;2;3000;3;APRILIA;1000;RS-T FUTURA;Routière / GT;2;2001;37;4;1;200;7;HONDA;650;CB650;ROADSTER;2;1979;37;3;1;2000;7;MOTO GUZZI;1000;CALIFORNIA III;Routière / GT;1;1989;37;3;1;2000;7;;;;;;;;;;;;7200;3;4;;;;;;;;NRP;NRP;NRP;NRP;1999;NRP;NRP;1997;NRP
167;6200;;0;;;;;;;;;;;;;;;;;;;;;;;;;;;;;;;;;;;;;;;;;;;;;;;;;;;;;;;;;;;;;;;;;;;;;;;;;;;;;;;;;;;;;;;;;;;;;;;;;;;;;;;;;;;;;;;;;;;;;;;;;;;;;;;;;;;;;;;;;;;;;;;;;;;;;;;;;;;;;;;;;;;;;;;;;;;;;;;;;;;;;;;;;;;;;;;;;;;;;;;;;;;;;;;;;;;;;;;;;;;;;;;;;;;;;;;;;;;;;;;;;;;;;;;;;;;;;;;;;;;;;;;;;;;;;;;;;;;;;;;;;;14JUL1969;7;2;3;2;4;4;2;NRP;;;;2;0;0;1;0;1;KAWASAKI;750;Z 750-N IE;ROADSTER;2;2005;22;3;2;5000;7;;;;;;;;;;;;;;;;;;;;;;;;;;;;;;;;;;;;;;;;;;;;;5000;3;4;;;;;;;;NRP;NRP;NRP;NRP;1992;NRP;NRP;1987;NRP
1179;6201;;0;;;;;;;;;;;;;;;;;;;;;;;;;;;;;;;;;;;;;;;;;;;;;;;;;;;;;;;;;;;;;;;;;;;;;;;;;;;;;;;;;;;;;;;;;;;;;;;;;;;;;;;;;;;;;;;;;;;;;;;;;;;;;;;;;;;;;;;;;;;;;;;;;;;;;;;;;;;;;;;;;;;;;;;;;;;;;;;;;;;;;;;;;;;;;;;;;;;;;;;;;;;;;;;;;;;;;;;;;;;;;;;;;;;;;;;;;;;;;;;;;;;;;;;;;;;;;;;;;;;;;;;;;;;;;;;;;;;;;;;;;;26AUG1968;7;2;3;2;1;1;;NRP;;;;2;0;0;2;0;2;HONDA;1000;CB 1000R;ROADSTER;2;2012;33;3;1;3500;7;YAMAHA;1300;XJR;ROADSTER;2;2013;33;2;2;4000;7;;;;;;;;;;;;;;;;;;;;;;;;;;;;;;;;;;7500;3;4;;;;;;;;NRP;NRP;NRP;NRP;1987;NRP;NRP;1987;NRP
1967;6205;;0;;;;;;;;;;;;;;;;;;;;;;;;;;;;;;;;;;;;;;;;;;;;;;;;;;;;;;;;;;;;;;;;;;;;;;;;;;;;;;;;;;;;;;;;;;;;;;;;;;;;;;;;;;;;;;;;;;;;;;;;;;;;;;;;;;;;;;;;;;;;;;;;;;;;;;;;;;;;;;;;;;;;;;;;;;;;;;;;;;;;;;;;;;;;;;;;;;;;;;;;;;;;;;;;;;;;;;;;;;;;;;;;;;;;;;;;;;;;;;;;;;;;;;;;;;;;;;;;;;;;;;;;;;;;;;;;;;;;;;;;;;20AUG1966;8;2;3;2;3;4;1;NRP;;;;3;0;0;1;0;1;SUZUKI;600;BANDIT-S;ROADSTER;2;1996;29;2;1;4000;7;;;;;;;;;;;;;;;;;;;;;;;;;;;;;;;;;;;;;;;;;;;;;4000;4;3;;;;;;;;NRP;NRP;NRP;NRP;2012;NRP;NRP;1984;NRP
1216;6207;;0;;;;;;;;;;;;;;;;;;;;;;;;;;;;;;;;;;;;;;;;;;;;;;;;;;;;;;;;;;;;;;;;;;;;;;;;;;;;;;;;;;;;;;;;;;;;;;;;;;;;;;;;;;;;;;;;;;;;;;;;;;;;;;;;;;;;;;;;;;;;;;;;;;;;;;;;;;;;;;;;;;;;;;;;;;;;;;;;;;;;;;;;;;;;;;;;;;;;;;;;;;;;;;;;;;;;;;;;;;;;;;;;;;;;;;;;;;;;;;;;;;;;;;;;;;;;;;;;;;;;;;;;;;;;;;;;;;;;;;;;;;27MAY1968;5;2;3;2;4;4;2;NRP;;;;2;0;0;1;0;1;HONDA;1000;CBF-F C-ABS;ROADSTER;2;2010;28;1;2;6000;4;;;;;;;;;;;;;;;;;;;;;;;;;;;;;;;;;;;;;;;;;;;;;6000;3;4;;;;;;;;NRP;NRP;NRP;NRP;2008;NRP;NRP;1986;NRP
1104;6210;423;1;0;3;;;;;;1;5;2013;;;;;0;5;;;;;;0;4;;;;;;0;5;;;;;;0;4;;;;;;0;4;;;;;;0;4;;;;;;1;5;2011;;;;;0;3;;;;;;0;4;;;;;;0;3;;;;;;0;2;;;;;;0;3;;;;;;0;;;;;;;;;;;;;;;;;;;0;1;4;1;6;2;2013;;2013;Vous circuliez derrière un véhicule. Ce véhicule a ralenti. Vous avez entrepris de dépasser ce véhicule par la gauche et celui-ci vous a coupé la route en tournant à gauche (ou en effectuant un ½ tour;1;;;;;;;"Dépassement d'un camionnette qui roulait à basse allure, une voiture arrivant de la droite lui a coupé la route, la camionnette a brusquement fait demi-tour pour ""poursuivre"" la voiture, et m'a renversé.";brusque demi-tour du véhicule dépassé;Esquive à gauche pour m'écarter du véhicule doublé qui s'est mis à déboiter. La jambe de ma passagère s'est retrouvée coincée un court moment entre le véhicule et la moto. Puis stabilisation de la moto, freinage, et arrêt sur le bord gauche de la route (à contre-sens).  Très mal au genou pour ma passagère (béquilles pendant quelques semaines, et séances de ré-éducation), aucun dommage pour moi, top-case abîmé par le choc.  La moto n'est pas tombée, juste un peu poussée par le véhicule déboitant.;NRP;0;;;NRP;3;1;NSP;;"L'autre ne m'a pas vu doubler, il était focalisé sur une voiture qui lui avait coupé la route et essayait de la ""poursuivre"" en faisant demi-tour";NSP;NSP;3;6;;;;;;;;1;;;2;;Ne pas comprendre pourquoi l'autre déboite sur une route vide;3;1;1;;2;2;3;3;1;1;1;2;3;1;4;4;4;1;4;;;;;;;;2;;;;;;;;;2;2;;2;1;2;1;40;60;0;0;0;2;;;;;;1;1;;;;2;0;;;;;;;;;;2;1;3;;1;45;1;2;3;4;7;9;;;;;4;4;4;3;4;3;YAMAHA;660;MT03;ROADSTER;2;1;1;1;1;1;1;1;1;1;1;8000;NSP;3;0;;;;;;;;02JUL1988;4;1;3;2;2;5;0;NRP;;;;2;0;0;2;0;2;YAMAHA;660;MT03;ROADSTER;2;2006;37;2;2;10000;5;SUZUKI;125;GN125D;CUSTOM;2;1999;29;4;1;300;5;;;;;;;;;;;;;;;;;;;;;;;;;;;;;;;;;;10300;3;4;;;;;;;;NRP;NRP;NRP;NRP;2011;NRP;NRP;2008;NRP
2118;6211;;0;;;;;;;;;;;;;;;;;;;;;;;;;;;;;;;;;;;;;;;;;;;;;;;;;;;;;;;;;;;;;;;;;;;;;;;;;;;;;;;;;;;;;;;;;;;;;;;;;;;;;;;;;;;;;;;;;;;;;;;;;;;;;;;;;;;;;;;;;;;;;;;;;;;;;;;;;;;;;;;;;;;;;;;;;;;;;;;;;;;;;;;;;;;;;;;;;;;;;;;;;;;;;;;;;;;;;;;;;;;;;;;;;;;;;;;;;;;;;;;;;;;;;;;;;;;;;;;;;;;;;;;;;;;;;;;;;;;;;;;;;;30MAY1977;5;2;3;2;5;4;3;NRP;;;;2;0;0;1;0;1;YAMAHA;600;XJ-S DIVERSION;ROADSTER;2;2010;31;1;2;11000;AUT|Abris jardin privatif;;;;;;;;;;;;;;;;;;;;;;;;;;;;;;;;;;;;;;;;;;;;;11000;3;4;;;;;;;;NRP;NRP;NRP;NRP;2010;NRP;NRP;1996;NRP
277;6212;350;1;0;4;;;;;;0;4;;;;;;0;4;;;;;;0;5;;;;;;1;4;2013;;;;;0;5;;;;;;0;3;;;;;;0;3;;;;;;0;3;;;;;;1;5;2014;;;;;0;5;;;;;;0;3;;;;;;0;3;;;;;;0;2;;;;;;1;1;2014;;;;;Paris;;;;;J'étais sur un échangeur un véhicule s'engage devant moi puis s'arrête complètement.;;;;;0;0;2;2;2;1;46;10;2014;;2014;"Vous circuliez sur un axe constitué d’au moins "" 2 X 2 voies "" (en urbain, périphérique, autoroute, RN …). Un véhicule vous a coupé la route en changeant de voie pour se placer sur celle de droite.";3;;;;;;;Reproche la vigilance des 4 roues motorisé dans la région parisienne.;Rien il a changé de voies quand j'étais à sa hauteur sans prévenir, ce fut une grande surprise.;Quand il a changé une première fois de voies je me suis dit attention encore un abruti qui ne regarde pas une fois à sa hauteur il a refait la même avant de finir en délit de fuite.;AUT|Surprise, mais début d'évitement avec ralentissement;0;;;interfile;2;0;;;;;;2;;;;;;;;1;;;;;;Je ne m'attendais pas a un zig zag de la part de l'usager.;4;3;;;1;1;4;4;1;1;1;1;1;4;4;4;4;10;;;;;;;;;2;;;;;;;;;2;2;;2;1;1;1;0;100;0;0;0;1;AUT|Les permis B sont mal formé;;;;;AUT|Très dense;1;;;;2;1;4;;;;;;;1;0;1;4;1;1;0;30;1;2;3;4;7;9;;;;;4;4;4;4;4;4;BMW;1200;R1200GS ADVENTURE  PACK;TRAIL / SUPERMOTARD;2;0;0;0;0;1;2;0;0;0;0;16000;12;3;1;BMW;1200;R1200GS  PACK;TRAIL / SUPERMOTARD;null;2;4;24APR1983;5;1;3;2;1;1;;NRP;;;;0;0;0;1;0;1;APRILIA;125;RS4;SPORTIVE;2;2012;37;1;2;8000;1;;;;;;;;;;;;;;;;;;;;;;;;;;;;;;;;;;;;;;;;;;;;;8000;4;5;;;;;;;;NRP;NRP;NRP;NRP;NRP;NRP;NRP;2010;2012
900;6215;;0;;;;;;;;;;;;;;;;;;;;;;;;;;;;;;;;;;;;;;;;;;;;;;;;;;;;;;;;;;;;;;;;;;;;;;;;;;;;;;;;;;;;;;;;;;;;;;;;;;;;;;;;;;;;;;;;;;;;;;;;;;;;;;;;;;;;;;;;;;;;;;;;;;;;;;;;;;;;;;;;;;;;;;;;;;;;;;;;;;;;;;;;;;;;;;;;;;;;;;;;;;;;;;;;;;;;;;;;;;;;;;;;;;;;;;;;;;;;;;;;;;;;;;;;;;;;;;;;;;;;;;;;;;;;;;;;;;;;;;;;;;17AUG1953;9;1;3;2;2;3;;NRP;;;;2;0;0;1;0;1;BMW;1200;R1200GS;TRAIL / SUPERMOTARD;2;2010;37;2;1;8000;7;;;;;;;;;;;;;;;;;;;;;;;;;;;;;;;;;;;;;;;;;;;;;8000;3;7;;;;;;;;NRP;NRP;1972;NRP;1996;NRP;NRP;NRP;NRP
1333;6218;;0;;;;;;;;;;;;;;;;;;;;;;;;;;;;;;;;;;;;;;;;;;;;;;;;;;;;;;;;;;;;;;;;;;;;;;;;;;;;;;;;;;;;;;;;;;;;;;;;;;;;;;;;;;;;;;;;;;;;;;;;;;;;;;;;;;;;;;;;;;;;;;;;;;;;;;;;;;;;;;;;;;;;;;;;;;;;;;;;;;;;;;;;;;;;;;;;;;;;;;;;;;;;;;;;;;;;;;;;;;;;;;;;;;;;;;;;;;;;;;;;;;;;;;;;;;;;;;;;;;;;;;;;;;;;;;;;;;;;;;;;;;02OCT1959;5;2;3;2;2;5;0;NRP;;;;2;0;0;3;0;3;BMW;1200;R1200GS ABS;TRAIL / SUPERMOTARD;2;2009;29;2;1;18000;7;BARIGO;600;SUPERMOTARD;TRAIL / SUPERMOTARD;2;1994;29;4;1;2000;7;MAICO;250;250GS;TOUT TERRAIN (TRIAL, ENDURO, CROSS);2;1989;29;4;1;1000;7;;;;;;;;;;;;;;;;;;;;;;;21000;2;3;4;8;9;;;;;NRP;NRP;NRP;1983;1983;1983;1983;1979;NRP
337;6219;;0;;;;;;;;;;;;;;;;;;;;;;;;;;;;;;;;;;;;;;;;;;;;;;;;;;;;;;;;;;;;;;;;;;;;;;;;;;;;;;;;;;;;;;;;;;;;;;;;;;;;;;;;;;;;;;;;;;;;;;;;;;;;;;;;;;;;;;;;;;;;;;;;;;;;;;;;;;;;;;;;;;;;;;;;;;;;;;;;;;;;;;;;;;;;;;;;;;;;;;;;;;;;;;;;;;;;;;;;;;;;;;;;;;;;;;;;;;;;;;;;;;;;;;;;;;;;;;;;;;;;;;;;;;;;;;;;;;;;;;;;;;20APR1975;5;2;3;2;2;3;;NRP;;;;1;0;0;1;0;1;YAMAHA;1100;XVS DRAG STAR;CUSTOM;2;1999;29;1;2;7000;7;;;;;;;;;;;;;;;;;;;;;;;;;;;;;;;;;;;;;;;;;;;;;7000;3;4;5;;;;;;;NRP;NRP;NRP;NRP;2012;NRP;NRP;1994;2011
324;6223;;0;;;;;;;;;;;;;;;;;;;;;;;;;;;;;;;;;;;;;;;;;;;;;;;;;;;;;;;;;;;;;;;;;;;;;;;;;;;;;;;;;;;;;;;;;;;;;;;;;;;;;;;;;;;;;;;;;;;;;;;;;;;;;;;;;;;;;;;;;;;;;;;;;;;;;;;;;;;;;;;;;;;;;;;;;;;;;;;;;;;;;;;;;;;;;;;;;;;;;;;;;;;;;;;;;;;;;;;;;;;;;;;;;;;;;;;;;;;;;;;;;;;;;;;;;;;;;;;;;;;;;;;;;;;;;;;;;;;;;;;;;;03APR1967;5;1;3;2;4;4;2;NRP;;;;2;0;0;1;0;1;SUZUKI;1200;BANDIT-S;ROADSTER;2;2001;37;3;1;2500;7;;;;;;;;;;;;;;;;;;;;;;;;;;;;;;;;;;;;;;;;;;;;;2500;2;7;;;;;;;;NRP;NRP;1985;2001;NRP;NRP;NRP;NRP;NRP
1399;6224;;0;;;;;;;;;;;;;;;;;;;;;;;;;;;;;;;;;;;;;;;;;;;;;;;;;;;;;;;;;;;;;;;;;;;;;;;;;;;;;;;;;;;;;;;;;;;;;;;;;;;;;;;;;;;;;;;;;;;;;;;;;;;;;;;;;;;;;;;;;;;;;;;;;;;;;;;;;;;;;;;;;;;;;;;;;;;;;;;;;;;;;;;;;;;;;;;;;;;;;;;;;;;;;;;;;;;;;;;;;;;;;;;;;;;;;;;;;;;;;;;;;;;;;;;;;;;;;;;;;;;;;;;;;;;;;;;;;;;;;;;;;;08AUG1988;7;2;3;1;1;1;;NRP;;;;2;1;0;1;0;1;KAWASAKI;650;ER-6  N;ROADSTER;2;2007;16;2;1;4000;4;;;;;;;;;;;;;;;;;;;;;;;;;;;;;;;;;;;;;;;;;;;;;4000;1;3;4;;;;;;;2006;NRP;NRP;NRP;2009;NRP;NRP;2007;NRP