Ligne;Ligne Q qualif;Ligne approfondissement Accident;ACCIDENT;NBACC1;ACCFREQUENCE1;ANNEEACC1_1;ANNEEACC1_2;ANNEEACC1_3;ANNEEACC1_4;ANNEEACC1_5;NBACC2;ACCFREQUENCE2;ANNEEACC2_1;ANNEEACC2_2;ANNEEACC2_3;ANNEEACC2_4;ANNEEACC2_5;NBACC3;ACCFREQUENCE3;ANNEEACC3_1;ANNEEACC3_2;ANNEEACC3_3;ANNEEACC3_4;ANNEEACC3_5;NBACC4;ACCFREQUENCE4;ANNEEACC4_1;ANNEEACC4_2;ANNEEACC4_3;ANNEEACC4_4;ANNEEACC4_5;NBACC5;ACCFREQUENCE5;ANNEEACC5_1;ANNEEACC5_2;ANNEEACC5_3;ANNEEACC5_4;ANNEEACC5_5;NBACC6;ACCFREQUENCE6;ANNEEACC6_1;ANNEEACC6_2;ANNEEACC6_3;ANNEEACC6_4;ANNEEACC6_5;NBACC7;ACCFREQUENCE7;ANNEEACC7_1;ANNEEACC7_2;ANNEEACC7_3;ANNEEACC7_4;ANNEEACC7_5;NBACC8;ACCFREQUENCE8;ANNEEACC8_1;ANNEEACC8_2;ANNEEACC8_3;ANNEEACC8_4;ANNEEACC8_5;NBACC9;ACCFREQUENCE9;ANNEEACC9_1;ANNEEACC9_2;ANNEEACC9_3;ANNEEACC9_4;ANNEEACC9_5;NBACC10;ACCFREQUENCE10;ANNEEACC10_1;ANNEEACC10_2;ANNEEACC10_3;ANNEEACC10_4;ANNEEACC10_5;NBACC11;ACCFREQUENCE11;ANNEEACC11_1;ANNEEACC11_2;ANNEEACC11_3;ANNEEACC11_4;ANNEEACC11_5;NBACC12;ACCFREQUENCE12;ANNEEACC12_1;ANNEEACC12_2;ANNEEACC12_3;ANNEEACC12_4;ANNEEACC12_5;NBACC13;ACCFREQUENCE13;ANNEEACC13_1;ANNEEACC13_2;ANNEEACC13_3;ANNEEACC13_4;ANNEEACC13_5;NBACC14;ACCFREQUENCE14;ANNEEACC14_1;ANNEEACC14_2;ANNEEACC14_3;ANNEEACC14_4;ANNEEACC14_5;AUTRESACC;NBAUTRESACC;ANNEEAUTREACC1;ANNEEAUTREACC2;ANNEEAUTREACC3;ANNEEAUTREACC4;ANNEEAUTREACC5;LIEUAUTREACC1;LIEUAUTREACC2;LIEUAUTREACC3;LIEUAUTREACC4;LIEUAUTREACC5;DESCRIPTIONAUTRESACC1;DESCRIPTIONAUTRESACC2;DESCRIPTIONAUTRESACC3;DESCRIPTIONAUTRESACC4;DESCRIPTIONAUTRESACC5;NBAUTRESACCCIRCUIT;NBAUTRESTOUTTERRAIN;EXPCYCLO;EXP125;EXPSUP125;ACCORDNEXTQ;CHOIXACC;RGPMTACC;RECUPANNEE;RECUPLIEU;RECUPANNE;RGPMTAC;CHOIX1;CHOIX2;CHOIX3;CHOIX4;CHOIX5;CHOIX6;CHOIX7;DESCRIPTION;RUPTURE;FAITS;ABS_REACTION;AUTRE_REACTION;PRECISIONREACTIONOUI;RECUL;PRECISIONREACTIONNON;IMPACTCOMPORTEMENT;AUTREUSAGER;REACTIONAUTREUSAGER;CONNAISSANCEREACTIONUSAGER;DIFFICULTES;AGGRAVATION;DIFFICULTES2;EMOTIONS1;EMOTIONS2;EMOTIONS3;EMOTIONS4;EMOTIONS5;EMOTIONS6;AUTRESENTIMENT;CLASSEMENTEMOTIONS1;CLASSEMENTEMOTIONS;CLASSEMENTEMOTIONS5;CLASSEMENTEMOTIONS6;CLASSEMENTEMOTIONS7;CLASSEMENTEMOTIONS8;CLASSEMENTEMOTIONS9;EXPLICATIONRESSENTI;BIENEQUIPE;ALLURE;ALLUREVITEDETAIL;ALLURELENTEDETAIL;SITUATIONPRESSE;SITUATIONDISTRAIT;SITUATIONCONFIANT;SITUATIONCONTROLE;SITUATIONLUDIQUE;SITUATIONPERF;SITUATIONSTRESS;SITUATIONFATIGUE;HUMEURNEUTRE;HUMEURGAI;HUMEURMECONTENT;HUMEURTRISTE;HUMEURCOLERE;CONTRIBUTION1;CONTRIBUTION2;CONTRIBUTION3;CONTRIBUTION4;CONTRIBUTION5;CONTRIBUTION6;CONTRIBUTION7;CONTRIBUTION8;CONTRIBUTION9;ROLEINFRA;ELEMENTINFRA1;ELEMENTINFRA2;ELEMENTINFRA3;ELEMENTINFRA4;ELEMENTINFRA5;ELEMENTINFRA6;ELEMENTINFRA7;ELEMENTINFRA8;ELEMENTINFRA9;ALCOOL;TXALCOOL;STUP;SEMAINE;MOMENTJOURNEE;TEMPS;CAUSEACC1;CAUSEACC2;CAUSEACC3;CAUSEACC4;CAUSEACC5;FORMATIONCAUSE;FORMATION1;FORMATION2;FORMATION3;FORMATION4;FORMATION5;TRAFIC;CHAUSSEE1;CHAUSSEE2;CHAUSSEE3;CHAUSSEE4;TYPEACC;BLESSURE;TETE;COU;THORAX;MEMBRESSUP;COLONNE;BASSIN;MEMBRESINF;HOPITAL;PLUS24H;TRAJET;TYPEROUTE;MOTIF;SENSTRAJET;PASSAGER;VITESSE;DESCEQ1;DESCEQ2;DESCEQ3;DESCEQ4;DESCEQ5;DESCEQ6;DESCEQ7;DESCEQ8;DESCEQ9;DESCEQ10;VEHICULEETE;VEHICULEAUTOMNE;VEHICULEPRINTEMPS;VEHICULEHIVER;VEHICULESEMAINE;VEHICULEWE;VEHMARQUE;VEHCYLINDREE;VEHMODELE;VEHSEGMENT;VEHSIDE;EQ2RMABS;EQ2RMCBS;EQ2RMABSCBS;EQ2RMREGULATEUR;EQ2RMLIMITEUR;EQ2RMPHARESDIRECT;EQ2RMCOUPURE;EQ2RMANTIPATINAGE;EQ2RMANTIXHEELING;EQ2RMSTABILILTE;VEHKM;POINTS;DUREE;AUTRE2RM;VEHPRECMARQUE;VEHPRECCYLINDREE;VEHPRECMODELE;VEHPRECSEGMENT;VEHPRECSIDE;TEMPS2RMPREC;FREQVEHPREC;DATE_NAISS;CSP;SOCIETAIRE;SALARIE;SECTEUR2RM;NBPERSFOYER;SITFAM;NBENF;TRNBENF1;TRNBENF2;TRNBENF3;TRNBENF4;NBAUTOFOYER;NBCYCLOFOYER;NBSCOOTFOYER;NBMOTOFOYER;NBTRIKEFOYER;NB2RMCONDUIT;MARQUE1;CYLINDREE1;MODELE1;SEGMENT1;SIDE1;ANMISECIRCU1;ASS1;FREQ1;USAGE1;NBKM1;GARAGE1;MARQUE2;CYLINDREE2;MODELE2;SEGMENT2;SIDE2;ANMISECIRCU2;ASS2;FREQ2;USAGE2;NBKM2;GARAGE2;MARQUE3;CYLINDREE3;MODELE3;SEGMENT3;SIDE3;ANMISECIRCU3;ASS3;FREQ3;USAGE3;NBKM3;GARAGE3;MARQUE4;CYLINDREE4;MODELE4;SEGMENT4;SIDE4;ANMISECIRCU4;ASS4;FREQ4;USAGE4;NBKM4;GARAGE4;MARQUE5;CYLINDREE5;MODELE5;SEGMENT5;SIDE5;ANMISECIRCU5;ASS5;FREQ5;USAGE5;NBKM5;GARAGE5;NBKMTOT;PERMIS1;PERMIS2;PERMIS3;PERMIS4;PERMIS5;PERMIS6;PERMIS7;PERMIS8;PERMIS9;ANPERMIS1;ANPERMIS6;ANPERMIS7;ANPERMIS2;ANPERMIS3;ANPERMIS8;ANPERMIS9;ANPERMIS4;ANPERMIS5
76;6314;;0;;;;;;;;;;;;;;;;;;;;;;;;;;;;;;;;;;;;;;;;;;;;;;;;;;;;;;;;;;;;;;;;;;;;;;;;;;;;;;;;;;;;;;;;;;;;;;;;;;;;;;;;;;;;;;;;;;;;;;;;;;;;;;;;;;;;;;;;;;;;;;;;;;;;;;;;;;;;;;;;;;;;;;;;;;;;;;;;;;;;;;;;;;;;;;;;;;;;;;;;;;;;;;;;;;;;;;;;;;;;;;;;;;;;;;;;;;;;;;;;;;;;;;;;;;;;;;;;;;;;;;;;;;;;;;;;;;;;;;;;;;06AUG1959;7;2;3;2;3;4;1;NRP;;;;3;0;0;1;0;1;BMW;1200;R1200R;ROADSTER;2;2008;29;3;1;6000;7;;;;;;;;;;;;;;;;;;;;;;;;;;;;;;;;;;;;;;;;;;;;;6000;2;3;4;7;;;;;;NRP;NRP;1977;1977;1995;NRP;NRP;1977;NRP
2060;6319;;1;0;3;;;;;;0;5;;;;;;0;5;;;;;;0;3;;;;;;0;5;;;;;;0;2;;;;;;0;2;;;;;;0;4;;;;;;1;4;NSP;;;;;0;5;;;;;;0;5;;;;;;0;2;;;;;;0;3;;;;;;0;2;;;;;;1;1;2010;;;;;ST QUENTIN FALL;;;;;Sortie de rond point trop à gauche. Chaussée sale et glissante. Donc par terre.;;;;;0;0;2;3;14;1;41;9;0;;;;;;;;;;;;;;;;;;;;;;;;;;;;;;;;;;;;;;;;;;;;;;;;;;;;;;;;;;;;;;;;;;;;;;;;;;;;;;;;;;;;;;;;;;;;;;;;;;;;;;;;;;;;;;;;;;;;;;;;;;;;;;;;;;;;;;;;;;;;;;;;;;;;;;;;;;;;;;24APR1961;2;2;3;2;1;1;;NRP;;;;1;0;0;1;0;1;APRILIA;1000;TUONO STREET FIGHTER;ROADSTER;2;2007;40;3;1;12000;6;;;;;;;;;;;;;;;;;;;;;;;;;;;;;;;;;;;;;;;;;;;;;12000;3;4;;;;;;;;NRP;NRP;NRP;NRP;1980;NRP;NRP;1979;NRP
1174;6324;;0;;;;;;;;;;;;;;;;;;;;;;;;;;;;;;;;;;;;;;;;;;;;;;;;;;;;;;;;;;;;;;;;;;;;;;;;;;;;;;;;;;;;;;;;;;;;;;;;;;;;;;;;;;;;;;;;;;;;;;;;;;;;;;;;;;;;;;;;;;;;;;;;;;;;;;;;;;;;;;;;;;;;;;;;;;;;;;;;;;;;;;;;;;;;;;;;;;;;;;;;;;;;;;;;;;;;;;;;;;;;;;;;;;;;;;;;;;;;;;;;;;;;;;;;;;;;;;;;;;;;;;;;;;;;;;;;;;;;;;;;;;27JUN1966;2;2;3;2;4;4;2;NRP;;;;1;1;0;1;0;2;PEUGEOT;50;KISBEE;SCOOTER;2;2011;2;1;2;1000;7;KTM;990;SUPERDUKE;ROADSTER;2;2011;2;2;1;7000;7;;;;;;;;;;;;;;;;;;;;;;;;;;;;;;;;;;8000;2;3;4;;;;;;;NRP;NRP;NRP;1983;2005;NRP;NRP;1984;NRP
280;6329;97;1;2;5;1981;NSP;;;;1;5;NSP;;;;;5;5;1975;1976;1977;1978;1993;2;5;NSP;NSP;;;;1;2;NSP;;;;;0;3;;;;;;0;1;;;;;;1;3;1980;;;;;3;2;1980;1990;NSP;;;0;2;;;;;;0;4;;;;;;0;1;;;;;;0;1;;;;;;1;4;NSP;;;;;0;;;;;;;;;;;;;;;;;;;2;1;36;1;66;14;0;;-1;Alors que vous étiez en train de rouler, un piéton a traversé devant vous.;AUT|convoqué chez les flics;;;;;;;"j'allais bosser et c'était une avenue à sens unique avec plusieurs voies. je passais entre deux files quand le piéton a surgi, je n'ai pu l'éviter et l'ai renversé. Il traversait à une trentaine de mètres du passage piéton et sans regarder. Il se plaignait du dos, mais le choc n'a pas été violent. Le soir même j'ai été chez lui prendre des nouvelles. Sa femme m'a engueulé à travers l'interphone "" vous les motards vous roulez trop vite"". Je lui ai dit quand on est un adulte responsable on traverse dans les clous ou à défaut on regarde sur le coté avant de traverser. Le piéton avait un part de responsabilité (victime non hyper protégée) et j'ai eu un malus mais la mutuelle n'a pas payé de pension d'invalidité ou autre. Lorsque je dépasse un bus je ralentis toujours pour éviter de percuter un piéton qui déboiterait de derrière. Je me suis fait percuter par l'arrière plusieurs fois car je cédais le passage aux piétons. Les voitures ne connaissent pas la priorité aux piétons. Je m'en aperçois tous les jours en RP, ou si c'est le cas s'est que je suis à Brest. Là bas les voitures cèdent le passage aux piétons";le piéton a surgi sans précaution. J'allais pas très vite, mon garde boue de trail s'est plié et l'a déséquilibré;j'ai été prendre de ses nouvelles il avait mal au dos. Les autres voitures ont continué leur route j'ai freiné mais il me manquait peut être 30 cm pour éviter le choc;NRP;1;en roulant un poil moins vite, j'étais peut être à 10 ou 15 kmh les boitures étaient à l'arrêt;j'allais au travail comme d'hab. j'étais pressé mais concentré;;1;0;;;;;;6;;;;;;;;;;;;1;;il a surgi entre deux véhicules il regardait ailleurs. Il m'arrive de traverser hors des clous mai je suis très vigilant par rapport aux 2 roues;2;3;;;4;2;4;4;1;1;1;1;1;4;4;4;4;1;3;5;7;;;;;;2;;;;;;;;;2;2;;2;1;1;1;5;95;0;0;0;2;;;;;;4;1;;;;2;0;;;;;;;;;;1;1;1;1;0;12;1;2;5;;;;;;;;4;4;4;4;4;4;SUZUKI;400;DR;TRAIL / SUPERMOTARD;2;1;1;1;1;1;1;1;1;1;1;30000;NSP;4;1;YAMAHA;500;XT;TRAIL / SUPERMOTARD;null;3;4;03DEC1957;7;1;3;2;2;3;;NRP;;;;1;0;0;2;0;2;HARLEY-DAVIDSON;1584;DYNA STREET BOB;CUSTOM;2;2011;37;2;1;4500;4;YAMAHA;600;FZS FAZER;ROADSTER;2;2001;10;3;1;2500;4;;;;;;;;;;;;;;;;;;;;;;;;;;;;;;;;;;7000;4;3;2;;;;;;;NRP;NRP;NRP;1975;1977;NRP;NRP;1982;NRP
1748;6330;;1;2;5;NSP;NSP;;;;1;5;NSP;;;;;1;5;NSP;;;;;0;2;;;;;;1;5;NSP;;;;;0;2;;;;;;0;2;;;;;;0;4;;;;;;1;4;1974;;;;;0;5;;;;;;0;3;;;;;;0;3;;;;;;0;4;;;;;;0;3;;;;;;0;;;;;;;;;;;;;;;;;;;2;1;45;1;41;9;1974;;;;;;;;;;;;;;;;;;;;;;;;;;;;;;;;;;;;;;;;;;;;;;;;;;;;;;;;;;;;;;;;;;;;;;;;;;;;;;;;;;;;;;;;;;;;;;;;;;;;;;;;;;;;;;;;;;;;;;;;;;;;;;;;;;;;;;;;;;;;;;;;;;;;;;;;;;;;;;22MAY1952;8;2;3;2;1;1;;NRP;;;;1;1;0;1;0;2;BMW;1000;K100LT;Routière / GT;2;1988;10;2;1;7000;7;HONDA;50;C110 (PERMIS OBLIGATOIRE);ROADSTER;2;1965;10;3;1;500;7;;;;;;;;;;;;;;;;;;;;;;;;;;;;;;;;;;7500;2;3;4;7;8;9;;;;NRP;NRP;1973;1973;1976;1976;1976;1973;NRP
1884;6333;;0;;;;;;;;;;;;;;;;;;;;;;;;;;;;;;;;;;;;;;;;;;;;;;;;;;;;;;;;;;;;;;;;;;;;;;;;;;;;;;;;;;;;;;;;;;;;;;;;;;;;;;;;;;;;;;;;;;;;;;;;;;;;;;;;;;;;;;;;;;;;;;;;;;;;;;;;;;;;;;;;;;;;;;;;;;;;;;;;;;;;;;;;;;;;;;;;;;;;;;;;;;;;;;;;;;;;;;;;;;;;;;;;;;;;;;;;;;;;;;;;;;;;;;;;;;;;;;;;;;;;;;;;;;;;;;;;;;;;;;;;;;31JAN1988;5;1;3;2;2;3;;NRP;;;;1;0;0;1;0;1;BMW;800;F800GS ABS;TRAIL / SUPERMOTARD;2;2008;37;1;1;7000;1;;;;;;;;;;;;;;;;;;;;;;;;;;;;;;;;;;;;;;;;;;;;;7000;2;8;;;;;;;;NRP;NRP;NRP;2010;NRP;2010;NRP;NRP;NRP
2175;6335;;1;0;3;;;;;;1;5;NSP;;;;;0;4;;;;;;0;3;;;;;;0;4;;;;;;0;4;;;;;;0;3;;;;;;0;5;;;;;;3;6;NSP;NSP;NSP;;;0;5;;;;;;0;5;;;;;;0;4;;;;;;0;4;;;;;;0;5;;;;;;1;1;NSP;;;;;paris;;;;;percuté par l'arrière (3 accidents de ce type).;;;;;4;0;0;0;16;1;6;2;0;;;;;;;;;;;;;;;;;;;;;;;;;;;;;;;;;;;;;;;;;;;;;;;;;;;;;;;;;;;;;;;;;;;;;;;;;;;;;;;;;;;;;;;;;;;;;;;;;;;;;;;;;;;;;;;;;;;;;;;;;;;;;;;;;;;;;;;;;;;;;;;;;;;;;;;;;;;;;;16MAY1966;6;1;3;1;1;1;;NRP;;;;0;0;1;1;0;2;VESPA;200;PX200E;SCOOTER;2;2001;37;1;2;6000;1;TRIUMPH;955;TIGER;TRAIL / SUPERMOTARD;2;2005;37;3;1;8000;6;;;;;;;;;;;;;;;;;;;;;;;;;;;;;;;;;;14000;3;4;;;;;;;;NRP;NRP;NRP;NRP;1991;NRP;NRP;1984;NRP
1939;6336;;1;0;4;;;;;;0;5;;;;;;0;4;;;;;;0;2;;;;;;1;3;2014;;;;;0;4;;;;;;0;3;;;;;;0;3;;;;;;0;3;;;;;;0;5;;;;;;0;4;;;;;;0;3;;;;;;0;3;;;;;;0;3;;;;;;0;;;;;;;;;;;;;;;;;;;0;1;4;1;21;5;2014;;;;;;;;;;;;;;;;;;;;;;;;;;;;;;;;;;;;;;;;;;;;;;;;;;;;;;;;;;;;;;;;;;;;;;;;;;;;;;;;;;;;;;;;;;;;;;;;;;;;;;;;;;;;;;;;;;;;;;;;;;;;;;;;;;;;;;;;;;;;;;;;;;;;;;;;;;;;;;22FEB1963;7;1;3;2;6;4;4;NRP;;;;20;1;1;1;0;2;DUCATI;796;MONSTER;ROADSTER;2;2012;37;1;2;18000;4;KYMCO;125;AGILITY;SCOOTER;2;2008;25;4;1;2000;4;;;;;;;;;;;;;;;;;;;;;;;;;;;;;;;;;;20000;3;4;;;;;;;;NRP;NRP;NRP;NRP;2010;NRP;NRP;1981;NRP
369;6338;254;1;0;3;;;;;;0;4;;;;;;0;6;;;;;;0;3;;;;;;0;5;;;;;;0;2;;;;;;0;2;;;;;;0;5;;;;;;2;6;2013;2014;;;;0;3;;;;;;0;5;;;;;;0;3;;;;;;0;4;;;;;;0;2;;;;;;0;;;;;;;;;;;;;;;;;;;2;0;2;1;42;9;2014;;2014;Vous avez fait une sortie de route, une perte de contrôle ou une glissade sans rien percuter.;2;;;;;;;Petit village. Plaque d'huile dans un virage serré sans visibilité. La roue arrière est partie. Heureusement personne en face.;Plaque d'huile.;Aucune action, tout se passait bien jusqu'à ce que la roue arrière glisse sur l'huile. Chute directe sans possibilité de rattraper.;3;0;;;Glissade imprévisible;3;0;;;;;;2;3;6;;;;;;3;1;;;2;;On ne s''attend pas a glisser sur plaque d'huile;3;3;;;2;3;4;4;NSP;1;1;1;4;3;4;4;4;10;;;;;;;;;1;3;;;;;;;;2;2;;2;1;1;1;0;0;0;100;0;2;;;;;;1;1;6;;;1;;;;;;;;;;;1;1;1;1;0;20;1;10;2;3;4;;;;;;4;4;4;4;4;4;HONDA;500;CB-F ABS;ROADSTER;2;0;1;1;1;1;1;1;1;1;1;5000;12;1;1;KYMCO;50;AGILITY;SCOOTER;2;3;4;31AUG1992;10;2;3;2;1;1;;NRP;;;;1;0;0;1;0;1;SUZUKI;500;GS 25KW;ROADSTER;2;2002;28;2;2;10000;7;;;;;;;;;;;;;;;;;;;;;;;;;;;;;;;;;;;;;;;;;;;;;10000;1;4;6;8;;;;;;2008;2008;NRP;NRP;NRP;2013;NRP;2011;NRP
533;6343;;1;0;4;;;;;;1;5;2012;;;;;0;6;;;;;;0;5;;;;;;0;4;;;;;;0;4;;;;;;0;2;;;;;;0;3;;;;;;0;3;;;;;;1;6;2010;;;;;0;5;;;;;;0;2;;;;;;0;3;;;;;;0;5;;;;;;0;;;;;;;;;;;;;;;;;;;0;0;4;0;;NRP;;;;;;;;;;;;;;;;;;;;;;;;;;;;;;;;;;;;;;;;;;;;;;;;;;;;;;;;;;;;;;;;;;;;;;;;;;;;;;;;;;;;;;;;;;;;;;;;;;;;;;;;;;;;;;;;;;;;;;;;;;;;;;;;;;;;;;;;;;;;;;;;;;;;;;;;;;;;;;;05FEB1981;3;2;3;2;4;4;2;NRP;;;;1;0;0;1;0;1;YAMAHA;600;XJ-N;ROADSTER;2;2012;10;1;2;12000;6;;;;;;;;;;;;;;;;;;;;;;;;;;;;;;;;;;;;;;;;;;;;;12000;3;4;;;;;;;;NRP;NRP;NRP;NRP;2012;NRP;NRP;2010;NRP
185;6344;;0;;;;;;;;;;;;;;;;;;;;;;;;;;;;;;;;;;;;;;;;;;;;;;;;;;;;;;;;;;;;;;;;;;;;;;;;;;;;;;;;;;;;;;;;;;;;;;;;;;;;;;;;;;;;;;;;;;;;;;;;;;;;;;;;;;;;;;;;;;;;;;;;;;;;;;;;;;;;;;;;;;;;;;;;;;;;;;;;;;;;;;;;;;;;;;;;;;;;;;;;;;;;;;;;;;;;;;;;;;;;;;;;;;;;;;;;;;;;;;;;;;;;;;;;;;;;;;;;;;;;;;;;;;;;;;;;;;;;;;;;;;07MAR1965;3;2;3;2;4;4;2;NRP;;;;2;0;0;1;0;1;KAWASAKI;1700;VN VOYAGER CUSTOM;CUSTOM;2;2011;16;2;2;5000;7;;;;;;;;;;;;;;;;;;;;;;;;;;;;;;;;;;;;;;;;;;;;;5000;2;3;4;;;;;;;NRP;NRP;NRP;1983;1983;NRP;NRP;2008;NRP
426;6346;;1;0;3;;;;;;0;5;;;;;;0;5;;;;;;0;4;;;;;;0;2;;;;;;0;3;;;;;;0;3;;;;;;0;4;;;;;;3;6;1973;1978;1987;;;0;4;;;;;;0;6;;;;;;0;2;;;;;;0;4;;;;;;1;6;2009;;;;;0;;;;;;;;;;;;;;;;;;;3;4;37;1;66;14;2009;;;;;;;;;;;;;;;;;;;;;;;;;;;;;;;;;;;;;;;;;;;;;;;;;;;;;;;;;;;;;;;;;;;;;;;;;;;;;;;;;;;;;;;;;;;;;;;;;;;;;;;;;;;;;;;;;;;;;;;;;;;;;;;;;;;;;;;;;;;;;;;;;;;;;;;;;;;;;;14OCT1956;7;2;3;2;2;3;;NRP;;;;4;1;1;4;0;5;YAMAHA;1300;FJR ABS;Routière / GT;2;2006;29;3;1;5000;7;HONDA;1000;CBR1000F;Routière / GT;2;1991;16;4;1;1000;7;YAMAHA;350;RDLC;Routière / GT;2;1982;16;4;1;1000;7;HONDA;110;LEAD;SCOOTER;2;2007;29;2;1;4000;7;VELOSOLEX;50;5000;ROADSTER;2;1971;16;4;1;200;7;11200;3;4;;;;;;;;NRP;NRP;NRP;NRP;1978;NRP;NRP;1974;NRP
2075;6349;;1;0;6;;;;;;0;6;;;;;;0;6;;;;;;0;6;;;;;;1;5;1978;;;;;0;6;;;;;;0;5;;;;;;1;5;1977;;;;;1;6;1982;;;;;0;6;;;;;;0;6;;;;;;0;5;;;;;;0;6;;;;;;0;2;;;;;;1;2;1978;1979;;;;ALES;ALES;;;;"Arrêté à un stop, j'ai été percuté par l'arrière par une voiture qui a ""oublié"" de s'arrêter à ce stop.  J'ai été projeté au milieu du croisement, heureusement, vide.";De nuit, dans un tunnel à sens unique, un cyclo qui roulait sans éclairage et qui avait pris le tunnel en sens interdit m'a percuté.;;;;0;0;2;4;34;1;36;8;1977;;;;;;;;;;;;;;;;;;;;;;;;;;;;;;;;;;;;;;;;;;;;;;;;;;;;;;;;;;;;;;;;;;;;;;;;;;;;;;;;;;;;;;;;;;;;;;;;;;;;;;;;;;;;;;;;;;;;;;;;;;;;;;;;;;;;;;;;;;;;;;;;;;;;;;;;;;;;;;08APR1961;5;1;1;1;3;4;1;NRP;;;;1;0;0;1;0;1;HONDA;1100;CB1100F SUPER BOL D'OR;ROADSTER;2;1983;37;3;1;3000;7;;;;;;;;;;;;;;;;;;;;;;;;;;;;;;;;;;;;;;;;;;;;;3000;9;4;;;;;;;;NRP;NRP;NRP;NRP;NRP;NRP;1981;1979;NRP
2123;6350;;1;0;6;;;;;;0;6;;;;;;0;5;;;;;;0;4;;;;;;0;4;;;;;;0;6;;;;;;0;5;;;;;;1;5;2014;;;;;0;5;;;;;;0;5;;;;;;0;5;;;;;;0;2;;;;;;0;4;;;;;;0;5;;;;;;0;;;;;;;;;;;;;;;;;;;0;0;4;1;36;8;2014;;;;;;;;;;;;;;;;;;;;;;;;;;;;;;;;;;;;;;;;;;;;;;;;;;;;;;;;;;;;;;;;;;;;;;;;;;;;;;;;;;;;;;;;;;;;;;;;;;;;;;;;;;;;;;;;;;;;;;;;;;;;;;;;;;;;;;;;;;;;;;;;;;;;;;;;;;;;;;16JAN1985;7;2;3;2;1;1;;NRP;;;;0;0;0;1;0;1;SUZUKI;650;BANDIT-N;ROADSTER;2;2005;28;3;1;3000;4;;;;;;;;;;;;;;;;;;;;;;;;;;;;;;;;;;;;;;;;;;;;;3000;3;4;;;;;;;;NRP;NRP;NRP;NRP;2011;NRP;NRP;2003;NRP
1209;6352;;0;;;;;;;;;;;;;;;;;;;;;;;;;;;;;;;;;;;;;;;;;;;;;;;;;;;;;;;;;;;;;;;;;;;;;;;;;;;;;;;;;;;;;;;;;;;;;;;;;;;;;;;;;;;;;;;;;;;;;;;;;;;;;;;;;;;;;;;;;;;;;;;;;;;;;;;;;;;;;;;;;;;;;;;;;;;;;;;;;;;;;;;;;;;;;;;;;;;;;;;;;;;;;;;;;;;;;;;;;;;;;;;;;;;;;;;;;;;;;;;;;;;;;;;;;;;;;;;;;;;;;;;;;;;;;;;;;;;;;;;;;;22JUN1973;5;1;3;2;2;3;;NRP;;;;2;2;0;2;0;1;YAMAHA;600;XJ;ROADSTER;2;2011;37;2;2;7000;7;;;;;;;;;;;;;;;;;;;;;;;;;;;;;;;;;;;;;;;;;;;;;7000;3;4;;;;;;;;NRP;NRP;NRP;NRP;2011;NRP;NRP;1992;NRP
525;6353;;1;0;3;;;;;;0;3;;;;;;0;3;;;;;;0;1;;;;;;0;5;;;;;;0;3;;;;;;0;1;;;;;;1;1;2014;;;;;1;2;2014;;;;;0;3;;;;;;0;2;;;;;;0;1;;;;;;1;1;1976;;;;;0;1;;;;;;0;;;;;;;;;;;;;;;;;;;2;2;22;1;36;8;2014;;;;;;;;;;;;;;;;;;;;;;;;;;;;;;;;;;;;;;;;;;;;;;;;;;;;;;;;;;;;;;;;;;;;;;;;;;;;;;;;;;;;;;;;;;;;;;;;;;;;;;;;;;;;;;;;;;;;;;;;;;;;;;;;;;;;;;;;;;;;;;;;;;;;;;;;;;;;;;29JAN1958;2;2;3;1;3;4;1;NRP;;;;2;0;0;1;0;1;HARLEY-DAVIDSON;1200;SPORTSTER;ROADSTER;2;2007;16;2;2;10000;7;;;;;;;;;;;;;;;;;;;;;;;;;;;;;;;;;;;;;;;;;;;;;10000;2;3;4;7;;;;;;NRP;NRP;1974;1974;1978;NRP;NRP;1978;NRP
400;6354;105;1;0;3;;;;;;1;3;1975;;;;;0;2;;;;;;0;2;;;;;;2;4;1977;2007;;;;0;2;;;;;;0;2;;;;;;1;4;2007;;;;;1;3;1975;;;;;0;2;;;;;;0;4;;;;;;0;1;;;;;;0;2;;;;;;0;2;;;;;;1;1;1975;;;;;POISSY;;;;;virage à droite qui descend , en bas d'un pont. Il fait nuit. Plaque de verglas... Heureusement, chute à vitesse peu élevée.;;;;;0;0;4;19;22;1;22;5;2007;;2007;Vous circuliez sur un axe prioritaire. Un véhicule venant d’un axe non prioritaire vous a coupé la route.;AUT|évitable;;;;;;;Dimanche matin, fin juillet 2007 vers 11h30.  Personne sur la route , il fait très beau, beaucoup de lumière, visibilité optimale. C'est une départementale qui traversent des champs moissonnés, donc visibilité totale.  J'ai la banane, je reviens d'une concentre moto, j'ai encore 50 km à faire.  Soudain au loin, sur ma droite je vois un véhicule qui arrive sur ma droite, route avec une balise.  Ce conducteur roule lentement.  Je continue d'avancer pensant qu'il va s'arrêter. Je le vois très bien, pas de raison qu'il ne me voit pas sur cette axe dégagé. Mais... Il continue d'avancer, je relâche un peu les gaz, incrédule. Je suis persuadé qu'il va s'arrêter, qu'il fait ça pour me faire peur, qu'il va s'arrêter au dernier moment comme certains font sur Paris. Mais non ... Il me coupe la route. Eh m....! Je freine fort, je perds l'arrière (pas d'ABS), et boum, la moto en plein milieu de la voiture. En fait, il y avait un seul arbre, un if situé sur la droite de ce conducteur, comme il ne voyait rien, il s'avançait doucement , regardant sur sa droite et n'a pas regardé vers moi. Il m'a coupé la route, détruisant ma Ducati ST2 et m'envoyant au tapis ( 15 ou 18 jours d'arrêt).   Je m'en suis voulu car je fais des milliers de km à moto. Et là j'ai pensé à la place de 'l'autre', pensé qu'il allait s'arrêter. J'ai eu tord. En voyant ce véhicule , j'aurais du faire plus que rendre les gaz. Trop confiant...   La personne était une personne âgée. Sa vue ???   Voilà. Trop de confiance peut vous tuer.;Erreur d'appréciation.  Je pensais que le conducteur m'avait vu.   Cela ne devait pas se produire.  :-(;J'ai rendu les gaz puis plus loin j'ai freiné fort avant et arrière j'ai relâché un peu,  puis quand 'j'ai vu que j'étais dedans'  j'ai eu un freinage réflexe, j'ai freiné un grand coup de l'arrière et la roue s'est bloquée, déstabilisant la moto. La moto a commencé à se coucher, m'éjectant vers la droite et allant s'écraser au milieu de la voiture qui coupait la route.  Le vieux monsieur était abasourdi, il ne m'avait pas vu car je venais de sa gauche et que lui regardait seulement sur sa droite à cause d'un if situé au croisement qui masquait sa visibilité sur sa droite.  Lui ne m'a pas vu Moi, excès de confiance car je circulais sur une route prioritaire dégagée.;NRP;1;J'aurais pu penser que c'était un vieux qui ne voyait rien, il y en a beaucoup par ici ( Gers ).  J'aurais du ralentir encore d'avantage.;J'ai pensé à la place de l'autre ' il m'a vu, il veut jouer, il va s'arrêter'.;;1;1;2;;manque de visibilité, un if à un croisement;1;c'est bien de regarder à droite mais il faut aussi regarder à gauche !;2;6;;;;;;;1;;;;2;;je pensais que le conducteur m'avait vu;4;3;;;1;1;4;4;2;1;1;1;1;1;4;4;4;1;2;5;;;;;;;1;AUT|un seul arbre à la ronde situé au croisement gênant la visibilité;;;;;;;;2;2;;2;2;1;1;0;100;0;0;0;2;;;;;;1;1;;;;2;1;2;4;7;;;;;1;0;2;2;3;;0;50;1;2;3;4;7;9;;;;;4;4;4;4;2;4;DUCATI;944;ST2 (SPORT-TOURING2);Routière / GT;2;1;1;1;1;1;1;1;1;1;1;39750;12;4;1;SUZUKI;650;SV-S;SPORTIVE;2;4;3;01JUN1957;5;2;3;2;3;4;1;NRP;;;;3;0;1;1;0;2;JONWAY ITALIA;125;SCOOTER;SCOOTER;2;2007;29;1;2;1300;7;DUCATI;996;ST4-S;Routière / GT;2;2002;29;3;1;5000;7;;;;;;;;;;;;;;;;;;;;;;;;;;;;;;;;;;6300;2;3;4;;;;;;;NRP;NRP;NRP;1975;1979;NRP;NRP;1981;NRP