Ligne;Ligne Q qualif;Ligne approfondissement Accident;ACCIDENT;NBACC1;ACCFREQUENCE1;ANNEEACC1_1;ANNEEACC1_2;ANNEEACC1_3;ANNEEACC1_4;ANNEEACC1_5;NBACC2;ACCFREQUENCE2;ANNEEACC2_1;ANNEEACC2_2;ANNEEACC2_3;ANNEEACC2_4;ANNEEACC2_5;NBACC3;ACCFREQUENCE3;ANNEEACC3_1;ANNEEACC3_2;ANNEEACC3_3;ANNEEACC3_4;ANNEEACC3_5;NBACC4;ACCFREQUENCE4;ANNEEACC4_1;ANNEEACC4_2;ANNEEACC4_3;ANNEEACC4_4;ANNEEACC4_5;NBACC5;ACCFREQUENCE5;ANNEEACC5_1;ANNEEACC5_2;ANNEEACC5_3;ANNEEACC5_4;ANNEEACC5_5;NBACC6;ACCFREQUENCE6;ANNEEACC6_1;ANNEEACC6_2;ANNEEACC6_3;ANNEEACC6_4;ANNEEACC6_5;NBACC7;ACCFREQUENCE7;ANNEEACC7_1;ANNEEACC7_2;ANNEEACC7_3;ANNEEACC7_4;ANNEEACC7_5;NBACC8;ACCFREQUENCE8;ANNEEACC8_1;ANNEEACC8_2;ANNEEACC8_3;ANNEEACC8_4;ANNEEACC8_5;NBACC9;ACCFREQUENCE9;ANNEEACC9_1;ANNEEACC9_2;ANNEEACC9_3;ANNEEACC9_4;ANNEEACC9_5;NBACC10;ACCFREQUENCE10;ANNEEACC10_1;ANNEEACC10_2;ANNEEACC10_3;ANNEEACC10_4;ANNEEACC10_5;NBACC11;ACCFREQUENCE11;ANNEEACC11_1;ANNEEACC11_2;ANNEEACC11_3;ANNEEACC11_4;ANNEEACC11_5;NBACC12;ACCFREQUENCE12;ANNEEACC12_1;ANNEEACC12_2;ANNEEACC12_3;ANNEEACC12_4;ANNEEACC12_5;NBACC13;ACCFREQUENCE13;ANNEEACC13_1;ANNEEACC13_2;ANNEEACC13_3;ANNEEACC13_4;ANNEEACC13_5;NBACC14;ACCFREQUENCE14;ANNEEACC14_1;ANNEEACC14_2;ANNEEACC14_3;ANNEEACC14_4;ANNEEACC14_5;AUTRESACC;NBAUTRESACC;ANNEEAUTREACC1;ANNEEAUTREACC2;ANNEEAUTREACC3;ANNEEAUTREACC4;ANNEEAUTREACC5;LIEUAUTREACC1;LIEUAUTREACC2;LIEUAUTREACC3;LIEUAUTREACC4;LIEUAUTREACC5;DESCRIPTIONAUTRESACC1;DESCRIPTIONAUTRESACC2;DESCRIPTIONAUTRESACC3;DESCRIPTIONAUTRESACC4;DESCRIPTIONAUTRESACC5;NBAUTRESACCCIRCUIT;NBAUTRESTOUTTERRAIN;EXPCYCLO;EXP125;EXPSUP125;ACCORDNEXTQ;CHOIXACC;RGPMTACC;RECUPANNEE;RECUPLIEU;RECUPANNE;RGPMTAC;CHOIX1;CHOIX2;CHOIX3;CHOIX4;CHOIX5;CHOIX6;CHOIX7;DESCRIPTION;RUPTURE;FAITS;ABS_REACTION;AUTRE_REACTION;PRECISIONREACTIONOUI;RECUL;PRECISIONREACTIONNON;IMPACTCOMPORTEMENT;AUTREUSAGER;REACTIONAUTREUSAGER;CONNAISSANCEREACTIONUSAGER;DIFFICULTES;AGGRAVATION;DIFFICULTES2;EMOTIONS1;EMOTIONS2;EMOTIONS3;EMOTIONS4;EMOTIONS5;EMOTIONS6;AUTRESENTIMENT;CLASSEMENTEMOTIONS1;CLASSEMENTEMOTIONS;CLASSEMENTEMOTIONS5;CLASSEMENTEMOTIONS6;CLASSEMENTEMOTIONS7;CLASSEMENTEMOTIONS8;CLASSEMENTEMOTIONS9;EXPLICATIONRESSENTI;BIENEQUIPE;ALLURE;ALLUREVITEDETAIL;ALLURELENTEDETAIL;SITUATIONPRESSE;SITUATIONDISTRAIT;SITUATIONCONFIANT;SITUATIONCONTROLE;SITUATIONLUDIQUE;SITUATIONPERF;SITUATIONSTRESS;SITUATIONFATIGUE;HUMEURNEUTRE;HUMEURGAI;HUMEURMECONTENT;HUMEURTRISTE;HUMEURCOLERE;CONTRIBUTION1;CONTRIBUTION2;CONTRIBUTION3;CONTRIBUTION4;CONTRIBUTION5;CONTRIBUTION6;CONTRIBUTION7;CONTRIBUTION8;CONTRIBUTION9;ROLEINFRA;ELEMENTINFRA1;ELEMENTINFRA2;ELEMENTINFRA3;ELEMENTINFRA4;ELEMENTINFRA5;ELEMENTINFRA6;ELEMENTINFRA7;ELEMENTINFRA8;ELEMENTINFRA9;ALCOOL;TXALCOOL;STUP;SEMAINE;MOMENTJOURNEE;TEMPS;CAUSEACC1;CAUSEACC2;CAUSEACC3;CAUSEACC4;CAUSEACC5;FORMATIONCAUSE;FORMATION1;FORMATION2;FORMATION3;FORMATION4;FORMATION5;TRAFIC;CHAUSSEE1;CHAUSSEE2;CHAUSSEE3;CHAUSSEE4;TYPEACC;BLESSURE;TETE;COU;THORAX;MEMBRESSUP;COLONNE;BASSIN;MEMBRESINF;HOPITAL;PLUS24H;TRAJET;TYPEROUTE;MOTIF;SENSTRAJET;PASSAGER;VITESSE;DESCEQ1;DESCEQ2;DESCEQ3;DESCEQ4;DESCEQ5;DESCEQ6;DESCEQ7;DESCEQ8;DESCEQ9;DESCEQ10;VEHICULEETE;VEHICULEAUTOMNE;VEHICULEPRINTEMPS;VEHICULEHIVER;VEHICULESEMAINE;VEHICULEWE;VEHMARQUE;VEHCYLINDREE;VEHMODELE;VEHSEGMENT;VEHSIDE;EQ2RMABS;EQ2RMCBS;EQ2RMABSCBS;EQ2RMREGULATEUR;EQ2RMLIMITEUR;EQ2RMPHARESDIRECT;EQ2RMCOUPURE;EQ2RMANTIPATINAGE;EQ2RMANTIXHEELING;EQ2RMSTABILILTE;VEHKM;POINTS;DUREE;AUTRE2RM;VEHPRECMARQUE;VEHPRECCYLINDREE;VEHPRECMODELE;VEHPRECSEGMENT;VEHPRECSIDE;TEMPS2RMPREC;FREQVEHPREC;DATE_NAISS;CSP;SOCIETAIRE;SALARIE;SECTEUR2RM;NBPERSFOYER;SITFAM;NBENF;TRNBENF1;TRNBENF2;TRNBENF3;TRNBENF4;NBAUTOFOYER;NBCYCLOFOYER;NBSCOOTFOYER;NBMOTOFOYER;NBTRIKEFOYER;NB2RMCONDUIT;MARQUE1;CYLINDREE1;MODELE1;SEGMENT1;SIDE1;ANMISECIRCU1;ASS1;FREQ1;USAGE1;NBKM1;GARAGE1;MARQUE2;CYLINDREE2;MODELE2;SEGMENT2;SIDE2;ANMISECIRCU2;ASS2;FREQ2;USAGE2;NBKM2;GARAGE2;MARQUE3;CYLINDREE3;MODELE3;SEGMENT3;SIDE3;ANMISECIRCU3;ASS3;FREQ3;USAGE3;NBKM3;GARAGE3;MARQUE4;CYLINDREE4;MODELE4;SEGMENT4;SIDE4;ANMISECIRCU4;ASS4;FREQ4;USAGE4;NBKM4;GARAGE4;MARQUE5;CYLINDREE5;MODELE5;SEGMENT5;SIDE5;ANMISECIRCU5;ASS5;FREQ5;USAGE5;NBKM5;GARAGE5;NBKMTOT;PERMIS1;PERMIS2;PERMIS3;PERMIS4;PERMIS5;PERMIS6;PERMIS7;PERMIS8;PERMIS9;ANPERMIS1;ANPERMIS6;ANPERMIS7;ANPERMIS2;ANPERMIS3;ANPERMIS8;ANPERMIS9;ANPERMIS4;ANPERMIS5
1838;6355;;0;;;;;;;;;;;;;;;;;;;;;;;;;;;;;;;;;;;;;;;;;;;;;;;;;;;;;;;;;;;;;;;;;;;;;;;;;;;;;;;;;;;;;;;;;;;;;;;;;;;;;;;;;;;;;;;;;;;;;;;;;;;;;;;;;;;;;;;;;;;;;;;;;;;;;;;;;;;;;;;;;;;;;;;;;;;;;;;;;;;;;;;;;;;;;;;;;;;;;;;;;;;;;;;;;;;;;;;;;;;;;;;;;;;;;;;;;;;;;;;;;;;;;;;;;;;;;;;;;;;;;;;;;;;;;;;;;;;;;;;;;;19DEC1949;5;1;3;2;1;1;;NRP;;;;1;0;0;1;0;1;BMW;800;F800S ABS;Routière / GT;2;2012;37;3;1;6000;7;;;;;;;;;;;;;;;;;;;;;;;;;;;;;;;;;;;;;;;;;;;;;6000;2;3;4;7;;;;;;NRP;NRP;1968;1968;2010;NRP;NRP;1968;NRP
1904;6356;;0;;;;;;;;;;;;;;;;;;;;;;;;;;;;;;;;;;;;;;;;;;;;;;;;;;;;;;;;;;;;;;;;;;;;;;;;;;;;;;;;;;;;;;;;;;;;;;;;;;;;;;;;;;;;;;;;;;;;;;;;;;;;;;;;;;;;;;;;;;;;;;;;;;;;;;;;;;;;;;;;;;;;;;;;;;;;;;;;;;;;;;;;;;;;;;;;;;;;;;;;;;;;;;;;;;;;;;;;;;;;;;;;;;;;;;;;;;;;;;;;;;;;;;;;;;;;;;;;;;;;;;;;;;;;;;;;;;;;;;;;;;11JAN1973;5;1;3;2;2;3;;NRP;;;;2;0;0;1;0;1;HONDA;800;VFR-F;Routière / GT;2;1999;37;3;1;9000;7;;;;;;;;;;;;;;;;;;;;;;;;;;;;;;;;;;;;;;;;;;;;;9000;4;3;;;;;;;;NRP;NRP;NRP;NRP;1991;NRP;NRP;1991;NRP
786;6361;;1;0;4;;;;;;0;4;;;;;;1;4;1987;;;;;0;3;;;;;;0;5;;;;;;0;3;;;;;;0;4;;;;;;0;6;;;;;;0;5;;;;;;0;2;;;;;;0;3;;;;;;0;4;;;;;;0;4;;;;;;0;2;;;;;;1;3;1987;2009;2010;;;cormeilles en p;st denis;epinay/seine;;;remonter de file et véhicule voiture sort d'un parking.;voiture sort d'un parking et franchis un stop.;voiture passe au feu rouge.;;;0;0;4;2;20;1;73;15;2010;epinay/seine;;;;;;;;;;;;;;;;;;;;;;;;;;;;;;;;;;;;;;;;;;;;;;;;;;;;;;;;;;;;;;;;;;;;;;;;;;;;;;;;;;;;;;;;;;;;;;;;;;;;;;;;;;;;;;;;;;;;;;;;;;;;;;;;;;;;;;;;;;;;;;;;;;;;;;;;;;;;;10APR1971;7;2;3;2;3;4;1;NRP;;;;2;0;0;3;0;1;SUZUKI;1300;GSX-R  HAYABUSA;Routière / GT;2;2008;28;1;2;20000;7;;;;;;;;;;;;;;;;;;;;;;;;;;;;;;;;;;;;;;;;;;;;;20000;2;3;4;7;;;;;;NRP;NRP;1991;1991;2005;NRP;NRP;1994;NRP
1840;6362;;1;0;3;;;;;;0;2;;;;;;0;2;;;;;;0;2;;;;;;0;3;;;;;;0;2;;;;;;0;2;;;;;;0;3;;;;;;0;3;;;;;;0;3;;;;;;0;3;;;;;;0;2;;;;;;1;3;2001;;;;;0;3;;;;;;0;;;;;;;;;;;;;;;;;;;25;4;21;1;61;13;2001;;;;;;;;;;;;;;;;;;;;;;;;;;;;;;;;;;;;;;;;;;;;;;;;;;;;;;;;;;;;;;;;;;;;;;;;;;;;;;;;;;;;;;;;;;;;;;;;;;;;;;;;;;;;;;;;;;;;;;;;;;;;;;;;;;;;;;;;;;;;;;;;;;;;;;;;;;;;;;31DEC1952;9;2;3;2;2;3;;NRP;;;;2;0;0;1;0;1;HONDA;1300;PAN EUROPEAN ABS;Routière / GT;2;2004;16;2;1;10000;4;;;;;;;;;;;;;;;;;;;;;;;;;;;;;;;;;;;;;;;;;;;;;10000;3;4;;;;;;;;NRP;NRP;NRP;NRP;1994;NRP;NRP;1971;NRP
1396;6364;;0;;;;;;;;;;;;;;;;;;;;;;;;;;;;;;;;;;;;;;;;;;;;;;;;;;;;;;;;;;;;;;;;;;;;;;;;;;;;;;;;;;;;;;;;;;;;;;;;;;;;;;;;;;;;;;;;;;;;;;;;;;;;;;;;;;;;;;;;;;;;;;;;;;;;;;;;;;;;;;;;;;;;;;;;;;;;;;;;;;;;;;;;;;;;;;;;;;;;;;;;;;;;;;;;;;;;;;;;;;;;;;;;;;;;;;;;;;;;;;;;;;;;;;;;;;;;;;;;;;;;;;;;;;;;;;;;;;;;;;;;;;11JAN1952;4;2;3;2;2;3;;NRP;;;;2;0;0;1;0;1;MOTO GUZZI;1200;NORGE GT;Routière / GT;2;2012;28;2;1;10000;7;;;;;;;;;;;;;;;;;;;;;;;;;;;;;;;;;;;;;;;;;;;;;10000;8;2;;;;;;;;NRP;NRP;NRP;1970;NRP;1973;NRP;NRP;NRP
1762;6367;;1;0;4;;;;;;1;5;2008;;;;;0;6;;;;;;0;3;;;;;;0;5;;;;;;0;6;;;;;;0;3;;;;;;0;4;;;;;;1;4;2014;;;;;0;4;;;;;;0;4;;;;;;0;1;;;;;;0;5;;;;;;0;2;;;;;;0;;;;;;;;;;;;;;;;;;;0;2;11;1;6;2;2008;;;;;;;;;;;;;;;;;;;;;;;;;;;;;;;;;;;;;;;;;;;;;;;;;;;;;;;;;;;;;;;;;;;;;;;;;;;;;;;;;;;;;;;;;;;;;;;;;;;;;;;;;;;;;;;;;;;;;;;;;;;;;;;;;;;;;;;;;;;;;;;;;;;;;;;;;;;;;;01JAN1963;5;1;3;2;4;4;2;NRP;;;;4;0;0;2;0;2;MOTO MORINI;1200;SCRAMBLER;ROADSTER;2;2010;37;1;2;6000;7;HONDA;600;XL-LM;TRAIL / SUPERMOTARD;2;1987;37;3;1;3000;7;;;;;;;;;;;;;;;;;;;;;;;;;;;;;;;;;;9000;3;4;;;;;;;;NRP;NRP;NRP;NRP;2002;NRP;NRP;1981;NRP
1927;6369;;0;;;;;;;;;;;;;;;;;;;;;;;;;;;;;;;;;;;;;;;;;;;;;;;;;;;;;;;;;;;;;;;;;;;;;;;;;;;;;;;;;;;;;;;;;;;;;;;;;;;;;;;;;;;;;;;;;;;;;;;;;;;;;;;;;;;;;;;;;;;;;;;;;;;;;;;;;;;;;;;;;;;;;;;;;;;;;;;;;;;;;;;;;;;;;;;;;;;;;;;;;;;;;;;;;;;;;;;;;;;;;;;;;;;;;;;;;;;;;;;;;;;;;;;;;;;;;;;;;;;;;;;;;;;;;;;;;;;;;;;;;;06APR1975;7;2;3;2;1;1;;NRP;;;;2;0;0;2;0;2;HONDA;600;HORNET;ROADSTER;2;2008;18;3;1;6000;7;KTM;125;EXC;TOUT TERRAIN (TRIAL, ENDURO, CROSS);2;2005;18;4;1;500;7;;;;;;;;;;;;;;;;;;;;;;;;;;;;;;;;;;6500;3;4;;;;;;;;NRP;NRP;NRP;NRP;2001;NRP;NRP;1993;NRP
1468;6370;;1;0;3;;;;;;0;6;;;;;;0;6;;;;;;0;2;;;;;;0;4;;;;;;0;4;;;;;;0;4;;;;;;0;5;;;;;;2;5;2014;2014;;;;0;5;;;;;;0;6;;;;;;0;2;;;;;;0;3;;;;;;0;4;;;;;;0;;;;;;;;;;;;;;;;;;;0;1;3;0;;NRP;;;;;;;;;;;;;;;;;;;;;;;;;;;;;;;;;;;;;;;;;;;;;;;;;;;;;;;;;;;;;;;;;;;;;;;;;;;;;;;;;;;;;;;;;;;;;;;;;;;;;;;;;;;;;;;;;;;;;;;;;;;;;;;;;;;;;;;;;;;;;;;;;;;;;;;;;;;;;;;29APR1981;5;2;3;2;1;1;;NRP;;;;0;0;0;1;0;1;KAWASAKI;650;ER-6  F;Routière / GT;2;2010;42;2;2;6500;2;;;;;;;;;;;;;;;;;;;;;;;;;;;;;;;;;;;;;;;;;;;;;6500;4;3;;;;;;;;NRP;NRP;NRP;NRP;2011;NRP;NRP;2001;NRP
1012;6375;;1;0;5;;;;;;0;5;;;;;;0;5;;;;;;0;3;;;;;;0;6;;;;;;0;5;;;;;;0;3;;;;;;1;4;1972;;;;;0;4;;;;;;0;5;;;;;;0;5;;;;;;0;2;;;;;;0;5;;;;;;0;3;;;;;;0;;;;;;;;;;;;;;;;;;;4;13;32;1;36;8;1972;;;;;;;;;;;;;;;;;;;;;;;;;;;;;;;;;;;;;;;;;;;;;;;;;;;;;;;;;;;;;;;;;;;;;;;;;;;;;;;;;;;;;;;;;;;;;;;;;;;;;;;;;;;;;;;;;;;;;;;;;;;;;;;;;;;;;;;;;;;;;;;;;;;;;;;;;;;;;;18JUN1954;6;1;3;2;2;3;;NRP;;;;1;0;1;1;0;2;BMW;1150;R1150RT;Routière / GT;2;2003;37;3;1;9000;7;APRILIA;125;SCARABEO;SCOOTER;2;2001;37;2;1;3000;7;;;;;;;;;;;;;;;;;;;;;;;;;;;;;;;;;;12000;3;;;;;;;;;NRP;NRP;NRP;NRP;1971;NRP;NRP;NRP;NRP
467;6378;268;1;0;5;;;;;;0;6;;;;;;0;5;;;;;;0;5;;;;;;1;5;2002;;;;;0;4;;;;;;0;3;;;;;;0;5;;;;;;1;4;2004;;;;;0;6;;;;;;0;6;;;;;;0;2;;;;;;1;2;2003;;;;;0;3;;;;;;0;;;;;;;;;;;;;;;;;;;4;17;0;1;21;5;2002;;2002;Vous circuliez sur un axe prioritaire. Un véhicule venant d’un axe non prioritaire vous a coupé la route.;2;;;;;;;"Voiture venant de ma gauche , grille le carrefour, me conduit à chuter pour éviter la collision,  la conductrice s'arrête finalement après la sortie du carrefour, regarde si sa voiture a quelque chose et repart sans s'occuper de moi. Ce sont des témoins passant qui m'aident à me relever et me communiquent son immatriculation. Plainte est portée, voiture visiblement achetée à une personne âgée, pas réimmatriculée depuis et conductrice certainement sans assurance ni permis d'après le commissariat. Quelques égratignures personnelles, et rayures / rétro cassé mais rien de grave si ce n'est cette frayeur de voir quelqu'un qui conduisait sans se soucier des autres, ni des conséquences de sa conduite. Je suis maintenant à près de 80 000 km de conduite dans Paris et périphérie. Plusieurs ""presque"" accidents mais rien de grave. Les conducteurs automobiles me semblent avoir mieux pris en compte les 2 roues, notamment en interfile, et avoir retrouvé l'usage de leur clignotant. Par contre, lors qu'on conducteur auto ""déconne"" c'est souvent plusieurs phénomènes conjugués : sandwich d'une main, tel de l'autre ; en train de ragrder qq chose sur une grosse tablette, les SMS de plus en plus nombreux (le fait de téléphoner me parait maintenant mineur à côté), bref ""dans leur bulle"".";le véhicule surgissant de ma gauche alors qu'on démarrait au feu vert, et sans l'avoir anticipé. D'où un freinage brutal sur sol moyennement adhérent, avec glissade.;Comme dit plus avant : le changement de trajectoire n'étant pas adapté pour éviter la collision dans le carrefour, freinage brutal peu maitrisé. ET en même temps peur que les véhicules qui me suivaient me passent dessus.;NRP;1;Meilleure anticipation latérale depuis en carrefour, pour imaginer une reproduction même improbable de ces évènements. Meilleur apprentissage du freinage, et reprise en trajectoire du scooter commençant à se pencher avant de glisser.;"Expérience insuffisante de cas ""extrêmes""";;2;1;2;;Fuite, non assurée et conductrice ayant une conduite inadaptée au fort trafic parisien;1;Cause de l'accident;2;6;9;;;;peur d'être écrasé par les voitures qui suivaient;;1;;;;3;2;NE pas avoir anticipé l'attitude de l'autre conductrice;2;1;1;;2;1;3;4;1;1;1;2;1;3;4;4;4;1;4;7;;;;;;;2;;;;;;;;;2;2;;2;1;1;1;20;80;0;0;0;1;1;AUT|pas eu de formation;;;;3;2;;;;1;;;;;;;;;;;1;1;1;2;0;35;1;10;;;;;;;;;4;4;4;4;4;3;KYMCO;125;GRAND DINK;SCOOTER;2;1;1;1;1;1;1;1;1;1;1;20000;12;4;0;;;;;;;;05MAR1962;5;1;3;2;4;4;2;NRP;;;;3;0;0;1;0;1;KYMCO;125;GRAND DINK;SCOOTER;2;2008;37;1;2;10000;6;;;;;;;;;;;;;;;;;;;;;;;;;;;;;;;;;;;;;;;;;;;;;10000;4;;;;;;;;;NRP;NRP;NRP;NRP;NRP;NRP;NRP;1980;NRP
1121;6388;;0;;;;;;;;;;;;;;;;;;;;;;;;;;;;;;;;;;;;;;;;;;;;;;;;;;;;;;;;;;;;;;;;;;;;;;;;;;;;;;;;;;;;;;;;;;;;;;;;;;;;;;;;;;;;;;;;;;;;;;;;;;;;;;;;;;;;;;;;;;;;;;;;;;;;;;;;;;;;;;;;;;;;;;;;;;;;;;;;;;;;;;;;;;;;;;;;;;;;;;;;;;;;;;;;;;;;;;;;;;;;;;;;;;;;;;;;;;;;;;;;;;;;;;;;;;;;;;;;;;;;;;;;;;;;;;;;;;;;;;;;;;22AUG1990;7;2;3;2;4;5;0;NRP;;;;2;1;0;1;0;1;SUZUKI;650;GLADIUS;ROADSTER;2;2012;33;1;2;8000;7;;;;;;;;;;;;;;;;;;;;;;;;;;;;;;;;;;;;;;;;;;;;;8000;3;4;;;;;;;;NRP;NRP;NRP;NRP;2012;NRP;NRP;2011;NRP
1306;6389;;1;0;3;;;;;;0;3;;;;;;0;4;;;;;;0;1;;;;;;0;4;;;;;;0;3;;;;;;0;4;;;;;;0;5;;;;;;0;5;;;;;;0;4;;;;;;0;5;;;;;;0;3;;;;;;1;4;NSP;;;;;0;4;;;;;;1;1;NSP;;;;;limoges;;;;;choc frontal causé par reduction de voie de circulation liée a véhicule en stationnement;;;;;0;0;3;3;10;0;;NRP;;;;;;;;;;;;;;;;;;;;;;;;;;;;;;;;;;;;;;;;;;;;;;;;;;;;;;;;;;;;;;;;;;;;;;;;;;;;;;;;;;;;;;;;;;;;;;;;;;;;;;;;;;;;;;;;;;;;;;;;;;;;;;;;;;;;;;;;;;;;;;;;;;;;;;;;;;;;;;;22MAR1983;4;1;3;2;3;4;1;NRP;;;;2;0;0;1;0;1;SKY TEAM;125;DINGO (DAX REPLICA);ROADSTER;2;2009;37;2;2;3000;7;;;;;;;;;;;;;;;;;;;;;;;;;;;;;;;;;;;;;;;;;;;;;3000;2;3;4;7;;;;;;NRP;NRP;1999;1999;2006;NRP;NRP;2001;NRP
785;6398;;1;0;6;;;;;;0;4;;;;;;0;5;;;;;;0;4;;;;;;0;6;;;;;;0;5;;;;;;0;4;;;;;;0;5;;;;;;1;5;NSP;;;;;0;6;;;;;;0;6;;;;;;0;4;;;;;;0;5;;;;;;0;5;;;;;;0;;;;;;;;;;;;;;;;;;;5;0;10;1;41;9;0;;;;;;;;;;;;;;;;;;;;;;;;;;;;;;;;;;;;;;;;;;;;;;;;;;;;;;;;;;;;;;;;;;;;;;;;;;;;;;;;;;;;;;;;;;;;;;;;;;;;;;;;;;;;;;;;;;;;;;;;;;;;;;;;;;;;;;;;;;;;;;;;;;;;;;;;;;;;;;27DEC1968;7;2;3;2;2;3;;NRP;;;;1;0;0;1;0;1;HONDA;700;NC700S;ROADSTER;2;2012;15;1;2;15000;4;;;;;;;;;;;;;;;;;;;;;;;;;;;;;;;;;;;;;;;;;;;;;15000;4;3;;;;;;;;NRP;NRP;NRP;NRP;1997;NRP;NRP;1986;NRP
909;6402;;1;0;4;;;;;;2;5;1994;1998;;;;0;5;;;;;;0;2;;;;;;0;5;;;;;;0;3;;;;;;0;3;;;;;;0;4;;;;;;0;4;;;;;;0;5;;;;;;0;3;;;;;;0;3;;;;;;0;4;;;;;;0;5;;;;;;0;;;;;;;;;;;;;;;;;;;1;0;25;1;6;2;1994;;;;;;;;;;;;;;;;;;;;;;;;;;;;;;;;;;;;;;;;;;;;;;;;;;;;;;;;;;;;;;;;;;;;;;;;;;;;;;;;;;;;;;;;;;;;;;;;;;;;;;;;;;;;;;;;;;;;;;;;;;;;;;;;;;;;;;;;;;;;;;;;;;;;;;;;;;;;;;14APR1970;7;1;3;2;4;4;2;NRP;;;;2;1;0;1;0;1;HONDA;650;DOMINATOR;TRAIL / SUPERMOTARD;2;1992;37;2;2;6000;7;;;;;;;;;;;;;;;;;;;;;;;;;;;;;;;;;;;;;;;;;;;;;6000;4;3;;;;;;;;NRP;NRP;NRP;NRP;1989;NRP;NRP;1990;NRP
1973;6411;;1;0;5;;;;;;0;5;;;;;;0;6;;;;;;0;3;;;;;;0;5;;;;;;0;5;;;;;;0;5;;;;;;0;6;;;;;;1;5;2013;;;;;0;3;;;;;;0;4;;;;;;0;4;;;;;;0;3;;;;;;0;4;;;;;;0;;;;;;;;;;;;;;;;;;;6;5;0;1;41;9;2013;;;;;;;;;;;;;;;;;;;;;;;;;;;;;;;;;;;;;;;;;;;;;;;;;;;;;;;;;;;;;;;;;;;;;;;;;;;;;;;;;;;;;;;;;;;;;;;;;;;;;;;;;;;;;;;;;;;;;;;;;;;;;;;;;;;;;;;;;;;;;;;;;;;;;;;;;;;;;;07MAR1969;7;2;3;2;4;4;2;NRP;;;;1;4;3;1;0;1;DAELIM;125;BESBI;SCOOTER;2;2008;28;1;2;2000;7;;;;;;;;;;;;;;;;;;;;;;;;;;;;;;;;;;;;;;;;;;;;;2000;3;;;;;;;;;NRP;NRP;NRP;NRP;1990;NRP;NRP;NRP;NRP
1160;6414;484;1;0;4;;;;;;0;4;;;;;;0;5;;;;;;1;6;2014;;;;;0;3;;;;;;0;6;;;;;;0;5;;;;;;0;5;;;;;;0;5;;;;;;1;4;2011;;;;;0;5;;;;;;0;3;;;;;;0;3;;;;;;0;5;;;;;;0;;;;;;;;;;;;;;;;;;;5;0;9;1;16;4;2014;;2014;Vous circuliez derrière un véhicule. Vous avez entrepris de dépasser ce véhicule par la droite et celui-ci vous a coupé la route en tournant à droite.;3;;;;;;;La voiture s'est déportée sur la gauche.  Je pensais qu'elle tournait à gauche. Elle s'est rabattue a droite sans clignotant. Après analyse du constat, l'assurance a déclaré la voiture en tort a 100%;Absence de clignotant de la voiture;J'ai freiné, mais je n'ai pas pu éviter le choc. le choc a eu lieu au niveau de la portière passager avant. Pas de chute;NRP;0;;;c'était la seule chose a faire;2;1;2;;Il ne m'a pas vu;NSP;NRP;1;6;;;;;;1;;;;;2;;Peur de tomber et d'être blessé;4;3;;;1;2;4;4;1;1;2;2;2;4;4;4;4;5;;;;;;;;;2;;;;;;;;;2;2;;2;1;2;1;0;100;0;0;0;2;;;;;;3;1;2;;;1;;;;;;;;;;;1;1;1;2;0;30;1;2;3;4;7;9;;;;;4;4;4;4;4;4;HONDA;1000;CBF C-ABS TRAVEL EDITION;ROADSTER;2;0;0;0;1;1;1;1;1;1;1;70000;12;4;1;SUZUKI;1200;BANDIT-S;ROADSTER;2;4;4;21OCT1983;5;1;3;2;2;3;;NRP;;;;1;1;0;1;0;1;HONDA;1000;CB-F C-ABS TRAVEL EDITION;ROADSTER;2;2008;37;1;2;15000;1;;;;;;;;;;;;;;;;;;;;;;;;;;;;;;;;;;;;;;;;;;;;;15000;2;3;4;7;;;;;;NRP;NRP;2003;2003;2006;NRP;NRP;2003;NRP
422;6420;;0;;;;;;;;;;;;;;;;;;;;;;;;;;;;;;;;;;;;;;;;;;;;;;;;;;;;;;;;;;;;;;;;;;;;;;;;;;;;;;;;;;;;;;;;;;;;;;;;;;;;;;;;;;;;;;;;;;;;;;;;;;;;;;;;;;;;;;;;;;;;;;;;;;;;;;;;;;;;;;;;;;;;;;;;;;;;;;;;;;;;;;;;;;;;;;;;;;;;;;;;;;;;;;;;;;;;;;;;;;;;;;;;;;;;;;;;;;;;;;;;;;;;;;;;;;;;;;;;;;;;;;;;;;;;;;;;;;;;;;;;;;10FEB1967;6;2;3;2;5;4;3;NRP;;;;2;0;0;1;0;1;SUZUKI;650;BANDIT-S ABS;ROADSTER;2;2010;31;2;2;5000;7;;;;;;;;;;;;;;;;;;;;;;;;;;;;;;;;;;;;;;;;;;;;;5000;4;3;;;;;;;;NRP;NRP;NRP;NRP;1989;NRP;NRP;1985;NRP