Ligne;Ligne Q qualif;Ligne approfondissement Accident;ACCIDENT;NBACC1;ACCFREQUENCE1;ANNEEACC1_1;ANNEEACC1_2;ANNEEACC1_3;ANNEEACC1_4;ANNEEACC1_5;NBACC2;ACCFREQUENCE2;ANNEEACC2_1;ANNEEACC2_2;ANNEEACC2_3;ANNEEACC2_4;ANNEEACC2_5;NBACC3;ACCFREQUENCE3;ANNEEACC3_1;ANNEEACC3_2;ANNEEACC3_3;ANNEEACC3_4;ANNEEACC3_5;NBACC4;ACCFREQUENCE4;ANNEEACC4_1;ANNEEACC4_2;ANNEEACC4_3;ANNEEACC4_4;ANNEEACC4_5;NBACC5;ACCFREQUENCE5;ANNEEACC5_1;ANNEEACC5_2;ANNEEACC5_3;ANNEEACC5_4;ANNEEACC5_5;NBACC6;ACCFREQUENCE6;ANNEEACC6_1;ANNEEACC6_2;ANNEEACC6_3;ANNEEACC6_4;ANNEEACC6_5;NBACC7;ACCFREQUENCE7;ANNEEACC7_1;ANNEEACC7_2;ANNEEACC7_3;ANNEEACC7_4;ANNEEACC7_5;NBACC8;ACCFREQUENCE8;ANNEEACC8_1;ANNEEACC8_2;ANNEEACC8_3;ANNEEACC8_4;ANNEEACC8_5;NBACC9;ACCFREQUENCE9;ANNEEACC9_1;ANNEEACC9_2;ANNEEACC9_3;ANNEEACC9_4;ANNEEACC9_5;NBACC10;ACCFREQUENCE10;ANNEEACC10_1;ANNEEACC10_2;ANNEEACC10_3;ANNEEACC10_4;ANNEEACC10_5;NBACC11;ACCFREQUENCE11;ANNEEACC11_1;ANNEEACC11_2;ANNEEACC11_3;ANNEEACC11_4;ANNEEACC11_5;NBACC12;ACCFREQUENCE12;ANNEEACC12_1;ANNEEACC12_2;ANNEEACC12_3;ANNEEACC12_4;ANNEEACC12_5;NBACC13;ACCFREQUENCE13;ANNEEACC13_1;ANNEEACC13_2;ANNEEACC13_3;ANNEEACC13_4;ANNEEACC13_5;NBACC14;ACCFREQUENCE14;ANNEEACC14_1;ANNEEACC14_2;ANNEEACC14_3;ANNEEACC14_4;ANNEEACC14_5;AUTRESACC;NBAUTRESACC;ANNEEAUTREACC1;ANNEEAUTREACC2;ANNEEAUTREACC3;ANNEEAUTREACC4;ANNEEAUTREACC5;LIEUAUTREACC1;LIEUAUTREACC2;LIEUAUTREACC3;LIEUAUTREACC4;LIEUAUTREACC5;DESCRIPTIONAUTRESACC1;DESCRIPTIONAUTRESACC2;DESCRIPTIONAUTRESACC3;DESCRIPTIONAUTRESACC4;DESCRIPTIONAUTRESACC5;NBAUTRESACCCIRCUIT;NBAUTRESTOUTTERRAIN;EXPCYCLO;EXP125;EXPSUP125;ACCORDNEXTQ;CHOIXACC;RGPMTACC;RECUPANNEE;RECUPLIEU;RECUPANNE;RGPMTAC;CHOIX1;CHOIX2;CHOIX3;CHOIX4;CHOIX5;CHOIX6;CHOIX7;DESCRIPTION;RUPTURE;FAITS;ABS_REACTION;AUTRE_REACTION;PRECISIONREACTIONOUI;RECUL;PRECISIONREACTIONNON;IMPACTCOMPORTEMENT;AUTREUSAGER;REACTIONAUTREUSAGER;CONNAISSANCEREACTIONUSAGER;DIFFICULTES;AGGRAVATION;DIFFICULTES2;EMOTIONS1;EMOTIONS2;EMOTIONS3;EMOTIONS4;EMOTIONS5;EMOTIONS6;AUTRESENTIMENT;CLASSEMENTEMOTIONS1;CLASSEMENTEMOTIONS;CLASSEMENTEMOTIONS5;CLASSEMENTEMOTIONS6;CLASSEMENTEMOTIONS7;CLASSEMENTEMOTIONS8;CLASSEMENTEMOTIONS9;EXPLICATIONRESSENTI;BIENEQUIPE;ALLURE;ALLUREVITEDETAIL;ALLURELENTEDETAIL;SITUATIONPRESSE;SITUATIONDISTRAIT;SITUATIONCONFIANT;SITUATIONCONTROLE;SITUATIONLUDIQUE;SITUATIONPERF;SITUATIONSTRESS;SITUATIONFATIGUE;HUMEURNEUTRE;HUMEURGAI;HUMEURMECONTENT;HUMEURTRISTE;HUMEURCOLERE;CONTRIBUTION1;CONTRIBUTION2;CONTRIBUTION3;CONTRIBUTION4;CONTRIBUTION5;CONTRIBUTION6;CONTRIBUTION7;CONTRIBUTION8;CONTRIBUTION9;ROLEINFRA;ELEMENTINFRA1;ELEMENTINFRA2;ELEMENTINFRA3;ELEMENTINFRA4;ELEMENTINFRA5;ELEMENTINFRA6;ELEMENTINFRA7;ELEMENTINFRA8;ELEMENTINFRA9;ALCOOL;TXALCOOL;STUP;SEMAINE;MOMENTJOURNEE;TEMPS;CAUSEACC1;CAUSEACC2;CAUSEACC3;CAUSEACC4;CAUSEACC5;FORMATIONCAUSE;FORMATION1;FORMATION2;FORMATION3;FORMATION4;FORMATION5;TRAFIC;CHAUSSEE1;CHAUSSEE2;CHAUSSEE3;CHAUSSEE4;TYPEACC;BLESSURE;TETE;COU;THORAX;MEMBRESSUP;COLONNE;BASSIN;MEMBRESINF;HOPITAL;PLUS24H;TRAJET;TYPEROUTE;MOTIF;SENSTRAJET;PASSAGER;VITESSE;DESCEQ1;DESCEQ2;DESCEQ3;DESCEQ4;DESCEQ5;DESCEQ6;DESCEQ7;DESCEQ8;DESCEQ9;DESCEQ10;VEHICULEETE;VEHICULEAUTOMNE;VEHICULEPRINTEMPS;VEHICULEHIVER;VEHICULESEMAINE;VEHICULEWE;VEHMARQUE;VEHCYLINDREE;VEHMODELE;VEHSEGMENT;VEHSIDE;EQ2RMABS;EQ2RMCBS;EQ2RMABSCBS;EQ2RMREGULATEUR;EQ2RMLIMITEUR;EQ2RMPHARESDIRECT;EQ2RMCOUPURE;EQ2RMANTIPATINAGE;EQ2RMANTIXHEELING;EQ2RMSTABILILTE;VEHKM;POINTS;DUREE;AUTRE2RM;VEHPRECMARQUE;VEHPRECCYLINDREE;VEHPRECMODELE;VEHPRECSEGMENT;VEHPRECSIDE;TEMPS2RMPREC;FREQVEHPREC;DATE_NAISS;CSP;SOCIETAIRE;SALARIE;SECTEUR2RM;NBPERSFOYER;SITFAM;NBENF;TRNBENF1;TRNBENF2;TRNBENF3;TRNBENF4;NBAUTOFOYER;NBCYCLOFOYER;NBSCOOTFOYER;NBMOTOFOYER;NBTRIKEFOYER;NB2RMCONDUIT;MARQUE1;CYLINDREE1;MODELE1;SEGMENT1;SIDE1;ANMISECIRCU1;ASS1;FREQ1;USAGE1;NBKM1;GARAGE1;MARQUE2;CYLINDREE2;MODELE2;SEGMENT2;SIDE2;ANMISECIRCU2;ASS2;FREQ2;USAGE2;NBKM2;GARAGE2;MARQUE3;CYLINDREE3;MODELE3;SEGMENT3;SIDE3;ANMISECIRCU3;ASS3;FREQ3;USAGE3;NBKM3;GARAGE3;MARQUE4;CYLINDREE4;MODELE4;SEGMENT4;SIDE4;ANMISECIRCU4;ASS4;FREQ4;USAGE4;NBKM4;GARAGE4;MARQUE5;CYLINDREE5;MODELE5;SEGMENT5;SIDE5;ANMISECIRCU5;ASS5;FREQ5;USAGE5;NBKM5;GARAGE5;NBKMTOT;PERMIS1;PERMIS2;PERMIS3;PERMIS4;PERMIS5;PERMIS6;PERMIS7;PERMIS8;PERMIS9;ANPERMIS1;ANPERMIS6;ANPERMIS7;ANPERMIS2;ANPERMIS3;ANPERMIS8;ANPERMIS9;ANPERMIS4;ANPERMIS5
2173;6792;;0;;;;;;;;;;;;;;;;;;;;;;;;;;;;;;;;;;;;;;;;;;;;;;;;;;;;;;;;;;;;;;;;;;;;;;;;;;;;;;;;;;;;;;;;;;;;;;;;;;;;;;;;;;;;;;;;;;;;;;;;;;;;;;;;;;;;;;;;;;;;;;;;;;;;;;;;;;;;;;;;;;;;;;;;;;;;;;;;;;;;;;;;;;;;;;;;;;;;;;;;;;;;;;;;;;;;;;;;;;;;;;;;;;;;;;;;;;;;;;;;;;;;;;;;;;;;;;;;;;;;;;;;;;;;;;;;;;;;;;;;;;04MAY1988;8;1;3;2;1;1;;NRP;;;;1;0;0;2;0;2;HONDA;1100;CBR-XX SUPER BLACKBIRD;Routière / GT;2;1997;37;1;1;13000;4;HONDA;125;CM-T;CUSTOM;2;1982;41;4;1;100;7;;;;;;;;;;;;;;;;;;;;;;;;;;;;;;;;;;13100;1;3;4;7;;;;;;2002;NRP;2007;NRP;2009;NRP;NRP;2007;NRP
1935;6794;;1;0;5;;;;;;0;4;;;;;;0;5;;;;;;0;5;;;;;;0;4;;;;;;0;4;;;;;;0;3;;;;;;1;5;2009;;;;;2;5;2009;2013;;;;0;3;;;;;;0;4;;;;;;0;2;;;;;;0;4;;;;;;0;4;;;;;;0;;;;;;;;;;;;;;;;;;;6;3;6;1;36;8;2009;;;;;;;;;;;;;;;;;;;;;;;;;;;;;;;;;;;;;;;;;;;;;;;;;;;;;;;;;;;;;;;;;;;;;;;;;;;;;;;;;;;;;;;;;;;;;;;;;;;;;;;;;;;;;;;;;;;;;;;;;;;;;;;;;;;;;;;;;;;;;;;;;;;;;;;;;;;;;;02JUN1975;7;1;3;2;3;4;1;NRP;;;;2;0;0;1;0;1;BMW;1200;R1200GS;TRAIL / SUPERMOTARD;2;2005;37;2;1;5000;7;;;;;;;;;;;;;;;;;;;;;;;;;;;;;;;;;;;;;;;;;;;;;5000;4;3;;;;;;;;NRP;NRP;NRP;NRP;2010;NRP;NRP;1994;NRP
293;6795;;0;;;;;;;;;;;;;;;;;;;;;;;;;;;;;;;;;;;;;;;;;;;;;;;;;;;;;;;;;;;;;;;;;;;;;;;;;;;;;;;;;;;;;;;;;;;;;;;;;;;;;;;;;;;;;;;;;;;;;;;;;;;;;;;;;;;;;;;;;;;;;;;;;;;;;;;;;;;;;;;;;;;;;;;;;;;;;;;;;;;;;;;;;;;;;;;;;;;;;;;;;;;;;;;;;;;;;;;;;;;;;;;;;;;;;;;;;;;;;;;;;;;;;;;;;;;;;;;;;;;;;;;;;;;;;;;;;;;;;;;;;;09JAN1978;7;1;3;2;4;4;2;NRP;;;;1;0;0;1;0;1;HONDA;750;VFR-F;Routière / GT;2;1992;37;1;2;12000;7;;;;;;;;;;;;;;;;;;;;;;;;;;;;;;;;;;;;;;;;;;;;;12000;3;;;;;;;;;NRP;NRP;NRP;NRP;2010;NRP;NRP;NRP;NRP
453;6796;149;1;0;6;;;;;;0;4;;;;;;0;5;;;;;;0;6;;;;;;0;5;;;;;;0;5;;;;;;0;5;;;;;;0;6;;;;;;0;6;;;;;;0;3;;;;;;0;5;;;;;;0;2;;;;;;0;3;;;;;;0;1;;;;;;1;2;NSP;NSP;;;;HESDIN;PARIS;;;;PERCUTE A L'ARRIERE A L'ARRET;PERCUTE A L'ARRIERE A L'ARRET;;;;0;0;4;0;21;1;71;15;;HESDIN;-1;Autre(s) type(s) d'accident(s).;2;;;;;;;Percuté à l'arrière par un autre véhicule et projeté contre le véhicule de devant.;Voiture coupant la route;Une voiture à changé de stationnement en me coupant la route. J'ai freiné violement pour stopper ma machine. Le copain motard qui me suivait n'a pas freiné aussi fort que moi et m'a percuté à l'arrière et m'a projeté contre la voiture.;3;0;;;Pas d'autre solution que de sauter sur les freins;3;1;1;1;NSP;NSP;NSP;7;;;;;;;;;;;;;;;4;3;;;1;1;4;4;NSP;1;1;1;4;1;4;4;4;10;;;;;;;;;2;;;;;;;;;2;2;;2;2;1;1;0;100;0;0;0;NSP;;;;;;3;1;;;;1;;;;;;;;;;;3;1;3;;0;60;1;2;3;4;7;9;;;;;4;4;4;2;3;4;TRIUMPH;1200;TROPHY;Routière / GT;2;1;1;1;1;1;1;1;1;1;1;NSP;12;4;1;TRIUMPH;900;TROPHY;Routière / GT;2;4;3;30SEP1975;7;1;3;2;5;4;3;NRP;;;;2;0;0;1;0;1;BMW;1100;"R1100RT ""75""";Routière / GT;2;2000;37;3;2;3000;7;;;;;;;;;;;;;;;;;;;;;;;;;;;;;;;;;;;;;;;;;;;;;3000;3;4;;;;;;;;NRP;NRP;NRP;NRP;1994;NRP;NRP;1993;NRP
444;6798;;0;;;;;;;;;;;;;;;;;;;;;;;;;;;;;;;;;;;;;;;;;;;;;;;;;;;;;;;;;;;;;;;;;;;;;;;;;;;;;;;;;;;;;;;;;;;;;;;;;;;;;;;;;;;;;;;;;;;;;;;;;;;;;;;;;;;;;;;;;;;;;;;;;;;;;;;;;;;;;;;;;;;;;;;;;;;;;;;;;;;;;;;;;;;;;;;;;;;;;;;;;;;;;;;;;;;;;;;;;;;;;;;;;;;;;;;;;;;;;;;;;;;;;;;;;;;;;;;;;;;;;;;;;;;;;;;;;;;;;;;;;;14FEB1960;6;1;3;2;2;5;0;NRP;;;;2;0;0;2;0;1;SUZUKI;650;SV-N;ROADSTER;2;2009;37;1;1;20000;7;;;;;;;;;;;;;;;;;;;;;;;;;;;;;;;;;;;;;;;;;;;;;20000;2;3;4;;;;;;;NRP;NRP;NRP;1976;2012;NRP;NRP;1981;NRP
1740;6802;;1;1;5;2014;;;;;0;4;;;;;;0;4;;;;;;0;4;;;;;;1;4;2014;;;;;0;3;;;;;;0;3;;;;;;0;4;;;;;;0;3;;;;;;1;5;2013;;;;;0;3;;;;;;0;2;;;;;;1;4;2010;;;;;0;3;;;;;;0;;;;;;;;;;;;;;;;;;;0;0;6;1;46;10;2013;;;;;;;;;;;;;;;;;;;;;;;;;;;;;;;;;;;;;;;;;;;;;;;;;;;;;;;;;;;;;;;;;;;;;;;;;;;;;;;;;;;;;;;;;;;;;;;;;;;;;;;;;;;;;;;;;;;;;;;;;;;;;;;;;;;;;;;;;;;;;;;;;;;;;;;;;;;;;;08DEC1984;5;1;3;2;3;4;1;NRP;;;;1;0;0;1;0;1;HONDA;800;VFR-F V-TEC ABS;Routière / GT;2;2004;37;1;2;15000;4;;;;;;;;;;;;;;;;;;;;;;;;;;;;;;;;;;;;;;;;;;;;;15000;3;4;;;;;;;;NRP;NRP;NRP;NRP;2011;NRP;NRP;2008;NRP
163;6803;152;1;1;4;2012;;;;;1;6;2010;;;;;2;6;2013;2014;;;;0;6;;;;;;0;3;;;;;;0;6;;;;;;0;5;;;;;;0;3;;;;;;1;5;2014;;;;;0;5;;;;;;1;5;2013;;;;;0;4;;;;;;0;1;;;;;;0;4;;;;;;1;1;NSP;;;;;Paris;;;;;2 roue qui double à droite malgré mon clignotant et me percute alors que je tourne à droite;;;;;0;0;50;40;36;1;41;9;2014;;2014;Vous avez fait une sortie de route, une perte de contrôle ou une glissade sans rien percuter.;3;6;;;;;;Sur le rond-point de la Place de la Nation (Paris), j'ai été surpris par une voiture que je n'avais pas vu arriver de l'un des axes radiants. J'ai freiné trop violemment et mon 2-roues est parti en glissade sur les pavés. J'ai chuté, mais n'ai heurté ni été heurté par aucun autre véhicule. J'en ai été quitte pour des contusions sans gravité, mais fort douloureuses. Cela m'a conforté dans la certitude qu'en ville — et à Paris en particulier – une attention soutenue de tous les instants, une anticipation permanente de ce qui peut survenir est la condition essentielle de la survie…;juste une demi-seconde d'attention relâchée…;Tout cela s'est passé alors que tous les véhicules alentour – et moi-même – roulaient à faible vitesse, ce qui a permis d'éviter une collision. La surprise due à mon inattention passagère m'a fait sur-réagir et actionner les freins par pur réflexe et de manière trop importante.;NRP;1;ne pas avoir eu cette demi-seconde d'inattention;"La conduite d'un 2-roues à Paris exige une attention soutenue de TOUS les instants; le moindre relâchement de cette attention peur, comme dans ce cas, conduire à un accident.";;2;0;;;;;;6;;;;;;;;;;;;1;;lorsque l'engin part en glissade, où l'on relâche les freins, et c'est le choc assuré, ou l'on poursuit, et c'est la chute assurée…;3;3;;;1;3;3;3;1;1;1;1;3;3;4;4;4;4;;;;;;;;;2;;;;;;;;;2;2;;2;1;1;2;100;0;0;0;0;2;;;;;;2;2;;;;2;1;4;6;7;;;;;0;;1;1;3;;0;40;1;10;11;5;;;;;;;4;4;4;4;4;4;PIAGGIO;150;VESPA ET4;SCOOTER;2;1;1;1;1;1;1;1;1;1;1;20000;12;4;1;HONDA;125;"SH ""SCOOPY""";SCOOTER;2;4;4;20MAY1949;9;1;3;2;2;3;;NRP;;;;1;0;2;0;0;2;PIAGGIO;150;VESPA LX;SCOOTER;2;2005;37;1;1;4000;4;HONDA;125;"SH ""SCOOPY""";SCOOTER;2;2002;37;4;1;2000;4;;;;;;;;;;;;;;;;;;;;;;;;;;;;;;;;;;6000;3;4;;;;;;;;NRP;NRP;NRP;NRP;1979;NRP;NRP;1967;NRP
703;6806;249;1;0;2;;;;;;0;4;;;;;;0;5;;;;;;0;3;;;;;;0;3;;;;;;0;4;;;;;;0;4;;;;;;1;5;2004;;;;;0;4;;;;;;0;6;;;;;;0;6;;;;;;0;2;;;;;;0;6;;;;;;0;5;;;;;;1;2;2003;2004;;;;Villemomble;Neuilly sur Mar;;;;Je suis sur une voie prioritaire, une voiture se présente à un stop, la voiture qui me précède prend peur et s'arrête aussi, je la la percute par l'arrière;Un ralentissement brutal en ville, la voiture qui me suit me percute par l'arrière alors que j'étais sur ma file;;;;0;0;4;0;18;1;71;15;2003;Villemomble;2003;Autre(s) type(s) d'accident(s).;4;;;;;;;Je roulais vite sur autoroute sèche, de très bonne conditions météo, je conduisait une FJR 1300. Au sortir d'une courbe la circulation s'est brusquement arrêtée, j'ai freiné très fort, j'avais l'ABS mais cela n'a pas été suffisant. Voyant que j'allais m'encastrer dans les voitures à l'arrêt, j'ai couché ma moto, qui est parti sous une voiture à l'arrêt sur une file et moi de l'autre côté sur l'autre file. Je me suis arrêté sur le pneu d'une voiture à l'arrêt, et les autres voitures qui me suivaient se sont arrêtées aussi. Emporté à l'hôpital, je n'ai pas eu grand chose étant bien équipé et ayant l'ABS mais j'ai eu très peur.;arrêt brusque de la circulation sans aucun signe avant coureur;j'ai écrasé les freins je me suis couché sur le côté les autres voitures me suivant se sont arrêtées;NRP;0;;;j'allais trop vite, je ne pouvais passer entre les deux files;2;0;;;;;;2;5;;;;;;;2;;;1;;;je vais m'écraser dans les voitures, ça va trop vite, je ne pourrais rien faire;4;1;4;;1;3;3;3;4;3;1;2;4;1;4;4;4;1;2;5;8;9;;;;;2;;;;;;;;;2;2;;2;2;1;1;90;10;0;0;0;2;;;;;;4;1;;;;1;;;;;;;;;;;3;3;3;;0;160;1;2;3;4;7;9;;;;;4;4;4;4;4;4;YAMAHA;1300;FJR ABS;Routière / GT;2;0;1;1;1;1;1;1;1;1;1;40000;12;4;1;YAMAHA;900;XJS DIVERSION;Routière / GT;2;4;4;20FEB1974;5;1;3;2;5;4;3;NRP;;;;2;0;1;0;0;1;PIAGGIO;500;X9;SCOOTER;2;2007;37;1;2;15000;5;;;;;;;;;;;;;;;;;;;;;;;;;;;;;;;;;;;;;;;;;;;;;15000;3;4;;;;;;;;NRP;NRP;NRP;NRP;1994;NRP;NRP;1992;NRP
2002;6810;;0;;;;;;;;;;;;;;;;;;;;;;;;;;;;;;;;;;;;;;;;;;;;;;;;;;;;;;;;;;;;;;;;;;;;;;;;;;;;;;;;;;;;;;;;;;;;;;;;;;;;;;;;;;;;;;;;;;;;;;;;;;;;;;;;;;;;;;;;;;;;;;;;;;;;;;;;;;;;;;;;;;;;;;;;;;;;;;;;;;;;;;;;;;;;;;;;;;;;;;;;;;;;;;;;;;;;;;;;;;;;;;;;;;;;;;;;;;;;;;;;;;;;;;;;;;;;;;;;;;;;;;;;;;;;;;;;;;;;;;;;;;01AUG1986;5;1;3;2;4;5;0;NRP;;;;2;0;0;2;0;2;SUZUKI;750;GSX-R IE;SPORTIVE;2;1998;37;3;1;4000;7;HUSQVARNA;125;WR (+15 CV);TOUT TERRAIN (TRIAL / ENDURO / CROSS);1;1999;28;4;1;1000;7;;;;;;;;;;;;;;;;;;;;;;;;;;;;;;;;;;5000;1;3;4;;;;;;;2000;NRP;NRP;NRP;2009;NRP;NRP;2004;NRP
1074;6811;;1;1;3;NSP;;;;;0;5;;;;;;0;5;;;;;;0;6;;;;;;0;3;;;;;;0;4;;;;;;0;2;;;;;;0;2;;;;;;0;2;;;;;;0;3;;;;;;0;3;;;;;;0;3;;;;;;0;3;;;;;;0;2;;;;;;1;1;NSP;;;;;montlery;;;;;à l'arret, un vehicule est venue me percuter par l'arrière;;;;;0;0;2;2;34;1;71;15;;montlery;;;;;;;;;;;;;;;;;;;;;;;;;;;;;;;;;;;;;;;;;;;;;;;;;;;;;;;;;;;;;;;;;;;;;;;;;;;;;;;;;;;;;;;;;;;;;;;;;;;;;;;;;;;;;;;;;;;;;;;;;;;;;;;;;;;;;;;;;;;;;;;;;;;;;;;;;;;;;16DEC1960;5;1;3;2;4;4;2;NRP;;;;1;0;1;1;0;2;VESPA;125;PX;SCOOTER;2;2007;37;1;2;4000;4;HARLEY-DAVIDSON;1584;SOFTAIL FAT BOY;CUSTOM;2;2007;37;3;1;6000;7;;;;;;;;;;;;;;;;;;;;;;;;;;;;;;;;;;10000;2;3;8;;;;;;;NRP;NRP;NRP;1976;1979;1978;NRP;NRP;NRP
1441;6812;;1;0;4;;;;;;0;5;;;;;;0;4;;;;;;0;4;;;;;;1;5;1983;;;;;0;4;;;;;;0;5;;;;;;0;5;;;;;;1;5;1984;;;;;0;5;;;;;;0;4;;;;;;0;4;;;;;;0;3;;;;;;0;5;;;;;;0;;;;;;;;;;;;;;;;;;;3;0;35;1;21;5;1983;;;;;;;;;;;;;;;;;;;;;;;;;;;;;;;;;;;;;;;;;;;;;;;;;;;;;;;;;;;;;;;;;;;;;;;;;;;;;;;;;;;;;;;;;;;;;;;;;;;;;;;;;;;;;;;;;;;;;;;;;;;;;;;;;;;;;;;;;;;;;;;;;;;;;;;;;;;;;;18MAY1962;7;1;3;2;4;4;2;NRP;;;;1;0;1;0;0;1;VESPA;300;GTS SUPER;SCOOTER;2;2010;37;1;2;8000;7;;;;;;;;;;;;;;;;;;;;;;;;;;;;;;;;;;;;;;;;;;;;;8000;4;8;9;;;;;;;NRP;NRP;NRP;NRP;NRP;1980;1984;1982;NRP
727;6814;;0;;;;;;;;;;;;;;;;;;;;;;;;;;;;;;;;;;;;;;;;;;;;;;;;;;;;;;;;;;;;;;;;;;;;;;;;;;;;;;;;;;;;;;;;;;;;;;;;;;;;;;;;;;;;;;;;;;;;;;;;;;;;;;;;;;;;;;;;;;;;;;;;;;;;;;;;;;;;;;;;;;;;;;;;;;;;;;;;;;;;;;;;;;;;;;;;;;;;;;;;;;;;;;;;;;;;;;;;;;;;;;;;;;;;;;;;;;;;;;;;;;;;;;;;;;;;;;;;;;;;;;;;;;;;;;;;;;;;;;;;;;05OCT1987;5;1;3;2;2;3;;NRP;;;;2;0;1;1;0;1;HONDA;600;SW-T;SCOOTER;2;2011;37;1;2;10000;7;;;;;;;;;;;;;;;;;;;;;;;;;;;;;;;;;;;;;;;;;;;;;10000;2;3;4;;;;;;;NRP;NRP;NRP;2004;2009;NRP;NRP;2005;NRP
1562;6815;;1;0;4;;;;;;0;4;;;;;;0;5;;;;;;0;4;;;;;;0;4;;;;;;0;5;;;;;;0;2;;;;;;0;4;;;;;;2;4;NSP;NSP;;;;0;1;;;;;;2;6;NSP;NSP;;;;0;1;;;;;;1;4;NSP;;;;;0;4;;;;;;0;;;;;;;;;;;;;;;;;;;0;0;5;1;51;11;0;;;;;;;;;;;;;;;;;;;;;;;;;;;;;;;;;;;;;;;;;;;;;;;;;;;;;;;;;;;;;;;;;;;;;;;;;;;;;;;;;;;;;;;;;;;;;;;;;;;;;;;;;;;;;;;;;;;;;;;;;;;;;;;;;;;;;;;;;;;;;;;;;;;;;;;;;;;;;;17NOV1989;7;1;3;2;2;5;0;NRP;;;;2;0;0;1;0;1;KAWASAKI;1000;Z 1000 IE;ROADSTER;2;2012;37;1;2;10000;7;;;;;;;;;;;;;;;;;;;;;;;;;;;;;;;;;;;;;;;;;;;;;10000;3;4;;;;;;;;NRP;NRP;NRP;NRP;2012;NRP;NRP;2010;NRP
1849;6818;;1;0;4;;;;;;0;5;;;;;;0;6;;;;;;0;6;;;;;;0;6;;;;;;0;5;;;;;;0;5;;;;;;1;5;2013;;;;;0;4;;;;;;0;6;;;;;;0;5;;;;;;0;4;;;;;;0;6;;;;;;0;5;;;;;;1;2;2005;2013;;;;Castelmaurou;Grenoble;;;;Un dépassement que j'ai voulu faire a l'approche d'une intersection dans lequel l'automobiliste n'avait pas mit son clignotant. Pied légèrement frotter, mais rien de grave, ca aurait pu être pire!;"Un chantier mal indiqué et un carrefour non-éclairé a l'approch d'un petit village... J'ai vu trop tard les balises rouge et blanche de déviation du chantier (très mal installé d'ailleur). j'ai percuté les balises sans tomber puis j'ai ""frotté"" le grillage jusqu'à ce que je me déporte sur l'autre coté pour ne pas m'empaller dedans, vol plané puis la moto s'est posé sur mon épaule, clavicule cassé, un grand coup de bol!!!!";;;;0;0;3;1;9;1;72;15;2013;Grenoble;;;;;;;;;;;;;;;;;;;;;;;;;;;;;;;;;;;;;;;;;;;;;;;;;;;;;;;;;;;;;;;;;;;;;;;;;;;;;;;;;;;;;;;;;;;;;;;;;;;;;;;;;;;;;;;;;;;;;;;;;;;;;;;;;;;;;;;;;;;;;;;;;;;;;;;;;;;;;14MAR1979;11;1;3;2;1;1;;NRP;;;;0;0;0;1;0;1;YAMAHA;600;XT;TRAIL / SUPERMOTARD;2;1991;37;1;1;5000;4;;;;;;;;;;;;;;;;;;;;;;;;;;;;;;;;;;;;;;;;;;;;;5000;3;4;;;;;;;;NRP;NRP;NRP;NRP;2003;NRP;NRP;1998;NRP
885;6824;;1;0;3;;;;;;0;4;;;;;;0;5;;;;;;0;4;;;;;;0;4;;;;;;0;6;;;;;;0;3;;;;;;0;4;;;;;;1;4;2008;;;;;0;5;;;;;;0;4;;;;;;0;3;;;;;;1;6;2009;;;;;0;4;;;;;;0;;;;;;;;;;;;;;;;;;;3;0;2;1;61;13;2009;;;;;;;;;;;;;;;;;;;;;;;;;;;;;;;;;;;;;;;;;;;;;;;;;;;;;;;;;;;;;;;;;;;;;;;;;;;;;;;;;;;;;;;;;;;;;;;;;;;;;;;;;;;;;;;;;;;;;;;;;;;;;;;;;;;;;;;;;;;;;;;;;;;;;;;;;;;;;;01JUL1991;7;1;3;2;5;5;0;NRP;;;;4;0;0;1;0;1;KAWASAKI;750;Z 750-N IE;ROADSTER;2;2005;37;2;1;2000;7;;;;;;;;;;;;;;;;;;;;;;;;;;;;;;;;;;;;;;;;;;;;;2000;3;4;;;;;;;;NRP;NRP;NRP;NRP;2012;NRP;NRP;2009;NRP
1369;6832;;0;;;;;;;;;;;;;;;;;;;;;;;;;;;;;;;;;;;;;;;;;;;;;;;;;;;;;;;;;;;;;;;;;;;;;;;;;;;;;;;;;;;;;;;;;;;;;;;;;;;;;;;;;;;;;;;;;;;;;;;;;;;;;;;;;;;;;;;;;;;;;;;;;;;;;;;;;;;;;;;;;;;;;;;;;;;;;;;;;;;;;;;;;;;;;;;;;;;;;;;;;;;;;;;;;;;;;;;;;;;;;;;;;;;;;;;;;;;;;;;;;;;;;;;;;;;;;;;;;;;;;;;;;;;;;;;;;;;;;;;;;;16OCT1964;3;1;3;2;4;4;2;NRP;;;;1;1;0;3;0;1;YAMAHA;125;WR-R;TRAIL / SUPERMOTARD;2;2009;37;1;3;15000;6;;;;;;;;;;;;;;;;;;;;;;;;;;;;;;;;;;;;;;;;;;;;;15000;4;;;;;;;;;NRP;NRP;NRP;NRP;NRP;NRP;NRP;1988;NRP
1750;6833;;1;0;4;;;;;;0;2;;;;;;0;5;;;;;;0;2;;;;;;0;3;;;;;;0;2;;;;;;0;3;;;;;;0;2;;;;;;1;4;2012;;;;;0;4;;;;;;1;6;2014;;;;;0;2;;;;;;0;3;;;;;;0;4;;;;;;0;;;;;;;;;;;;;;;;;;;0;10;0;1;51;11;2014;;;;;;;;;;;;;;;;;;;;;;;;;;;;;;;;;;;;;;;;;;;;;;;;;;;;;;;;;;;;;;;;;;;;;;;;;;;;;;;;;;;;;;;;;;;;;;;;;;;;;;;;;;;;;;;;;;;;;;;;;;;;;;;;;;;;;;;;;;;;;;;;;;;;;;;;;;;;;;17OCT1970;7;1;3;2;3;4;1;NRP;;;;3;1;1;0;0;1;HONDA;125;S-WING ABS;SCOOTER;2;2008;37;2;2;5000;7;;;;;;;;;;;;;;;;;;;;;;;;;;;;;;;;;;;;;;;;;;;;;5000;4;;;;;;;;;NRP;NRP;NRP;NRP;NRP;NRP;NRP;1989;NRP
1999;6835;;1;1;6;2011;;;;;0;5;;;;;;0;3;;;;;;0;6;;;;;;1;6;2011;;;;;0;1;;;;;;0;5;;;;;;0;5;;;;;;1;6;1999;;;;;0;4;;;;;;0;4;;;;;;0;3;;;;;;0;3;;;;;;0;3;;;;;;1;3;1999;2011;2013;;;Mercuer;Aubenas;aubenas;;;Un voiture est sorti à gauche j au du piller sur le gravier par la suite j ai glisser et il a rouler sur la moto;J étais sur un route prioritaire et un camion ma coupe la priorité il m a attrapé de plein fouet;Un hollandais m a refuser la priorité à droite et ma rouler dessus;;;0;0;3;0;9;1;21;5;2011;;;;;;;;;;;;;;;;;;;;;;;;;;;;;;;;;;;;;;;;;;;;;;;;;;;;;;;;;;;;;;;;;;;;;;;;;;;;;;;;;;;;;;;;;;;;;;;;;;;;;;;;;;;;;;;;;;;;;;;;;;;;;;;;;;;;;;;;;;;;;;;;;;;;;;;;;;;;;;23APR1988;7;1;3;2;2;3;;NRP;;;;2;2;0;2;0;2;SUZUKI;600;GSX-R;SPORTIVE;2;2009;37;2;2;10000;4;KAWASAKI;650;"ER-6 ""N""";ROADSTER;2;2007;37;2;2;10000;4;;;;;;;;;;;;;;;;;;;;;;;;;;;;;;;;;;20000;7;4;3;2;1;;;;;2003;NRP;2007;2007;2007;NRP;NRP;2007;NRP