Ligne;Ligne Q qualif;Ligne approfondissement Accident;ACCIDENT;NBACC1;ACCFREQUENCE1;ANNEEACC1_1;ANNEEACC1_2;ANNEEACC1_3;ANNEEACC1_4;ANNEEACC1_5;NBACC2;ACCFREQUENCE2;ANNEEACC2_1;ANNEEACC2_2;ANNEEACC2_3;ANNEEACC2_4;ANNEEACC2_5;NBACC3;ACCFREQUENCE3;ANNEEACC3_1;ANNEEACC3_2;ANNEEACC3_3;ANNEEACC3_4;ANNEEACC3_5;NBACC4;ACCFREQUENCE4;ANNEEACC4_1;ANNEEACC4_2;ANNEEACC4_3;ANNEEACC4_4;ANNEEACC4_5;NBACC5;ACCFREQUENCE5;ANNEEACC5_1;ANNEEACC5_2;ANNEEACC5_3;ANNEEACC5_4;ANNEEACC5_5;NBACC6;ACCFREQUENCE6;ANNEEACC6_1;ANNEEACC6_2;ANNEEACC6_3;ANNEEACC6_4;ANNEEACC6_5;NBACC7;ACCFREQUENCE7;ANNEEACC7_1;ANNEEACC7_2;ANNEEACC7_3;ANNEEACC7_4;ANNEEACC7_5;NBACC8;ACCFREQUENCE8;ANNEEACC8_1;ANNEEACC8_2;ANNEEACC8_3;ANNEEACC8_4;ANNEEACC8_5;NBACC9;ACCFREQUENCE9;ANNEEACC9_1;ANNEEACC9_2;ANNEEACC9_3;ANNEEACC9_4;ANNEEACC9_5;NBACC10;ACCFREQUENCE10;ANNEEACC10_1;ANNEEACC10_2;ANNEEACC10_3;ANNEEACC10_4;ANNEEACC10_5;NBACC11;ACCFREQUENCE11;ANNEEACC11_1;ANNEEACC11_2;ANNEEACC11_3;ANNEEACC11_4;ANNEEACC11_5;NBACC12;ACCFREQUENCE12;ANNEEACC12_1;ANNEEACC12_2;ANNEEACC12_3;ANNEEACC12_4;ANNEEACC12_5;NBACC13;ACCFREQUENCE13;ANNEEACC13_1;ANNEEACC13_2;ANNEEACC13_3;ANNEEACC13_4;ANNEEACC13_5;NBACC14;ACCFREQUENCE14;ANNEEACC14_1;ANNEEACC14_2;ANNEEACC14_3;ANNEEACC14_4;ANNEEACC14_5;AUTRESACC;NBAUTRESACC;ANNEEAUTREACC1;ANNEEAUTREACC2;ANNEEAUTREACC3;ANNEEAUTREACC4;ANNEEAUTREACC5;LIEUAUTREACC1;LIEUAUTREACC2;LIEUAUTREACC3;LIEUAUTREACC4;LIEUAUTREACC5;DESCRIPTIONAUTRESACC1;DESCRIPTIONAUTRESACC2;DESCRIPTIONAUTRESACC3;DESCRIPTIONAUTRESACC4;DESCRIPTIONAUTRESACC5;NBAUTRESACCCIRCUIT;NBAUTRESTOUTTERRAIN;EXPCYCLO;EXP125;EXPSUP125;ACCORDNEXTQ;CHOIXACC;RGPMTACC;RECUPANNEE;RECUPLIEU;RECUPANNE;RGPMTAC;CHOIX1;CHOIX2;CHOIX3;CHOIX4;CHOIX5;CHOIX6;CHOIX7;DESCRIPTION;RUPTURE;FAITS;ABS_REACTION;AUTRE_REACTION;PRECISIONREACTIONOUI;RECUL;PRECISIONREACTIONNON;IMPACTCOMPORTEMENT;AUTREUSAGER;REACTIONAUTREUSAGER;CONNAISSANCEREACTIONUSAGER;DIFFICULTES;AGGRAVATION;DIFFICULTES2;EMOTIONS1;EMOTIONS2;EMOTIONS3;EMOTIONS4;EMOTIONS5;EMOTIONS6;AUTRESENTIMENT;CLASSEMENTEMOTIONS1;CLASSEMENTEMOTIONS;CLASSEMENTEMOTIONS5;CLASSEMENTEMOTIONS6;CLASSEMENTEMOTIONS7;CLASSEMENTEMOTIONS8;CLASSEMENTEMOTIONS9;EXPLICATIONRESSENTI;BIENEQUIPE;ALLURE;ALLUREVITEDETAIL;ALLURELENTEDETAIL;SITUATIONPRESSE;SITUATIONDISTRAIT;SITUATIONCONFIANT;SITUATIONCONTROLE;SITUATIONLUDIQUE;SITUATIONPERF;SITUATIONSTRESS;SITUATIONFATIGUE;HUMEURNEUTRE;HUMEURGAI;HUMEURMECONTENT;HUMEURTRISTE;HUMEURCOLERE;CONTRIBUTION1;CONTRIBUTION2;CONTRIBUTION3;CONTRIBUTION4;CONTRIBUTION5;CONTRIBUTION6;CONTRIBUTION7;CONTRIBUTION8;CONTRIBUTION9;ROLEINFRA;ELEMENTINFRA1;ELEMENTINFRA2;ELEMENTINFRA3;ELEMENTINFRA4;ELEMENTINFRA5;ELEMENTINFRA6;ELEMENTINFRA7;ELEMENTINFRA8;ELEMENTINFRA9;ALCOOL;TXALCOOL;STUP;SEMAINE;MOMENTJOURNEE;TEMPS;CAUSEACC1;CAUSEACC2;CAUSEACC3;CAUSEACC4;CAUSEACC5;FORMATIONCAUSE;FORMATION1;FORMATION2;FORMATION3;FORMATION4;FORMATION5;TRAFIC;CHAUSSEE1;CHAUSSEE2;CHAUSSEE3;CHAUSSEE4;TYPEACC;BLESSURE;TETE;COU;THORAX;MEMBRESSUP;COLONNE;BASSIN;MEMBRESINF;HOPITAL;PLUS24H;TRAJET;TYPEROUTE;MOTIF;SENSTRAJET;PASSAGER;VITESSE;DESCEQ1;DESCEQ2;DESCEQ3;DESCEQ4;DESCEQ5;DESCEQ6;DESCEQ7;DESCEQ8;DESCEQ9;DESCEQ10;VEHICULEETE;VEHICULEAUTOMNE;VEHICULEPRINTEMPS;VEHICULEHIVER;VEHICULESEMAINE;VEHICULEWE;VEHMARQUE;VEHCYLINDREE;VEHMODELE;VEHSEGMENT;VEHSIDE;EQ2RMABS;EQ2RMCBS;EQ2RMABSCBS;EQ2RMREGULATEUR;EQ2RMLIMITEUR;EQ2RMPHARESDIRECT;EQ2RMCOUPURE;EQ2RMANTIPATINAGE;EQ2RMANTIXHEELING;EQ2RMSTABILILTE;VEHKM;POINTS;DUREE;AUTRE2RM;VEHPRECMARQUE;VEHPRECCYLINDREE;VEHPRECMODELE;VEHPRECSEGMENT;VEHPRECSIDE;TEMPS2RMPREC;FREQVEHPREC;DATE_NAISS;CSP;SOCIETAIRE;SALARIE;SECTEUR2RM;NBPERSFOYER;SITFAM;NBENF;TRNBENF1;TRNBENF2;TRNBENF3;TRNBENF4;NBAUTOFOYER;NBCYCLOFOYER;NBSCOOTFOYER;NBMOTOFOYER;NBTRIKEFOYER;NB2RMCONDUIT;MARQUE1;CYLINDREE1;MODELE1;SEGMENT1;SIDE1;ANMISECIRCU1;ASS1;FREQ1;USAGE1;NBKM1;GARAGE1;MARQUE2;CYLINDREE2;MODELE2;SEGMENT2;SIDE2;ANMISECIRCU2;ASS2;FREQ2;USAGE2;NBKM2;GARAGE2;MARQUE3;CYLINDREE3;MODELE3;SEGMENT3;SIDE3;ANMISECIRCU3;ASS3;FREQ3;USAGE3;NBKM3;GARAGE3;MARQUE4;CYLINDREE4;MODELE4;SEGMENT4;SIDE4;ANMISECIRCU4;ASS4;FREQ4;USAGE4;NBKM4;GARAGE4;MARQUE5;CYLINDREE5;MODELE5;SEGMENT5;SIDE5;ANMISECIRCU5;ASS5;FREQ5;USAGE5;NBKM5;GARAGE5;NBKMTOT;PERMIS1;PERMIS2;PERMIS3;PERMIS4;PERMIS5;PERMIS6;PERMIS7;PERMIS8;PERMIS9;ANPERMIS1;ANPERMIS6;ANPERMIS7;ANPERMIS2;ANPERMIS3;ANPERMIS8;ANPERMIS9;ANPERMIS4;ANPERMIS5
1310;6837;;1;1;3;1994;;;;;0;4;;;;;;1;4;NSP;;;;;0;2;;;;;;0;4;;;;;;0;3;;;;;;0;2;;;;;;0;4;;;;;;1;4;2000;;;;;0;3;;;;;;1;4;2009;;;;;0;3;;;;;;0;3;;;;;;0;4;;;;;;0;;;;;;;;;;;;;;;;;;;4;0;18;1;51;11;2009;;;;;;;;;;;;;;;;;;;;;;;;;;;;;;;;;;;;;;;;;;;;;;;;;;;;;;;;;;;;;;;;;;;;;;;;;;;;;;;;;;;;;;;;;;;;;;;;;;;;;;;;;;;;;;;;;;;;;;;;;;;;;;;;;;;;;;;;;;;;;;;;;;;;;;;;;;;;;;18FEB1978;7;1;3;2;4;4;2;NRP;;;;2;0;0;4;0;4;HONDA;1000;CBR1000F;Routière / GT;1;1992;37;2;1;8000;7;SUZUKI;1000;TL-R;SPORTIVE;2;1999;37;1;2;18000;7;YAMAHA;250;TDR;Routière / GT;2;1990;37;3;2;5000;7;HONDA;550;CB550F;ROADSTER;2;1976;37;4;1;1500;7;;;;;;;;;;;;32500;3;4;;;;;;;;NRP;NRP;NRP;NRP;1997;NRP;NRP;1996;NRP
794;6839;;1;0;5;;;;;;0;6;;;;;;0;6;;;;;;0;5;;;;;;1;3;2014;;;;;0;4;;;;;;0;3;;;;;;0;5;;;;;;1;5;2012;;;;;0;2;;;;;;0;2;;;;;;0;3;;;;;;0;4;;;;;;0;3;;;;;;1;1;2013;;;;;Saissac;;;;;J'étais suivi par une autre moto, après un virage il me fallait tourner à gauche et ralentir, l'autre moto m'a percuté.;;;;;0;0;0;0;3;1;21;5;2014;;;;;;;;;;;;;;;;;;;;;;;;;;;;;;;;;;;;;;;;;;;;;;;;;;;;;;;;;;;;;;;;;;;;;;;;;;;;;;;;;;;;;;;;;;;;;;;;;;;;;;;;;;;;;;;;;;;;;;;;;;;;;;;;;;;;;;;;;;;;;;;;;;;;;;;;;;;;;;03JUN1987;5;1;3;2;1;1;;NRP;;;;1;0;0;1;0;1;APRILIA;750;SHIVER;ROADSTER;2;2008;37;1;1;15000;4;;;;;;;;;;;;;;;;;;;;;;;;;;;;;;;;;;;;;;;;;;;;;15000;1;3;4;;;;;;;2001;NRP;NRP;NRP;2011;NRP;NRP;2005;NRP
54;6841;442;1;0;3;;;;;;0;2;;;;;;0;3;;;;;;0;2;;;;;;0;3;;;;;;0;5;;;;;;0;4;;;;;;0;4;;;;;;1;4;2013;;;;;0;2;;;;;;0;4;;;;;;0;1;;;;;;0;5;;;;;;1;4;2013;;;;;0;;;;;;;;;;;;;;;;;;;0;0;6;1;66;14;2013;;2013;Alors que vous étiez en train de rouler, un piéton a traversé devant vous.;1;;;;;;;Enfant sortant d'une voiture qui vient de stationner sur le bas coté dans une zone semi pietonne en centre ville et qui décide de courir en travers de la route pour aller de l'autre coté. Un peu stressant quand on arrive, même à 30km/h et qu'on voit le gamin débouler sous les roues;Impossibilité de freiner normalement sans percuter l'enfant, donc blocage des freins et je couche le scooter pour m'arrêter plus vite;Aucuns entre le blocage des freins par réflexe et le fait d'être par terre une jambe sous le scooter et le reste du corps debout. Pour l'enfant, tétanie une fois qu'il a traversé et s'est rendu compte qu'il a failli être renversé;AUT|Réaction reflexe mais aucune conscience des évènements (très rapides) entre le blocage des freins et le choc;0;;;Parce qu'il était impossible de prévoir la réaction du pieton;2;1;2;;NSP;1;NRP;3;;;;;;;;;1;;;;;LA course d'un enfant en travers de la route c'est assez inattendu...;4;3;;;3;3;4;4;2;1;1;3;1;4;4;4;4;1;5;7;;;;;;;2;;;;;;;;;2;2;;2;1;1;1;20;80;0;0;0;2;;;;;;1;1;;;;2;1;2;;;;;;;0;;1;1;1;2;0;30;1;10;2;4;7;;;;;;4;4;4;4;4;4;YAMAHA;125;X-MAX;SCOOTER;2;2;2;2;1;1;1;0;2;2;2;35000;12;4;1;SUZUKI;400;GSX400E;ROADSTER;2;3;3;07DEC1975;5;1;3;2;4;4;2;NRP;;;;1;0;1;0;0;1;YAMAHA;125;X-MAX;SCOOTER;2;2006;37;1;2;10000;4;;;;;;;;;;;;;;;;;;;;;;;;;;;;;;;;;;;;;;;;;;;;;10000;3;4;;;;;;;;NRP;NRP;NRP;NRP;1996;NRP;NRP;1993;NRP
654;6843;;0;;;;;;;;;;;;;;;;;;;;;;;;;;;;;;;;;;;;;;;;;;;;;;;;;;;;;;;;;;;;;;;;;;;;;;;;;;;;;;;;;;;;;;;;;;;;;;;;;;;;;;;;;;;;;;;;;;;;;;;;;;;;;;;;;;;;;;;;;;;;;;;;;;;;;;;;;;;;;;;;;;;;;;;;;;;;;;;;;;;;;;;;;;;;;;;;;;;;;;;;;;;;;;;;;;;;;;;;;;;;;;;;;;;;;;;;;;;;;;;;;;;;;;;;;;;;;;;;;;;;;;;;;;;;;;;;;;;;;;;;;;28JUN1976;5;1;3;2;3;4;1;NRP;;;;2;0;0;4;0;4;KTM;990;SUPERDUKE R (BI PLACE);ROADSTER;2;2006;37;2;2;2000;7;YAMAHA;250;TT-R;TOUT TERRAIN (TRIAL / ENDURO / CROSS);2;2001;37;1;2;12000;7;KAWASAKI;300;KLX-R HOMOLOGUEE;TOUT TERRAIN (TRIAL / ENDURO / CROSS);2;2001;37;3;1;1000;7;KTM;250;EXC 2T;TOUT TERRAIN (TRIAL / ENDURO / CROSS);2;1999;37;3;1;1000;7;;;;;;;;;;;;16000;2;3;4;;;;;;;NRP;NRP;NRP;1993;1995;NRP;NRP;1996;NRP
1956;6844;;1;1;2;NSP;;;;;1;3;NSP;;;;;0;6;;;;;;0;4;;;;;;2;6;NSP;NSP;;;;0;4;;;;;;0;3;;;;;;0;3;;;;;;3;5;NSP;NSP;NSP;;;0;1;;;;;;0;2;;;;;;0;3;;;;;;0;5;;;;;;0;5;;;;;;0;;;;;;;;;;;;;;;;;;;0;2;40;1;1;1;0;;;;;;;;;;;;;;;;;;;;;;;;;;;;;;;;;;;;;;;;;;;;;;;;;;;;;;;;;;;;;;;;;;;;;;;;;;;;;;;;;;;;;;;;;;;;;;;;;;;;;;;;;;;;;;;;;;;;;;;;;;;;;;;;;;;;;;;;;;;;;;;;;;;;;;;;;;;;;;10DEC1957;7;1;3;2;5;4;3;NRP;;;;1;1;2;0;0;3;PIAGGIO;125;VESPA PX;SCOOTER;2;1983;37;1;2;15000;4;PIAGGIO;200;VESPA PX;SCOOTER;2;1985;37;3;1;5000;4;SUZUKI;50;SMX;TRAIL / SUPERMOTARD;2;2000;37;1;2;3000;4;;;;;;;;;;;;;;;;;;;;;;;23000;2;3;4;;;;;;;NRP;NRP;NRP;1981;1981;NRP;NRP;1982;NRP
1025;6850;;1;0;3;;;;;;0;5;;;;;;0;1;;;;;;0;2;;;;;;0;1;;;;;;0;2;;;;;;0;2;;;;;;0;2;;;;;;1;5;2014;;;;;0;2;;;;;;0;2;;;;;;0;1;;;;;;0;3;;;;;;0;2;;;;;;1;1;2014;;;;;Autriche;;;;;Glissade roue avant dans un virage à 180° et suite à une très petite nuit de sommeil;;;;;0;1;3;0;45;0;;NRP;;;;;;;;;;;;;;;;;;;;;;;;;;;;;;;;;;;;;;;;;;;;;;;;;;;;;;;;;;;;;;;;;;;;;;;;;;;;;;;;;;;;;;;;;;;;;;;;;;;;;;;;;;;;;;;;;;;;;;;;;;;;;;;;;;;;;;;;;;;;;;;;;;;;;;;;;;;;;;;05SEP1952;2;1;3;2;2;3;;NRP;;;;3;0;0;2;0;2;BMW;1200;R1200GS ADVENTURE ABS PACK;TRAIL / SUPERMOTARD;2;2011;24;2;1;40;4;BMW;800;F700GS PACK SECURITE;TRAIL / SUPERMOTARD;2;2013;37;3;1;14;4;;;;;;;;;;;;;;;;;;;;;;;;;;;;;;;;;;54;4;3;;;;;;;;NRP;NRP;NRP;NRP;1969;NRP;NRP;1970;NRP
2025;6851;;0;;;;;;;;;;;;;;;;;;;;;;;;;;;;;;;;;;;;;;;;;;;;;;;;;;;;;;;;;;;;;;;;;;;;;;;;;;;;;;;;;;;;;;;;;;;;;;;;;;;;;;;;;;;;;;;;;;;;;;;;;;;;;;;;;;;;;;;;;;;;;;;;;;;;;;;;;;;;;;;;;;;;;;;;;;;;;;;;;;;;;;;;;;;;;;;;;;;;;;;;;;;;;;;;;;;;;;;;;;;;;;;;;;;;;;;;;;;;;;;;;;;;;;;;;;;;;;;;;;;;;;;;;;;;;;;;;;;;;;;;;;27JAN1991;11;1;3;2;3;5;0;NRP;;;;3;0;0;2;0;2;HONDA;1000;CB 1000R;ROADSTER;2;2011;37;3;1;5000;7;HONDA;1000;CBF ABS;ROADSTER;2;2010;16;3;1;300;7;;;;;;;;;;;;;;;;;;;;;;;;;;;;;;;;;;5300;3;4;;;;;;;;NRP;NRP;NRP;NRP;2009;NRP;NRP;2009;NRP
1477;6853;;1;0;4;;;;;;0;3;;;;;;0;3;;;;;;0;3;;;;;;0;3;;;;;;0;3;;;;;;0;3;;;;;;1;5;1996;;;;;0;3;;;;;;0;3;;;;;;0;3;;;;;;0;4;;;;;;0;5;;;;;;0;3;;;;;;1;2;1996;1996;;;;Lyon;Lyon;;;;une voiture m'a dépassé et s'est rabattu sur moi trop vite car un véhicule arrivait en face et elle a emporté mon guidon me faisant choir.;perte de contrôle de la nouvelle moto achetée suite au précédent accident, glissade dur 20 mètres mais pas de dégâts hormis sur la moto.;;;;0;0;2;2;3;1;71;15;1996;Lyon;;;;;;;;;;;;;;;;;;;;;;;;;;;;;;;;;;;;;;;;;;;;;;;;;;;;;;;;;;;;;;;;;;;;;;;;;;;;;;;;;;;;;;;;;;;;;;;;;;;;;;;;;;;;;;;;;;;;;;;;;;;;;;;;;;;;;;;;;;;;;;;;;;;;;;;;;;;;;30JUN1974;7;1;3;2;1;1;;NRP;;;;0;0;0;1;0;1;YAMAHA;125;TW;TRAIL / SUPERMOTARD;2;2000;37;1;3;10000;7;;;;;;;;;;;;;;;;;;;;;;;;;;;;;;;;;;;;;;;;;;;;;10000;3;4;;;;;;;;NRP;NRP;NRP;NRP;1993;NRP;NRP;1999;NRP
1971;6854;;1;0;3;;;;;;0;6;;;;;;0;5;;;;;;0;4;;;;;;0;3;;;;;;0;5;;;;;;0;3;;;;;;0;4;;;;;;2;6;2001;2014;;;;0;4;;;;;;0;5;;;;;;0;1;;;;;;0;2;;;;;;0;1;;;;;;1;1;2014;;;;;la rochelle;;;;;Percuté par l'arrière à un rond point par un véhicule n'ayant pas freiné (conductrice sur son smartphone);;;;;0;0;16;16;16;1;71;15;2014;la rochelle;;;;;;;;;;;;;;;;;;;;;;;;;;;;;;;;;;;;;;;;;;;;;;;;;;;;;;;;;;;;;;;;;;;;;;;;;;;;;;;;;;;;;;;;;;;;;;;;;;;;;;;;;;;;;;;;;;;;;;;;;;;;;;;;;;;;;;;;;;;;;;;;;;;;;;;;;;;;;21FEB1979;4;1;3;2;5;4;3;NRP;;;;2;0;0;1;0;1;TRIUMPH;900;LEGEND TT;ROADSTER;2;1998;37;2;2;4000;4;;;;;;;;;;;;;;;;;;;;;;;;;;;;;;;;;;;;;;;;;;;;;4000;3;4;;;;;;;;NRP;NRP;NRP;NRP;1999;NRP;NRP;1998;NRP
2126;6855;;0;;;;;;;;;;;;;;;;;;;;;;;;;;;;;;;;;;;;;;;;;;;;;;;;;;;;;;;;;;;;;;;;;;;;;;;;;;;;;;;;;;;;;;;;;;;;;;;;;;;;;;;;;;;;;;;;;;;;;;;;;;;;;;;;;;;;;;;;;;;;;;;;;;;;;;;;;;;;;;;;;;;;;;;;;;;;;;;;;;;;;;;;;;;;;;;;;;;;;;;;;;;;;;;;;;;;;;;;;;;;;;;;;;;;;;;;;;;;;;;;;;;;;;;;;;;;;;;;;;;;;;;;;;;;;;;;;;;;;;;;;;01AUG1977;5;1;3;2;2;3;;NRP;;;;2;0;0;2;0;2;MV AGUSTA;800;BRUTALE;ROADSTER;2;2013;37;2;1;5000;6;KAWASAKI;650;"ER-6 ""N""";ROADSTER;2;2009;37;4;1;200;6;;;;;;;;;;;;;;;;;;;;;;;;;;;;;;;;;;5200;3;4;;;;;;;;NRP;NRP;NRP;NRP;2012;NRP;NRP;1995;NRP
2012;6856;;1;0;4;;;;;;0;6;;;;;;0;6;;;;;;0;4;;;;;;0;5;;;;;;0;6;;;;;;0;4;;;;;;0;4;;;;;;1;6;2012;;;;;0;5;;;;;;0;5;;;;;;0;3;;;;;;1;4;2012;;;;;0;4;;;;;;0;;;;;;;;;;;;;;;;;;;0;1;2;1;61;13;2012;;;;;;;;;;;;;;;;;;;;;;;;;;;;;;;;;;;;;;;;;;;;;;;;;;;;;;;;;;;;;;;;;;;;;;;;;;;;;;;;;;;;;;;;;;;;;;;;;;;;;;;;;;;;;;;;;;;;;;;;;;;;;;;;;;;;;;;;;;;;;;;;;;;;;;;;;;;;;;25JAN1989;5;1;3;2;2;3;;NRP;;;;2;2;0;2;0;1;KAWASAKI;650;"ER-6 ""N""";ROADSTER;2;2009;37;2;1;6000;4;;;;;;;;;;;;;;;;;;;;;;;;;;;;;;;;;;;;;;;;;;;;;6000;3;4;5;;;;;;;NRP;NRP;NRP;NRP;2013;NRP;NRP;2007;2011
37;6858;219;1;0;4;;;;;;0;4;;;;;;0;5;;;;;;0;5;;;;;;0;4;;;;;;1;5;2004;;;;;0;2;;;;;;0;2;;;;;;1;2;2010;;;;;0;2;;;;;;1;5;2012;;;;;0;2;;;;;;0;2;;;;;;0;6;;;;;;0;;;;;;;;;;;;;;;;;;;2;2;15;1;51;11;2012;;2012;"Vous circuliez sur un axe constitué d’au moins "" 2 X 2 voies "" (en urbain, périph, autoroute, RN …). Un véhicule vous a coupé la route en changeant de voie pour se placer sur celle de gauche.";AUT|Le plus soudain et imprévisible;;;;;;;Boulevard de la Bastille, à Paris. Grande avenue sans voies délimitées. J'étais dans l'angle mort d'une voiture, la doublant par la gauche. J'ai vu le conducteur tourner le volant quand il a vu un parking souterrain sur sa gauche. Il n'a pas mis de clignotant et a déboîté très soudainement. Même à 30km/h, je n'ai rien pu faire pour l'éviter.;Le conducteur a déboîté.;Je n'ai même pas eu le temps de prendre les freins. Ma femme était derrière moi en moto. Le conducteur et son passager sont tout de suite sortis de leur véhicule pour nous venir en aide, mais à part une petite douleur à la cheville pour ma femme, nous n'avions rien.;AUT|Je suis très calme dans ces situations;0;;;Il n'y avait rien d'autre à faire et il n'est pas possible d'éviter ce genre de situation.;3;1;2;;NSP;2;Pas à aggraver, à le créer.;6;;;;;;;;;;;;1;;"Le choc était inévitable et la situation trop rapide ; je savais que le choc allait se produire. Il n'y avait rien à faire pour l'éviter.";4;3;;;1;3;2;4;1;1;1;2;3;3;4;4;4;10;;;;;;;;;2;;;;;;;;;2;1;1;2;1;3;1;10;90;0;0;0;2;;;;;;2;1;;;;2;0;;;;;;;;;;2;1;3;;1;30;1;2;3;4;;;;;;;4;4;4;4;4;4;HONDA;600;TRANSALP +35KW;TRAIL / SUPERMOTARD;2;1;1;1;1;1;1;1;1;1;1;60000;10;4;1;HONDA;500;CX;ROADSTER;2;4;4;10APR1982;5;1;3;2;2;3;;NRP;;;;0;0;0;1;0;1;BMW;1150;R1150GS ABS;TRAIL / SUPERMOTARD;2;2002;37;1;2;20000;4;;;;;;;;;;;;;;;;;;;;;;;;;;;;;;;;;;;;;;;;;;;;;20000;3;4;;;;;;;;NRP;NRP;NRP;NRP;2000;NRP;NRP;2000;NRP
284;6863;;0;;;;;;;;;;;;;;;;;;;;;;;;;;;;;;;;;;;;;;;;;;;;;;;;;;;;;;;;;;;;;;;;;;;;;;;;;;;;;;;;;;;;;;;;;;;;;;;;;;;;;;;;;;;;;;;;;;;;;;;;;;;;;;;;;;;;;;;;;;;;;;;;;;;;;;;;;;;;;;;;;;;;;;;;;;;;;;;;;;;;;;;;;;;;;;;;;;;;;;;;;;;;;;;;;;;;;;;;;;;;;;;;;;;;;;;;;;;;;;;;;;;;;;;;;;;;;;;;;;;;;;;;;;;;;;;;;;;;;;;;;;05DEC1976;5;1;3;2;3;4;1;NRP;;;;2;0;0;5;0;5;KAWASAKI;1000;Z 1000 IE ABS;ROADSTER;2;2007;37;2;1;5000;4;TRIUMPH;1050;SPRINT ST;Routière / GT;2;2008;37;3;1;5000;4;SUZUKI;600;GSX-R;SPORTIVE;2;2003;37;4;1;1500;4;KAWASAKI;650;"ER-6 ""N""";ROADSTER;2;2010;37;3;1;3000;4;KAWASAKI;500;GPZ-S;Routière / GT;2;1995;37;4;1;500;4;15000;3;4;;;;;;;;NRP;NRP;NRP;NRP;1999;NRP;NRP;1994;NRP
464;6865;;1;0;4;;;;;;0;5;;;;;;1;4;1992;;;;;0;1;;;;;;1;5;2000;;;;;1;3;1997;;;;;0;2;;;;;;0;2;;;;;;1;4;1997;;;;;0;4;;;;;;0;5;;;;;;0;2;;;;;;0;2;;;;;;0;3;;;;;;0;;;;;;;;;;;;;;;;;;;22;1;21;1;21;5;2000;;;;;;;;;;;;;;;;;;;;;;;;;;;;;;;;;;;;;;;;;;;;;;;;;;;;;;;;;;;;;;;;;;;;;;;;;;;;;;;;;;;;;;;;;;;;;;;;;;;;;;;;;;;;;;;;;;;;;;;;;;;;;;;;;;;;;;;;;;;;;;;;;;;;;;;;;;;;;;23MAR1973;7;1;3;2;3;4;1;NRP;;;;4;0;0;3;0;2;HONDA;750;VFR-F;Routière / GT;2;1992;37;2;1;10000;7;HONDA;1100;PAN EUROPEAN;Routière / GT;2;1991;37;3;1;3000;7;;;;;;;;;;;;;;;;;;;;;;;;;;;;;;;;;;13000;3;4;;;;;;;;NRP;NRP;NRP;NRP;1992;NRP;NRP;1991;NRP
1518;6867;;0;;;;;;;;;;;;;;;;;;;;;;;;;;;;;;;;;;;;;;;;;;;;;;;;;;;;;;;;;;;;;;;;;;;;;;;;;;;;;;;;;;;;;;;;;;;;;;;;;;;;;;;;;;;;;;;;;;;;;;;;;;;;;;;;;;;;;;;;;;;;;;;;;;;;;;;;;;;;;;;;;;;;;;;;;;;;;;;;;;;;;;;;;;;;;;;;;;;;;;;;;;;;;;;;;;;;;;;;;;;;;;;;;;;;;;;;;;;;;;;;;;;;;;;;;;;;;;;;;;;;;;;;;;;;;;;;;;;;;;;;;;12JUL1980;5;1;3;2;2;5;0;NRP;;;;2;0;0;1;0;1;KAWASAKI;650;"ER-6 ""F""";Routière / GT;2;2012;37;1;1;15000;4;;;;;;;;;;;;;;;;;;;;;;;;;;;;;;;;;;;;;;;;;;;;;15000;3;4;;;;;;;;NRP;NRP;NRP;NRP;2011;NRP;NRP;1998;NRP
1918;6869;;1;0;3;;;;;;0;3;;;;;;0;5;;;;;;0;2;;;;;;0;3;;;;;;0;6;;;;;;0;2;;;;;;0;2;;;;;;0;1;;;;;;1;6;2014;;;;;0;6;;;;;;0;2;;;;;;0;3;;;;;;0;5;;;;;;1;1;2014;;;;;Les Milles;;;;;Je remonte les voitures à l'arret par la gauche et me place devant un véhicule. Celui-ci me rendre dedans en avancant (il ne m'a pas vu parce qu'il ne regardait pas du tout devant mais à sa droite car il voulait changer de file). Situation tres fréquente.;;;;;0;0;0;4;3;1;71;15;2014;Les Milles;;;;;;;;;;;;;;;;;;;;;;;;;;;;;;;;;;;;;;;;;;;;;;;;;;;;;;;;;;;;;;;;;;;;;;;;;;;;;;;;;;;;;;;;;;;;;;;;;;;;;;;;;;;;;;;;;;;;;;;;;;;;;;;;;;;;;;;;;;;;;;;;;;;;;;;;;;;;;27JUL1973;5;1;3;2;2;3;;NRP;;;;1;0;1;1;0;2;HONDA;600;HORNET;ROADSTER;2;2003;37;1;2;7500;4;SUZUKI;125;BURGMAN;SCOOTER;2;2007;10;3;2;3000;2;;;;;;;;;;;;;;;;;;;;;;;;;;;;;;;;;;10500;2;3;4;7;;;;;;NRP;NRP;1996;1996;2012;NRP;NRP;1996;NRP
80;6870;;0;;;;;;;;;;;;;;;;;;;;;;;;;;;;;;;;;;;;;;;;;;;;;;;;;;;;;;;;;;;;;;;;;;;;;;;;;;;;;;;;;;;;;;;;;;;;;;;;;;;;;;;;;;;;;;;;;;;;;;;;;;;;;;;;;;;;;;;;;;;;;;;;;;;;;;;;;;;;;;;;;;;;;;;;;;;;;;;;;;;;;;;;;;;;;;;;;;;;;;;;;;;;;;;;;;;;;;;;;;;;;;;;;;;;;;;;;;;;;;;;;;;;;;;;;;;;;;;;;;;;;;;;;;;;;;;;;;;;;;;;;;16SEP1979;5;1;3;2;3;4;1;NRP;;;;0;1;1;0;0;1;HONDA;125;S-WING ABS;SCOOTER;2;2008;37;1;3;6500;1;;;;;;;;;;;;;;;;;;;;;;;;;;;;;;;;;;;;;;;;;;;;;6500;4;;;;;;;;;NRP;NRP;NRP;NRP;NRP;NRP;NRP;1997;NRP
1281;6873;;0;;;;;;;;;;;;;;;;;;;;;;;;;;;;;;;;;;;;;;;;;;;;;;;;;;;;;;;;;;;;;;;;;;;;;;;;;;;;;;;;;;;;;;;;;;;;;;;;;;;;;;;;;;;;;;;;;;;;;;;;;;;;;;;;;;;;;;;;;;;;;;;;;;;;;;;;;;;;;;;;;;;;;;;;;;;;;;;;;;;;;;;;;;;;;;;;;;;;;;;;;;;;;;;;;;;;;;;;;;;;;;;;;;;;;;;;;;;;;;;;;;;;;;;;;;;;;;;;;;;;;;;;;;;;;;;;;;;;;;;;;;02AUG1982;7;1;3;2;2;3;;NRP;;;;1;0;0;1;0;1;BMW;800;F800GS ABS;TRAIL / SUPERMOTARD;2;2009;37;2;2;5000;7;;;;;;;;;;;;;;;;;;;;;;;;;;;;;;;;;;;;;;;;;;;;;5000;3;;;;;;;;;NRP;NRP;NRP;NRP;2004;NRP;NRP;NRP;NRP
947;6876;;0;;;;;;;;;;;;;;;;;;;;;;;;;;;;;;;;;;;;;;;;;;;;;;;;;;;;;;;;;;;;;;;;;;;;;;;;;;;;;;;;;;;;;;;;;;;;;;;;;;;;;;;;;;;;;;;;;;;;;;;;;;;;;;;;;;;;;;;;;;;;;;;;;;;;;;;;;;;;;;;;;;;;;;;;;;;;;;;;;;;;;;;;;;;;;;;;;;;;;;;;;;;;;;;;;;;;;;;;;;;;;;;;;;;;;;;;;;;;;;;;;;;;;;;;;;;;;;;;;;;;;;;;;;;;;;;;;;;;;;;;;;29DEC1981;11;1;3;2;2;3;;NRP;;;;2;0;0;3;0;3;KAWASAKI;500;ER-5;ROADSTER;2;1997;37;3;1;2000;7;KAWASAKI;400;ZXR;SPORTIVE;2;1992;37;3;1;1000;7;HONDA;125;CM-C;CUSTOM;2;1990;31;3;2;500;6;;;;;;;;;;;;;;;;;;;;;;;3500;3;4;;;;;;;;NRP;NRP;NRP;NRP;2012;NRP;NRP;2000;NRP