Ligne;Ligne Q qualif;Ligne approfondissement Accident;ACCIDENT;NBACC1;ACCFREQUENCE1;ANNEEACC1_1;ANNEEACC1_2;ANNEEACC1_3;ANNEEACC1_4;ANNEEACC1_5;NBACC2;ACCFREQUENCE2;ANNEEACC2_1;ANNEEACC2_2;ANNEEACC2_3;ANNEEACC2_4;ANNEEACC2_5;NBACC3;ACCFREQUENCE3;ANNEEACC3_1;ANNEEACC3_2;ANNEEACC3_3;ANNEEACC3_4;ANNEEACC3_5;NBACC4;ACCFREQUENCE4;ANNEEACC4_1;ANNEEACC4_2;ANNEEACC4_3;ANNEEACC4_4;ANNEEACC4_5;NBACC5;ACCFREQUENCE5;ANNEEACC5_1;ANNEEACC5_2;ANNEEACC5_3;ANNEEACC5_4;ANNEEACC5_5;NBACC6;ACCFREQUENCE6;ANNEEACC6_1;ANNEEACC6_2;ANNEEACC6_3;ANNEEACC6_4;ANNEEACC6_5;NBACC7;ACCFREQUENCE7;ANNEEACC7_1;ANNEEACC7_2;ANNEEACC7_3;ANNEEACC7_4;ANNEEACC7_5;NBACC8;ACCFREQUENCE8;ANNEEACC8_1;ANNEEACC8_2;ANNEEACC8_3;ANNEEACC8_4;ANNEEACC8_5;NBACC9;ACCFREQUENCE9;ANNEEACC9_1;ANNEEACC9_2;ANNEEACC9_3;ANNEEACC9_4;ANNEEACC9_5;NBACC10;ACCFREQUENCE10;ANNEEACC10_1;ANNEEACC10_2;ANNEEACC10_3;ANNEEACC10_4;ANNEEACC10_5;NBACC11;ACCFREQUENCE11;ANNEEACC11_1;ANNEEACC11_2;ANNEEACC11_3;ANNEEACC11_4;ANNEEACC11_5;NBACC12;ACCFREQUENCE12;ANNEEACC12_1;ANNEEACC12_2;ANNEEACC12_3;ANNEEACC12_4;ANNEEACC12_5;NBACC13;ACCFREQUENCE13;ANNEEACC13_1;ANNEEACC13_2;ANNEEACC13_3;ANNEEACC13_4;ANNEEACC13_5;NBACC14;ACCFREQUENCE14;ANNEEACC14_1;ANNEEACC14_2;ANNEEACC14_3;ANNEEACC14_4;ANNEEACC14_5;AUTRESACC;NBAUTRESACC;ANNEEAUTREACC1;ANNEEAUTREACC2;ANNEEAUTREACC3;ANNEEAUTREACC4;ANNEEAUTREACC5;LIEUAUTREACC1;LIEUAUTREACC2;LIEUAUTREACC3;LIEUAUTREACC4;LIEUAUTREACC5;DESCRIPTIONAUTRESACC1;DESCRIPTIONAUTRESACC2;DESCRIPTIONAUTRESACC3;DESCRIPTIONAUTRESACC4;DESCRIPTIONAUTRESACC5;NBAUTRESACCCIRCUIT;NBAUTRESTOUTTERRAIN;EXPCYCLO;EXP125;EXPSUP125;ACCORDNEXTQ;CHOIXACC;RGPMTACC;RECUPANNEE;RECUPLIEU;RECUPANNE;RGPMTAC;CHOIX1;CHOIX2;CHOIX3;CHOIX4;CHOIX5;CHOIX6;CHOIX7;DESCRIPTION;RUPTURE;FAITS;ABS_REACTION;AUTRE_REACTION;PRECISIONREACTIONOUI;RECUL;PRECISIONREACTIONNON;IMPACTCOMPORTEMENT;AUTREUSAGER;REACTIONAUTREUSAGER;CONNAISSANCEREACTIONUSAGER;DIFFICULTES;AGGRAVATION;DIFFICULTES2;EMOTIONS1;EMOTIONS2;EMOTIONS3;EMOTIONS4;EMOTIONS5;EMOTIONS6;AUTRESENTIMENT;CLASSEMENTEMOTIONS1;CLASSEMENTEMOTIONS;CLASSEMENTEMOTIONS5;CLASSEMENTEMOTIONS6;CLASSEMENTEMOTIONS7;CLASSEMENTEMOTIONS8;CLASSEMENTEMOTIONS9;EXPLICATIONRESSENTI;BIENEQUIPE;ALLURE;ALLUREVITEDETAIL;ALLURELENTEDETAIL;SITUATIONPRESSE;SITUATIONDISTRAIT;SITUATIONCONFIANT;SITUATIONCONTROLE;SITUATIONLUDIQUE;SITUATIONPERF;SITUATIONSTRESS;SITUATIONFATIGUE;HUMEURNEUTRE;HUMEURGAI;HUMEURMECONTENT;HUMEURTRISTE;HUMEURCOLERE;CONTRIBUTION1;CONTRIBUTION2;CONTRIBUTION3;CONTRIBUTION4;CONTRIBUTION5;CONTRIBUTION6;CONTRIBUTION7;CONTRIBUTION8;CONTRIBUTION9;ROLEINFRA;ELEMENTINFRA1;ELEMENTINFRA2;ELEMENTINFRA3;ELEMENTINFRA4;ELEMENTINFRA5;ELEMENTINFRA6;ELEMENTINFRA7;ELEMENTINFRA8;ELEMENTINFRA9;ALCOOL;TXALCOOL;STUP;SEMAINE;MOMENTJOURNEE;TEMPS;CAUSEACC1;CAUSEACC2;CAUSEACC3;CAUSEACC4;CAUSEACC5;FORMATIONCAUSE;FORMATION1;FORMATION2;FORMATION3;FORMATION4;FORMATION5;TRAFIC;CHAUSSEE1;CHAUSSEE2;CHAUSSEE3;CHAUSSEE4;TYPEACC;BLESSURE;TETE;COU;THORAX;MEMBRESSUP;COLONNE;BASSIN;MEMBRESINF;HOPITAL;PLUS24H;TRAJET;TYPEROUTE;MOTIF;SENSTRAJET;PASSAGER;VITESSE;DESCEQ1;DESCEQ2;DESCEQ3;DESCEQ4;DESCEQ5;DESCEQ6;DESCEQ7;DESCEQ8;DESCEQ9;DESCEQ10;VEHICULEETE;VEHICULEAUTOMNE;VEHICULEPRINTEMPS;VEHICULEHIVER;VEHICULESEMAINE;VEHICULEWE;VEHMARQUE;VEHCYLINDREE;VEHMODELE;VEHSEGMENT;VEHSIDE;EQ2RMABS;EQ2RMCBS;EQ2RMABSCBS;EQ2RMREGULATEUR;EQ2RMLIMITEUR;EQ2RMPHARESDIRECT;EQ2RMCOUPURE;EQ2RMANTIPATINAGE;EQ2RMANTIXHEELING;EQ2RMSTABILILTE;VEHKM;POINTS;DUREE;AUTRE2RM;VEHPRECMARQUE;VEHPRECCYLINDREE;VEHPRECMODELE;VEHPRECSEGMENT;VEHPRECSIDE;TEMPS2RMPREC;FREQVEHPREC;DATE_NAISS;CSP;SOCIETAIRE;SALARIE;SECTEUR2RM;NBPERSFOYER;SITFAM;NBENF;TRNBENF1;TRNBENF2;TRNBENF3;TRNBENF4;NBAUTOFOYER;NBCYCLOFOYER;NBSCOOTFOYER;NBMOTOFOYER;NBTRIKEFOYER;NB2RMCONDUIT;MARQUE1;CYLINDREE1;MODELE1;SEGMENT1;SIDE1;ANMISECIRCU1;ASS1;FREQ1;USAGE1;NBKM1;GARAGE1;MARQUE2;CYLINDREE2;MODELE2;SEGMENT2;SIDE2;ANMISECIRCU2;ASS2;FREQ2;USAGE2;NBKM2;GARAGE2;MARQUE3;CYLINDREE3;MODELE3;SEGMENT3;SIDE3;ANMISECIRCU3;ASS3;FREQ3;USAGE3;NBKM3;GARAGE3;MARQUE4;CYLINDREE4;MODELE4;SEGMENT4;SIDE4;ANMISECIRCU4;ASS4;FREQ4;USAGE4;NBKM4;GARAGE4;MARQUE5;CYLINDREE5;MODELE5;SEGMENT5;SIDE5;ANMISECIRCU5;ASS5;FREQ5;USAGE5;NBKM5;GARAGE5;NBKMTOT;PERMIS1;PERMIS2;PERMIS3;PERMIS4;PERMIS5;PERMIS6;PERMIS7;PERMIS8;PERMIS9;ANPERMIS1;ANPERMIS6;ANPERMIS7;ANPERMIS2;ANPERMIS3;ANPERMIS8;ANPERMIS9;ANPERMIS4;ANPERMIS5
2162;6880;;1;0;2;;;;;;0;5;;;;;;0;4;;;;;;0;5;;;;;;0;5;;;;;;0;4;;;;;;0;3;;;;;;0;4;;;;;;1;4;2014;;;;;0;4;;;;;;0;5;;;;;;0;3;;;;;;0;3;;;;;;0;5;;;;;;0;;;;;;;;;;;;;;;;;;;0;0;10;1;41;9;2014;;;;;;;;;;;;;;;;;;;;;;;;;;;;;;;;;;;;;;;;;;;;;;;;;;;;;;;;;;;;;;;;;;;;;;;;;;;;;;;;;;;;;;;;;;;;;;;;;;;;;;;;;;;;;;;;;;;;;;;;;;;;;;;;;;;;;;;;;;;;;;;;;;;;;;;;;;;;;;23DEC1975;5;1;3;2;2;3;;NRP;;;;2;0;1;2;0;1;DUCATI;696;MONSTER;ROADSTER;2;2011;37;4;1;1000;4;;;;;;;;;;;;;;;;;;;;;;;;;;;;;;;;;;;;;;;;;;;;;1000;4;3;;;;;;;;NRP;NRP;NRP;NRP;1997;NRP;NRP;1994;NRP
1837;6885;;1;1;4;2001;;;;;0;4;;;;;;0;5;;;;;;0;4;;;;;;0;5;;;;;;0;4;;;;;;0;3;;;;;;1;5;2013;;;;;1;2;2014;;;;;0;4;;;;;;0;4;;;;;;0;2;;;;;;0;3;;;;;;0;6;;;;;;0;;;;;;;;;;;;;;;;;;;16;3;10;1;41;9;2014;;;;;;;;;;;;;;;;;;;;;;;;;;;;;;;;;;;;;;;;;;;;;;;;;;;;;;;;;;;;;;;;;;;;;;;;;;;;;;;;;;;;;;;;;;;;;;;;;;;;;;;;;;;;;;;;;;;;;;;;;;;;;;;;;;;;;;;;;;;;;;;;;;;;;;;;;;;;;;18APR1985;7;1;3;1;2;3;;NRP;;;;1;0;0;3;0;5;YAMAHA;1000;"FZ1 ""N""";ROADSTER;2;2010;37;1;2;13000;7;YAMAHA;1000;R1 (YZF-R1);SPORTIVE;2;1998;37;3;1;3000;7;YAMAHA;1300;FJR ABS  GT;Routière / GT;2;2007;40;2;3;7000;AUT|Sur le lieux de travail;BMW;1150;R1150RT;Routière / GT;2;2004;40;2;3;6000;AUT|Sur le lieu de travail;KAWASAKI;750;Z 750-N IE;ROADSTER;2;2008;29;4;1;1000;7;30000;1;2;3;4;7;;;;;1999;NRP;2003;2001;2005;NRP;NRP;2003;NRP
1146;6887;;1;0;4;;;;;;0;4;;;;;;0;4;;;;;;0;4;;;;;;0;4;;;;;;0;4;;;;;;0;4;;;;;;0;4;;;;;;1;4;2012;;;;;0;4;;;;;;0;4;;;;;;0;4;;;;;;0;3;;;;;;0;3;;;;;;0;;;;;;;;;;;;;;;;;;;4;0;10;1;41;9;2012;;;;;;;;;;;;;;;;;;;;;;;;;;;;;;;;;;;;;;;;;;;;;;;;;;;;;;;;;;;;;;;;;;;;;;;;;;;;;;;;;;;;;;;;;;;;;;;;;;;;;;;;;;;;;;;;;;;;;;;;;;;;;;;;;;;;;;;;;;;;;;;;;;;;;;;;;;;;;;24DEC1985;7;1;3;2;3;4;1;NRP;;;;2;0;0;1;0;1;KAWASAKI;900;ZX-9R NINJA;SPORTIVE;2;2001;37;1;2;10000;7;;;;;;;;;;;;;;;;;;;;;;;;;;;;;;;;;;;;;;;;;;;;;10000;3;4;;;;;;;;NRP;NRP;NRP;NRP;2006;NRP;NRP;2004;NRP
66;6889;;0;;;;;;;;;;;;;;;;;;;;;;;;;;;;;;;;;;;;;;;;;;;;;;;;;;;;;;;;;;;;;;;;;;;;;;;;;;;;;;;;;;;;;;;;;;;;;;;;;;;;;;;;;;;;;;;;;;;;;;;;;;;;;;;;;;;;;;;;;;;;;;;;;;;;;;;;;;;;;;;;;;;;;;;;;;;;;;;;;;;;;;;;;;;;;;;;;;;;;;;;;;;;;;;;;;;;;;;;;;;;;;;;;;;;;;;;;;;;;;;;;;;;;;;;;;;;;;;;;;;;;;;;;;;;;;;;;;;;;;;;;;08SEP1975;5;1;3;2;1;1;;NRP;;;;0;0;0;1;0;1;KAWASAKI;650;VERSYS;ROADSTER;2;2007;37;2;2;6000;6;;;;;;;;;;;;;;;;;;;;;;;;;;;;;;;;;;;;;;;;;;;;;6000;4;3;;;;;;;;NRP;NRP;NRP;NRP;2011;NRP;NRP;1993;NRP
1081;6891;;0;;;;;;;;;;;;;;;;;;;;;;;;;;;;;;;;;;;;;;;;;;;;;;;;;;;;;;;;;;;;;;;;;;;;;;;;;;;;;;;;;;;;;;;;;;;;;;;;;;;;;;;;;;;;;;;;;;;;;;;;;;;;;;;;;;;;;;;;;;;;;;;;;;;;;;;;;;;;;;;;;;;;;;;;;;;;;;;;;;;;;;;;;;;;;;;;;;;;;;;;;;;;;;;;;;;;;;;;;;;;;;;;;;;;;;;;;;;;;;;;;;;;;;;;;;;;;;;;;;;;;;;;;;;;;;;;;;;;;;;;;;09AUG1991;11;1;3;2;2;3;;NRP;;;;2;0;0;1;0;2;HONDA;125;VARADERO;TRAIL / SUPERMOTARD;2;2006;37;2;1;5000;7;HONDA;600;"CB-F ""N""";ROADSTER;2;2004;29;4;1;500;5;;;;;;;;;;;;;;;;;;;;;;;;;;;;;;;;;;5500;3;4;;;;;;;;NRP;NRP;NRP;NRP;2012;NRP;NRP;2009;NRP
1872;6892;;0;;;;;;;;;;;;;;;;;;;;;;;;;;;;;;;;;;;;;;;;;;;;;;;;;;;;;;;;;;;;;;;;;;;;;;;;;;;;;;;;;;;;;;;;;;;;;;;;;;;;;;;;;;;;;;;;;;;;;;;;;;;;;;;;;;;;;;;;;;;;;;;;;;;;;;;;;;;;;;;;;;;;;;;;;;;;;;;;;;;;;;;;;;;;;;;;;;;;;;;;;;;;;;;;;;;;;;;;;;;;;;;;;;;;;;;;;;;;;;;;;;;;;;;;;;;;;;;;;;;;;;;;;;;;;;;;;;;;;;;;;;17NOV1977;5;1;3;2;2;3;;NRP;;;;1;0;1;0;0;1;ELECTRIC'CITY;125;VENTYS 660 (ELECTRIQUE);SCOOTER;2;2013;37;1;2;9000;AUT|dans ma cour;;;;;;;;;;;;;;;;;;;;;;;;;;;;;;;;;;;;;;;;;;;;;9000;4;;;;;;;;;NRP;NRP;NRP;NRP;NRP;NRP;NRP;1995;NRP
1509;6896;;1;2;6;2001;2004;;;;0;5;;;;;;1;6;2000;;;;;0;5;;;;;;0;6;;;;;;0;4;;;;;;0;3;;;;;;0;5;;;;;;1;4;1999;;;;;0;5;;;;;;0;5;;;;;;0;1;;;;;;0;5;;;;;;0;5;;;;;;0;;;;;;;;;;;;;;;;;;;5;6;7;1;2;1;2004;;;;;;;;;;;;;;;;;;;;;;;;;;;;;;;;;;;;;;;;;;;;;;;;;;;;;;;;;;;;;;;;;;;;;;;;;;;;;;;;;;;;;;;;;;;;;;;;;;;;;;;;;;;;;;;;;;;;;;;;;;;;;;;;;;;;;;;;;;;;;;;;;;;;;;;;;;;;;;14OCT1984;5;1;3;2;4;5;0;NRP;;;;5;1;1;2;0;3;TRIUMPH;675;STREET TRIPLE;ROADSTER;2;2010;10;3;1;5000;7;HONDA;125;"ANF ""INNOVA""";SCOOTER;2;2004;37;1;2;8000;7;VELOSOLEX;50;5000;ROADSTER;2;1970;41;4;1;10;7;;;;;;;;;;;;;;;;;;;;;;;13010;1;3;4;;;;;;;1998;NRP;NRP;NRP;2004;NRP;NRP;2003;NRP
2177;6902;;0;;;;;;;;;;;;;;;;;;;;;;;;;;;;;;;;;;;;;;;;;;;;;;;;;;;;;;;;;;;;;;;;;;;;;;;;;;;;;;;;;;;;;;;;;;;;;;;;;;;;;;;;;;;;;;;;;;;;;;;;;;;;;;;;;;;;;;;;;;;;;;;;;;;;;;;;;;;;;;;;;;;;;;;;;;;;;;;;;;;;;;;;;;;;;;;;;;;;;;;;;;;;;;;;;;;;;;;;;;;;;;;;;;;;;;;;;;;;;;;;;;;;;;;;;;;;;;;;;;;;;;;;;;;;;;;;;;;;;;;;;;06MAR1966;7;1;3;2;2;3;;NRP;;;;2;2;0;2;0;1;SUZUKI;650;SV-N;ROADSTER;2;2002;37;4;1;2000;7;;;;;;;;;;;;;;;;;;;;;;;;;;;;;;;;;;;;;;;;;;;;;2000;2;3;4;7;;;;;;NRP;NRP;1987;1987;2006;NRP;NRP;1987;NRP
913;6905;;0;;;;;;;;;;;;;;;;;;;;;;;;;;;;;;;;;;;;;;;;;;;;;;;;;;;;;;;;;;;;;;;;;;;;;;;;;;;;;;;;;;;;;;;;;;;;;;;;;;;;;;;;;;;;;;;;;;;;;;;;;;;;;;;;;;;;;;;;;;;;;;;;;;;;;;;;;;;;;;;;;;;;;;;;;;;;;;;;;;;;;;;;;;;;;;;;;;;;;;;;;;;;;;;;;;;;;;;;;;;;;;;;;;;;;;;;;;;;;;;;;;;;;;;;;;;;;;;;;;;;;;;;;;;;;;;;;;;;;;;;;;24FEB1981;7;1;3;2;4;4;2;NRP;;;;1;0;0;1;0;1;BMW;1100;R1100S;Routière / GT;2;2001;37;2;1;8000;7;;;;;;;;;;;;;;;;;;;;;;;;;;;;;;;;;;;;;;;;;;;;;8000;3;4;;;;;;;;NRP;NRP;NRP;NRP;2009;NRP;NRP;2012;NRP
1688;6908;;1;0;3;;;;;;0;4;;;;;;0;4;;;;;;0;3;;;;;;1;5;2004;;;;;0;2;;;;;;0;4;;;;;;0;4;;;;;;0;2;;;;;;0;4;;;;;;0;5;;;;;;0;3;;;;;;0;4;;;;;;0;2;;;;;;0;;;;;;;;;;;;;;;;;;;0;1;11;1;21;5;2004;;;;;;;;;;;;;;;;;;;;;;;;;;;;;;;;;;;;;;;;;;;;;;;;;;;;;;;;;;;;;;;;;;;;;;;;;;;;;;;;;;;;;;;;;;;;;;;;;;;;;;;;;;;;;;;;;;;;;;;;;;;;;;;;;;;;;;;;;;;;;;;;;;;;;;;;;;;;;;25APR1981;5;1;3;2;2;3;;NRP;;;;2;0;0;1;0;1;YAMAHA;600;FZS FAZER;ROADSTER;2;2003;37;3;2;2000;7;;;;;;;;;;;;;;;;;;;;;;;;;;;;;;;;;;;;;;;;;;;;;2000;4;3;;;;;;;;NRP;NRP;NRP;NRP;2004;NRP;NRP;1999;NRP
924;6909;;0;;;;;;;;;;;;;;;;;;;;;;;;;;;;;;;;;;;;;;;;;;;;;;;;;;;;;;;;;;;;;;;;;;;;;;;;;;;;;;;;;;;;;;;;;;;;;;;;;;;;;;;;;;;;;;;;;;;;;;;;;;;;;;;;;;;;;;;;;;;;;;;;;;;;;;;;;;;;;;;;;;;;;;;;;;;;;;;;;;;;;;;;;;;;;;;;;;;;;;;;;;;;;;;;;;;;;;;;;;;;;;;;;;;;;;;;;;;;;;;;;;;;;;;;;;;;;;;;;;;;;;;;;;;;;;;;;;;;;;;;;;27JUN1982;8;1;3;2;1;1;;NRP;;;;1;0;0;1;0;1;DUCATI;848;848;SPORTIVE;2;2007;37;2;1;15000;6;;;;;;;;;;;;;;;;;;;;;;;;;;;;;;;;;;;;;;;;;;;;;15000;2;3;4;;;;;;;NRP;NRP;NRP;2002;2003;NRP;NRP;2001;NRP
608;6911;493;1;0;5;;;;;;0;4;;;;;;0;6;;;;;;0;4;;;;;;0;3;;;;;;0;4;;;;;;0;5;;;;;;0;5;;;;;;1;5;2001;;;;;0;4;;;;;;0;4;;;;;;0;3;;;;;;0;4;;;;;;0;3;;;;;;0;;;;;;;;;;;;;;;;;;;19;15;15;1;41;9;2001;;2001;Vous avez fait une sortie de route, une perte de contrôle ou une glissade sans rien percuter.;1;;;;;;;Accident produit seulement quelques mois après le permis : erreur d'appréciation du virage et de mon placement à l'entrée du virage par rapport à mon expérience passée. Je ne pense pas que la vitesse soit en causse, car j'étais bien en dessous de la limite autorisée (70km/h). Peut-être aussi un peu d'inattention.  A l'entrée d'un virage à gauche, je me suis retrouvé trop à l'extérieur du virage et mes deux roues se sont retrouvé sur l'herbe du bas côté. Ma sortie ce terminant en glissade dans le fossé.;défaut d'expérience permettant de corriger ce type d'erreur du au placement/inattention. Manque de réflexe pour corriger ma trajectoire.;J'ai lâché l'accélérateur et essayé de garder la moto droite tout en essayant de revenir sur la route. Je n'ai jamais touché au frein.  Une fois la glissade terminé, ne ressentant aucune douleur, j'ai essayé de relever la moto du fossé. 1 ou 2mn après ma glissade, deux personnes (hommes) qui circulait sur la route ce sont arrêtées pour m'aider.;NRP;1;"En étant plus concentré sur ma conduite , je me serais très certainement aperçu que mon placement à l'entrée du virage n'était pas bon. J'aurai pu modifier ma trajectoire à tant si j'avais ""jeter"" la moto à l'intérieur du virage.";Manque d'expérience;;2;0;;;;;;9;;;;;;Dégouté d'avoir endommagé ma première moto que j'avais payée avec mes économies (boulots d'été).;;;;;;;1;Je ne l'explique pas...;2;3;;;1;3;3;3;2;1;1;1;4;4;3;4;4;2;4;;;;;;;;2;;;;;;;;;2;2;;2;2;1;1;100;0;0;0;0;2;;;;;;1;1;;;;1;;;;;;;;;;;2;2;3;;0;60;1;2;4;;;;;;;;1;1;1;2;2;2;SUZUKI;600;BANDIT;ROADSTER;2;1;1;1;1;1;1;1;1;1;1;41000;12;1;0;;;;;;;;15MAY1979;5;1;3;1;2;3;;NRP;;;;2;0;0;2;0;2;SUZUKI;600;BANDIT-N;ROADSTER;2;1997;37;3;1;3556;7;HONDA;125;CBR;Routière / GT;2;2005;29;3;1;1000;7;;;;;;;;;;;;;;;;;;;;;;;;;;;;;;;;;;4556;3;;;;;;;;;NRP;NRP;NRP;NRP;2000;NRP;NRP;NRP;NRP
1545;6913;;1;0;4;;;;;;0;1;;;;;;0;6;;;;;;0;4;;;;;;0;5;;;;;;0;4;;;;;;0;3;;;;;;0;2;;;;;;1;4;2013;;;;;0;4;;;;;;0;6;;;;;;1;4;2013;;;;;0;4;;;;;;0;4;;;;;;0;;;;;;;;;;;;;;;;;;;6;0;6;1;56;12;2013;;;;;;;;;;;;;;;;;;;;;;;;;;;;;;;;;;;;;;;;;;;;;;;;;;;;;;;;;;;;;;;;;;;;;;;;;;;;;;;;;;;;;;;;;;;;;;;;;;;;;;;;;;;;;;;;;;;;;;;;;;;;;;;;;;;;;;;;;;;;;;;;;;;;;;;;;;;;;;24JUL1963;5;1;3;2;4;4;2;NRP;;;;2;0;1;0;0;1;PIAGGIO;500;MP3 LT TOURING SPORT (TM);SCOOTER;2;2012;37;1;2;12000;7;;;;;;;;;;;;;;;;;;;;;;;;;;;;;;;;;;;;;;;;;;;;;12000;4;;;;;;;;;NRP;NRP;NRP;NRP;NRP;NRP;NRP;1988;NRP
1869;6914;;1;1;5;1979;;;;;0;3;;;;;;0;4;;;;;;0;4;;;;;;0;5;;;;;;0;4;;;;;;0;5;;;;;;0;5;;;;;;1;5;1979;;;;;0;5;;;;;;0;3;;;;;;0;4;;;;;;0;4;;;;;;0;4;;;;;;0;;;;;;;;;;;;;;;;;;;3;1;35;1;1;1;1979;;;;;;;;;;;;;;;;;;;;;;;;;;;;;;;;;;;;;;;;;;;;;;;;;;;;;;;;;;;;;;;;;;;;;;;;;;;;;;;;;;;;;;;;;;;;;;;;;;;;;;;;;;;;;;;;;;;;;;;;;;;;;;;;;;;;;;;;;;;;;;;;;;;;;;;;;;;;;;04JUN1969;5;1;3;2;4;4;2;NRP;;;;3;0;0;3;0;3;BMW;750;K75 ABS;ROADSTER;2;1985;37;3;1;2000;7;BMW;1150;R1150R;ROADSTER;2;2003;37;3;1;1000;7;HONDA;600;HORNET;ROADSTER;2;1998;37;4;1;10;7;;;;;;;;;;;;;;;;;;;;;;;3010;2;3;4;;;;;;;NRP;NRP;NRP;1986;1987;NRP;NRP;1988;NRP
2066;6918;;1;0;5;;;;;;0;2;;;;;;0;4;;;;;;0;2;;;;;;0;5;;;;;;0;3;;;;;;0;1;;;;;;0;4;;;;;;1;4;2001;;;;;0;2;;;;;;0;4;;;;;;0;2;;;;;;0;4;;;;;;0;4;;;;;;0;;;;;;;;;;;;;;;;;;;4;0;15;1;41;9;2001;;;;;;;;;;;;;;;;;;;;;;;;;;;;;;;;;;;;;;;;;;;;;;;;;;;;;;;;;;;;;;;;;;;;;;;;;;;;;;;;;;;;;;;;;;;;;;;;;;;;;;;;;;;;;;;;;;;;;;;;;;;;;;;;;;;;;;;;;;;;;;;;;;;;;;;;;;;;;;03MAY1978;6;1;3;2;2;3;;NRP;;;;2;0;0;2;0;2;HONDA;1000;CBR-RR FIREBLADE;SPORTIVE;2;2009;37;3;1;5000;7;SUZUKI;650;SV-S;SPORTIVE;2;2002;37;3;1;3000;7;;;;;;;;;;;;;;;;;;;;;;;;;;;;;;;;;;8000;3;4;;;;;;;;NRP;NRP;NRP;NRP;2000;NRP;NRP;1996;NRP
750;6925;;0;;;;;;;;;;;;;;;;;;;;;;;;;;;;;;;;;;;;;;;;;;;;;;;;;;;;;;;;;;;;;;;;;;;;;;;;;;;;;;;;;;;;;;;;;;;;;;;;;;;;;;;;;;;;;;;;;;;;;;;;;;;;;;;;;;;;;;;;;;;;;;;;;;;;;;;;;;;;;;;;;;;;;;;;;;;;;;;;;;;;;;;;;;;;;;;;;;;;;;;;;;;;;;;;;;;;;;;;;;;;;;;;;;;;;;;;;;;;;;;;;;;;;;;;;;;;;;;;;;;;;;;;;;;;;;;;;;;;;;;;;;20JAN1957;7;1;3;2;1;1;;NRP;;;;1;0;0;1;0;1;VICTORY;1730;CROSS ROAD DELUXE;Routière / GT;2;2011;37;1;2;9000;7;;;;;;;;;;;;;;;;;;;;;;;;;;;;;;;;;;;;;;;;;;;;;9000;7;4;3;;;;;;;NRP;NRP;1976;NRP;1978;NRP;NRP;1976;NRP
746;6932;;1;0;3;;;;;;1;5;2013;;;;;0;5;;;;;;0;4;;;;;;0;5;;;;;;0;5;;;;;;0;2;;;;;;0;3;;;;;;0;4;;;;;;0;5;;;;;;0;2;;;;;;0;2;;;;;;0;5;;;;;;0;4;;;;;;0;;;;;;;;;;;;;;;;;;;0;0;5;1;6;2;2013;;;;;;;;;;;;;;;;;;;;;;;;;;;;;;;;;;;;;;;;;;;;;;;;;;;;;;;;;;;;;;;;;;;;;;;;;;;;;;;;;;;;;;;;;;;;;;;;;;;;;;;;;;;;;;;;;;;;;;;;;;;;;;;;;;;;;;;;;;;;;;;;;;;;;;;;;;;;;;02NOV1988;7;1;3;2;4;5;0;NRP;;;;3;2;0;2;0;2;BMW;800;F800R ABS;ROADSTER;2;2013;37;2;2;6000;7;HONDA;1000;CBF C-ABS;ROADSTER;2;2007;24;2;2;4000;7;;;;;;;;;;;;;;;;;;;;;;;;;;;;;;;;;;10000;4;3;;;;;;;;NRP;NRP;NRP;NRP;2010;NRP;NRP;2007;NRP
1629;6935;;1;0;5;;;;;;0;4;;;;;;1;6;NSP;;;;;0;5;;;;;;0;3;;;;;;0;1;;;;;;0;2;;;;;;3;5;NSP;NSP;NSP;;;2;6;NSP;NSP;;;;0;4;;;;;;1;6;NSP;;;;;0;1;;;;;;0;3;;;;;;0;1;;;;;;0;;;;;;;;;;;;;;;;;;;6;0;6;0;;NRP;;;;;;;;;;;;;;;;;;;;;;;;;;;;;;;;;;;;;;;;;;;;;;;;;;;;;;;;;;;;;;;;;;;;;;;;;;;;;;;;;;;;;;;;;;;;;;;;;;;;;;;;;;;;;;;;;;;;;;;;;;;;;;;;;;;;;;;;;;;;;;;;;;;;;;;;;;;;;;;27SEP1988;8;1;3;2;2;3;;NRP;;;;1;0;0;2;0;2;TRIUMPH;675;STREET TRIPLE R;ROADSTER;2;2011;37;2;1;8000;7;SUZUKI;400;DRZ-SM;TRAIL / SUPERMOTARD;2;2007;37;1;1;8000;7;;;;;;;;;;;;;;;;;;;;;;;;;;;;;;;;;;16000;4;3;;;;;;;;NRP;NRP;NRP;NRP;2009;NRP;NRP;2007;NRP
1984;6936;;1;0;4;;;;;;0;6;;;;;;0;5;;;;;;0;2;;;;;;1;6;2010;;;;;0;3;;;;;;0;5;;;;;;0;6;;;;;;0;5;;;;;;0;5;;;;;;0;5;;;;;;0;6;;;;;;0;5;;;;;;0;4;;;;;;1;1;2010;;;;;Givors;;;;;"Sur le trajet domicile/travail a5heure du matin mon feu tricolore était vert une voiture venant sur ma droite a"" grillé ""le rouge est m'a percuté...Le gars dans sa voiture de service se croyait seul sur la route a cette heure bien matinale...";;;;;0;0;2;0;36;1;71;15;2010;Givors;;;;;;;;;;;;;;;;;;;;;;;;;;;;;;;;;;;;;;;;;;;;;;;;;;;;;;;;;;;;;;;;;;;;;;;;;;;;;;;;;;;;;;;;;;;;;;;;;;;;;;;;;;;;;;;;;;;;;;;;;;;;;;;;;;;;;;;;;;;;;;;;;;;;;;;;;;;;;24JAN1960;7;1;3;2;3;4;1;NRP;;;;2;0;0;3;0;1;BMW;1200;R1200RT;Routière / GT;2;2011;37;3;1;3000;7;;;;;;;;;;;;;;;;;;;;;;;;;;;;;;;;;;;;;;;;;;;;;3000;3;4;;;;;;;;NRP;NRP;NRP;NRP;1979;NRP;NRP;1982;NRP
57;6939;431;1;0;5;;;;;;0;5;;;;;;0;5;;;;;;0;3;;;;;;0;5;;;;;;0;5;;;;;;0;5;;;;;;0;5;;;;;;1;6;1983;;;;;0;4;;;;;;0;5;;;;;;0;4;;;;;;1;4;1984;;;;;0;2;;;;;;1;1;1997;;;;;Marseille;;;;;Arrêté à un feu rouge, une voiture m'a percuté par l'arrière;;;;;0;0;1;0;33;1;71;15;1997;Marseille;1997;Autre(s) type(s) d'accident(s).;4;;;;;;;"En partant travailler, un matin, je me suis arrêté à un feu rouge, à l'entrée d'un tunnel alors bouché par la circulation dense. Par malchance, le soleil était bas dans le ciel et dans l'axe de la voie. Une voiture ne s'est pas arrêtée et m'as percuté violemment par l'arrière, je n'ai rien vu, à peine entendu les coups de freins sans pouvoir imaginer que c'était pour moi !! Je suis parti aux urgences en ambulance (c'était la première et la seule fois depuis 1982). La police est arrivé immédiatement car ils étaient dans la file des voitures. Un des policiers faisant le constat a osé dire à l'autre conducteur ""Mais pourquoi il s'est arrêté (en parlant de moi), personne ne s'arrête jamais à ce feu-là"". Par chance, je n'ai presque rien eu, sinon une immobilisation de la moto pendant 3 mois. Inutile de dire que depuis, lorsque je suis à un feu, je regarde toujours derrière ce qui se passe, même en voiture. Malheureusement, il est arrivé quasiment la même histoire à mon fils en janvier, là aussi sans conséquence grave, par bonheur!";Plusieurs raisons ont fait basculer une circonstance de circulation en difficulté puis en accident: le soleil dans l'axe de la voie et bas, créant une forte gène (que j'avais moi-même ressenti auparavant) le fait que je n'imaginais pas être dans une situation périlleuse, en étant détendu dans l'attente du feu vert. Depuis, je reste constamment sur mes gardes dans la même situation.;Je n'ai pas pu réagir, j'ai été projeté en l'air puis tombé à plat par terre. D'autres automobilistes se sont immédiatement arrêtés et ont appelé les secours, puis fait la circulation je pense. La police a très rapidement été sur place. Puis les pompiers m'ont emmené.;3;1;Si j'avais été sur mes gardes à regarder derrière j'aurais pu enclencher une vitesse et m'échapper de cette situation;Je n'avais pas imaginé une telle situation. Maintenant, il en est autrement, ca s'appelle l'expérience, non?;;2;1;NSP;;Je pense qu'il a été ébloui et ne m'a vu qu'au dernier moment, et qu'il ne s'imaginait pas voir quelqu'un arrêté à ce feu !;NSP;NRP;7;;;;;;;;;;;;;;;3;4;;;1;3;4;4;1;1;1;1;3;4;4;4;4;10;;;;;;;;;2;;;;;;;;;2;2;;2;1;1;1;0;100;0;0;0;2;;;;;;3;1;;;;2;0;;;;;;;;;;1;1;1;1;0;0;1;2;5;;;;;;;;4;4;4;4;4;4;MOTO GUZZI;1000;LE MANS;Routière / GT;2;1;0;1;1;1;1;1;1;1;1;50000;12;4;1;MOTO GUZZI;1000;SP;Routière / GT;2;4;4;28JUN1964;5;1;3;2;5;4;3;NRP;;;;2;0;0;5;0;5;KTM;1190;ADVENTURE PACK ELECTRONIQUE;TRAIL / SUPERMOTARD;2;2013;37;1;2;12000;7;MOTO GUZZI;1100;CALIFORNIA EV;Routière / GT;2;1999;16;3;1;12000;7;MOTO GUZZI;1000;SP NT;Routière / GT;1;1984;37;4;1;2000;7;MOTO GUZZI;500;V50II;ROADSTER;2;1979;16;4;1;500;7;YAMAHA;125;YB-R CUSTOM;CUSTOM;2;2012;37;4;1;200;4;26700;3;4;;;;;;;;NRP;NRP;NRP;NRP;1982;NRP;NRP;1982;NRP