Ligne;Ligne Q qualif;Ligne approfondissement Accident;ACCIDENT;NBACC1;ACCFREQUENCE1;ANNEEACC1_1;ANNEEACC1_2;ANNEEACC1_3;ANNEEACC1_4;ANNEEACC1_5;NBACC2;ACCFREQUENCE2;ANNEEACC2_1;ANNEEACC2_2;ANNEEACC2_3;ANNEEACC2_4;ANNEEACC2_5;NBACC3;ACCFREQUENCE3;ANNEEACC3_1;ANNEEACC3_2;ANNEEACC3_3;ANNEEACC3_4;ANNEEACC3_5;NBACC4;ACCFREQUENCE4;ANNEEACC4_1;ANNEEACC4_2;ANNEEACC4_3;ANNEEACC4_4;ANNEEACC4_5;NBACC5;ACCFREQUENCE5;ANNEEACC5_1;ANNEEACC5_2;ANNEEACC5_3;ANNEEACC5_4;ANNEEACC5_5;NBACC6;ACCFREQUENCE6;ANNEEACC6_1;ANNEEACC6_2;ANNEEACC6_3;ANNEEACC6_4;ANNEEACC6_5;NBACC7;ACCFREQUENCE7;ANNEEACC7_1;ANNEEACC7_2;ANNEEACC7_3;ANNEEACC7_4;ANNEEACC7_5;NBACC8;ACCFREQUENCE8;ANNEEACC8_1;ANNEEACC8_2;ANNEEACC8_3;ANNEEACC8_4;ANNEEACC8_5;NBACC9;ACCFREQUENCE9;ANNEEACC9_1;ANNEEACC9_2;ANNEEACC9_3;ANNEEACC9_4;ANNEEACC9_5;NBACC10;ACCFREQUENCE10;ANNEEACC10_1;ANNEEACC10_2;ANNEEACC10_3;ANNEEACC10_4;ANNEEACC10_5;NBACC11;ACCFREQUENCE11;ANNEEACC11_1;ANNEEACC11_2;ANNEEACC11_3;ANNEEACC11_4;ANNEEACC11_5;NBACC12;ACCFREQUENCE12;ANNEEACC12_1;ANNEEACC12_2;ANNEEACC12_3;ANNEEACC12_4;ANNEEACC12_5;NBACC13;ACCFREQUENCE13;ANNEEACC13_1;ANNEEACC13_2;ANNEEACC13_3;ANNEEACC13_4;ANNEEACC13_5;NBACC14;ACCFREQUENCE14;ANNEEACC14_1;ANNEEACC14_2;ANNEEACC14_3;ANNEEACC14_4;ANNEEACC14_5;AUTRESACC;NBAUTRESACC;ANNEEAUTREACC1;ANNEEAUTREACC2;ANNEEAUTREACC3;ANNEEAUTREACC4;ANNEEAUTREACC5;LIEUAUTREACC1;LIEUAUTREACC2;LIEUAUTREACC3;LIEUAUTREACC4;LIEUAUTREACC5;DESCRIPTIONAUTRESACC1;DESCRIPTIONAUTRESACC2;DESCRIPTIONAUTRESACC3;DESCRIPTIONAUTRESACC4;DESCRIPTIONAUTRESACC5;NBAUTRESACCCIRCUIT;NBAUTRESTOUTTERRAIN;EXPCYCLO;EXP125;EXPSUP125;ACCORDNEXTQ;CHOIXACC;RGPMTACC;RECUPANNEE;RECUPLIEU;RECUPANNE;RGPMTAC;CHOIX1;CHOIX2;CHOIX3;CHOIX4;CHOIX5;CHOIX6;CHOIX7;DESCRIPTION;RUPTURE;FAITS;ABS_REACTION;AUTRE_REACTION;PRECISIONREACTIONOUI;RECUL;PRECISIONREACTIONNON;IMPACTCOMPORTEMENT;AUTREUSAGER;REACTIONAUTREUSAGER;CONNAISSANCEREACTIONUSAGER;DIFFICULTES;AGGRAVATION;DIFFICULTES2;EMOTIONS1;EMOTIONS2;EMOTIONS3;EMOTIONS4;EMOTIONS5;EMOTIONS6;AUTRESENTIMENT;CLASSEMENTEMOTIONS1;CLASSEMENTEMOTIONS;CLASSEMENTEMOTIONS5;CLASSEMENTEMOTIONS6;CLASSEMENTEMOTIONS7;CLASSEMENTEMOTIONS8;CLASSEMENTEMOTIONS9;EXPLICATIONRESSENTI;BIENEQUIPE;ALLURE;ALLUREVITEDETAIL;ALLURELENTEDETAIL;SITUATIONPRESSE;SITUATIONDISTRAIT;SITUATIONCONFIANT;SITUATIONCONTROLE;SITUATIONLUDIQUE;SITUATIONPERF;SITUATIONSTRESS;SITUATIONFATIGUE;HUMEURNEUTRE;HUMEURGAI;HUMEURMECONTENT;HUMEURTRISTE;HUMEURCOLERE;CONTRIBUTION1;CONTRIBUTION2;CONTRIBUTION3;CONTRIBUTION4;CONTRIBUTION5;CONTRIBUTION6;CONTRIBUTION7;CONTRIBUTION8;CONTRIBUTION9;ROLEINFRA;ELEMENTINFRA1;ELEMENTINFRA2;ELEMENTINFRA3;ELEMENTINFRA4;ELEMENTINFRA5;ELEMENTINFRA6;ELEMENTINFRA7;ELEMENTINFRA8;ELEMENTINFRA9;ALCOOL;TXALCOOL;STUP;SEMAINE;MOMENTJOURNEE;TEMPS;CAUSEACC1;CAUSEACC2;CAUSEACC3;CAUSEACC4;CAUSEACC5;FORMATIONCAUSE;FORMATION1;FORMATION2;FORMATION3;FORMATION4;FORMATION5;TRAFIC;CHAUSSEE1;CHAUSSEE2;CHAUSSEE3;CHAUSSEE4;TYPEACC;BLESSURE;TETE;COU;THORAX;MEMBRESSUP;COLONNE;BASSIN;MEMBRESINF;HOPITAL;PLUS24H;TRAJET;TYPEROUTE;MOTIF;SENSTRAJET;PASSAGER;VITESSE;DESCEQ1;DESCEQ2;DESCEQ3;DESCEQ4;DESCEQ5;DESCEQ6;DESCEQ7;DESCEQ8;DESCEQ9;DESCEQ10;VEHICULEETE;VEHICULEAUTOMNE;VEHICULEPRINTEMPS;VEHICULEHIVER;VEHICULESEMAINE;VEHICULEWE;VEHMARQUE;VEHCYLINDREE;VEHMODELE;VEHSEGMENT;VEHSIDE;EQ2RMABS;EQ2RMCBS;EQ2RMABSCBS;EQ2RMREGULATEUR;EQ2RMLIMITEUR;EQ2RMPHARESDIRECT;EQ2RMCOUPURE;EQ2RMANTIPATINAGE;EQ2RMANTIXHEELING;EQ2RMSTABILILTE;VEHKM;POINTS;DUREE;AUTRE2RM;VEHPRECMARQUE;VEHPRECCYLINDREE;VEHPRECMODELE;VEHPRECSEGMENT;VEHPRECSIDE;TEMPS2RMPREC;FREQVEHPREC;DATE_NAISS;CSP;SOCIETAIRE;SALARIE;SECTEUR2RM;NBPERSFOYER;SITFAM;NBENF;TRNBENF1;TRNBENF2;TRNBENF3;TRNBENF4;NBAUTOFOYER;NBCYCLOFOYER;NBSCOOTFOYER;NBMOTOFOYER;NBTRIKEFOYER;NB2RMCONDUIT;MARQUE1;CYLINDREE1;MODELE1;SEGMENT1;SIDE1;ANMISECIRCU1;ASS1;FREQ1;USAGE1;NBKM1;GARAGE1;MARQUE2;CYLINDREE2;MODELE2;SEGMENT2;SIDE2;ANMISECIRCU2;ASS2;FREQ2;USAGE2;NBKM2;GARAGE2;MARQUE3;CYLINDREE3;MODELE3;SEGMENT3;SIDE3;ANMISECIRCU3;ASS3;FREQ3;USAGE3;NBKM3;GARAGE3;MARQUE4;CYLINDREE4;MODELE4;SEGMENT4;SIDE4;ANMISECIRCU4;ASS4;FREQ4;USAGE4;NBKM4;GARAGE4;MARQUE5;CYLINDREE5;MODELE5;SEGMENT5;SIDE5;ANMISECIRCU5;ASS5;FREQ5;USAGE5;NBKM5;GARAGE5;NBKMTOT;PERMIS1;PERMIS2;PERMIS3;PERMIS4;PERMIS5;PERMIS6;PERMIS7;PERMIS8;PERMIS9;ANPERMIS1;ANPERMIS6;ANPERMIS7;ANPERMIS2;ANPERMIS3;ANPERMIS8;ANPERMIS9;ANPERMIS4;ANPERMIS5
882;6945;;0;;;;;;;;;;;;;;;;;;;;;;;;;;;;;;;;;;;;;;;;;;;;;;;;;;;;;;;;;;;;;;;;;;;;;;;;;;;;;;;;;;;;;;;;;;;;;;;;;;;;;;;;;;;;;;;;;;;;;;;;;;;;;;;;;;;;;;;;;;;;;;;;;;;;;;;;;;;;;;;;;;;;;;;;;;;;;;;;;;;;;;;;;;;;;;;;;;;;;;;;;;;;;;;;;;;;;;;;;;;;;;;;;;;;;;;;;;;;;;;;;;;;;;;;;;;;;;;;;;;;;;;;;;;;;;;;;;;;;;;;;;03FEB1978;6;1;3;2;1;1;;NRP;;;;0;2;1;1;0;2;HONDA;600;HORNET;ROADSTER;2;2009;37;2;1;5000;2;PIAGGIO;125;X EVO;SCOOTER;2;2010;37;4;2;5000;4;;;;;;;;;;;;;;;;;;;;;;;;;;;;;;;;;;10000;3;4;;;;;;;;NRP;NRP;NRP;NRP;2013;NRP;NRP;1996;NRP
1581;6949;;1;0;4;;;;;;0;2;;;;;;0;3;;;;;;0;4;;;;;;0;5;;;;;;0;5;;;;;;0;3;;;;;;0;3;;;;;;1;6;2007;;;;;0;6;;;;;;0;5;;;;;;0;2;;;;;;0;4;;;;;;0;5;;;;;;0;;;;;;;;;;;;;;;;;;;0;15;0;1;41;9;2007;;;;;;;;;;;;;;;;;;;;;;;;;;;;;;;;;;;;;;;;;;;;;;;;;;;;;;;;;;;;;;;;;;;;;;;;;;;;;;;;;;;;;;;;;;;;;;;;;;;;;;;;;;;;;;;;;;;;;;;;;;;;;;;;;;;;;;;;;;;;;;;;;;;;;;;;;;;;;;06APR1966;7;1;3;2;1;1;;NRP;;;;1;1;0;1;0;1;HONDA;125;CA REBEL;CUSTOM;2;1996;37;2;2;8000;7;;;;;;;;;;;;;;;;;;;;;;;;;;;;;;;;;;;;;;;;;;;;;8000;4;;;;;;;;;NRP;NRP;NRP;NRP;NRP;NRP;NRP;1984;NRP
47;6950;440;1;0;4;;;;;;0;6;;;;;;0;6;;;;;;0;3;;;;;;0;4;;;;;;0;2;;;;;;0;3;;;;;;0;5;;;;;;3;6;NSP;NSP;2001;;;0;5;;;;;;1;6;2006;;;;;0;3;;;;;;0;4;;;;;;0;4;;;;;;0;;;;;;;;;;;;;;;;;;;5;0;13;1;51;11;2006;;2006;"Vous circuliez sur un axe constitué d’au moins "" 2 X 2 voies "" (en urbain, périph, autoroute, RN …). Un véhicule vous a coupé la route en changeant de voie pour se placer sur celle de gauche.";6;;;;;;;"J'effectuais une remontée de file sur le périph' parisien, entre la voie de gauche et la voie suivante.  J'ai vu une Clio commencer à couper toutes les files (4 voies à ce niveau). Constatant qu'une place était ""libre"" sur la voie de gauche, j'ai pris le parti de penser que la Clio couperait toutes les voies jusqu'à celle de gauche.  J'ai donc entamé mon freinage d'urgence (aucune possibilité d'effectuer un évitement hélas), sans pour autant réussir à éviter l'accident (si j'admets rouler parfois trop vite en remontée de files, ce jour - et par chance - je roulais à une vitesse que je qualifierai de raisonnable par rapport à la vitesse des voitures, mais ce n'est pas à moi d'en juger).  Heureusement, le choc a été tel, que ma moto et la Clio se sont touchés presque parallèlement et la voiture m'a poussé sur la voie de gauche, pendant que je continuais mon freinage d'urgence. Le choc a commencé sur la portière conducteur et la Clio est repartie dans sa voir lorsque j'étais au niveau de l'aile arrière (la trace de peinture en témoignait !).  S'il n'était pas revenu dans sa voie, et si le choc s'était effectué d'une autre manière, je pense que la fin aurait été plus douloureuse et dramatique : au final, je suis resté sur mes roues, et j'ai juste eu un rétro de cassé, et une peinture légèrement abîmée.  Le plus choquant finalement (mis à part la rapidité de l'action malgré des vitesses pas si importantes que cela), c'est que le conducteur de la Clio ne s'est arrêté que 200 m plus loin uniquement parce que le périph' était bouché (!!) et aussi que c'est un de ses passagers qui a dû le calmer (alors que je restais très calme) en lui rappelant qu'il avait failli nous tuer et que c'était juste une éraflure sur sa voiture (aucune bosse). Ce qui l'inquiétais, c'était sa voiture... là où moi je m'étais en tout premier lieu inquiété de ma passagère... la moto n'étant plus qu'accessoire à ce moment là.";"La bascule s'est faite lorsque je me suis dit qu'il allait couper toutes les voies pour aller sur la ""place libre"" de la voie de gauche.  La difficulté : le fait de n'avoir qu'une seule chose à faire : freiner à fond et serrer les cuisses en espérant que le choc se fasse à la vitesse la plus faible possible... vu que je ne pouvais tenter aucun évitement.";"Mes agissements : anticipation (j'ai vu la situation avant même qu'il ne soit en train de couper ma propre trajectoire), les réflexes (j'ai pris les freins AR et AV à fond - sans crainte, la route était sèche et j'avais l'ABS -), et mes souvenirs des cours de conduite (serrer les cuisses pour faire bien corps avec la moto, ce qui a sûrement aidé à la faire rester sur ses roues !). Et aussi le fait que quand les deux véhicules ont commencé à se toucher, j'ai ""penché"" vers la droite (vers la voiture) pour que la moto ne fasse finalement qu'un seul bloc avec la voiture et que je ne me fasse pas projeter vers la gauche vers le rail en béton (en peu comme on contrecarre quelqu'un qui nous pousse). Et je suis resté très calme avec l'autre usager.  L'autre usager : n'a pas regarder ses angles morts, pas de clignotants, manoeuvre brutale et rapide, n'a pas réalisé tout de suite qu'il était en situation d'accident et a mis du temps à repartir dans sa voie. Ne s'est pas arrêté suite à l'accident, mais suite aux bouchons... Ne s'est soucié que de sa voiture et ne faisait que rejeter la faute sur moi (""vous n'aviez pas à être entre les files"", ce qui est vrai, mais sa conduite était dangereuse et cela ne l'a même pas effleuré...). Enervé, c'est un de ses passagers, très calme, qui lui a fait comprendre que ce n'était rien (juste un peu de ma peinture sur la sienne) et que lui en revanche avait juste failli nous tuer.  En conséquence : je reste persuadé que mes actions ont permis d'éviter un accident bien plus grave en terme de conséquences, et aussi que ma gestion de la situation avec l'autre usager (rester calme) a permis de ne pas envenimer la situation.";NRP;0;;;"Si j'avais roulé moins vite, j'aurai évité l'accident (je serais arrivé ""après""). Si j'avais roulé plus vite, j'aurai évité l'accident (je serais passé ""avant"").  Vu la situation (entre les voitures), je n'avais qu'une possibilité : freiner (car accélérer, je ne serais jamais passer avant la Clio).";3;1;2;;N'ayant pas fait ses contrôles d'angle mort, il a mis du temps à réaliser qu'il était en situation d'accident et à savoir quoi faire (revenir dans sa voie).;1;Son comportement (jeune avec des amis, sûrement à vouloir les impressionner) a rendu sa conduite dangereuse, et son manque d'expérience n'a sûrement pas aidé.;1;4;6;;;;;2;;;3;;1;;N'avoir qu'une seule possibilité d'action : freiner, et attendre que cela se passe...;4;3;;;2;4;4;4;3;1;1;1;3;3;4;4;4;1;5;7;8;;;;;;2;;;;;;;;;2;2;;2;1;1;1;20;80;0;0;0;2;;;;;;3;1;;;;1;;;;;;;;;;;2;4;3;;1;65;1;10;2;3;4;7;;;;;4;4;4;3;4;3;HONDA;800;VFR-F V-TEC ABS;Routière / GT;2;0;0;0;1;1;1;1;1;1;1;NSP;12;4;1;HONDA;600;CBR 600F;SPORTIVE;2;3;4;30DEC1978;5;1;3;2;2;3;;NRP;;;;1;0;0;2;0;1;HONDA;1200;VFR-F DUAL CT;Routière / GT;2;2010;37;1;2;6000;2;;;;;;;;;;;;;;;;;;;;;;;;;;;;;;;;;;;;;;;;;;;;;6000;4;3;;;;;;;;NRP;NRP;NRP;NRP;1999;NRP;NRP;1997;NRP
859;6951;;0;;;;;;;;;;;;;;;;;;;;;;;;;;;;;;;;;;;;;;;;;;;;;;;;;;;;;;;;;;;;;;;;;;;;;;;;;;;;;;;;;;;;;;;;;;;;;;;;;;;;;;;;;;;;;;;;;;;;;;;;;;;;;;;;;;;;;;;;;;;;;;;;;;;;;;;;;;;;;;;;;;;;;;;;;;;;;;;;;;;;;;;;;;;;;;;;;;;;;;;;;;;;;;;;;;;;;;;;;;;;;;;;;;;;;;;;;;;;;;;;;;;;;;;;;;;;;;;;;;;;;;;;;;;;;;;;;;;;;;;;;;28DEC1990;11;1;3;2;1;1;;NRP;;;;1;0;0;1;0;1;YAMAHA;600;FZ6-N;ROADSTER;2;2005;37;2;1;8000;4;;;;;;;;;;;;;;;;;;;;;;;;;;;;;;;;;;;;;;;;;;;;;8000;4;3;;;;;;;;NRP;NRP;NRP;NRP;2012;NRP;NRP;2009;NRP
1392;6952;;1;0;4;;;;;;0;5;;;;;;0;6;;;;;;0;5;;;;;;1;6;NSP;;;;;0;4;;;;;;0;4;;;;;;0;3;;;;;;0;4;;;;;;0;3;;;;;;0;6;;;;;;0;4;;;;;;0;6;;;;;;0;3;;;;;;1;1;NSP;;;;;saint germain;;;;;Une camionnette a reculé sans voir que j étais derriere;;;;;0;0;14;0;0;1;21;5;0;;;;;;;;;;;;;;;;;;;;;;;;;;;;;;;;;;;;;;;;;;;;;;;;;;;;;;;;;;;;;;;;;;;;;;;;;;;;;;;;;;;;;;;;;;;;;;;;;;;;;;;;;;;;;;;;;;;;;;;;;;;;;;;;;;;;;;;;;;;;;;;;;;;;;;;;;;;;;;08SEP1986;7;1;3;2;1;1;;NRP;;;;0;1;0;0;0;1;MBK;50;NITRO NAKED;SCOOTER;2;2013;37;1;2;15000;4;;;;;;;;;;;;;;;;;;;;;;;;;;;;;;;;;;;;;;;;;;;;;15000;NSP;;;;;;;;;NRP;NRP;NRP;NRP;NRP;NRP;NRP;NRP;NRP
148;6954;243;1;0;5;;;;;;1;5;2003;;;;;0;6;;;;;;0;5;;;;;;0;5;;;;;;0;5;;;;;;0;5;;;;;;0;5;;;;;;2;4;2002;2014;;;;1;6;2003;;;;;0;5;;;;;;0;3;;;;;;1;4;2008;;;;;0;4;;;;;;1;1;2014;;;;;st maur des fos;;;;;chute suite à un déséquilibre sur sol glissant lors de la sortie d'un stationnement;;;;;0;0;10;0;0;1;6;2;2003;;2003;Vous circuliez derrière un véhicule. Ce véhicule a ralenti. Vous avez entrepris de dépasser ce véhicule par la gauche et celui-ci vous a coupé la route en tournant à gauche (ou en effectuant un ½ tour;2;5;6;;;;;"Je circulais de nuit (23h/minuit), le vendredi soir, sur les boulevards (2*2voies avec lignes blanches continues) de Toulouse. Je suivais une voiture qui me paraissait rouler ""bizarrement"". J'ai donc mis mon cligno et commençais à la doubler.  Quand je me suis déportée sur la file de gauche la voiture a fait demi-tour.  J'ai couché ma moto pour éviter de passer par dessus la voiture.  La voiture s'est arrêtée, à l'intérieur il y avait 3 ""jeunes"" (20 ans) qui m'ont expliqué cherché une boîte et avoir fait demi-tour car ils l'avaient dépassé. Aucun ne m'avait vu.  Le conducteur (avec un A) a reconnu ses torts.  Cela faisait quelques mois que j'avais mon permis moto et même si mon moniteur m'avait sensibilisé au fait que les motos sont peu vues par les automobilistes j'en ai pris conscience à ce moment là. J'ai aussi réalisé que j'ai uniquement réagi, pas réfléchi à ma réaction. Je n'en avais pas le temps. Même si j'étais dans mon droit, la voiture n'avait rien mais j'ai du faire refaire tout le carénage de ma moto.";"ce qui a été déterminant c'est la rapidité du changement de trajectoire de la voiture combiné à ma position par rapport à la voiture. J'étais ""trop haut"" (par rapport à la voiture)pour pouvoir faire un évitement (pas d'échappatoire), une vitesse trop rapide (je devais être entre 50 et 60 km/h) pour pouvoir m'arrêter.";mes pensées: qu'est-ce qu'il fout? je peux pas l'éviter, je me couche-me barre  mes actions sur la moto frein, je couche, je lâche tout  les réactions du conducteur de la voiture je ne vous ai pas vu vous n'avez rien  j'aurai pas du (faire demi-tour) mais il n'y avait personne (c'est le soir, peu de circulation)  actions de la voiture arrêt suite au choc ressenti (moto dans la voiture);NRP;1;j'aurai pu vérifier l'orientation des roues de la voiture avant de commencer à doubler essayer de percevoir le regard du conducteur et ce qui se passait dans la voiture (rapport passagers-conducteur)  je trouvais qu'il y avait quelque chose de bizarre, donc j'aurai pu voir qu'ils cherchaient quelque chose et prendre plus de précautions avant de doubler  depuis j'ai déjà détecté des changements de trajectoires intempestifs dans des situations similaires;je pense qu'une bonne part de cet accident vient du manque d'expérience des 2 conducteurs  j'ai agis comme si j'étais en voiture (jeune permis moto) et donc que l'autre conducteur m'avait vu;;2;1;2;;il était concentré sur autre chose (recherche d'une adresse, discussion dans la voiture) et n'a pas cherché les autres usagers de la route potentiel;1;il n'a pas fait de contrôles avant de changer de trajectoire et il a réalisé un demi-tour interdit;1;2;4;6;;;;2;1;;;;3;;je ne pensais vraiment pas que la voiture allait faire un demi-tour. c'était interdit donc pas possible;3;3;;;2;1;4;2;NSP;1;1;3;1;5;4;4;4;1;5;;;;;;;;2;;;;;;;;;2;2;;2;2;2;1;25;75;0;0;0;NSP;;;;;;1;1;;;;1;;;;;;;;;;;2;1;3;;0;55;1;10;2;5;;;;;;;2;2;2;2;2;2;YAMAHA;600;FZ6-S FAZER;ROADSTER;2;1;1;1;1;1;1;1;1;1;1;33000;12;1;0;;;;;;;;20JUL1979;7;1;3;2;2;3;;NRP;;;;1;2;0;1;0;1;YAMAHA;600;FZS FAZER;ROADSTER;2;1998;37;2;2;3000;6;;;;;;;;;;;;;;;;;;;;;;;;;;;;;;;;;;;;;;;;;;;;;3000;3;4;;;;;;;;NRP;NRP;NRP;NRP;2002;NRP;NRP;1998;NRP
806;6956;;1;0;4;;;;;;0;2;;;;;;0;4;;;;;;0;3;;;;;;0;4;;;;;;0;2;;;;;;0;1;;;;;;0;4;;;;;;1;2;1989;;;;;0;3;;;;;;0;3;;;;;;0;3;;;;;;2;4;1993;2003;;;;0;3;;;;;;0;;;;;;;;;;;;;;;;;;;50;35;35;1;62;13;2003;;;;;;;;;;;;;;;;;;;;;;;;;;;;;;;;;;;;;;;;;;;;;;;;;;;;;;;;;;;;;;;;;;;;;;;;;;;;;;;;;;;;;;;;;;;;;;;;;;;;;;;;;;;;;;;;;;;;;;;;;;;;;;;;;;;;;;;;;;;;;;;;;;;;;;;;;;;;;;06AUG1950;4;1;3;2;3;4;1;NRP;;;;2;3;2;1;0;2;APRILIA;125;SPORTCITY;SCOOTER;2;2005;37;1;2;8000;4;VESPA;125;ET4;SCOOTER;2;1990;37;2;1;500;4;;;;;;;;;;;;;;;;;;;;;;;;;;;;;;;;;;8500;3;4;;;;;;;;NRP;NRP;NRP;NRP;1978;NRP;NRP;1974;NRP
197;6958;;0;;;;;;;;;;;;;;;;;;;;;;;;;;;;;;;;;;;;;;;;;;;;;;;;;;;;;;;;;;;;;;;;;;;;;;;;;;;;;;;;;;;;;;;;;;;;;;;;;;;;;;;;;;;;;;;;;;;;;;;;;;;;;;;;;;;;;;;;;;;;;;;;;;;;;;;;;;;;;;;;;;;;;;;;;;;;;;;;;;;;;;;;;;;;;;;;;;;;;;;;;;;;;;;;;;;;;;;;;;;;;;;;;;;;;;;;;;;;;;;;;;;;;;;;;;;;;;;;;;;;;;;;;;;;;;;;;;;;;;;;;;06JAN1974;8;1;3;2;1;1;;NRP;;;;1;1;0;1;0;1;SUZUKI;1000;TL-S;SPORTIVE;2;2001;37;3;1;5000;7;;;;;;;;;;;;;;;;;;;;;;;;;;;;;;;;;;;;;;;;;;;;;5000;3;4;;;;;;;;NRP;NRP;NRP;NRP;2004;NRP;NRP;1992;NRP
290;6959;283;1;0;5;;;;;;0;3;;;;;;0;4;;;;;;0;5;;;;;;0;4;;;;;;0;3;;;;;;0;4;;;;;;0;4;;;;;;0;3;;;;;;1;6;2014;;;;;0;5;;;;;;0;2;;;;;;0;3;;;;;;0;6;;;;;;0;;;;;;;;;;;;;;;;;;;5;6;0;1;46;10;2014;;2014;"Vous circuliez sur un axe constitué d’au moins "" 2 X 2 voies "" (en urbain, périphérique, autoroute, RN …). Un véhicule vous a coupé la route en changeant de voie pour se placer sur celle de droite.";3;;;;;;;J'étais sur le périphérique entre la voie du milieu et celle de gauche, une voiture a déboîté devant moi, j'ai pu freiner mais me suis arrêtée dans son aile droite de voiture, et suis tombée, je n'avis rien, le scooter juste quelques rayures, nous avons fait un constat avant de l'envoyer j'ai fait examiner mon scooter par le garagiste et attendu le lendemain pour vois si moi-m^me je n'avais rien. Compte tenu de ces éléments, j'ai appelé le conducteur et annulé le constat. Par contre, je peux signaler qu'aucun automobiliste ne s'est arrêté pas plus que des deux roues. Je me suis sentie plutôt seule !;l'élément est le changement de file du véhicule juste devant moi;Ma réaction a été de freiner au plus fort, le véhicule a lui aussi freiné. aucune réaction des autres usagers. Le fait d'avoir pu freiner a évité que je sois projeté hors du scooter;NRP;0;;;pas assez de distance pour s'arrêter;2;0;;;;;;4;;;;;;;;;;1;;;;instinc de survie et d'éviter le pire.;3;3;;;1;1;4;4;1;1;1;1;1;4;4;4;4;10;;;;;;;;;2;;;;;;;;;2;2;;2;1;1;1;0;100;0;0;0;2;;;;;;3;1;;;;1;;;;;;;;;;;1;4;1;2;0;50;1;10;2;3;4;;;;;;4;4;4;4;4;4;HONDA;125;PCX;SCOOTER;2;1;0;1;1;1;1;0;2;2;2;14000;12;4;1;BSM;125;THUNDER BIKE;SCOOTER;2;4;4;01FEB1957;5;1;3;2;2;3;;NRP;;;;2;0;1;2;0;1;HONDA;125;PCX;SCOOTER;2;2012;37;1;2;8000;4;;;;;;;;;;;;;;;;;;;;;;;;;;;;;;;;;;;;;;;;;;;;;8000;4;;;;;;;;;NRP;NRP;NRP;NRP;NRP;NRP;NRP;1977;NRP