Ligne;Ligne Q qualif;Ligne approfondissement Accident;ACCIDENT;NBACC1;ACCFREQUENCE1;ANNEEACC1_1;ANNEEACC1_2;ANNEEACC1_3;ANNEEACC1_4;ANNEEACC1_5;NBACC2;ACCFREQUENCE2;ANNEEACC2_1;ANNEEACC2_2;ANNEEACC2_3;ANNEEACC2_4;ANNEEACC2_5;NBACC3;ACCFREQUENCE3;ANNEEACC3_1;ANNEEACC3_2;ANNEEACC3_3;ANNEEACC3_4;ANNEEACC3_5;NBACC4;ACCFREQUENCE4;ANNEEACC4_1;ANNEEACC4_2;ANNEEACC4_3;ANNEEACC4_4;ANNEEACC4_5;NBACC5;ACCFREQUENCE5;ANNEEACC5_1;ANNEEACC5_2;ANNEEACC5_3;ANNEEACC5_4;ANNEEACC5_5;NBACC6;ACCFREQUENCE6;ANNEEACC6_1;ANNEEACC6_2;ANNEEACC6_3;ANNEEACC6_4;ANNEEACC6_5;NBACC7;ACCFREQUENCE7;ANNEEACC7_1;ANNEEACC7_2;ANNEEACC7_3;ANNEEACC7_4;ANNEEACC7_5;NBACC8;ACCFREQUENCE8;ANNEEACC8_1;ANNEEACC8_2;ANNEEACC8_3;ANNEEACC8_4;ANNEEACC8_5;NBACC9;ACCFREQUENCE9;ANNEEACC9_1;ANNEEACC9_2;ANNEEACC9_3;ANNEEACC9_4;ANNEEACC9_5;NBACC10;ACCFREQUENCE10;ANNEEACC10_1;ANNEEACC10_2;ANNEEACC10_3;ANNEEACC10_4;ANNEEACC10_5;NBACC11;ACCFREQUENCE11;ANNEEACC11_1;ANNEEACC11_2;ANNEEACC11_3;ANNEEACC11_4;ANNEEACC11_5;NBACC12;ACCFREQUENCE12;ANNEEACC12_1;ANNEEACC12_2;ANNEEACC12_3;ANNEEACC12_4;ANNEEACC12_5;NBACC13;ACCFREQUENCE13;ANNEEACC13_1;ANNEEACC13_2;ANNEEACC13_3;ANNEEACC13_4;ANNEEACC13_5;NBACC14;ACCFREQUENCE14;ANNEEACC14_1;ANNEEACC14_2;ANNEEACC14_3;ANNEEACC14_4;ANNEEACC14_5;AUTRESACC;NBAUTRESACC;ANNEEAUTREACC1;ANNEEAUTREACC2;ANNEEAUTREACC3;ANNEEAUTREACC4;ANNEEAUTREACC5;LIEUAUTREACC1;LIEUAUTREACC2;LIEUAUTREACC3;LIEUAUTREACC4;LIEUAUTREACC5;DESCRIPTIONAUTRESACC1;DESCRIPTIONAUTRESACC2;DESCRIPTIONAUTRESACC3;DESCRIPTIONAUTRESACC4;DESCRIPTIONAUTRESACC5;NBAUTRESACCCIRCUIT;NBAUTRESTOUTTERRAIN;EXPCYCLO;EXP125;EXPSUP125;ACCORDNEXTQ;CHOIXACC;RGPMTACC;RECUPANNEE;RECUPLIEU;RECUPANNE;RGPMTAC;CHOIX1;CHOIX2;CHOIX3;CHOIX4;CHOIX5;CHOIX6;CHOIX7;DESCRIPTION;RUPTURE;FAITS;ABS_REACTION;AUTRE_REACTION;PRECISIONREACTIONOUI;RECUL;PRECISIONREACTIONNON;IMPACTCOMPORTEMENT;AUTREUSAGER;REACTIONAUTREUSAGER;CONNAISSANCEREACTIONUSAGER;DIFFICULTES;AGGRAVATION;DIFFICULTES2;EMOTIONS1;EMOTIONS2;EMOTIONS3;EMOTIONS4;EMOTIONS5;EMOTIONS6;AUTRESENTIMENT;CLASSEMENTEMOTIONS1;CLASSEMENTEMOTIONS;CLASSEMENTEMOTIONS5;CLASSEMENTEMOTIONS6;CLASSEMENTEMOTIONS7;CLASSEMENTEMOTIONS8;CLASSEMENTEMOTIONS9;EXPLICATIONRESSENTI;BIENEQUIPE;ALLURE;ALLUREVITEDETAIL;ALLURELENTEDETAIL;SITUATIONPRESSE;SITUATIONDISTRAIT;SITUATIONCONFIANT;SITUATIONCONTROLE;SITUATIONLUDIQUE;SITUATIONPERF;SITUATIONSTRESS;SITUATIONFATIGUE;HUMEURNEUTRE;HUMEURGAI;HUMEURMECONTENT;HUMEURTRISTE;HUMEURCOLERE;CONTRIBUTION1;CONTRIBUTION2;CONTRIBUTION3;CONTRIBUTION4;CONTRIBUTION5;CONTRIBUTION6;CONTRIBUTION7;CONTRIBUTION8;CONTRIBUTION9;ROLEINFRA;ELEMENTINFRA1;ELEMENTINFRA2;ELEMENTINFRA3;ELEMENTINFRA4;ELEMENTINFRA5;ELEMENTINFRA6;ELEMENTINFRA7;ELEMENTINFRA8;ELEMENTINFRA9;ALCOOL;TXALCOOL;STUP;SEMAINE;MOMENTJOURNEE;TEMPS;CAUSEACC1;CAUSEACC2;CAUSEACC3;CAUSEACC4;CAUSEACC5;FORMATIONCAUSE;FORMATION1;FORMATION2;FORMATION3;FORMATION4;FORMATION5;TRAFIC;CHAUSSEE1;CHAUSSEE2;CHAUSSEE3;CHAUSSEE4;TYPEACC;BLESSURE;TETE;COU;THORAX;MEMBRESSUP;COLONNE;BASSIN;MEMBRESINF;HOPITAL;PLUS24H;TRAJET;TYPEROUTE;MOTIF;SENSTRAJET;PASSAGER;VITESSE;DESCEQ1;DESCEQ2;DESCEQ3;DESCEQ4;DESCEQ5;DESCEQ6;DESCEQ7;DESCEQ8;DESCEQ9;DESCEQ10;VEHICULEETE;VEHICULEAUTOMNE;VEHICULEPRINTEMPS;VEHICULEHIVER;VEHICULESEMAINE;VEHICULEWE;VEHMARQUE;VEHCYLINDREE;VEHMODELE;VEHSEGMENT;VEHSIDE;EQ2RMABS;EQ2RMCBS;EQ2RMABSCBS;EQ2RMREGULATEUR;EQ2RMLIMITEUR;EQ2RMPHARESDIRECT;EQ2RMCOUPURE;EQ2RMANTIPATINAGE;EQ2RMANTIXHEELING;EQ2RMSTABILILTE;VEHKM;POINTS;DUREE;AUTRE2RM;VEHPRECMARQUE;VEHPRECCYLINDREE;VEHPRECMODELE;VEHPRECSEGMENT;VEHPRECSIDE;TEMPS2RMPREC;FREQVEHPREC;DATE_NAISS;CSP;SOCIETAIRE;SALARIE;SECTEUR2RM;NBPERSFOYER;SITFAM;NBENF;TRNBENF1;TRNBENF2;TRNBENF3;TRNBENF4;NBAUTOFOYER;NBCYCLOFOYER;NBSCOOTFOYER;NBMOTOFOYER;NBTRIKEFOYER;NB2RMCONDUIT;MARQUE1;CYLINDREE1;MODELE1;SEGMENT1;SIDE1;ANMISECIRCU1;ASS1;FREQ1;USAGE1;NBKM1;GARAGE1;MARQUE2;CYLINDREE2;MODELE2;SEGMENT2;SIDE2;ANMISECIRCU2;ASS2;FREQ2;USAGE2;NBKM2;GARAGE2;MARQUE3;CYLINDREE3;MODELE3;SEGMENT3;SIDE3;ANMISECIRCU3;ASS3;FREQ3;USAGE3;NBKM3;GARAGE3;MARQUE4;CYLINDREE4;MODELE4;SEGMENT4;SIDE4;ANMISECIRCU4;ASS4;FREQ4;USAGE4;NBKM4;GARAGE4;MARQUE5;CYLINDREE5;MODELE5;SEGMENT5;SIDE5;ANMISECIRCU5;ASS5;FREQ5;USAGE5;NBKM5;GARAGE5;NBKMTOT;PERMIS1;PERMIS2;PERMIS3;PERMIS4;PERMIS5;PERMIS6;PERMIS7;PERMIS8;PERMIS9;ANPERMIS1;ANPERMIS6;ANPERMIS7;ANPERMIS2;ANPERMIS3;ANPERMIS8;ANPERMIS9;ANPERMIS4;ANPERMIS5
1215;6963;;0;;;;;;;;;;;;;;;;;;;;;;;;;;;;;;;;;;;;;;;;;;;;;;;;;;;;;;;;;;;;;;;;;;;;;;;;;;;;;;;;;;;;;;;;;;;;;;;;;;;;;;;;;;;;;;;;;;;;;;;;;;;;;;;;;;;;;;;;;;;;;;;;;;;;;;;;;;;;;;;;;;;;;;;;;;;;;;;;;;;;;;;;;;;;;;;;;;;;;;;;;;;;;;;;;;;;;;;;;;;;;;;;;;;;;;;;;;;;;;;;;;;;;;;;;;;;;;;;;;;;;;;;;;;;;;;;;;;;;;;;;;14MAY1996;10;1;3;2;4;5;0;NRP;;;;2;0;0;1;1;2;HONDA;125;CBR;Routière / GT;2;2006;37;1;2;5000;7;KAWASAKI;700;QUAD KFX NON HOMOLOGUE;QUAD;2;2008;41;2;1;2000;7;;;;;;;;;;;;;;;;;;;;;;;;;;;;;;;;;;7000;2;;;;;;;;;NRP;NRP;NRP;2013;NRP;NRP;NRP;NRP;NRP
2007;6965;;1;0;6;;;;;;0;2;;;;;;0;5;;;;;;0;3;;;;;;0;6;;;;;;0;2;;;;;;0;3;;;;;;0;3;;;;;;0;4;;;;;;0;2;;;;;;0;5;;;;;;0;3;;;;;;0;4;;;;;;0;2;;;;;;1;1;2012;;;;;Caudan;;;;;déport d'une voiture pour me laissé doublé au dernier moment elle ma rabattu contre le terreplein centrale;;;;;0;0;0;0;10;1;71;15;2012;Caudan;;;;;;;;;;;;;;;;;;;;;;;;;;;;;;;;;;;;;;;;;;;;;;;;;;;;;;;;;;;;;;;;;;;;;;;;;;;;;;;;;;;;;;;;;;;;;;;;;;;;;;;;;;;;;;;;;;;;;;;;;;;;;;;;;;;;;;;;;;;;;;;;;;;;;;;;;;;;;21JUN1974;8;1;3;2;4;4;2;NRP;;;;1;0;0;3;0;3;SUZUKI;500;GS 34CV;ROADSTER;2;1990;41;4;1;0;7;HONDA;125;CA REBEL;CUSTOM;2;1993;29;4;1;5000;7;TRIUMPH;1700;THUNDERBIRD STORM;CUSTOM;2;2012;37;1;2;12000;7;;;;;;;;;;;;;;;;;;;;;;;17000;3;4;7;;;;;;;NRP;NRP;1993;NRP;2005;NRP;NRP;1993;NRP
647;6970;;1;0;5;;;;;;0;5;;;;;;0;6;;;;;;0;6;;;;;;0;4;;;;;;0;6;;;;;;0;3;;;;;;0;2;;;;;;0;2;;;;;;0;6;;;;;;0;5;;;;;;1;2;2011;;;;;0;2;;;;;;0;5;;;;;;0;;;;;;;;;;;;;;;;;;;0;3;1;1;56;12;2011;;;;;;;;;;;;;;;;;;;;;;;;;;;;;;;;;;;;;;;;;;;;;;;;;;;;;;;;;;;;;;;;;;;;;;;;;;;;;;;;;;;;;;;;;;;;;;;;;;;;;;;;;;;;;;;;;;;;;;;;;;;;;;;;;;;;;;;;;;;;;;;;;;;;;;;;;;;;;;27MAY1989;5;1;3;2;2;3;;NRP;;;;0;0;0;1;0;1;YAMAHA;125;YB-R;ROADSTER;2;2008;37;1;2;12000;4;;;;;;;;;;;;;;;;;;;;;;;;;;;;;;;;;;;;;;;;;;;;;12000;5;4;;;;;;;;NRP;NRP;NRP;NRP;NRP;NRP;NRP;2009;2011
742;6978;;1;0;2;;;;;;0;2;;;;;;0;5;;;;;;0;3;;;;;;1;5;2011;;;;;0;1;;;;;;0;4;;;;;;0;5;;;;;;2;6;2012;2013;;;;0;2;;;;;;0;5;;;;;;0;3;;;;;;0;6;;;;;;0;4;;;;;;0;;;;;;;;;;;;;;;;;;;0;5;1;1;21;5;2011;;;;;;;;;;;;;;;;;;;;;;;;;;;;;;;;;;;;;;;;;;;;;;;;;;;;;;;;;;;;;;;;;;;;;;;;;;;;;;;;;;;;;;;;;;;;;;;;;;;;;;;;;;;;;;;;;;;;;;;;;;;;;;;;;;;;;;;;;;;;;;;;;;;;;;;;;;;;;;30MAY1987;7;1;3;2;1;1;;NRP;;;;0;1;0;1;0;1;YAMAHA;125;YB-R;ROADSTER;2;2008;37;1;2;20000;4;;;;;;;;;;;;;;;;;;;;;;;;;;;;;;;;;;;;;;;;;;;;;20000;4;3;;;;;;;;NRP;NRP;NRP;NRP;2007;NRP;NRP;2006;NRP
1089;6979;;1;0;5;;;;;;0;6;;;;;;0;6;;;;;;0;3;;;;;;0;3;;;;;;0;4;;;;;;0;5;;;;;;0;6;;;;;;0;6;;;;;;0;5;;;;;;0;5;;;;;;0;2;;;;;;0;5;;;;;;0;2;;;;;;1;2;2010;2011;;;;besancon;besancon;;;;percuté par le vehicule venant en face et qui est sorti de sa voie;percuté a l'arrêt au céder le passage par le véhicule venant derrière moi sur la même voie;;;;0;0;12;2;10;1;71;15;2010;besancon;;;;;;;;;;;;;;;;;;;;;;;;;;;;;;;;;;;;;;;;;;;;;;;;;;;;;;;;;;;;;;;;;;;;;;;;;;;;;;;;;;;;;;;;;;;;;;;;;;;;;;;;;;;;;;;;;;;;;;;;;;;;;;;;;;;;;;;;;;;;;;;;;;;;;;;;;;;;;26OCT1976;7;1;3;2;2;3;;NRP;;;;2;0;0;1;0;1;HONDA;125;MTX-R;TRAIL / SUPERMOTARD;2;1988;37;2;2;2000;7;;;;;;;;;;;;;;;;;;;;;;;;;;;;;;;;;;;;;;;;;;;;;2000;4;3;;;;;;;;NRP;NRP;NRP;NRP;2003;NRP;NRP;1995;NRP
175;6980;393;1;0;6;;;;;;0;5;;;;;;0;5;;;;;;0;5;;;;;;0;5;;;;;;0;6;;;;;;0;4;;;;;;0;5;;;;;;1;6;2001;;;;;0;4;;;;;;0;5;;;;;;0;3;;;;;;0;4;;;;;;0;3;;;;;;1;1;2000;;;;;ARCHIAC;;;;;Dépassement d'un camion, un tracteur vigneron (étroit)était devant, une voiture arrive en face je tente de me rabattre entre le camion et le tracteur: je percute le tracteur par l'arrière.;;;;;0;0;5;0;14;1;71;15;2000;ARCHIAC;2000;Autre(s) type(s) d'accident(s).;1;2;4;6;;;;Permis moto depuis 4 mois à l'époque de l'accident. je roule sur une belle départementale, large et avec de grand virage. J'entreprends de dépassé un camion (type livraison deux essieux), la visibilité est convenable lorsque j'arrive à hauteur de la cabine du camion, je découvre qu'un tracteur agricole avec une remorque (type vigneron (étroit)) se trouve devant le camion à 50, 100m, soudain une voiture arrive en face, je panique et tente de me rabattre entre le camion et le tracteur, la différence de vitesse entre la moto et le tracteur est trop importante, je le percute au niveau de la remorque, perd connaissance, selon le chauffeur du camion je suis passé par dessus le guidon et suis retombé sur le dos. Conclusion : la route était large, le tracteur étroit j'aurais pu/du passé entre le tracteur et la voiture qui arrivée en face, seulement je n'avais que 4 mois de moto derrière moi.;La surprise de découvrir un élément que je n'avais pas anticipé;cf page précédente. à noter que le chauffeur du tracteur était très choqué, car il n'avait rien vu venir et a subit les évènements. Le chauffeur du camion, ayant tous vu a témoigné d'un manque d'expérience à mon propos.;1;1;cf page du début. En passant entre les deux véhicules, il n'y aurait pas eu d'accident, au plus une belle frayeur.;le manque de roulage et d'accumulation de kilomètres au guidon d'une moto;;2;1;NSP;;le conducteur du tracteur ne pouvais pas se rendre compte de la situation, le chauffeur du camion ne pensais pas que je réagirais de la sorte;2;je suis le seul fautif, n'ayant pas su géré une situation que j'avais créée;2;3;5;;;;;;1;2;;3;;;un obstacle potentiel apparait soudain devant moi et là je suis surpris;3;3;;;2;3;3;3;2;1;1;1;1;5;4;4;4;6;7;;;;;;;;2;;;;;;;;;2;2;;2;1;1;1;100;0;0;0;0;1;3;4;;;;1;1;AUT|période de vendange;;;2;1;4;;;;;;;1;1;2;2;3;;0;100;1;10;2;4;;;;;;;4;1;1;1;4;4;SUZUKI;650;SV-N;ROADSTER;2;1;1;1;1;1;1;0;1;1;1;20000;12;1;1;MBK;50;EVASION;ROADSTER;null;4;4;25SEP1978;7;1;3;2;3;4;1;NRP;;;;2;0;0;2;0;2;SUZUKI;1200;BANDIT-N;ROADSTER;2;2005;37;4;1;8000;7;YAMAHA;400;WR;TOUT TERRAIN (TRIAL / ENDURO / CROSS);2;1999;37;4;1;200;7;;;;;;;;;;;;;;;;;;;;;;;;;;;;;;;;;;8200;3;4;;;;;;;;NRP;NRP;NRP;NRP;2000;NRP;NRP;1996;NRP
123;6984;;0;;;;;;;;;;;;;;;;;;;;;;;;;;;;;;;;;;;;;;;;;;;;;;;;;;;;;;;;;;;;;;;;;;;;;;;;;;;;;;;;;;;;;;;;;;;;;;;;;;;;;;;;;;;;;;;;;;;;;;;;;;;;;;;;;;;;;;;;;;;;;;;;;;;;;;;;;;;;;;;;;;;;;;;;;;;;;;;;;;;;;;;;;;;;;;;;;;;;;;;;;;;;;;;;;;;;;;;;;;;;;;;;;;;;;;;;;;;;;;;;;;;;;;;;;;;;;;;;;;;;;;;;;;;;;;;;;;;;;;;;;;25JAN1970;7;1;3;2;2;3;;NRP;;;;2;0;1;0;0;1;PIAGGIO;125;VESPA PX E;SCOOTER;2;1993;37;2;2;5000;4;;;;;;;;;;;;;;;;;;;;;;;;;;;;;;;;;;;;;;;;;;;;;5000;4;;;;;;;;;NRP;NRP;NRP;NRP;NRP;NRP;NRP;1989;NRP
724;6985;;0;;;;;;;;;;;;;;;;;;;;;;;;;;;;;;;;;;;;;;;;;;;;;;;;;;;;;;;;;;;;;;;;;;;;;;;;;;;;;;;;;;;;;;;;;;;;;;;;;;;;;;;;;;;;;;;;;;;;;;;;;;;;;;;;;;;;;;;;;;;;;;;;;;;;;;;;;;;;;;;;;;;;;;;;;;;;;;;;;;;;;;;;;;;;;;;;;;;;;;;;;;;;;;;;;;;;;;;;;;;;;;;;;;;;;;;;;;;;;;;;;;;;;;;;;;;;;;;;;;;;;;;;;;;;;;;;;;;;;;;;;;17SEP1980;7;1;3;2;3;4;1;NRP;;;;1;0;0;3;1;4;KTM;990;SM-R;TRAIL / SUPERMOTARD;2;2012;28;3;1;6000;7;KAWASAKI;650;"ER-6 ""N""";ROADSTER;2;2006;28;3;1;5000;7;KYMCO;300;QUAD MXU;QUAD;2;2009;28;1;2;5000;7;SCORPA;250;SY;TOUT TERRAIN (TRIAL / ENDURO / CROSS);2;2002;37;4;1;500;7;;;;;;;;;;;;16500;3;4;;;;;;;;NRP;NRP;NRP;NRP;2001;NRP;NRP;1998;NRP
940;6989;;0;;;;;;;;;;;;;;;;;;;;;;;;;;;;;;;;;;;;;;;;;;;;;;;;;;;;;;;;;;;;;;;;;;;;;;;;;;;;;;;;;;;;;;;;;;;;;;;;;;;;;;;;;;;;;;;;;;;;;;;;;;;;;;;;;;;;;;;;;;;;;;;;;;;;;;;;;;;;;;;;;;;;;;;;;;;;;;;;;;;;;;;;;;;;;;;;;;;;;;;;;;;;;;;;;;;;;;;;;;;;;;;;;;;;;;;;;;;;;;;;;;;;;;;;;;;;;;;;;;;;;;;;;;;;;;;;;;;;;;;;;;01MAR1977;5;1;3;2;3;4;1;NRP;;;;2;0;0;1;0;1;DUCATI;1000;MONSTER S2R;ROADSTER;2;2007;37;3;1;1000;7;;;;;;;;;;;;;;;;;;;;;;;;;;;;;;;;;;;;;;;;;;;;;1000;4;3;;;;;;;;NRP;NRP;NRP;NRP;2005;NRP;NRP;1997;NRP
948;6990;;0;;;;;;;;;;;;;;;;;;;;;;;;;;;;;;;;;;;;;;;;;;;;;;;;;;;;;;;;;;;;;;;;;;;;;;;;;;;;;;;;;;;;;;;;;;;;;;;;;;;;;;;;;;;;;;;;;;;;;;;;;;;;;;;;;;;;;;;;;;;;;;;;;;;;;;;;;;;;;;;;;;;;;;;;;;;;;;;;;;;;;;;;;;;;;;;;;;;;;;;;;;;;;;;;;;;;;;;;;;;;;;;;;;;;;;;;;;;;;;;;;;;;;;;;;;;;;;;;;;;;;;;;;;;;;;;;;;;;;;;;;;11JUN1976;7;1;3;2;4;4;2;NRP;;;;1;0;0;1;0;1;HONDA;125;"CLR ""CITYFLY""";ROADSTER;2;1999;37;1;2;3000;5;;;;;;;;;;;;;;;;;;;;;;;;;;;;;;;;;;;;;;;;;;;;;3000;5;4;;;;;;;;NRP;NRP;NRP;NRP;NRP;NRP;NRP;1994;2011
476;6991;260;1;1;3;1987;;;;;1;4;1990;;;;;1;3;1988;;;;;0;2;;;;;;0;3;;;;;;0;2;;;;;;0;2;;;;;;0;3;;;;;;1;3;1976;;;;;1;3;2001;;;;;1;4;1987;;;;;0;1;;;;;;1;3;2012;;;;;0;2;;;;;;0;;;;;;;;;;;;;;;;;;;4;0;41;1;61;13;2012;;2012;Vous circuliez derrière un véhicule. Ce véhicule a freiné ou a ralenti et vous l’avez percuté par l’arrière.;3;;;;;;;J'ai été distrait par un vehicule en panne et quand j'ai de nouveau regardé devant moi, j'ai été surpris  par un véhicule arrété pour tourner à gauche.;La surprise m'a fait éxécuter un freinage d'urgence qui ne m'a pas permis d'éviter le véhicule arrêté.;Freinage d'urgence qui ne m'a pas permis l'évitement;NRP;1;Au lieu de freiner, j'aurais du éviter le véhicule par ça droite, j'avais largement la place.;Roulant à faible allure, je n'était pas concentré sur ma conduite.;;2;1;2;;NSP;2;NSP;2;8;;;;;;;1;;;;;;A cet endroit il n'y a pas de carrefour, je ne m'attendais pas a ce qu'un véhicule tourne à gauche pour aller à la station service;4;2;;1;1;4;3;1;1;1;1;1;1;3;4;4;4;1;4;;;;;;;;2;;;;;;;;;2;2;;2;1;1;1;100;0;0;0;0;2;;;;;;1;1;;;;2;1;4;;;;;;;1;0;2;2;3;;0;70;1;2;3;4;9;;;;;;3;3;3;2;3;3;BIMOTA;1100;DB6 DELIRIO;ROADSTER;2;1;1;1;1;1;1;1;1;1;1;41000;10;4;1;DUCATI;800;MONSTER S2R;ROADSTER;2;4;2;01MAR1956;5;1;3;2;3;4;1;NRP;;;;3;4;0;4;0;4;BIMOTA;1100;DB6-R;ROADSTER;2;2008;37;3;1;3000;4;BENELLI;1130;TNT (TORNADO NAKED TRE);ROADSTER;2;2004;37;4;1;2500;4;BIMOTA;1098;DB7;SPORTIVE;2;2009;37;3;1;1500;4;TRIUMPH;675;DAYTONA;SPORTIVE;2;2012;37;3;1;2000;4;;;;;;;;;;;;9000;3;;;;;;;;;NRP;NRP;NRP;NRP;1974;NRP;NRP;NRP;NRP
1948;6995;;0;;;;;;;;;;;;;;;;;;;;;;;;;;;;;;;;;;;;;;;;;;;;;;;;;;;;;;;;;;;;;;;;;;;;;;;;;;;;;;;;;;;;;;;;;;;;;;;;;;;;;;;;;;;;;;;;;;;;;;;;;;;;;;;;;;;;;;;;;;;;;;;;;;;;;;;;;;;;;;;;;;;;;;;;;;;;;;;;;;;;;;;;;;;;;;;;;;;;;;;;;;;;;;;;;;;;;;;;;;;;;;;;;;;;;;;;;;;;;;;;;;;;;;;;;;;;;;;;;;;;;;;;;;;;;;;;;;;;;;;;;;26AUG1965;5;1;3;2;4;4;2;NRP;;;;2;1;0;2;0;2;KAWASAKI;650;"ER-6 ""N""";ROADSTER;2;2012;37;2;2;2000;7;KAWASAKI;750;Z 750-R IE BLACK EDITION;ROADSTER;2;2010;37;2;2;8000;7;;;;;;;;;;;;;;;;;;;;;;;;;;;;;;;;;;10000;2;3;4;7;;;;;;NRP;NRP;1997;1997;2008;NRP;NRP;1997;NRP
2146;6996;;0;;;;;;;;;;;;;;;;;;;;;;;;;;;;;;;;;;;;;;;;;;;;;;;;;;;;;;;;;;;;;;;;;;;;;;;;;;;;;;;;;;;;;;;;;;;;;;;;;;;;;;;;;;;;;;;;;;;;;;;;;;;;;;;;;;;;;;;;;;;;;;;;;;;;;;;;;;;;;;;;;;;;;;;;;;;;;;;;;;;;;;;;;;;;;;;;;;;;;;;;;;;;;;;;;;;;;;;;;;;;;;;;;;;;;;;;;;;;;;;;;;;;;;;;;;;;;;;;;;;;;;;;;;;;;;;;;;;;;;;;;;13OCT1982;5;1;3;2;2;3;;NRP;;;;3;0;0;3;0;3;HONDA;1000;VTR SP1;SPORTIVE;2;2001;37;3;1;5000;7;DUCATI;900;MONSTER IE;ROADSTER;2;2001;37;3;1;5000;7;YAMAHA;250;WR;TOUT TERRAIN (TRIAL / ENDURO / CROSS);2;2000;37;3;1;2000;7;;;;;;;;;;;;;;;;;;;;;;;12000;3;;;;;;;;;NRP;NRP;NRP;NRP;2000;NRP;NRP;NRP;NRP
1789;6997;;1;0;5;;;;;;0;5;;;;;;0;6;;;;;;0;4;;;;;;0;6;;;;;;0;4;;;;;;0;4;;;;;;1;6;1997;;;;;1;5;1999;;;;;0;6;;;;;;0;6;;;;;;0;3;;;;;;0;6;;;;;;0;2;;;;;;0;;;;;;;;;;;;;;;;;;;4;3;15;1;41;9;1999;;;;;;;;;;;;;;;;;;;;;;;;;;;;;;;;;;;;;;;;;;;;;;;;;;;;;;;;;;;;;;;;;;;;;;;;;;;;;;;;;;;;;;;;;;;;;;;;;;;;;;;;;;;;;;;;;;;;;;;;;;;;;;;;;;;;;;;;;;;;;;;;;;;;;;;;;;;;;;19FEB1975;5;2;3;2;3;4;1;NRP;;;;2;0;0;1;0;1;HONDA;1300;PAN EUROPEAN C-ABS;Routière / GT;2;2010;29;1;2;20000;7;;;;;;;;;;;;;;;;;;;;;;;;;;;;;;;;;;;;;;;;;;;;;20000;3;;;;;;;;;NRP;NRP;NRP;NRP;1993;NRP;NRP;NRP;NRP
933;6998;;0;;;;;;;;;;;;;;;;;;;;;;;;;;;;;;;;;;;;;;;;;;;;;;;;;;;;;;;;;;;;;;;;;;;;;;;;;;;;;;;;;;;;;;;;;;;;;;;;;;;;;;;;;;;;;;;;;;;;;;;;;;;;;;;;;;;;;;;;;;;;;;;;;;;;;;;;;;;;;;;;;;;;;;;;;;;;;;;;;;;;;;;;;;;;;;;;;;;;;;;;;;;;;;;;;;;;;;;;;;;;;;;;;;;;;;;;;;;;;;;;;;;;;;;;;;;;;;;;;;;;;;;;;;;;;;;;;;;;;;;;;;31MAY1962;7;1;3;2;2;3;;NRP;;;;1;0;1;0;0;1;YAMAHA;125;X-MAX ABS BUSINESS;SCOOTER;2;2012;37;1;2;6000;7;;;;;;;;;;;;;;;;;;;;;;;;;;;;;;;;;;;;;;;;;;;;;6000;4;;;;;;;;;NRP;NRP;NRP;NRP;NRP;NRP;NRP;1981;NRP
1787;7005;;1;0;3;;;;;;0;3;;;;;;0;3;;;;;;0;5;;;;;;0;2;;;;;;0;4;;;;;;0;3;;;;;;0;4;;;;;;0;4;;;;;;0;5;;;;;;0;5;;;;;;0;2;;;;;;0;3;;;;;;0;3;;;;;;1;1;NSP;;;;;paris;;;;;Un conducteur à ouvert sa portière en pleine rue car il croyait avoir crevé. J'étais en train de le doubler sur la file de gauche.;;;;;0;0;4;0;33;1;71;15;;paris;;;;;;;;;;;;;;;;;;;;;;;;;;;;;;;;;;;;;;;;;;;;;;;;;;;;;;;;;;;;;;;;;;;;;;;;;;;;;;;;;;;;;;;;;;;;;;;;;;;;;;;;;;;;;;;;;;;;;;;;;;;;;;;;;;;;;;;;;;;;;;;;;;;;;;;;;;;;;14SEP1964;4;1;3;2;1;1;;NRP;;;;0;0;0;2;0;2;YAMAHA;250;TRICKER (XG);TOUT TERRAIN (TRIAL / ENDURO / CROSS);2;2006;37;1;3;5000;5;HONDA;250;NX;TRAIL / SUPERMOTARD;2;1992;37;4;1;500;5;;;;;;;;;;;;;;;;;;;;;;;;;;;;;;;;;;5500;3;4;8;9;;;;;;NRP;NRP;NRP;NRP;1982;1982;1985;1986;NRP
614;7014;407;1;0;3;;;;;;0;4;;;;;;1;5;2002;;;;;0;2;;;;;;0;2;;;;;;0;4;;;;;;0;4;;;;;;0;5;;;;;;1;3;NSP;;;;;0;2;;;;;;0;2;;;;;;0;2;;;;;;0;2;;;;;;1;4;NSP;;;;;0;;;;;;;;;;;;;;;;;;;2;2;12;1;66;14;0;;-1;Alors que vous étiez en train de rouler, un piéton a traversé devant vous.;2;;;;;;;Un piéton a traversé devant moi alors que mon feu tricolore était vert et que le sien était rouge. en voulant l'éviter, je suis tombé.;un coup de frein combiné avec une situation d'évitement dans la circulation (3 voies);l'évitement et le coup de frein mon fait chuter;NRP;0;;;car j'airai risqué de percuter le piéton;2;1;2;;NSP;NSP;NSP;6;;;;;;;;;;;;1;;la moto a glissée, et je ne pouvait rien faire au risque de percuter le piéton;4;3;;;2;3;4;3;NSP;1;1;2;1;4;4;4;4;10;;;;;;;;;2;;;;;;;;;2;2;;2;1;1;1;20;70;0;10;0;2;;;;;;3;7;;;;2;1;6;;;;;;;0;;1;1;1;2;0;40;1;10;2;4;7;;;;;;4;4;4;4;4;4;APRILIA;125;AF1 FUTURA;SPORTIVE;2;1;1;1;1;1;1;1;1;1;1;40000;12;3;1;SUZUKI;125;RM;TOUT TERRAIN (TRIAL / ENDURO / CROSS);2;4;3;03JUL1984;5;1;3;2;2;3;;NRP;;;;3;0;0;1;0;1;KAWASAKI;650;"ER-6 ""N""";ROADSTER;2;2005;37;4;1;2000;7;;;;;;;;;;;;;;;;;;;;;;;;;;;;;;;;;;;;;;;;;;;;;2000;2;3;4;;;;;;;NRP;NRP;NRP;2000;2002;NRP;NRP;2002;NRP