Ligne;Ligne Q qualif;Ligne approfondissement Accident;ACCIDENT;NBACC1;ACCFREQUENCE1;ANNEEACC1_1;ANNEEACC1_2;ANNEEACC1_3;ANNEEACC1_4;ANNEEACC1_5;NBACC2;ACCFREQUENCE2;ANNEEACC2_1;ANNEEACC2_2;ANNEEACC2_3;ANNEEACC2_4;ANNEEACC2_5;NBACC3;ACCFREQUENCE3;ANNEEACC3_1;ANNEEACC3_2;ANNEEACC3_3;ANNEEACC3_4;ANNEEACC3_5;NBACC4;ACCFREQUENCE4;ANNEEACC4_1;ANNEEACC4_2;ANNEEACC4_3;ANNEEACC4_4;ANNEEACC4_5;NBACC5;ACCFREQUENCE5;ANNEEACC5_1;ANNEEACC5_2;ANNEEACC5_3;ANNEEACC5_4;ANNEEACC5_5;NBACC6;ACCFREQUENCE6;ANNEEACC6_1;ANNEEACC6_2;ANNEEACC6_3;ANNEEACC6_4;ANNEEACC6_5;NBACC7;ACCFREQUENCE7;ANNEEACC7_1;ANNEEACC7_2;ANNEEACC7_3;ANNEEACC7_4;ANNEEACC7_5;NBACC8;ACCFREQUENCE8;ANNEEACC8_1;ANNEEACC8_2;ANNEEACC8_3;ANNEEACC8_4;ANNEEACC8_5;NBACC9;ACCFREQUENCE9;ANNEEACC9_1;ANNEEACC9_2;ANNEEACC9_3;ANNEEACC9_4;ANNEEACC9_5;NBACC10;ACCFREQUENCE10;ANNEEACC10_1;ANNEEACC10_2;ANNEEACC10_3;ANNEEACC10_4;ANNEEACC10_5;NBACC11;ACCFREQUENCE11;ANNEEACC11_1;ANNEEACC11_2;ANNEEACC11_3;ANNEEACC11_4;ANNEEACC11_5;NBACC12;ACCFREQUENCE12;ANNEEACC12_1;ANNEEACC12_2;ANNEEACC12_3;ANNEEACC12_4;ANNEEACC12_5;NBACC13;ACCFREQUENCE13;ANNEEACC13_1;ANNEEACC13_2;ANNEEACC13_3;ANNEEACC13_4;ANNEEACC13_5;NBACC14;ACCFREQUENCE14;ANNEEACC14_1;ANNEEACC14_2;ANNEEACC14_3;ANNEEACC14_4;ANNEEACC14_5;AUTRESACC;NBAUTRESACC;ANNEEAUTREACC1;ANNEEAUTREACC2;ANNEEAUTREACC3;ANNEEAUTREACC4;ANNEEAUTREACC5;LIEUAUTREACC1;LIEUAUTREACC2;LIEUAUTREACC3;LIEUAUTREACC4;LIEUAUTREACC5;DESCRIPTIONAUTRESACC1;DESCRIPTIONAUTRESACC2;DESCRIPTIONAUTRESACC3;DESCRIPTIONAUTRESACC4;DESCRIPTIONAUTRESACC5;NBAUTRESACCCIRCUIT;NBAUTRESTOUTTERRAIN;EXPCYCLO;EXP125;EXPSUP125;ACCORDNEXTQ;CHOIXACC;RGPMTACC;RECUPANNEE;RECUPLIEU;RECUPANNE;RGPMTAC;CHOIX1;CHOIX2;CHOIX3;CHOIX4;CHOIX5;CHOIX6;CHOIX7;DESCRIPTION;RUPTURE;FAITS;ABS_REACTION;AUTRE_REACTION;PRECISIONREACTIONOUI;RECUL;PRECISIONREACTIONNON;IMPACTCOMPORTEMENT;AUTREUSAGER;REACTIONAUTREUSAGER;CONNAISSANCEREACTIONUSAGER;DIFFICULTES;AGGRAVATION;DIFFICULTES2;EMOTIONS1;EMOTIONS2;EMOTIONS3;EMOTIONS4;EMOTIONS5;EMOTIONS6;AUTRESENTIMENT;CLASSEMENTEMOTIONS1;CLASSEMENTEMOTIONS;CLASSEMENTEMOTIONS5;CLASSEMENTEMOTIONS6;CLASSEMENTEMOTIONS7;CLASSEMENTEMOTIONS8;CLASSEMENTEMOTIONS9;EXPLICATIONRESSENTI;BIENEQUIPE;ALLURE;ALLUREVITEDETAIL;ALLURELENTEDETAIL;SITUATIONPRESSE;SITUATIONDISTRAIT;SITUATIONCONFIANT;SITUATIONCONTROLE;SITUATIONLUDIQUE;SITUATIONPERF;SITUATIONSTRESS;SITUATIONFATIGUE;HUMEURNEUTRE;HUMEURGAI;HUMEURMECONTENT;HUMEURTRISTE;HUMEURCOLERE;CONTRIBUTION1;CONTRIBUTION2;CONTRIBUTION3;CONTRIBUTION4;CONTRIBUTION5;CONTRIBUTION6;CONTRIBUTION7;CONTRIBUTION8;CONTRIBUTION9;ROLEINFRA;ELEMENTINFRA1;ELEMENTINFRA2;ELEMENTINFRA3;ELEMENTINFRA4;ELEMENTINFRA5;ELEMENTINFRA6;ELEMENTINFRA7;ELEMENTINFRA8;ELEMENTINFRA9;ALCOOL;TXALCOOL;STUP;SEMAINE;MOMENTJOURNEE;TEMPS;CAUSEACC1;CAUSEACC2;CAUSEACC3;CAUSEACC4;CAUSEACC5;FORMATIONCAUSE;FORMATION1;FORMATION2;FORMATION3;FORMATION4;FORMATION5;TRAFIC;CHAUSSEE1;CHAUSSEE2;CHAUSSEE3;CHAUSSEE4;TYPEACC;BLESSURE;TETE;COU;THORAX;MEMBRESSUP;COLONNE;BASSIN;MEMBRESINF;HOPITAL;PLUS24H;TRAJET;TYPEROUTE;MOTIF;SENSTRAJET;PASSAGER;VITESSE;DESCEQ1;DESCEQ2;DESCEQ3;DESCEQ4;DESCEQ5;DESCEQ6;DESCEQ7;DESCEQ8;DESCEQ9;DESCEQ10;VEHICULEETE;VEHICULEAUTOMNE;VEHICULEPRINTEMPS;VEHICULEHIVER;VEHICULESEMAINE;VEHICULEWE;VEHMARQUE;VEHCYLINDREE;VEHMODELE;VEHSEGMENT;VEHSIDE;EQ2RMABS;EQ2RMCBS;EQ2RMABSCBS;EQ2RMREGULATEUR;EQ2RMLIMITEUR;EQ2RMPHARESDIRECT;EQ2RMCOUPURE;EQ2RMANTIPATINAGE;EQ2RMANTIXHEELING;EQ2RMSTABILILTE;VEHKM;POINTS;DUREE;AUTRE2RM;VEHPRECMARQUE;VEHPRECCYLINDREE;VEHPRECMODELE;VEHPRECSEGMENT;VEHPRECSIDE;TEMPS2RMPREC;FREQVEHPREC;DATE_NAISS;CSP;SOCIETAIRE;SALARIE;SECTEUR2RM;NBPERSFOYER;SITFAM;NBENF;TRNBENF1;TRNBENF2;TRNBENF3;TRNBENF4;NBAUTOFOYER;NBCYCLOFOYER;NBSCOOTFOYER;NBMOTOFOYER;NBTRIKEFOYER;NB2RMCONDUIT;MARQUE1;CYLINDREE1;MODELE1;SEGMENT1;SIDE1;ANMISECIRCU1;ASS1;FREQ1;USAGE1;NBKM1;GARAGE1;MARQUE2;CYLINDREE2;MODELE2;SEGMENT2;SIDE2;ANMISECIRCU2;ASS2;FREQ2;USAGE2;NBKM2;GARAGE2;MARQUE3;CYLINDREE3;MODELE3;SEGMENT3;SIDE3;ANMISECIRCU3;ASS3;FREQ3;USAGE3;NBKM3;GARAGE3;MARQUE4;CYLINDREE4;MODELE4;SEGMENT4;SIDE4;ANMISECIRCU4;ASS4;FREQ4;USAGE4;NBKM4;GARAGE4;MARQUE5;CYLINDREE5;MODELE5;SEGMENT5;SIDE5;ANMISECIRCU5;ASS5;FREQ5;USAGE5;NBKM5;GARAGE5;NBKMTOT;PERMIS1;PERMIS2;PERMIS3;PERMIS4;PERMIS5;PERMIS6;PERMIS7;PERMIS8;PERMIS9;ANPERMIS1;ANPERMIS6;ANPERMIS7;ANPERMIS2;ANPERMIS3;ANPERMIS8;ANPERMIS9;ANPERMIS4;ANPERMIS5
1407;7117;;0;;;;;;;;;;;;;;;;;;;;;;;;;;;;;;;;;;;;;;;;;;;;;;;;;;;;;;;;;;;;;;;;;;;;;;;;;;;;;;;;;;;;;;;;;;;;;;;;;;;;;;;;;;;;;;;;;;;;;;;;;;;;;;;;;;;;;;;;;;;;;;;;;;;;;;;;;;;;;;;;;;;;;;;;;;;;;;;;;;;;;;;;;;;;;;;;;;;;;;;;;;;;;;;;;;;;;;;;;;;;;;;;;;;;;;;;;;;;;;;;;;;;;;;;;;;;;;;;;;;;;;;;;;;;;;;;;;;;;;;;;;11OCT1974;12;2;3;2;2;3;;NRP;;;;1;0;0;1;0;1;SUZUKI;125;VANVAN;ROADSTER;2;2012;31;1;2;20000;7;;;;;;;;;;;;;;;;;;;;;;;;;;;;;;;;;;;;;;;;;;;;;20000;4;5;;;;;;;;NRP;NRP;NRP;NRP;NRP;NRP;NRP;1995;2013
1970;7122;;1;0;4;;;;;;1;6;2011;;;;;0;6;;;;;;0;4;;;;;;0;3;;;;;;0;5;;;;;;0;4;;;;;;0;5;;;;;;0;2;;;;;;0;4;;;;;;0;5;;;;;;0;3;;;;;;0;3;;;;;;1;4;2012;;;;;0;;;;;;;;;;;;;;;;;;;4;0;4;1;6;2;2011;;;;;;;;;;;;;;;;;;;;;;;;;;;;;;;;;;;;;;;;;;;;;;;;;;;;;;;;;;;;;;;;;;;;;;;;;;;;;;;;;;;;;;;;;;;;;;;;;;;;;;;;;;;;;;;;;;;;;;;;;;;;;;;;;;;;;;;;;;;;;;;;;;;;;;;;;;;;;;02SEP1991;10;1;3;2;2;3;;NRP;;;;0;0;0;1;0;1;HONDA;650;SLR;ROADSTER;2;1997;37;1;2;7000;5;;;;;;;;;;;;;;;;;;;;;;;;;;;;;;;;;;;;;;;;;;;;;7000;2;3;4;7;;;;;;NRP;NRP;2011;2009;2009;NRP;NRP;2011;NRP
1389;7123;;1;0;4;;;;;;0;5;;;;;;0;4;;;;;;0;1;;;;;;0;4;;;;;;0;3;;;;;;0;2;;;;;;0;4;;;;;;0;3;;;;;;0;3;;;;;;0;5;;;;;;0;1;;;;;;0;4;;;;;;0;4;;;;;;1;1;2014;;;;;FRONTIGNAN;;;;;Dans un rond point le véhicule me précédent souhaite prendre la première sortie. Comme un piéton traverse, ce véhicule s'arrête, je m'arrête également et un troisième véhicule entre dans le rond-point et me percute par l'arrière. Ce troisième véhicule n'a pas vu qu'on se trouvait à l'arrêt, son attention était fixée sur les véhicules arrivant de sa gauche.;;;;;0;0;2;4;4;1;71;15;2014;FRONTIGNAN;;;;;;;;;;;;;;;;;;;;;;;;;;;;;;;;;;;;;;;;;;;;;;;;;;;;;;;;;;;;;;;;;;;;;;;;;;;;;;;;;;;;;;;;;;;;;;;;;;;;;;;;;;;;;;;;;;;;;;;;;;;;;;;;;;;;;;;;;;;;;;;;;;;;;;;;;;;;;10MAY1980;5;1;3;2;2;3;;NRP;;;;2;0;0;2;0;2;BMW;1300;K1300R ABS PACK KR;ROADSTER;2;2012;37;1;2;15000;7;KAWASAKI;650;"ER-6 ""F""";Routière / GT;2;2009;37;3;1;6000;7;;;;;;;;;;;;;;;;;;;;;;;;;;;;;;;;;;21000;3;4;;;;;;;;NRP;NRP;NRP;NRP;2011;NRP;NRP;1998;NRP
2001;7128;;1;0;2;;;;;;0;5;;;;;;0;5;;;;;;0;3;;;;;;0;2;;;;;;0;4;;;;;;0;5;;;;;;0;6;;;;;;1;5;2013;;;;;0;5;;;;;;0;4;;;;;;0;2;;;;;;0;5;;;;;;0;2;;;;;;0;;;;;;;;;;;;;;;;;;;4;0;21;1;41;9;2013;;;;;;;;;;;;;;;;;;;;;;;;;;;;;;;;;;;;;;;;;;;;;;;;;;;;;;;;;;;;;;;;;;;;;;;;;;;;;;;;;;;;;;;;;;;;;;;;;;;;;;;;;;;;;;;;;;;;;;;;;;;;;;;;;;;;;;;;;;;;;;;;;;;;;;;;;;;;;;22AUG1974;5;1;3;2;4;4;2;NRP;;;;2;0;0;2;0;2;YAMAHA;500;RDLC;SPORTIVE;2;1984;37;4;1;1000;4;YAMAHA;600;FZR (GENESIS);Routière / GT;2;1991;37;2;2;5000;5;;;;;;;;;;;;;;;;;;;;;;;;;;;;;;;;;;6000;3;4;;;;;;;;NRP;NRP;NRP;NRP;1993;NRP;NRP;1992;NRP
2039;7129;;0;;;;;;;;;;;;;;;;;;;;;;;;;;;;;;;;;;;;;;;;;;;;;;;;;;;;;;;;;;;;;;;;;;;;;;;;;;;;;;;;;;;;;;;;;;;;;;;;;;;;;;;;;;;;;;;;;;;;;;;;;;;;;;;;;;;;;;;;;;;;;;;;;;;;;;;;;;;;;;;;;;;;;;;;;;;;;;;;;;;;;;;;;;;;;;;;;;;;;;;;;;;;;;;;;;;;;;;;;;;;;;;;;;;;;;;;;;;;;;;;;;;;;;;;;;;;;;;;;;;;;;;;;;;;;;;;;;;;;;;;;;14MAR1957;5;2;3;2;4;4;2;NRP;;;;4;0;0;1;0;1;HONDA;1200;VFR-F;Routière / GT;2;2012;10;2;2;7000;7;;;;;;;;;;;;;;;;;;;;;;;;;;;;;;;;;;;;;;;;;;;;;7000;3;4;;;;;;;;NRP;NRP;NRP;NRP;1978;NRP;NRP;1978;NRP
720;7132;426;1;0;3;;;;;;0;2;;;;;;0;4;;;;;;0;3;;;;;;0;3;;;;;;0;5;;;;;;0;3;;;;;;0;3;;;;;;0;3;;;;;;0;4;;;;;;1;4;1996;;;;;0;2;;;;;;0;2;;;;;;1;4;1993;;;;;1;1;2014;;;;;Paris;;;;;Changement de file sur le périphérique en heurtant l'arrière d'une voiture qui n'avait pas démarré;;;;;0;0;28;3;25;1;51;11;1996;;1996;"Vous circuliez sur un axe constitué d’au moins "" 2 X 2 voies "" (en urbain, périph, autoroute, RN …). Un véhicule vous a coupé la route en changeant de voie pour se placer sur celle de gauche.";5;;;;;;;Sur le périphérique parisien, j'étais en interfile, une voiture a tenter de passer de la file du milieu à la file de droite, j'étais prise en étau. Je n'ai pas voulu lâcher la poignée des gaz, j'ai donc mis un coup de pied sur la portière et e suis retrouvée le pied coincé dans le passage de roue à 70 km/h sur 300 m (une éternité);Le fait d'avoir le pied coincée. Je ne suis pas tombée, c'est donc plutôt un incident qu'un accident;"il ne me semble pas avoir eu de réaction, et je n'ai rien remarqué concernant la voiture à laquelle j'étais ""attachée""";NRP;1;NRP;NRP;;2;1;2;;NSP;1;s'il avait controlé avant de déboité, il m'aurait vu dans son rétro;8;;;;;;;;;;;;;;;3;3;;;2;1;3;3;2;1;1;2;5;5;4;4;4;10;;;;;;;;;2;;;;;;;;;2;2;;2;1;1;1;10;90;0;0;0;2;;;;;;2;1;;;;1;;;;;;;;;;;2;4;3;;0;70;1;10;2;5;;;;;;;4;4;4;4;4;4;KAWASAKI;500;GPZ-S;Routière / GT;2;1;1;1;1;1;1;1;1;1;1;NSP;12;3;1;KAWASAKI;650;TENGAI (33 KW);TRAIL / SUPERMOTARD;2;3;4;25DEC1969;5;2;3;2;3;4;1;NRP;;;;1;0;0;2;0;2;YAMAHA;800;FAZER8;ROADSTER;2;2013;29;1;2;8000;4;TRIUMPH;675;STREET TRIPLE;ROADSTER;2;2011;29;3;2;5000;6;;;;;;;;;;;;;;;;;;;;;;;;;;;;;;;;;;13000;3;4;;;;;;;;NRP;NRP;NRP;NRP;1990;NRP;NRP;1988;NRP
488;7135;;0;;;;;;;;;;;;;;;;;;;;;;;;;;;;;;;;;;;;;;;;;;;;;;;;;;;;;;;;;;;;;;;;;;;;;;;;;;;;;;;;;;;;;;;;;;;;;;;;;;;;;;;;;;;;;;;;;;;;;;;;;;;;;;;;;;;;;;;;;;;;;;;;;;;;;;;;;;;;;;;;;;;;;;;;;;;;;;;;;;;;;;;;;;;;;;;;;;;;;;;;;;;;;;;;;;;;;;;;;;;;;;;;;;;;;;;;;;;;;;;;;;;;;;;;;;;;;;;;;;;;;;;;;;;;;;;;;;;;;;;;;;31AUG1952;9;1;3;2;2;3;;NRP;;;;2;1;0;3;1;3;KYMCO;300;QUAD MXU;QUAD;2;2009;37;1;1;2000;4;BMW;1150;R1150GS ADVENTURE;TRAIL / SUPERMOTARD;2;2004;37;2;1;12000;4;MOTO GUZZI;940;BELLAGIO;CUSTOM;2;2011;37;2;1;8000;4;;;;;;;;;;;;;;;;;;;;;;;22000;2;3;4;7;;;;;;NRP;NRP;1969;1969;1969;NRP;NRP;1972;NRP
508;7136;;0;;;;;;;;;;;;;;;;;;;;;;;;;;;;;;;;;;;;;;;;;;;;;;;;;;;;;;;;;;;;;;;;;;;;;;;;;;;;;;;;;;;;;;;;;;;;;;;;;;;;;;;;;;;;;;;;;;;;;;;;;;;;;;;;;;;;;;;;;;;;;;;;;;;;;;;;;;;;;;;;;;;;;;;;;;;;;;;;;;;;;;;;;;;;;;;;;;;;;;;;;;;;;;;;;;;;;;;;;;;;;;;;;;;;;;;;;;;;;;;;;;;;;;;;;;;;;;;;;;;;;;;;;;;;;;;;;;;;;;;;;;09JUN1982;5;1;3;2;1;1;;NRP;;;;1;0;0;1;0;1;YAMAHA;600;XJ6 ABS;ROADSTER;2;2011;37;3;1;700;7;;;;;;;;;;;;;;;;;;;;;;;;;;;;;;;;;;;;;;;;;;;;;700;4;3;2;7;;;;;;NRP;NRP;2000;2000;2010;NRP;NRP;2000;NRP
180;7137;389;1;0;3;;;;;;0;5;;;;;;0;3;;;;;;0;2;;;;;;0;2;;;;;;0;6;;;;;;0;5;;;;;;0;6;;;;;;1;5;2006;;;;;0;3;;;;;;0;6;;;;;;0;3;;;;;;0;6;;;;;;0;2;;;;;;0;;;;;;;;;;;;;;;;;;;0;0;20;1;41;9;2006;;2006;Vous avez fait une sortie de route, une perte de contrôle ou une glissade sans rien percuter.;3;5;;;;;;à l'entrée d'une ville, sous la pluie je suivais une voiture. En décélération vitesse approximative 70 km h la voiture devant a pilé pour se garer à droite. J'ai fait un évitement, mais ma roue de devant de ma BMW est partie en glissade (car juste sur un passage piéton) la moto et moi avons été arrêtés par le trottoir d'en face une dizaine de mètres plus loin. J'étais bien équipée en protection et m'en suis sortie sans gros dégâts. La moto roulait encore. Ce qui m'a le plus effrayée c'est de voir les autres voitures en double sens qui m'arrivaient dessus, vues d'en bas.;pluie + passage piéton;"début d'évitement  mais la roue de devant qui glisse, je ne suis pas suffisamment experte pour rattraper. le chauffeur de la voiture qui a pilé devant qui est venu s'excuser, il a vu au dernier moment la ""baraque à frite"" et à voulu s'arrêter.";NRP;1;encore plus de distance avec le véhicule de devant surtout sous la pluie Je venais de faire 500 km, la fatigue a peut être eu un impact.;NRP;;1;0;;;;;;6;9;;;;;tout a défilé comme au ralentit;;;;;;1;2;car quand la moto est partie de l'avant je me suis dit que ça je ne récupèrerai pas la situation;4;3;;;3;2;3;3;1;1;2;3;1;3;4;4;4;10;;;;;;;;;1;1;;;;;;;;2;2;;2;2;1;2;33;33;0;16;18;NSP;;;;;;2;2;;;;2;1;4;6;7;;;;;0;;2;1;3;;0;70;1;2;3;4;9;;;;;;3;3;3;2;3;3;BMW;1100;R1100R;ROADSTER;2;2;2;2;1;1;1;1;2;1;2;90000;12;4;1;HARLEY-DAVIDSON;900;SPORTSTER;ROADSTER;2;3;3;15NOV1970;5;1;3;2;3;2;2;NRP;;;;1;0;0;1;0;2;YAMAHA;600;XTE;TRAIL / SUPERMOTARD;2;1992;37;3;1;2000;7;HONDA;650;TRANSALP;TRAIL / SUPERMOTARD;2;1992;37;4;1;2000;7;;;;;;;;;;;;;;;;;;;;;;;;;;;;;;;;;;4000;3;4;;;;;;;;NRP;NRP;NRP;NRP;1994;NRP;NRP;1989;NRP
2029;7139;;1;0;3;;;;;;0;3;;;;;;0;3;;;;;;0;3;;;;;;0;3;;;;;;0;3;;;;;;0;3;;;;;;1;3;2009;;;;;2;4;2000;2003;;;;0;3;;;;;;0;3;;;;;;0;3;;;;;;0;3;;;;;;0;3;;;;;;1;1;2006;;;;;gerardmer;;;;;glissade dans courbe gravillonée non signalée  sans sortie de route sans autre tiers;;;;;0;10;5;20;20;1;71;15;2006;gerardmer;;;;;;;;;;;;;;;;;;;;;;;;;;;;;;;;;;;;;;;;;;;;;;;;;;;;;;;;;;;;;;;;;;;;;;;;;;;;;;;;;;;;;;;;;;;;;;;;;;;;;;;;;;;;;;;;;;;;;;;;;;;;;;;;;;;;;;;;;;;;;;;;;;;;;;;;;;;;;10JUL1976;6;1;3;2;3;4;1;NRP;;;;2;3;0;5;0;7;YAMAHA;500;SR;ROADSTER;2;1981;37;2;1;5000;7;YAMAHA;600;FZ6-S FAZER;ROADSTER;2;1998;16;3;1;2500;7;MONTESA;250;COTA 315R;TOUT TERRAIN (TRIAL / ENDURO / CROSS);2;2001;41;3;1;500;7;swm;125;rsgs;NRP;2;1977;41;4;1;15;7;TERROT;125;MOTORETTE;ROADSTER;2;1951;41;4;1;150;7;8165;3;4;;;;;;;;NRP;NRP;NRP;NRP;1996;NRP;NRP;1995;NRP
1365;7140;;1;0;4;;;;;;0;4;;;;;;1;4;2005;;;;;0;2;;;;;;0;3;;;;;;0;4;;;;;;0;3;;;;;;0;3;;;;;;0;2;;;;;;0;4;;;;;;0;4;;;;;;0;2;;;;;;0;2;;;;;;0;2;;;;;;1;3;1999;2000;2004;;;Trappes;Vincennes;Cernay la ville;;;Remontant entre 2 files 1 bouchon, le véhicule sur la voie de gauche m'a serré;Garé sur béquille latérale, mon voisin a redressé sa moto pour partir mais n'a pas vu que son top case redresssait ma moto, qui a basculé de l'autre côté.;Circulant de nuit sur 1 rond point, 1 VL m a coupé la route, et la remorque qu'il tractait m'a attrapé la roue avant.;;;0;0;0;0;18;1;11;3;2005;;;;;;;;;;;;;;;;;;;;;;;;;;;;;;;;;;;;;;;;;;;;;;;;;;;;;;;;;;;;;;;;;;;;;;;;;;;;;;;;;;;;;;;;;;;;;;;;;;;;;;;;;;;;;;;;;;;;;;;;;;;;;;;;;;;;;;;;;;;;;;;;;;;;;;;;;;;;;;10AUG1976;5;1;3;2;2;3;;NRP;;;;2;0;0;1;0;1;YAMAHA;600;FZS FAZER;ROADSTER;2;2001;37;3;1;5000;7;;;;;;;;;;;;;;;;;;;;;;;;;;;;;;;;;;;;;;;;;;;;;5000;2;3;4;7;;;;;;NRP;NRP;1994;1994;1997;NRP;NRP;1994;NRP
2196;7141;;1;1;4;2014;;;;;0;2;;;;;;0;4;;;;;;0;1;;;;;;1;4;1985;;;;;0;2;;;;;;0;2;;;;;;0;3;;;;;;1;3;1982;;;;;0;3;;;;;;0;3;;;;;;0;1;;;;;;0;4;;;;;;0;2;;;;;;0;;;;;;;;;;;;;;;;;;;2;3;25;1;1;1;2014;;;;;;;;;;;;;;;;;;;;;;;;;;;;;;;;;;;;;;;;;;;;;;;;;;;;;;;;;;;;;;;;;;;;;;;;;;;;;;;;;;;;;;;;;;;;;;;;;;;;;;;;;;;;;;;;;;;;;;;;;;;;;;;;;;;;;;;;;;;;;;;;;;;;;;;;;;;;;;12MAR1961;6;2;3;2;2;3;;NRP;;;;2;0;0;1;0;1;KAWASAKI;900;VN CUSTOM;CUSTOM;2;2012;25;2;2;7000;4;;;;;;;;;;;;;;;;;;;;;;;;;;;;;;;;;;;;;;;;;;;;;7000;9;8;4;;;;;;;NRP;NRP;NRP;NRP;NRP;1979;1983;1981;NRP
738;7142;6;1;0;4;;;;;;0;5;;;;;;0;6;;;;;;0;2;;;;;;0;4;;;;;;0;5;;;;;;0;5;;;;;;0;6;;;;;;4;5;2013;2013;2013;2014;;0;6;;;;;;0;6;;;;;;0;1;;;;;;0;4;;;;;;0;5;;;;;;0;;;;;;;;;;;;;;;;;;;0;1;1;1;44;9;2014;;2014;Vous avez fait une sortie de route, une perte de contrôle ou une glissade sans rien percuter.;6;;;;;;;En retard, j'arrivais un peu vite dans un carrefour, un jour de pluie. Les voitures devant moi se sont mises à freiner, j'ai pris les freins fort, je pense avoir bloqué l'arrière et je suis tombé tout seul, en plein sur le genou, et j'ai glissé sur plusieurs mètres;Dans la précipitation j'ai mal dosé mon freinage jusqu'a arriver au blocage de la roue et j'ai paniqué en sentant l'arrière partir;"En voyant les voitures freiner et moi arrivant trop vite au carrefour, j'ai empoigné les freins, et écrasé la pédale du frein arrière. J'ai senti l'arrière ""vibrer"" et en paniquant j'ai continué à freiner, la moto s'est ensuite inclinée, et je suis tombé en plein sur le genou en laissant la moto glisser vers le trottoir.  Une fois au sol plusieurs automobilistes arrêtés sont descendus m'aider.";1;1;"J'aurais du arriver plus doucement dans le carrefour, du fait de la pluie et du feu que je connaissais. Une fois dans mon freinage appuyé, en sentant l'arrière ""vibrer"" j'aurais pu soulager le frein pour ne pas bloquer la roue";Manque d'expérience, manque de formation (formation 125 uniquement à ce moment);;2;0;;;;;;1;2;5;6;;;;1;;;;2;3;;Je ne controlais plus rien, je savais que j'allais tomber et j'avais peur des conséquences;4;1;3;;4;2;3;2;1;1;4;2;4;4;3;4;3;1;3;;;;;;;;2;;;;;;;;;2;2;;2;1;1;2;70;0;0;0;30;1;1;;;;;3;2;;;;1;;;;;;;;;;;1;1;3;;0;60;1;2;3;4;7;9;;;;;4;4;4;4;4;4;HONDA;125;VARADERO IE DELUXE;TRAIL / SUPERMOTARD;2;1;1;1;1;1;1;1;1;1;1;10000;12;2;0;;;;;;;;12JUL1986;6;2;3;2;2;3;;NRP;;;;1;0;0;2;0;2;HONDA;125;CM-T;CUSTOM;2;1997;10;1;2;12000;6;HONDA;125;VARADERO IE DELUXE;TRAIL / SUPERMOTARD;2;2004;10;1;2;14000;6;;;;;;;;;;;;;;;;;;;;;;;;;;;;;;;;;;26000;4;5;;;;;;;;NRP;NRP;NRP;NRP;NRP;NRP;NRP;2005;2012
1315;7144;;0;;;;;;;;;;;;;;;;;;;;;;;;;;;;;;;;;;;;;;;;;;;;;;;;;;;;;;;;;;;;;;;;;;;;;;;;;;;;;;;;;;;;;;;;;;;;;;;;;;;;;;;;;;;;;;;;;;;;;;;;;;;;;;;;;;;;;;;;;;;;;;;;;;;;;;;;;;;;;;;;;;;;;;;;;;;;;;;;;;;;;;;;;;;;;;;;;;;;;;;;;;;;;;;;;;;;;;;;;;;;;;;;;;;;;;;;;;;;;;;;;;;;;;;;;;;;;;;;;;;;;;;;;;;;;;;;;;;;;;;;;;05APR1982;5;2;3;2;1;1;;NRP;;;;1;0;0;1;0;1;KAWASAKI;750;ZR-7;ROADSTER;2;2000;28;1;2;20000;2;;;;;;;;;;;;;;;;;;;;;;;;;;;;;;;;;;;;;;;;;;;;;20000;3;4;;;;;;;;NRP;NRP;NRP;NRP;2012;NRP;NRP;2000;NRP