Ligne;Ligne Q qualif;Ligne approfondissement Accident;ACCIDENT;NBACC1;ACCFREQUENCE1;ANNEEACC1_1;ANNEEACC1_2;ANNEEACC1_3;ANNEEACC1_4;ANNEEACC1_5;NBACC2;ACCFREQUENCE2;ANNEEACC2_1;ANNEEACC2_2;ANNEEACC2_3;ANNEEACC2_4;ANNEEACC2_5;NBACC3;ACCFREQUENCE3;ANNEEACC3_1;ANNEEACC3_2;ANNEEACC3_3;ANNEEACC3_4;ANNEEACC3_5;NBACC4;ACCFREQUENCE4;ANNEEACC4_1;ANNEEACC4_2;ANNEEACC4_3;ANNEEACC4_4;ANNEEACC4_5;NBACC5;ACCFREQUENCE5;ANNEEACC5_1;ANNEEACC5_2;ANNEEACC5_3;ANNEEACC5_4;ANNEEACC5_5;NBACC6;ACCFREQUENCE6;ANNEEACC6_1;ANNEEACC6_2;ANNEEACC6_3;ANNEEACC6_4;ANNEEACC6_5;NBACC7;ACCFREQUENCE7;ANNEEACC7_1;ANNEEACC7_2;ANNEEACC7_3;ANNEEACC7_4;ANNEEACC7_5;NBACC8;ACCFREQUENCE8;ANNEEACC8_1;ANNEEACC8_2;ANNEEACC8_3;ANNEEACC8_4;ANNEEACC8_5;NBACC9;ACCFREQUENCE9;ANNEEACC9_1;ANNEEACC9_2;ANNEEACC9_3;ANNEEACC9_4;ANNEEACC9_5;NBACC10;ACCFREQUENCE10;ANNEEACC10_1;ANNEEACC10_2;ANNEEACC10_3;ANNEEACC10_4;ANNEEACC10_5;NBACC11;ACCFREQUENCE11;ANNEEACC11_1;ANNEEACC11_2;ANNEEACC11_3;ANNEEACC11_4;ANNEEACC11_5;NBACC12;ACCFREQUENCE12;ANNEEACC12_1;ANNEEACC12_2;ANNEEACC12_3;ANNEEACC12_4;ANNEEACC12_5;NBACC13;ACCFREQUENCE13;ANNEEACC13_1;ANNEEACC13_2;ANNEEACC13_3;ANNEEACC13_4;ANNEEACC13_5;NBACC14;ACCFREQUENCE14;ANNEEACC14_1;ANNEEACC14_2;ANNEEACC14_3;ANNEEACC14_4;ANNEEACC14_5;AUTRESACC;NBAUTRESACC;ANNEEAUTREACC1;ANNEEAUTREACC2;ANNEEAUTREACC3;ANNEEAUTREACC4;ANNEEAUTREACC5;LIEUAUTREACC1;LIEUAUTREACC2;LIEUAUTREACC3;LIEUAUTREACC4;LIEUAUTREACC5;DESCRIPTIONAUTRESACC1;DESCRIPTIONAUTRESACC2;DESCRIPTIONAUTRESACC3;DESCRIPTIONAUTRESACC4;DESCRIPTIONAUTRESACC5;NBAUTRESACCCIRCUIT;NBAUTRESTOUTTERRAIN;EXPCYCLO;EXP125;EXPSUP125;ACCORDNEXTQ;CHOIXACC;RGPMTACC;RECUPANNEE;RECUPLIEU;RECUPANNE;RGPMTAC;CHOIX1;CHOIX2;CHOIX3;CHOIX4;CHOIX5;CHOIX6;CHOIX7;DESCRIPTION;RUPTURE;FAITS;ABS_REACTION;AUTRE_REACTION;PRECISIONREACTIONOUI;RECUL;PRECISIONREACTIONNON;IMPACTCOMPORTEMENT;AUTREUSAGER;REACTIONAUTREUSAGER;CONNAISSANCEREACTIONUSAGER;DIFFICULTES;AGGRAVATION;DIFFICULTES2;EMOTIONS1;EMOTIONS2;EMOTIONS3;EMOTIONS4;EMOTIONS5;EMOTIONS6;AUTRESENTIMENT;CLASSEMENTEMOTIONS1;CLASSEMENTEMOTIONS;CLASSEMENTEMOTIONS5;CLASSEMENTEMOTIONS6;CLASSEMENTEMOTIONS7;CLASSEMENTEMOTIONS8;CLASSEMENTEMOTIONS9;EXPLICATIONRESSENTI;BIENEQUIPE;ALLURE;ALLUREVITEDETAIL;ALLURELENTEDETAIL;SITUATIONPRESSE;SITUATIONDISTRAIT;SITUATIONCONFIANT;SITUATIONCONTROLE;SITUATIONLUDIQUE;SITUATIONPERF;SITUATIONSTRESS;SITUATIONFATIGUE;HUMEURNEUTRE;HUMEURGAI;HUMEURMECONTENT;HUMEURTRISTE;HUMEURCOLERE;CONTRIBUTION1;CONTRIBUTION2;CONTRIBUTION3;CONTRIBUTION4;CONTRIBUTION5;CONTRIBUTION6;CONTRIBUTION7;CONTRIBUTION8;CONTRIBUTION9;ROLEINFRA;ELEMENTINFRA1;ELEMENTINFRA2;ELEMENTINFRA3;ELEMENTINFRA4;ELEMENTINFRA5;ELEMENTINFRA6;ELEMENTINFRA7;ELEMENTINFRA8;ELEMENTINFRA9;ALCOOL;TXALCOOL;STUP;SEMAINE;MOMENTJOURNEE;TEMPS;CAUSEACC1;CAUSEACC2;CAUSEACC3;CAUSEACC4;CAUSEACC5;FORMATIONCAUSE;FORMATION1;FORMATION2;FORMATION3;FORMATION4;FORMATION5;TRAFIC;CHAUSSEE1;CHAUSSEE2;CHAUSSEE3;CHAUSSEE4;TYPEACC;BLESSURE;TETE;COU;THORAX;MEMBRESSUP;COLONNE;BASSIN;MEMBRESINF;HOPITAL;PLUS24H;TRAJET;TYPEROUTE;MOTIF;SENSTRAJET;PASSAGER;VITESSE;DESCEQ1;DESCEQ2;DESCEQ3;DESCEQ4;DESCEQ5;DESCEQ6;DESCEQ7;DESCEQ8;DESCEQ9;DESCEQ10;VEHICULEETE;VEHICULEAUTOMNE;VEHICULEPRINTEMPS;VEHICULEHIVER;VEHICULESEMAINE;VEHICULEWE;VEHMARQUE;VEHCYLINDREE;VEHMODELE;VEHSEGMENT;VEHSIDE;EQ2RMABS;EQ2RMCBS;EQ2RMABSCBS;EQ2RMREGULATEUR;EQ2RMLIMITEUR;EQ2RMPHARESDIRECT;EQ2RMCOUPURE;EQ2RMANTIPATINAGE;EQ2RMANTIXHEELING;EQ2RMSTABILILTE;VEHKM;POINTS;DUREE;AUTRE2RM;VEHPRECMARQUE;VEHPRECCYLINDREE;VEHPRECMODELE;VEHPRECSEGMENT;VEHPRECSIDE;TEMPS2RMPREC;FREQVEHPREC;DATE_NAISS;CSP;SOCIETAIRE;SALARIE;SECTEUR2RM;NBPERSFOYER;SITFAM;NBENF;TRNBENF1;TRNBENF2;TRNBENF3;TRNBENF4;NBAUTOFOYER;NBCYCLOFOYER;NBSCOOTFOYER;NBMOTOFOYER;NBTRIKEFOYER;NB2RMCONDUIT;MARQUE1;CYLINDREE1;MODELE1;SEGMENT1;SIDE1;ANMISECIRCU1;ASS1;FREQ1;USAGE1;NBKM1;GARAGE1;MARQUE2;CYLINDREE2;MODELE2;SEGMENT2;SIDE2;ANMISECIRCU2;ASS2;FREQ2;USAGE2;NBKM2;GARAGE2;MARQUE3;CYLINDREE3;MODELE3;SEGMENT3;SIDE3;ANMISECIRCU3;ASS3;FREQ3;USAGE3;NBKM3;GARAGE3;MARQUE4;CYLINDREE4;MODELE4;SEGMENT4;SIDE4;ANMISECIRCU4;ASS4;FREQ4;USAGE4;NBKM4;GARAGE4;MARQUE5;CYLINDREE5;MODELE5;SEGMENT5;SIDE5;ANMISECIRCU5;ASS5;FREQ5;USAGE5;NBKM5;GARAGE5;NBKMTOT;PERMIS1;PERMIS2;PERMIS3;PERMIS4;PERMIS5;PERMIS6;PERMIS7;PERMIS8;PERMIS9;ANPERMIS1;ANPERMIS6;ANPERMIS7;ANPERMIS2;ANPERMIS3;ANPERMIS8;ANPERMIS9;ANPERMIS4;ANPERMIS5
690;7147;53;1;0;3;;;;;;0;4;;;;;;1;5;2012;;;;;0;2;;;;;;0;5;;;;;;0;5;;;;;;0;2;;;;;;0;3;;;;;;0;2;;;;;;0;6;;;;;;0;6;;;;;;0;2;;;;;;0;2;;;;;;0;3;;;;;;0;;;;;;;;;;;;;;;;;;;0;1;2;1;11;3;2012;;2012;Vous remontiez une file de véhicules (à l’arrêt ou au ralenti) par la gauche. Un véhicule de cette file vous a coupé la route en tournant à gauche.;1;2;3;4;5;6;;"Un soir en sortant du travail. En ville. Sous la pluie.  Parfaitement équipé (Casque intégral, gants moto, bottes moto, sur-pantalon renforcé moto et blouson moto).  Je remontais par la gauche une file de voitures arretés.    J'éait en 2ème, à +/- 30 km/h.  Une automobiliste a voulu s'échaper de cette file en prenant une petite route à gauche.   Profitant de l'absence de voitures qui vennaient d'en face elle a déboité rapidement.   Le clignotant a été mis en meme temps que le démarrage de la voiture.  Je me trouvait alors au niveau du véhicule juste derière elle.  Il pleuvait, les vitres du véhicule étaient complètement embuées, l'automobiliste n'a pas pu voir quoi que ce soit, à compter qu'elle ait bien essayé de regarder.  J'ai freiné, la roue avant a perdue son adérence et je suis tombé par terre au moment où la moto a tapé le coté gauche au milieu de la voiture.  Un gros choc, une peur bleue pour moi, heureusement uniquement des dégas materiels.... et un ""Je ne vous ai pas vu"" de la part de la conductrice très embétée d'arriver encore plus en retard chez elle.";L'automobiliste a déboité trop rapidement pour que je puisse réagir.  J'étais au niveau de la voiture derière elle, donc impossible a éviter et trop tard pour arreter la moto.  Si le clignotant avait été mis plus tôt, j'aurai  pu simplement ralentir, laissé passer la voiture. J'aurais pu également klaxonner pour avertir de ma présence.   Tout s'est passé très vite.;Je vois les roues de la voiture se trourner à gauche.   Je sais que je ne peux pas faire d'évitement car elle tourne de toute facon à gauche et c'est ma seule voie de sortie, et je suis trop proche.  J'atrape le frein avant et écrase le frein arière (j'ai le pied au dessus du frein arrière en remontée de file).  Pas le temps de klaxonner, la voiture a deja bougé et démarre vite.   Le regard se fige (impossible de dire si je regarde en face, ou la voiture), les muscles se raidissent.   Je sais que ca va cogner, j'ai une courte pensée pour mes jambes qui vont se retrouver sous la moto et entre la voiture et la moto.  Je me rends compte que je touche le sol (je n'ai pas senti / fait attention que la moto a perdue son adhérence).  La moto cogne la voiture au niveau de la fourche, j'espère qu'elle va stoper sa voiture sinon elle risque de me rouler dessus.   Tout s'est arreté, moi sur les fesses, je n'ai pas mal (ouf), la moto est stoppée (l'avant bien sous la voiture), la voiture est stoppée aussi.   Je me relève et réalise à peine ce qu'il viens de se prosuire.;NRP;0;;;A considérer que je remonte la file par la gauche, le délai de réaction était trop court. J'étais au niveau de la voiture juste derière celle avec laquelle j'ai eu l'accident.  Meme par temps sec, je ne pense pas que j'aurai eu le temps d'arreter la moto.   Il aurait fallu rouler (encore) moins vite (mais en dessous de 30 km/h la moto est beaucoup moins à manier.  Ou alors il aurait fallu ne pas remoner la file de voiture.;2;1;2;;Avec la quantité de buée sur ses vitre, et la pluie battante, il était impossible que l'automobiliste vois quoi que ce soit arriver.;2;L'attitude de l'automobiliste à contribuer très fortement à faire que l'accident se produise (puisqu'elle a déboité sans regarder). Mais heureusement, elle a stoppé son vehicule immédiatement après le choc (évitant de me rouler dessus) et a accépté de faire un constat.;1;6;;;;;;1;;;;;2;;La peur s'est traduite par une très forte crispation musculaire partant des jambes jusqu'au mains en passant par le dos. J'ai eu peur de me faire très mal (ne pas pouvoir bouger ou me cogner la tete);4;3;;;1;1;3;3;2;1;1;3;1;4;4;4;4;1;5;;;;;;;;2;;;;;;;;;2;2;;2;1;3;2;10;90;0;0;0;1;3;;;;;4;2;;;;1;;;;;;;;;;;1;1;1;2;0;30;1;2;3;4;7;9;;;;;4;4;4;4;4;2;SUZUKI;650;BANDIT;ROADSTER;2;1;1;1;1;1;1;1;1;1;1;6000;12;1;1;SUZUKI;125;BURGMAN;SCOOTER;2;3;4;09MAR1981;5;1;3;2;3;4;1;NRP;;;;1;0;0;1;0;1;SUZUKI;650;BANDIT-N;ROADSTER;2;2010;37;1;2;10000;6;;;;;;;;;;;;;;;;;;;;;;;;;;;;;;;;;;;;;;;;;;;;;10000;5;4;3;;;;;;;NRP;NRP;NRP;NRP;2012;NRP;NRP;2000;2011
691;7149;422;1;0;3;;;;;;0;5;;;;;;0;5;;;;;;0;2;;;;;;0;4;;;;;;0;6;;;;;;0;2;;;;;;0;5;;;;;;1;5;2010;;;;;0;6;;;;;;0;5;;;;;;0;2;;;;;;0;4;;;;;;0;4;;;;;;0;;;;;;;;;;;;;;;;;;;0;9;0;1;41;9;2010;;2010;Vous avez fait une sortie de route, une perte de contrôle ou une glissade sans rien percuter.;1;;;;;;;"A la sortie sud du village du Barcarès (66), en plein été (WE du 15 août). Après un arrêt au ""cédez le passage"" d'entrée dans un rond point pour laisser passer une voiture qui passait, je me suis engagé à mon tour. C'est sur le rond point, au moment de la mise sur l'angle de ma moto (une 125, je n'allais donc pas vite), que la roue arrière a glissé et que la moto s'est couchée sur le côté.  Le rond point était assez large, et les autres véhicules environnants n'ont donc pas eu de mal à s'arrêter ou à m'éviter. Je ne connaissais pas très bien cet endroit, et en me relevant j'ai trouvé que mes bottes (de moto) n'adhéraient pas très bien au sol. Je me suis alors rendu compte que sur la voie qui aboutissait à ce rond point (1ère voie à droite après celle d'où je m'étais engagé), il y avait une station service. Le sol du rond point était en fait rendu gras par de probables surverses de réservoir (gazole) des véhicules qui rentraient sur ce rond point juste après avoir fait le plein...";Adhérence précaire due au revêtement gras , que je n'ai pas identifié avant de rouler dessus. Je me méfie généralement de la proximité des stations service mais je ne connaissais pas cet endroit.;"arrêté à l'entrée du rond point (entrée sur 2 files, je suis dans la file de gauche).  J'ai une voiture à ma droite et quand la voie est libre je m'engage légèrement avant la voiture à ma droite, en prenant plutôt l'intérieur du rond point. Je ne me rappelle plus très bien mais j'ai sans doute eu le temps de passer la 2nde (c'est une 125 4T, je n'allais donc pas particulièrement vite). La moto a glissé de l'arrière assez rapidement, sans que je la sente partir,et s'est couchée sur le côté gauche. La voiture engagée juste à côté de moi s'est arrêtée à ma droite, légèrement en arrière. Le conducteur m'a demandé s'il y était pour quelque chose, j'ai répondu ""non"". Il m'a demandé s'il pouvait partir et j'ai répondu oui (j'étais bien équipé (bottes, blouson, gants) et ne m'étais pas blessé. J'ai ensuite redressé ma moto et l'ai poussée au bord du rond point pour dégager la voie (le réservoir d'essence fuyait).";2;1;passer sur ce rond point en vitesse stabilisée et faible, alors que je pense que je suis passé en légère accélération.;"je ne me suis pas méfié de la faible adhérence de ce rond point proche d'une station essence. Sans doute cumul de l'effet ""verglas d'été"" (WE du 15 août) et des rejets de gazole de véhicules dans le rond point.";;2;0;;;;;;2;6;;;;;;;1;;;;2;;je ne pensais pas être dans une phase de roulage à risque, je n'allais pas vite, la moto était peu penchée. J'ai donc été surpris, pas l'impression d'avoir pris de risque.;4;1;1;;1;3;4;3;2;1;1;1;1;3;4;4;4;1;5;;;;;;;;1;3;AUT|proximité station service;;;;;;;2;2;;2;3;1;1;20;0;0;80;0;2;;;;;;2;6;AUT|plein été, revêtement très chaud sous le soleil;;;1;;;;;;;;;;;3;1;3;;0;20;1;10;2;3;4;7;;;;;4;4;4;4;4;4;MZ;125;SM;TRAIL / SUPERMOTARD;2;1;1;1;1;1;1;1;1;1;1;10000;12;4;0;;;;;;;;13NOV1969;5;2;3;2;4;2;3;NRP;;;;1;0;0;1;0;1;MZ;125;SM;TRAIL / SUPERMOTARD;2;2008;31;2;2;4000;7;;;;;;;;;;;;;;;;;;;;;;;;;;;;;;;;;;;;;;;;;;;;;4000;4;;;;;;;;;NRP;NRP;NRP;NRP;NRP;NRP;NRP;1988;NRP
100;7152;;0;;;;;;;;;;;;;;;;;;;;;;;;;;;;;;;;;;;;;;;;;;;;;;;;;;;;;;;;;;;;;;;;;;;;;;;;;;;;;;;;;;;;;;;;;;;;;;;;;;;;;;;;;;;;;;;;;;;;;;;;;;;;;;;;;;;;;;;;;;;;;;;;;;;;;;;;;;;;;;;;;;;;;;;;;;;;;;;;;;;;;;;;;;;;;;;;;;;;;;;;;;;;;;;;;;;;;;;;;;;;;;;;;;;;;;;;;;;;;;;;;;;;;;;;;;;;;;;;;;;;;;;;;;;;;;;;;;;;;;;;;;13JUN1987;7;2;3;2;2;3;;NRP;;;;2;0;0;1;0;1;DUCATI;796;MONSTER ABS;ROADSTER;2;2011;40;2;2;6000;7;;;;;;;;;;;;;;;;;;;;;;;;;;;;;;;;;;;;;;;;;;;;;6000;4;3;;;;;;;;NRP;NRP;NRP;NRP;2013;NRP;NRP;2006;NRP
1014;7154;;1;0;5;;;;;;0;5;;;;;;0;5;;;;;;0;2;;;;;;1;5;2014;;;;;0;4;;;;;;0;2;;;;;;0;4;;;;;;0;4;;;;;;0;6;;;;;;0;5;;;;;;0;5;;;;;;0;2;;;;;;0;6;;;;;;1;2;2009;2014;;;;ganges;aix en provence;;;;percuté à l'arrêt par un véhicule reculant;refus de priorité;;;;0;0;4;2;35;0;;NRP;;;;;;;;;;;;;;;;;;;;;;;;;;;;;;;;;;;;;;;;;;;;;;;;;;;;;;;;;;;;;;;;;;;;;;;;;;;;;;;;;;;;;;;;;;;;;;;;;;;;;;;;;;;;;;;;;;;;;;;;;;;;;;;;;;;;;;;;;;;;;;;;;;;;;;;;;;;;;;;30AUG1957;5;2;3;2;3;4;1;NRP;;;;1;0;0;1;0;1;KAWASAKI;650;VERSYS;ROADSTER;2;2009;31;1;2;10000;7;;;;;;;;;;;;;;;;;;;;;;;;;;;;;;;;;;;;;;;;;;;;;10000;3;4;;;;;;;;NRP;NRP;NRP;NRP;1978;NRP;NRP;1978;NRP
728;7155;;0;;;;;;;;;;;;;;;;;;;;;;;;;;;;;;;;;;;;;;;;;;;;;;;;;;;;;;;;;;;;;;;;;;;;;;;;;;;;;;;;;;;;;;;;;;;;;;;;;;;;;;;;;;;;;;;;;;;;;;;;;;;;;;;;;;;;;;;;;;;;;;;;;;;;;;;;;;;;;;;;;;;;;;;;;;;;;;;;;;;;;;;;;;;;;;;;;;;;;;;;;;;;;;;;;;;;;;;;;;;;;;;;;;;;;;;;;;;;;;;;;;;;;;;;;;;;;;;;;;;;;;;;;;;;;;;;;;;;;;;;;;20JUL1960;2;1;3;2;3;5;0;NRP;;;;3;0;0;3;0;3;YAMAHA;600;FZ6-S FAZER;ROADSTER;2;2000;37;1;2;15000;7;HONDA;350;XR-R;TOUT TERRAIN (TRIAL / ENDURO / CROSS);2;1983;37;3;1;1500;7;HUSQVARNA;610;TE-E;TRAIL / SUPERMOTARD;2;2000;14;3;1;3000;7;;;;;;;;;;;;;;;;;;;;;;;19500;2;3;4;;;;;;;NRP;NRP;NRP;1979;1984;NRP;NRP;1979;NRP
380;7156;144;1;1;5;NSP;;;;;0;5;;;;;;0;4;;;;;;0;3;;;;;;1;5;NSP;;;;;0;5;;;;;;0;2;;;;;;0;2;;;;;;0;2;;;;;;0;5;;;;;;1;5;NSP;;;;;0;3;;;;;;0;2;;;;;;0;2;;;;;;0;;;;;;;;;;;;;;;;;;;2;2;8;1;21;5;0;;-1;Vous circuliez sur un axe prioritaire. Un véhicule venant d’un axe non prioritaire vous a coupé la route.;3;;;;;;;Lorsque le feu passe au vert, je m'engage sur le carrefour, faisant attention aux véhicules derrière moi ainsi que ceux qui auraient pu se trouver à droite. En sortie de carrefour, un véhicule me coupe la route sans regarder ni à gauche ni à droite, le conducteur m'a confirmé que toute son attention était porté sur la direction qu'il devait prendre.;L'hésitation du conducteur de la voiture et ma nécessité d'observer divers mouvements (arrière, droite, gauche) ont largement contribué à cette situation. Dans ces situations complexes de carrefour et de routes en périphérie, l'attention des conducteurs doit être très soutenue. Les écarts aux règles fonddamentales (si hésitation, s'arrêter plutôt que de s'engager) augmentent le risque.;Mouvement d'écart vers la droite afin d'éviter le choc entre le milieu de la moto et l'avant de la voiture. Le conducteur continuait d'avancer sans intention de marquer l'arrêt, préoccupé par le but qu'il avait de trouver son chemin. La moto s'est couchée, la vitesse étant faible (20 km), le choc n'a pas été brutal. C'est seulement à ce moment là que le conducteur de la voiture a décidé que sa priorité était de s'arrêter.;2;1;Faire particulièrement attention à un véhicule qui hésite. L'attention du conducteur est entièrement consacré à résoudre son doute. Il ne prête plus attention à son environnement immédiat. Il a une position sur la chaussée, il avance par à-coup et considère peut-être que ce sont aux autres de s'écarter.;"La plupart du temps, quel que soit le véhicule, nous donnons une attention à la conduite (espace, odeurs, bruit), mais nous notre cerveau n'est pas en état d'alerte de danger imminent. Traverser un carrefour ne nécessite habituellement pas un état ""alerte rouge"". Trop confiant et surtout en sortie de carrefour, nous pensons continuer notre route.";;1;0;;;;;;3;;;;;;;;;1;;;;;Je ne m'attendais pas à ce que le véhicule continue sa route alors que j'étais déjà devant lui.;3;3;;;1;1;4;4;4;1;1;3;1;4;4;4;4;5;;;;;;;;;2;;;;;;;;;2;2;;2;1;1;1;0;100;0;0;0;2;;;;;;3;1;;;;1;;;;;;;;;;;2;1;3;;1;20;1;10;2;4;5;;;;;;4;4;4;3;4;4;BMW;600;R60/6;ROADSTER;2;1;1;1;1;1;1;1;1;1;1;50000;12;3;1;HONDA;750;"CB ""K1""";ROADSTER;2;3;3;31MAR1958;5;1;3;2;4;4;2;NRP;;;;2;0;0;2;0;2;BMW;1100;K1100LT ABS;Routière / GT;2;1995;37;2;1;2000;4;HONDA;125;VARADERO;TRAIL / SUPERMOTARD;2;2006;33;3;1;1000;4;;;;;;;;;;;;;;;;;;;;;;;;;;;;;;;;;;3000;3;4;;;;;;;;NRP;NRP;NRP;NRP;1982;NRP;NRP;1977;NRP
623;7157;;1;0;4;;;;;;0;4;;;;;;0;5;;;;;;0;3;;;;;;0;4;;;;;;0;3;;;;;;0;4;;;;;;0;3;;;;;;1;4;1991;;;;;0;4;;;;;;0;4;;;;;;0;2;;;;;;0;3;;;;;;0;4;;;;;;1;2;1991;1995;;;;campagne;Turquie;;;;Un tout droit obligatoire du à des gravillons non signalés dans un virage . Résultat sortie de route.;Choc avec un mouton qui à surgit de derrière un rocher.;;;;0;0;2;3;30;1;41;9;1991;;;;;;;;;;;;;;;;;;;;;;;;;;;;;;;;;;;;;;;;;;;;;;;;;;;;;;;;;;;;;;;;;;;;;;;;;;;;;;;;;;;;;;;;;;;;;;;;;;;;;;;;;;;;;;;;;;;;;;;;;;;;;;;;;;;;;;;;;;;;;;;;;;;;;;;;;;;;;;27JUN1963;6;2;3;2;2;2;1;NRP;;;;1;0;0;1;0;1;BMW;800;F800GS ABS;TRAIL / SUPERMOTARD;2;2008;31;1;2;10000;7;;;;;;;;;;;;;;;;;;;;;;;;;;;;;;;;;;;;;;;;;;;;;10000;2;3;4;8;9;;;;;NRP;NRP;NRP;1982;1982;1982;1985;1981;NRP
289;7163;;0;;;;;;;;;;;;;;;;;;;;;;;;;;;;;;;;;;;;;;;;;;;;;;;;;;;;;;;;;;;;;;;;;;;;;;;;;;;;;;;;;;;;;;;;;;;;;;;;;;;;;;;;;;;;;;;;;;;;;;;;;;;;;;;;;;;;;;;;;;;;;;;;;;;;;;;;;;;;;;;;;;;;;;;;;;;;;;;;;;;;;;;;;;;;;;;;;;;;;;;;;;;;;;;;;;;;;;;;;;;;;;;;;;;;;;;;;;;;;;;;;;;;;;;;;;;;;;;;;;;;;;;;;;;;;;;;;;;;;;;;;;16DEC1989;7;2;3;2;1;1;;NRP;;;;1;0;0;1;0;1;KAWASAKI;750;ZR-7;ROADSTER;2;1999;33;3;1;11500;7;;;;;;;;;;;;;;;;;;;;;;;;;;;;;;;;;;;;;;;;;;;;;11500;1;3;4;;;;;;;2003;NRP;NRP;NRP;2008;NRP;NRP;2008;NRP
1253;7164;;0;;;;;;;;;;;;;;;;;;;;;;;;;;;;;;;;;;;;;;;;;;;;;;;;;;;;;;;;;;;;;;;;;;;;;;;;;;;;;;;;;;;;;;;;;;;;;;;;;;;;;;;;;;;;;;;;;;;;;;;;;;;;;;;;;;;;;;;;;;;;;;;;;;;;;;;;;;;;;;;;;;;;;;;;;;;;;;;;;;;;;;;;;;;;;;;;;;;;;;;;;;;;;;;;;;;;;;;;;;;;;;;;;;;;;;;;;;;;;;;;;;;;;;;;;;;;;;;;;;;;;;;;;;;;;;;;;;;;;;;;;;29APR1982;7;1;3;2;3;4;1;NRP;;;;1;0;1;0;0;1;PIAGGIO;350;X10;SCOOTER;2;2012;37;1;2;10000;7;;;;;;;;;;;;;;;;;;;;;;;;;;;;;;;;;;;;;;;;;;;;;10000;3;4;;;;;;;;NRP;NRP;NRP;NRP;2002;NRP;NRP;2000;NRP
2088;7165;;1;0;4;;;;;;1;4;NSP;;;;;1;5;NSP;;;;;0;3;;;;;;1;5;NSP;;;;;1;4;NSP;;;;;0;4;;;;;;0;4;;;;;;2;5;NSP;2013;;;;0;4;;;;;;0;4;;;;;;0;3;;;;;;0;4;;;;;;0;3;;;;;;1;1;NSP;;;;;Tours;;;;;une voiture arrive en sens inverse sur ma voix de circulation, pour l'éviter je m'écarte sur la voie de gauche et dans le même temps la voiture voie son erreure et se rabat sur sa droite. je l'ai eurté de face. fractures et moto HS.;;;;;0;0;4;1;25;1;42;9;2013;;;;;;;;;;;;;;;;;;;;;;;;;;;;;;;;;;;;;;;;;;;;;;;;;;;;;;;;;;;;;;;;;;;;;;;;;;;;;;;;;;;;;;;;;;;;;;;;;;;;;;;;;;;;;;;;;;;;;;;;;;;;;;;;;;;;;;;;;;;;;;;;;;;;;;;;;;;;;;12MAY1972;7;1;3;2;5;4;3;NRP;;;;3;1;0;2;0;2;DUCATI;900;SUPERSPORT FE;Routière / GT;2;1996;37;2;2;15000;7;HONDA;1000;GOLD WING;ROADSTER;1;1976;16;4;1;1500;7;;;;;;;;;;;;;;;;;;;;;;;;;;;;;;;;;;16500;2;3;4;;;;;;;NRP;NRP;NRP;1989;1991;NRP;NRP;1990;NRP
823;7167;405;1;0;5;;;;;;0;5;;;;;;0;4;;;;;;0;5;;;;;;0;5;;;;;;0;5;;;;;;0;3;;;;;;0;2;;;;;;0;4;;;;;;0;5;;;;;;0;6;;;;;;0;1;;;;;;0;5;;;;;;1;3;2007;;;;;0;;;;;;;;;;;;;;;;;;;0;10;6;1;66;14;2007;;2007;Alors que vous étiez en train de rouler, un piéton a traversé devant vous.;2;;;;;;;Je remontais en inter file 2 voies de voitures arrêtées dans un bouchon quand est sorti brutalement, et sans vérifier, de derrière un bus, un piéton. Heureusement, j'allais doucement environ 7/8 km/h. J'ai freiné en urgence et j'ai heurté légèrement le piéton qu est tombé au sol mais n'a eu aucune blessure. Elle s'est relevée de suite en s'excusant de ne pas avoir vérifié en sortant d'un angle mort (le bus). Elle et moi avons eu très peur mais il n'y a eu aucune dispute et aucune rancoeur.;La femme est sortie rapidement de derrière le bus et je n'avais pas assez anticipé que quelqu'un puisse surgir.;Dès que j'ai vu le piéton, j'ai freiné de l'avant et arrière en urgence. Mais j'ai touché le piéton et elle est tombé au sol.;NRP;1;J'aurai stoppé mon véhicule avant d'arriver à l'angle mort de façon à anticiper.;C'est à cause de manque d'expérience, j'avais ma moto depuis 8 ans et c'était une petite 125 qui ne freinait pas trop.;;2;1;2;;La personne ne pensait pas qu'un deux roues pouvait surgir entre 2 voies de véhicules arrêtées et elle n'a pas vérifié que derrière un bus un 2 roues puisse se glisser.;NSP;NSP;1;2;6;;;;;2;1;;;;3;;Je ne m'attendais pas à voir un piéton surgir derrière le bus arrêté dans le bouchon.;4;3;;;1;1;4;4;1;1;1;1;1;1;4;4;4;4;;;;;;;;;2;;;;;;;;;2;2;;2;1;1;2;60;40;0;0;0;2;;;;;;4;2;;;;1;;;;;;;;;;;1;1;1;1;0;7;1;10;2;3;4;;;;;;4;4;4;4;4;3;SUZUKI;125;GN125D;CUSTOM;2;1;1;1;1;1;1;1;1;1;1;50000;12;4;1;PEUGEOT;125;SPEEDFIGHT;SCOOTER;2;3;4;23DEC1959;7;1;3;2;4;4;2;NRP;;;;1;0;0;1;0;1;SUZUKI;650;BANDIT-S ABS;ROADSTER;2;2007;37;1;2;8000;4;;;;;;;;;;;;;;;;;;;;;;;;;;;;;;;;;;;;;;;;;;;;;8000;3;4;;;;;;;;NRP;NRP;NRP;NRP;2011;NRP;NRP;1981;NRP