Ligne;Ligne Q qualif;Ligne approfondissement Accident;ACCIDENT;NBACC1;ACCFREQUENCE1;ANNEEACC1_1;ANNEEACC1_2;ANNEEACC1_3;ANNEEACC1_4;ANNEEACC1_5;NBACC2;ACCFREQUENCE2;ANNEEACC2_1;ANNEEACC2_2;ANNEEACC2_3;ANNEEACC2_4;ANNEEACC2_5;NBACC3;ACCFREQUENCE3;ANNEEACC3_1;ANNEEACC3_2;ANNEEACC3_3;ANNEEACC3_4;ANNEEACC3_5;NBACC4;ACCFREQUENCE4;ANNEEACC4_1;ANNEEACC4_2;ANNEEACC4_3;ANNEEACC4_4;ANNEEACC4_5;NBACC5;ACCFREQUENCE5;ANNEEACC5_1;ANNEEACC5_2;ANNEEACC5_3;ANNEEACC5_4;ANNEEACC5_5;NBACC6;ACCFREQUENCE6;ANNEEACC6_1;ANNEEACC6_2;ANNEEACC6_3;ANNEEACC6_4;ANNEEACC6_5;NBACC7;ACCFREQUENCE7;ANNEEACC7_1;ANNEEACC7_2;ANNEEACC7_3;ANNEEACC7_4;ANNEEACC7_5;NBACC8;ACCFREQUENCE8;ANNEEACC8_1;ANNEEACC8_2;ANNEEACC8_3;ANNEEACC8_4;ANNEEACC8_5;NBACC9;ACCFREQUENCE9;ANNEEACC9_1;ANNEEACC9_2;ANNEEACC9_3;ANNEEACC9_4;ANNEEACC9_5;NBACC10;ACCFREQUENCE10;ANNEEACC10_1;ANNEEACC10_2;ANNEEACC10_3;ANNEEACC10_4;ANNEEACC10_5;NBACC11;ACCFREQUENCE11;ANNEEACC11_1;ANNEEACC11_2;ANNEEACC11_3;ANNEEACC11_4;ANNEEACC11_5;NBACC12;ACCFREQUENCE12;ANNEEACC12_1;ANNEEACC12_2;ANNEEACC12_3;ANNEEACC12_4;ANNEEACC12_5;NBACC13;ACCFREQUENCE13;ANNEEACC13_1;ANNEEACC13_2;ANNEEACC13_3;ANNEEACC13_4;ANNEEACC13_5;NBACC14;ACCFREQUENCE14;ANNEEACC14_1;ANNEEACC14_2;ANNEEACC14_3;ANNEEACC14_4;ANNEEACC14_5;AUTRESACC;NBAUTRESACC;ANNEEAUTREACC1;ANNEEAUTREACC2;ANNEEAUTREACC3;ANNEEAUTREACC4;ANNEEAUTREACC5;LIEUAUTREACC1;LIEUAUTREACC2;LIEUAUTREACC3;LIEUAUTREACC4;LIEUAUTREACC5;DESCRIPTIONAUTRESACC1;DESCRIPTIONAUTRESACC2;DESCRIPTIONAUTRESACC3;DESCRIPTIONAUTRESACC4;DESCRIPTIONAUTRESACC5;NBAUTRESACCCIRCUIT;NBAUTRESTOUTTERRAIN;EXPCYCLO;EXP125;EXPSUP125;ACCORDNEXTQ;CHOIXACC;RGPMTACC;RECUPANNEE;RECUPLIEU;RECUPANNE;RGPMTAC;CHOIX1;CHOIX2;CHOIX3;CHOIX4;CHOIX5;CHOIX6;CHOIX7;DESCRIPTION;RUPTURE;FAITS;ABS_REACTION;AUTRE_REACTION;PRECISIONREACTIONOUI;RECUL;PRECISIONREACTIONNON;IMPACTCOMPORTEMENT;AUTREUSAGER;REACTIONAUTREUSAGER;CONNAISSANCEREACTIONUSAGER;DIFFICULTES;AGGRAVATION;DIFFICULTES2;EMOTIONS1;EMOTIONS2;EMOTIONS3;EMOTIONS4;EMOTIONS5;EMOTIONS6;AUTRESENTIMENT;CLASSEMENTEMOTIONS1;CLASSEMENTEMOTIONS;CLASSEMENTEMOTIONS5;CLASSEMENTEMOTIONS6;CLASSEMENTEMOTIONS7;CLASSEMENTEMOTIONS8;CLASSEMENTEMOTIONS9;EXPLICATIONRESSENTI;BIENEQUIPE;ALLURE;ALLUREVITEDETAIL;ALLURELENTEDETAIL;SITUATIONPRESSE;SITUATIONDISTRAIT;SITUATIONCONFIANT;SITUATIONCONTROLE;SITUATIONLUDIQUE;SITUATIONPERF;SITUATIONSTRESS;SITUATIONFATIGUE;HUMEURNEUTRE;HUMEURGAI;HUMEURMECONTENT;HUMEURTRISTE;HUMEURCOLERE;CONTRIBUTION1;CONTRIBUTION2;CONTRIBUTION3;CONTRIBUTION4;CONTRIBUTION5;CONTRIBUTION6;CONTRIBUTION7;CONTRIBUTION8;CONTRIBUTION9;ROLEINFRA;ELEMENTINFRA1;ELEMENTINFRA2;ELEMENTINFRA3;ELEMENTINFRA4;ELEMENTINFRA5;ELEMENTINFRA6;ELEMENTINFRA7;ELEMENTINFRA8;ELEMENTINFRA9;ALCOOL;TXALCOOL;STUP;SEMAINE;MOMENTJOURNEE;TEMPS;CAUSEACC1;CAUSEACC2;CAUSEACC3;CAUSEACC4;CAUSEACC5;FORMATIONCAUSE;FORMATION1;FORMATION2;FORMATION3;FORMATION4;FORMATION5;TRAFIC;CHAUSSEE1;CHAUSSEE2;CHAUSSEE3;CHAUSSEE4;TYPEACC;BLESSURE;TETE;COU;THORAX;MEMBRESSUP;COLONNE;BASSIN;MEMBRESINF;HOPITAL;PLUS24H;TRAJET;TYPEROUTE;MOTIF;SENSTRAJET;PASSAGER;VITESSE;DESCEQ1;DESCEQ2;DESCEQ3;DESCEQ4;DESCEQ5;DESCEQ6;DESCEQ7;DESCEQ8;DESCEQ9;DESCEQ10;VEHICULEETE;VEHICULEAUTOMNE;VEHICULEPRINTEMPS;VEHICULEHIVER;VEHICULESEMAINE;VEHICULEWE;VEHMARQUE;VEHCYLINDREE;VEHMODELE;VEHSEGMENT;VEHSIDE;EQ2RMABS;EQ2RMCBS;EQ2RMABSCBS;EQ2RMREGULATEUR;EQ2RMLIMITEUR;EQ2RMPHARESDIRECT;EQ2RMCOUPURE;EQ2RMANTIPATINAGE;EQ2RMANTIXHEELING;EQ2RMSTABILILTE;VEHKM;POINTS;DUREE;AUTRE2RM;VEHPRECMARQUE;VEHPRECCYLINDREE;VEHPRECMODELE;VEHPRECSEGMENT;VEHPRECSIDE;TEMPS2RMPREC;FREQVEHPREC;DATE_NAISS;CSP;SOCIETAIRE;SALARIE;SECTEUR2RM;NBPERSFOYER;SITFAM;NBENF;TRNBENF1;TRNBENF2;TRNBENF3;TRNBENF4;NBAUTOFOYER;NBCYCLOFOYER;NBSCOOTFOYER;NBMOTOFOYER;NBTRIKEFOYER;NB2RMCONDUIT;MARQUE1;CYLINDREE1;MODELE1;SEGMENT1;SIDE1;ANMISECIRCU1;ASS1;FREQ1;USAGE1;NBKM1;GARAGE1;MARQUE2;CYLINDREE2;MODELE2;SEGMENT2;SIDE2;ANMISECIRCU2;ASS2;FREQ2;USAGE2;NBKM2;GARAGE2;MARQUE3;CYLINDREE3;MODELE3;SEGMENT3;SIDE3;ANMISECIRCU3;ASS3;FREQ3;USAGE3;NBKM3;GARAGE3;MARQUE4;CYLINDREE4;MODELE4;SEGMENT4;SIDE4;ANMISECIRCU4;ASS4;FREQ4;USAGE4;NBKM4;GARAGE4;MARQUE5;CYLINDREE5;MODELE5;SEGMENT5;SIDE5;ANMISECIRCU5;ASS5;FREQ5;USAGE5;NBKM5;GARAGE5;NBKMTOT;PERMIS1;PERMIS2;PERMIS3;PERMIS4;PERMIS5;PERMIS6;PERMIS7;PERMIS8;PERMIS9;ANPERMIS1;ANPERMIS6;ANPERMIS7;ANPERMIS2;ANPERMIS3;ANPERMIS8;ANPERMIS9;ANPERMIS4;ANPERMIS5
1247;7221;483;1;0;3;;;;;;0;2;;;;;;0;6;;;;;;0;2;;;;;;0;3;;;;;;0;4;;;;;;0;5;;;;;;1;6;2001;;;;;1;4;2001;;;;;0;3;;;;;;0;6;;;;;;0;1;;;;;;0;3;;;;;;0;4;;;;;;0;;;;;;;;;;;;;;;;;;;0;0;16;1;41;9;2001;;2001;Vous avez fait une sortie de route, une perte de contrôle ou une glissade sans rien percuter.;1;2;;;;;;Glissage sur une plaque de gasoil dans un rond point chute de la moto et du pilote, puis glissade du pilote sur quelques mètres mais sans rien heurter;L'accident n'était pas prévisible et a été complètement subi;Aucune action sur le véhicule, j'ai perdu le controle. Le seul souvenir est d'avoir fait en sorte que mon casque ne heurte pas le sol. Puis j'ai vérifié que ma glissade ne poserait pas de souci;NRP;0;;;Difficile de réagir sur une plaque de gasoil. Par contre, maintenant, je fis beaucoup plus attention à ce qu'il n'y ait pas de plaque;2;0;;;;;;1;2;3;;;;;3;2;1;;;;;Pas compris pourquoi la moto est tombée;3;3;;;2;1;3;3;3;1;2;2;5;5;5;5;5;5;7;;;;;;;;1;5;;;;;;;;2;2;;2;1;1;1;10;0;0;90;0;2;;;;;;2;1;6;;;1;;;;;;;;;;;1;1;1;1;0;30;1;2;3;4;;;;;;;4;4;4;4;4;4;HONDA;500;CB;ROADSTER;2;1;1;1;1;1;1;1;1;1;1;NSP;12;3;0;;;;;;;;07JAN1979;5;1;3;2;4;4;2;NRP;;;;2;0;0;1;0;1;BMW;1300;K1300S PACK S;Routière / GT;2;2011;37;2;2;12000;4;;;;;;;;;;;;;;;;;;;;;;;;;;;;;;;;;;;;;;;;;;;;;12000;2;3;4;;;;;;;NRP;NRP;NRP;1997;1999;NRP;NRP;1997;NRP
214;7227;;0;;;;;;;;;;;;;;;;;;;;;;;;;;;;;;;;;;;;;;;;;;;;;;;;;;;;;;;;;;;;;;;;;;;;;;;;;;;;;;;;;;;;;;;;;;;;;;;;;;;;;;;;;;;;;;;;;;;;;;;;;;;;;;;;;;;;;;;;;;;;;;;;;;;;;;;;;;;;;;;;;;;;;;;;;;;;;;;;;;;;;;;;;;;;;;;;;;;;;;;;;;;;;;;;;;;;;;;;;;;;;;;;;;;;;;;;;;;;;;;;;;;;;;;;;;;;;;;;;;;;;;;;;;;;;;;;;;;;;;;;;;01MAR1988;8;2;3;2;2;3;;NRP;;;;2;0;0;1;0;1;HONDA;600;HORNET IE;ROADSTER;2;2009;9;2;1;6500;7;;;;;;;;;;;;;;;;;;;;;;;;;;;;;;;;;;;;;;;;;;;;;6500;1;2;3;4;7;;;;;2002;NRP;2006;2006;2012;NRP;NRP;2006;NRP
340;7228;387;1;0;4;;;;;;0;2;;;;;;0;6;;;;;;0;1;;;;;;0;5;;;;;;0;2;;;;;;0;3;;;;;;0;3;;;;;;2;3;2013;2014;;;;0;2;;;;;;0;4;;;;;;0;6;;;;;;0;3;;;;;;0;1;;;;;;0;;;;;;;;;;;;;;;;;;;3;0;3;1;41;9;2013;;2013;Vous avez fait une sortie de route, une perte de contrôle ou une glissade sans rien percuter.;2;6;;;;;;"La description de l'accident est assez simple, j'ai voulu freiner avant d'arriver sur un rondpoint et c'est à ce moment que j'ai ""perdu l'avant"" de ma moto, je me suis retrouvez a glisser, sur la chaussée, de long mètres...  Mes pneu étaient ""chauds""; je venais de faire 80kms et je suis équipé de très bon pneu a gomme tendre (Dunlop qualifier 2), de plus j'ai freine avec la moto droite...  La seule raison que je puisse envisager est la présence de gasoil dû au fait qu'il y a une station-service avant le rondpoint...  Heureusement je n'ai pas été blessé car je portais mon cuir intégrale et que je n'ai rien heurté durant ma glissade.";"J'ai ""touché"" mon frein avant et me suis retrouvé a plat ventre...";...;AUT|pas le temps de reagir;0;;;Je n'ai eu aucun controle sur ce qui c'est passé;3;0;;;;;;3;;;;;;;;;1;;;;;Comme je l'ai decrit, il n'y avait aucune raison apparente que je tombe.;4;3;;;1;1;4;4;3;1;1;1;3;4;4;4;4;5;;;;;;;;;1;AUT|station service;;;;;;;;2;2;;2;1;1;1;15;0;0;85;0;2;;;;;;1;6;;;;1;;;;;;;;;;;2;1;1;1;0;80;1;2;3;4;7;9;;;;;4;4;4;4;4;4;DUCATI;900;MONSTER;ROADSTER;2;1;1;1;1;1;1;1;1;1;1;70000;12;4;0;;;;;;;;08MAY1987;5;1;3;2;1;1;;NRP;;;;1;0;0;1;0;1;DUCATI;900;MONSTER;ROADSTER;2;1994;37;2;1;5000;7;;;;;;;;;;;;;;;;;;;;;;;;;;;;;;;;;;;;;;;;;;;;;5000;3;4;;;;;;;;NRP;NRP;NRP;NRP;2011;NRP;NRP;2006;NRP
1664;7229;;1;0;2;;;;;;0;3;;;;;;0;5;;;;;;0;3;;;;;;0;5;;;;;;0;3;;;;;;0;4;;;;;;0;4;;;;;;1;5;2009;;;;;0;4;;;;;;0;5;;;;;;0;3;;;;;;0;6;;;;;;0;4;;;;;;0;;;;;;;;;;;;;;;;;;;4;0;2;0;;NRP;;;;;;;;;;;;;;;;;;;;;;;;;;;;;;;;;;;;;;;;;;;;;;;;;;;;;;;;;;;;;;;;;;;;;;;;;;;;;;;;;;;;;;;;;;;;;;;;;;;;;;;;;;;;;;;;;;;;;;;;;;;;;;;;;;;;;;;;;;;;;;;;;;;;;;;;;;;;;;;22OCT1994;10;2;3;1;1;1;;NRP;;;;1;0;0;2;0;2;KAWASAKI;300;NINJA 300R;SPORTIVE;2;2012;10;2;1;1000;7;KTM;125;EXC;TOUT TERRAIN (TRIAL / ENDURO / CROSS);2;2008;10;3;1;500;7;;;;;;;;;;;;;;;;;;;;;;;;;;;;;;;;;;1500;1;8;;;;;;;;2008;NRP;NRP;NRP;NRP;2013;NRP;NRP;NRP
147;7234;;1;0;6;;;;;;0;2;;;;;;0;4;;;;;;0;3;;;;;;1;6;2014;;;;;0;5;;;;;;0;4;;;;;;0;6;;;;;;0;6;;;;;;0;5;;;;;;0;5;;;;;;0;2;;;;;;0;5;;;;;;0;4;;;;;;0;;;;;;;;;;;;;;;;;;;0;14;2;1;21;5;2014;;;;;;;;;;;;;;;;;;;;;;;;;;;;;;;;;;;;;;;;;;;;;;;;;;;;;;;;;;;;;;;;;;;;;;;;;;;;;;;;;;;;;;;;;;;;;;;;;;;;;;;;;;;;;;;;;;;;;;;;;;;;;;;;;;;;;;;;;;;;;;;;;;;;;;;;;;;;;;11MAY1971;6;2;3;2;4;4;2;NRP;;;;2;0;0;1;0;1;YAMAHA;125;DTR;TRAIL / SUPERMOTARD;2;2001;33;2;2;1500;7;;;;;;;;;;;;;;;;;;;;;;;;;;;;;;;;;;;;;;;;;;;;;1500;4;;;;;;;;;NRP;NRP;NRP;NRP;NRP;NRP;NRP;1990;NRP
1263;7237;;0;;;;;;;;;;;;;;;;;;;;;;;;;;;;;;;;;;;;;;;;;;;;;;;;;;;;;;;;;;;;;;;;;;;;;;;;;;;;;;;;;;;;;;;;;;;;;;;;;;;;;;;;;;;;;;;;;;;;;;;;;;;;;;;;;;;;;;;;;;;;;;;;;;;;;;;;;;;;;;;;;;;;;;;;;;;;;;;;;;;;;;;;;;;;;;;;;;;;;;;;;;;;;;;;;;;;;;;;;;;;;;;;;;;;;;;;;;;;;;;;;;;;;;;;;;;;;;;;;;;;;;;;;;;;;;;;;;;;;;;;;;02JUL1963;5;1;3;2;4;4;2;NRP;;;;1;0;0;1;0;1;KAWASAKI;500;KLE;TRAIL / SUPERMOTARD;2;1991;37;2;2;1000;7;;;;;;;;;;;;;;;;;;;;;;;;;;;;;;;;;;;;;;;;;;;;;1000;4;9;;;;;;;;NRP;NRP;NRP;NRP;NRP;NRP;2013;1982;NRP
1510;7239;;1;0;5;;;;;;0;4;;;;;;0;4;;;;;;0;5;;;;;;0;6;;;;;;0;4;;;;;;0;5;;;;;;0;6;;;;;;0;3;;;;;;0;4;;;;;;0;6;;;;;;0;1;;;;;;0;4;;;;;;0;4;;;;;;1;1;2014;;;;;CANET EN ROUSSI;;;;;J'ai marqué le stop en bas d'une rue pentue, étroite à sens unique, revétue de carreaux très glissants et perpandiculaire à une rue étroite à sens unique. ce croisement en ville à angle droit offrant très peu de visibilité tant dans la rue prioritaire que pour celle marquée d'un stop.Pas de voiture en vue je démarre prudemment sur ces pavets glissants, le guidon tourné la roue avant ayant à peine mordu le stop,une voiture arrive trop vite, je freine de l'avant, suis déséquilibrée et la moto tombe en rayant la peinture qui effleure un lampadaire dans sa chute, et en cassant un rétro qui touche le sol. la conductrice voit que je me relève et s'en va (visiblement très pressée), je n'ai pas eu le reflexe de l'arreter trop occupée à vite essayer de redresser ma moto. Je n'y suis pas arrivée mais me suis fait un bon tassement de vertèbre : 6 mois de douleurs et fragilité définitive. Une autre voiture s'est arrêtée, m'a aidé à relever la moto, a appelé les pompiers. J'ai dû refuser de les suivre car je ne voulais pas laisser ma moto dans la rue sans l'attacher. Au regard des assurances j'ignore a qui reviendrai la faute: à moi je pense, non maître de mon véhicule, mais qu'en est-il de la voiture trop rapide pour la petite rue sans visibilité sur le stop, au maire qui a posé des pavés glissant et n'a rien fait pour proteger et facilité le croisement de ces 2 voies aveugles. Le muret qui fait facee au stop a était plusieurs fois défoncés par des voitures qui ont glissé en voulant marquer le stop, ce n'est pas mon cas , mais la visibilité ne laisse pas le temps de déboucher doucement et en sécurité sur la voie prioritaire.;;;;;0;0;6;1;5;1;71;15;2014;CANET EN ROUSSI;;;;;;;;;;;;;;;;;;;;;;;;;;;;;;;;;;;;;;;;;;;;;;;;;;;;;;;;;;;;;;;;;;;;;;;;;;;;;;;;;;;;;;;;;;;;;;;;;;;;;;;;;;;;;;;;;;;;;;;;;;;;;;;;;;;;;;;;;;;;;;;;;;;;;;;;;;;;;05FEB1956;11;1;3;2;2;5;1;NRP;;;;1;1;0;1;0;1;DUCATI;796;MONSTER;ROADSTER;2;2012;37;1;3;15000;5;;;;;;;;;;;;;;;;;;;;;;;;;;;;;;;;;;;;;;;;;;;;;15000;3;4;;;;;;;;NRP;NRP;NRP;NRP;2010;NRP;NRP;1975;NRP
292;7241;;1;0;6;;;;;;0;4;;;;;;0;6;;;;;;0;5;;;;;;1;6;2009;;;;;0;4;;;;;;0;3;;;;;;0;3;;;;;;0;2;;;;;;0;2;;;;;;0;5;;;;;;0;2;;;;;;0;2;;;;;;0;5;;;;;;0;;;;;;;;;;;;;;;;;;;7;1;6;1;21;5;2009;;;;;;;;;;;;;;;;;;;;;;;;;;;;;;;;;;;;;;;;;;;;;;;;;;;;;;;;;;;;;;;;;;;;;;;;;;;;;;;;;;;;;;;;;;;;;;;;;;;;;;;;;;;;;;;;;;;;;;;;;;;;;;;;;;;;;;;;;;;;;;;;;;;;;;;;;;;;;;04JUN1986;7;1;3;2;2;3;;NRP;;;;1;0;0;1;0;1;HONDA;600;"CB-F ""S""";ROADSTER;2;2005;37;1;2;8000;7;;;;;;;;;;;;;;;;;;;;;;;;;;;;;;;;;;;;;;;;;;;;;8000;3;4;;;;;;;;NRP;NRP;NRP;NRP;2009;NRP;NRP;2005;NRP
1557;7242;;1;0;2;;;;;;0;4;;;;;;0;4;;;;;;0;4;;;;;;0;5;;;;;;0;3;;;;;;0;2;;;;;;0;5;;;;;;1;5;2011;;;;;0;5;;;;;;0;5;;;;;;0;3;;;;;;0;5;;;;;;0;3;;;;;;1;1;2010;;;;;dans le 78;;;;;colision avec le vehicule dans le sens oposer lors d'un depassement;;;;;0;0;2;0;5;1;71;15;2010;dans le 78;;;;;;;;;;;;;;;;;;;;;;;;;;;;;;;;;;;;;;;;;;;;;;;;;;;;;;;;;;;;;;;;;;;;;;;;;;;;;;;;;;;;;;;;;;;;;;;;;;;;;;;;;;;;;;;;;;;;;;;;;;;;;;;;;;;;;;;;;;;;;;;;;;;;;;;;;;;;;03JAN1978;5;2;3;2;2;3;;NRP;;;;1;0;0;2;0;2;SUZUKI;750;GSX-F;Routière / GT;2;1999;18;1;2;20000;4;HONDA;750;VFR-F;Routière / GT;2;1989;41;4;1;0;4;;;;;;;;;;;;;;;;;;;;;;;;;;;;;;;;;;20000;3;4;;;;;;;;NRP;NRP;NRP;NRP;2009;NRP;NRP;1996;NRP
2037;7243;;0;;;;;;;;;;;;;;;;;;;;;;;;;;;;;;;;;;;;;;;;;;;;;;;;;;;;;;;;;;;;;;;;;;;;;;;;;;;;;;;;;;;;;;;;;;;;;;;;;;;;;;;;;;;;;;;;;;;;;;;;;;;;;;;;;;;;;;;;;;;;;;;;;;;;;;;;;;;;;;;;;;;;;;;;;;;;;;;;;;;;;;;;;;;;;;;;;;;;;;;;;;;;;;;;;;;;;;;;;;;;;;;;;;;;;;;;;;;;;;;;;;;;;;;;;;;;;;;;;;;;;;;;;;;;;;;;;;;;;;;;;;05JUN1950;9;1;3;2;2;3;;NRP;;;;3;0;0;3;0;2;HONDA;680;DEAUVILLE ** VOIR CYL 700 **;Routière / GT;2;2006;37;3;1;2500;7;YAMAHA;125;TY;TOUT TERRAIN (TRIAL / ENDURO / CROSS);2;1981;37;2;1;200;4;;;;;;;;;;;;;;;;;;;;;;;;;;;;;;;;;;2700;3;4;;;;;;;;NRP;NRP;NRP;NRP;1997;NRP;NRP;1970;NRP
164;7244;271;1;0;5;;;;;;0;6;;;;;;0;6;;;;;;0;5;;;;;;0;5;;;;;;0;6;;;;;;0;3;;;;;;0;6;;;;;;1;4;2008;;;;;0;6;;;;;;0;6;;;;;;0;4;;;;;;0;5;;;;;;0;4;;;;;;0;;;;;;;;;;;;;;;;;;;4;1;6;1;41;9;2008;;2008;Vous avez fait une sortie de route, une perte de contrôle ou une glissade sans rien percuter.;1;;;;;;;perte de contrôl en 125 du a un manque de formation. j'ai passé le permis moto dans la foulée;que faire;aucune commandes la panique;1;1;une formation 2 roues une bonne maitrise des trajectoire  et poursuivre ma route;manque de connaissance du 2 roue;;1;0;;;;;;1;;;;;;;1;;;;;;;NRP;4;3;;;1;1;3;3;3;1;2;2;3;3;4;4;4;6;7;;;;;;;;2;;;;;;;;;2;2;;2;2;1;1;100;0;0;0;0;1;AUT|pas de formation 125cm3 avec permis B formation pas encore obligatoire;;;;;1;1;;;;1;;;;;;;;;;;1;2;3;;0;70;1;10;2;3;4;;;;;;2;NRP;NRP;NRP;NRP;NRP;HONDA;125;VT SHADOW;CUSTOM;2;1;1;1;1;1;1;1;1;1;1;5000;12;1;0;;;;;;;;28DEC1965;8;1;3;2;3;4;1;NRP;;;;1;1;0;1;0;1;HONDA;1000;CBF ABS;ROADSTER;2;2007;37;1;2;15000;7;;;;;;;;;;;;;;;;;;;;;;;;;;;;;;;;;;;;;;;;;;;;;15000;3;4;;;;;;;;NRP;NRP;NRP;NRP;2009;NRP;NRP;1984;NRP
1324;7246;;1;0;5;;;;;;0;6;;;;;;0;6;;;;;;0;1;;;;;;0;6;;;;;;0;4;;;;;;0;4;;;;;;1;6;2008;;;;;0;2;;;;;;0;6;;;;;;0;6;;;;;;0;1;;;;;;0;3;;;;;;0;2;;;;;;0;;;;;;;;;;;;;;;;;;;3;0;6;1;36;8;2008;;;;;;;;;;;;;;;;;;;;;;;;;;;;;;;;;;;;;;;;;;;;;;;;;;;;;;;;;;;;;;;;;;;;;;;;;;;;;;;;;;;;;;;;;;;;;;;;;;;;;;;;;;;;;;;;;;;;;;;;;;;;;;;;;;;;;;;;;;;;;;;;;;;;;;;;;;;;;;29JUL1982;7;2;3;2;1;1;;NRP;;;;1;1;0;1;0;1;HONDA;1000;CB 1000R C-ABS;ROADSTER;2;2013;4;2;1;1000;4;;;;;;;;;;;;;;;;;;;;;;;;;;;;;;;;;;;;;;;;;;;;;1000;3;4;;;;;;;;NRP;NRP;NRP;NRP;2005;NRP;NRP;2000;NRP
860;7247;;0;;;;;;;;;;;;;;;;;;;;;;;;;;;;;;;;;;;;;;;;;;;;;;;;;;;;;;;;;;;;;;;;;;;;;;;;;;;;;;;;;;;;;;;;;;;;;;;;;;;;;;;;;;;;;;;;;;;;;;;;;;;;;;;;;;;;;;;;;;;;;;;;;;;;;;;;;;;;;;;;;;;;;;;;;;;;;;;;;;;;;;;;;;;;;;;;;;;;;;;;;;;;;;;;;;;;;;;;;;;;;;;;;;;;;;;;;;;;;;;;;;;;;;;;;;;;;;;;;;;;;;;;;;;;;;;;;;;;;;;;;;02APR1966;6;1;3;2;2;3;;NRP;;;;1;0;0;1;0;1;KAWASAKI;1400;GTR;Routière / GT;2;2011;37;2;2;16000;7;;;;;;;;;;;;;;;;;;;;;;;;;;;;;;;;;;;;;;;;;;;;;16000;3;;;;;;;;;NRP;NRP;NRP;NRP;2003;NRP;NRP;NRP;NRP
1881;7253;;0;;;;;;;;;;;;;;;;;;;;;;;;;;;;;;;;;;;;;;;;;;;;;;;;;;;;;;;;;;;;;;;;;;;;;;;;;;;;;;;;;;;;;;;;;;;;;;;;;;;;;;;;;;;;;;;;;;;;;;;;;;;;;;;;;;;;;;;;;;;;;;;;;;;;;;;;;;;;;;;;;;;;;;;;;;;;;;;;;;;;;;;;;;;;;;;;;;;;;;;;;;;;;;;;;;;;;;;;;;;;;;;;;;;;;;;;;;;;;;;;;;;;;;;;;;;;;;;;;;;;;;;;;;;;;;;;;;;;;;;;;;27NOV1953;4;2;3;2;2;3;;NRP;;;;2;0;0;1;0;1;BMW;1300;K1300S HP;Routière / GT;2;2012;16;1;3;10000;5;;;;;;;;;;;;;;;;;;;;;;;;;;;;;;;;;;;;;;;;;;;;;10000;3;4;;;;;;;;NRP;NRP;NRP;NRP;2004;NRP;NRP;1971;NRP
2131;7257;;1;0;4;;;;;;0;4;;;;;;0;6;;;;;;0;2;;;;;;1;6;1987;;;;;0;3;;;;;;0;6;;;;;;1;6;1982;;;;;2;6;1985;2013;;;;0;4;;;;;;0;5;;;;;;0;2;;;;;;1;4;1983;;;;;1;3;1979;;;;;1;1;2011;;;;;l'oie;;;;;pour éviter un face à face avec une voiture effectuant un dépassement sur une ligne continue j'ai du prendre la banquette et j'ai chuté;;;;;0;0;4;2;35;1;71;15;2011;l'oie;;;;;;;;;;;;;;;;;;;;;;;;;;;;;;;;;;;;;;;;;;;;;;;;;;;;;;;;;;;;;;;;;;;;;;;;;;;;;;;;;;;;;;;;;;;;;;;;;;;;;;;;;;;;;;;;;;;;;;;;;;;;;;;;;;;;;;;;;;;;;;;;;;;;;;;;;;;;;26NOV1957;5;2;3;2;4;4;2;NRP;;;;1;2;0;1;0;1;MOTO GUZZI;1200;NORGE GTL;Routière / GT;2;2010;18;1;2;30000;7;;;;;;;;;;;;;;;;;;;;;;;;;;;;;;;;;;;;;;;;;;;;;30000;2;3;4;;;;;;;NRP;NRP;NRP;1978;1979;NRP;NRP;1979;NRP
1651;7262;;1;0;4;;;;;;0;3;;;;;;0;4;;;;;;0;3;;;;;;1;4;2012;;;;;0;4;;;;;;0;3;;;;;;0;4;;;;;;0;4;;;;;;0;3;;;;;;0;4;;;;;;0;2;;;;;;0;3;;;;;;0;2;;;;;;0;;;;;;;;;;;;;;;;;;;0;7;7;1;21;5;2012;;;;;;;;;;;;;;;;;;;;;;;;;;;;;;;;;;;;;;;;;;;;;;;;;;;;;;;;;;;;;;;;;;;;;;;;;;;;;;;;;;;;;;;;;;;;;;;;;;;;;;;;;;;;;;;;;;;;;;;;;;;;;;;;;;;;;;;;;;;;;;;;;;;;;;;;;;;;;;19MAY1970;8;2;3;2;5;4;3;NRP;;;;3;0;0;2;0;2;APRILIA;1000;TUONO V4R APRC ABS;ROADSTER;2;2012;10;2;1;10000;7;TRIUMPH;675;STREET TRIPLE R  ABS;ROADSTER;2;2013;16;3;1;5000;7;;;;;;;;;;;;;;;;;;;;;;;;;;;;;;;;;;15000;2;3;4;;;;;;;NRP;NRP;NRP;2001;2005;NRP;NRP;1989;NRP
856;7265;;1;0;5;;;;;;0;5;;;;;;0;5;;;;;;0;5;;;;;;0;5;;;;;;0;3;;;;;;0;4;;;;;;3;4;1987;1992;NSP;;;1;5;1995;;;;;0;5;;;;;;0;6;;;;;;0;2;;;;;;0;4;;;;;;1;2;NSP;;;;;1;1;1995;;;;;argenteuil;;;;;en ville 1 véhicule sort de stationnement face à la voie de circulation et percute de face la moto qi roule dans sa file;;;;;0;0;2;2;37;1;66;14;0;;;;;;;;;;;;;;;;;;;;;;;;;;;;;;;;;;;;;;;;;;;;;;;;;;;;;;;;;;;;;;;;;;;;;;;;;;;;;;;;;;;;;;;;;;;;;;;;;;;;;;;;;;;;;;;;;;;;;;;;;;;;;;;;;;;;;;;;;;;;;;;;;;;;;;;;;;;;;;03JUN1959;5;2;3;2;4;4;2;NRP;;;;3;0;0;1;0;1;BMW;1200;R1200R;ROADSTER;2;2010;29;2;1;15000;7;;;;;;;;;;;;;;;;;;;;;;;;;;;;;;;;;;;;;;;;;;;;;15000;2;3;;;;;;;;NRP;NRP;NRP;1977;1979;NRP;NRP;NRP;NRP