Ligne;Ligne Q qualif;Ligne approfondissement Accident;ACCIDENT;NBACC1;ACCFREQUENCE1;ANNEEACC1_1;ANNEEACC1_2;ANNEEACC1_3;ANNEEACC1_4;ANNEEACC1_5;NBACC2;ACCFREQUENCE2;ANNEEACC2_1;ANNEEACC2_2;ANNEEACC2_3;ANNEEACC2_4;ANNEEACC2_5;NBACC3;ACCFREQUENCE3;ANNEEACC3_1;ANNEEACC3_2;ANNEEACC3_3;ANNEEACC3_4;ANNEEACC3_5;NBACC4;ACCFREQUENCE4;ANNEEACC4_1;ANNEEACC4_2;ANNEEACC4_3;ANNEEACC4_4;ANNEEACC4_5;NBACC5;ACCFREQUENCE5;ANNEEACC5_1;ANNEEACC5_2;ANNEEACC5_3;ANNEEACC5_4;ANNEEACC5_5;NBACC6;ACCFREQUENCE6;ANNEEACC6_1;ANNEEACC6_2;ANNEEACC6_3;ANNEEACC6_4;ANNEEACC6_5;NBACC7;ACCFREQUENCE7;ANNEEACC7_1;ANNEEACC7_2;ANNEEACC7_3;ANNEEACC7_4;ANNEEACC7_5;NBACC8;ACCFREQUENCE8;ANNEEACC8_1;ANNEEACC8_2;ANNEEACC8_3;ANNEEACC8_4;ANNEEACC8_5;NBACC9;ACCFREQUENCE9;ANNEEACC9_1;ANNEEACC9_2;ANNEEACC9_3;ANNEEACC9_4;ANNEEACC9_5;NBACC10;ACCFREQUENCE10;ANNEEACC10_1;ANNEEACC10_2;ANNEEACC10_3;ANNEEACC10_4;ANNEEACC10_5;NBACC11;ACCFREQUENCE11;ANNEEACC11_1;ANNEEACC11_2;ANNEEACC11_3;ANNEEACC11_4;ANNEEACC11_5;NBACC12;ACCFREQUENCE12;ANNEEACC12_1;ANNEEACC12_2;ANNEEACC12_3;ANNEEACC12_4;ANNEEACC12_5;NBACC13;ACCFREQUENCE13;ANNEEACC13_1;ANNEEACC13_2;ANNEEACC13_3;ANNEEACC13_4;ANNEEACC13_5;NBACC14;ACCFREQUENCE14;ANNEEACC14_1;ANNEEACC14_2;ANNEEACC14_3;ANNEEACC14_4;ANNEEACC14_5;AUTRESACC;NBAUTRESACC;ANNEEAUTREACC1;ANNEEAUTREACC2;ANNEEAUTREACC3;ANNEEAUTREACC4;ANNEEAUTREACC5;LIEUAUTREACC1;LIEUAUTREACC2;LIEUAUTREACC3;LIEUAUTREACC4;LIEUAUTREACC5;DESCRIPTIONAUTRESACC1;DESCRIPTIONAUTRESACC2;DESCRIPTIONAUTRESACC3;DESCRIPTIONAUTRESACC4;DESCRIPTIONAUTRESACC5;NBAUTRESACCCIRCUIT;NBAUTRESTOUTTERRAIN;EXPCYCLO;EXP125;EXPSUP125;ACCORDNEXTQ;CHOIXACC;RGPMTACC;RECUPANNEE;RECUPLIEU;RECUPANNE;RGPMTAC;CHOIX1;CHOIX2;CHOIX3;CHOIX4;CHOIX5;CHOIX6;CHOIX7;DESCRIPTION;RUPTURE;FAITS;ABS_REACTION;AUTRE_REACTION;PRECISIONREACTIONOUI;RECUL;PRECISIONREACTIONNON;IMPACTCOMPORTEMENT;AUTREUSAGER;REACTIONAUTREUSAGER;CONNAISSANCEREACTIONUSAGER;DIFFICULTES;AGGRAVATION;DIFFICULTES2;EMOTIONS1;EMOTIONS2;EMOTIONS3;EMOTIONS4;EMOTIONS5;EMOTIONS6;AUTRESENTIMENT;CLASSEMENTEMOTIONS1;CLASSEMENTEMOTIONS;CLASSEMENTEMOTIONS5;CLASSEMENTEMOTIONS6;CLASSEMENTEMOTIONS7;CLASSEMENTEMOTIONS8;CLASSEMENTEMOTIONS9;EXPLICATIONRESSENTI;BIENEQUIPE;ALLURE;ALLUREVITEDETAIL;ALLURELENTEDETAIL;SITUATIONPRESSE;SITUATIONDISTRAIT;SITUATIONCONFIANT;SITUATIONCONTROLE;SITUATIONLUDIQUE;SITUATIONPERF;SITUATIONSTRESS;SITUATIONFATIGUE;HUMEURNEUTRE;HUMEURGAI;HUMEURMECONTENT;HUMEURTRISTE;HUMEURCOLERE;CONTRIBUTION1;CONTRIBUTION2;CONTRIBUTION3;CONTRIBUTION4;CONTRIBUTION5;CONTRIBUTION6;CONTRIBUTION7;CONTRIBUTION8;CONTRIBUTION9;ROLEINFRA;ELEMENTINFRA1;ELEMENTINFRA2;ELEMENTINFRA3;ELEMENTINFRA4;ELEMENTINFRA5;ELEMENTINFRA6;ELEMENTINFRA7;ELEMENTINFRA8;ELEMENTINFRA9;ALCOOL;TXALCOOL;STUP;SEMAINE;MOMENTJOURNEE;TEMPS;CAUSEACC1;CAUSEACC2;CAUSEACC3;CAUSEACC4;CAUSEACC5;FORMATIONCAUSE;FORMATION1;FORMATION2;FORMATION3;FORMATION4;FORMATION5;TRAFIC;CHAUSSEE1;CHAUSSEE2;CHAUSSEE3;CHAUSSEE4;TYPEACC;BLESSURE;TETE;COU;THORAX;MEMBRESSUP;COLONNE;BASSIN;MEMBRESINF;HOPITAL;PLUS24H;TRAJET;TYPEROUTE;MOTIF;SENSTRAJET;PASSAGER;VITESSE;DESCEQ1;DESCEQ2;DESCEQ3;DESCEQ4;DESCEQ5;DESCEQ6;DESCEQ7;DESCEQ8;DESCEQ9;DESCEQ10;VEHICULEETE;VEHICULEAUTOMNE;VEHICULEPRINTEMPS;VEHICULEHIVER;VEHICULESEMAINE;VEHICULEWE;VEHMARQUE;VEHCYLINDREE;VEHMODELE;VEHSEGMENT;VEHSIDE;EQ2RMABS;EQ2RMCBS;EQ2RMABSCBS;EQ2RMREGULATEUR;EQ2RMLIMITEUR;EQ2RMPHARESDIRECT;EQ2RMCOUPURE;EQ2RMANTIPATINAGE;EQ2RMANTIXHEELING;EQ2RMSTABILILTE;VEHKM;POINTS;DUREE;AUTRE2RM;VEHPRECMARQUE;VEHPRECCYLINDREE;VEHPRECMODELE;VEHPRECSEGMENT;VEHPRECSIDE;TEMPS2RMPREC;FREQVEHPREC;DATE_NAISS;CSP;SOCIETAIRE;SALARIE;SECTEUR2RM;NBPERSFOYER;SITFAM;NBENF;TRNBENF1;TRNBENF2;TRNBENF3;TRNBENF4;NBAUTOFOYER;NBCYCLOFOYER;NBSCOOTFOYER;NBMOTOFOYER;NBTRIKEFOYER;NB2RMCONDUIT;MARQUE1;CYLINDREE1;MODELE1;SEGMENT1;SIDE1;ANMISECIRCU1;ASS1;FREQ1;USAGE1;NBKM1;GARAGE1;MARQUE2;CYLINDREE2;MODELE2;SEGMENT2;SIDE2;ANMISECIRCU2;ASS2;FREQ2;USAGE2;NBKM2;GARAGE2;MARQUE3;CYLINDREE3;MODELE3;SEGMENT3;SIDE3;ANMISECIRCU3;ASS3;FREQ3;USAGE3;NBKM3;GARAGE3;MARQUE4;CYLINDREE4;MODELE4;SEGMENT4;SIDE4;ANMISECIRCU4;ASS4;FREQ4;USAGE4;NBKM4;GARAGE4;MARQUE5;CYLINDREE5;MODELE5;SEGMENT5;SIDE5;ANMISECIRCU5;ASS5;FREQ5;USAGE5;NBKM5;GARAGE5;NBKMTOT;PERMIS1;PERMIS2;PERMIS3;PERMIS4;PERMIS5;PERMIS6;PERMIS7;PERMIS8;PERMIS9;ANPERMIS1;ANPERMIS6;ANPERMIS7;ANPERMIS2;ANPERMIS3;ANPERMIS8;ANPERMIS9;ANPERMIS4;ANPERMIS5
1931;7376;;1;0;3;;;;;;0;4;;;;;;0;5;;;;;;0;2;;;;;;0;4;;;;;;0;4;;;;;;0;2;;;;;;0;5;;;;;;1;3;1982;;;;;0;2;;;;;;0;5;;;;;;0;3;;;;;;1;4;1985;;;;;0;1;;;;;;0;;;;;;;;;;;;;;;;;;;4;0;34;1;41;9;1982;;;;;;;;;;;;;;;;;;;;;;;;;;;;;;;;;;;;;;;;;;;;;;;;;;;;;;;;;;;;;;;;;;;;;;;;;;;;;;;;;;;;;;;;;;;;;;;;;;;;;;;;;;;;;;;;;;;;;;;;;;;;;;;;;;;;;;;;;;;;;;;;;;;;;;;;;;;;;;26NOV1961;7;1;2;2;1;1;;NRP;;;;0;0;0;1;0;1;BMW;1200;K1200RS;Routière / GT;2;2004;37;2;1;6000;6;;;;;;;;;;;;;;;;;;;;;;;;;;;;;;;;;;;;;;;;;;;;;6000;3;;;;;;;;;NRP;NRP;NRP;NRP;1981;NRP;NRP;NRP;NRP
248;7377;;1;0;4;;;;;;0;5;;;;;;0;5;;;;;;0;4;;;;;;0;4;;;;;;0;4;;;;;;0;3;;;;;;0;3;;;;;;1;4;2010;;;;;0;4;;;;;;1;5;2005;;;;;0;2;;;;;;1;3;2007;;;;;0;5;;;;;;0;;;;;;;;;;;;;;;;;;;3;10;15;1;41;9;2010;;;;;;;;;;;;;;;;;;;;;;;;;;;;;;;;;;;;;;;;;;;;;;;;;;;;;;;;;;;;;;;;;;;;;;;;;;;;;;;;;;;;;;;;;;;;;;;;;;;;;;;;;;;;;;;;;;;;;;;;;;;;;;;;;;;;;;;;;;;;;;;;;;;;;;;;;;;;;;06FEB1963;5;1;3;2;4;4;2;NRP;;;;3;1;0;3;0;3;TRIUMPH;1050;SPEED TRIPLE;ROADSTER;2;2007;37;2;1;4000;7;SUZUKI;650;GSX-F ABS;Routière / GT;2;2009;37;1;2;12000;7;ROYAL ENFIELD;500;BULLET CLASSIC EFI CHROME;ROADSTER;2;2013;37;3;1;3000;7;;;;;;;;;;;;;;;;;;;;;;;19000;3;4;;;;;;;;NRP;NRP;NRP;NRP;1995;NRP;NRP;1989;NRP
70;7378;;1;1;4;1999;;;;;0;4;;;;;;1;4;1993;;;;;0;3;;;;;;0;5;;;;;;0;3;;;;;;0;3;;;;;;0;4;;;;;;0;3;;;;;;0;4;;;;;;0;5;;;;;;0;2;;;;;;0;3;;;;;;0;3;;;;;;0;;;;;;;;;;;;;;;;;;;0;0;23;1;1;1;1999;;;;;;;;;;;;;;;;;;;;;;;;;;;;;;;;;;;;;;;;;;;;;;;;;;;;;;;;;;;;;;;;;;;;;;;;;;;;;;;;;;;;;;;;;;;;;;;;;;;;;;;;;;;;;;;;;;;;;;;;;;;;;;;;;;;;;;;;;;;;;;;;;;;;;;;;;;;;;;25APR1961;7;2;3;2;3;4;1;NRP;;;;2;0;0;1;0;1;HARLEY-DAVIDSON;1200;SPORTSTER CUSTOM;CUSTOM;2;1993;29;2;1;5000;7;;;;;;;;;;;;;;;;;;;;;;;;;;;;;;;;;;;;;;;;;;;;;5000;3;4;8;9;;;;;;NRP;NRP;NRP;NRP;1992;1992;1992;1981;NRP
891;7381;;1;0;4;;;;;;1;4;1990;;;;;0;4;;;;;;0;1;;;;;;0;4;;;;;;0;4;;;;;;0;5;;;;;;0;4;;;;;;0;3;;;;;;0;2;;;;;;0;5;;;;;;0;3;;;;;;0;4;;;;;;0;2;;;;;;0;;;;;;;;;;;;;;;;;;;6;0;28;1;6;2;1990;;;;;;;;;;;;;;;;;;;;;;;;;;;;;;;;;;;;;;;;;;;;;;;;;;;;;;;;;;;;;;;;;;;;;;;;;;;;;;;;;;;;;;;;;;;;;;;;;;;;;;;;;;;;;;;;;;;;;;;;;;;;;;;;;;;;;;;;;;;;;;;;;;;;;;;;;;;;;;05SEP1966;5;2;3;2;4;4;2;NRP;;;;4;1;0;3;0;2;YAMAHA;1300;FJR ABS;Routière / GT;2;2006;29;2;1;10000;7;HONDA;600;"CB-F ""N"" ABS";ROADSTER;2;2012;29;3;1;8000;7;;;;;;;;;;;;;;;;;;;;;;;;;;;;;;;;;;18000;3;4;;;;;;;;NRP;NRP;NRP;NRP;1989;NRP;NRP;1987;NRP
1730;7385;;1;0;5;;;;;;0;5;;;;;;0;6;;;;;;0;4;;;;;;0;6;;;;;;0;4;;;;;;0;4;;;;;;0;5;;;;;;0;5;;;;;;0;6;;;;;;0;6;;;;;;0;3;;;;;;0;3;;;;;;0;4;;;;;;0;;;;;;;;;;;;;;;;;;;2;0;8;1;;NRP;;;;;;;;;;;;;;;;;;;;;;;;;;;;;;;;;;;;;;;;;;;;;;;;;;;;;;;;;;;;;;;;;;;;;;;;;;;;;;;;;;;;;;;;;;;;;;;;;;;;;;;;;;;;;;;;;;;;;;;;;;;;;;;;;;;;;;;;;;;;;;;;;;;;;;;;;;;;;;;10JUN1971;7;2;3;2;4;4;2;NRP;;;;2;1;0;1;0;2;KATAYA;50;TOP ONE (TOP 1);SCOOTER;2;2000;2;3;2;300;7;YAMAHA;600;XJ6 DIVERSION;ROADSTER;2;2009;2;1;2;3000;7;;;;;;;;;;;;;;;;;;;;;;;;;;;;;;;;;;3300;3;4;;;;;;;;NRP;NRP;NRP;NRP;2007;NRP;NRP;1990;NRP
392;7386;65;1;0;5;;;;;;0;6;;;;;;0;5;;;;;;0;5;;;;;;0;5;;;;;;0;4;;;;;;0;5;;;;;;1;4;2001;;;;;0;5;;;;;;0;5;;;;;;0;5;;;;;;1;4;1980;;;;;0;5;;;;;;1;4;1976;;;;;0;;;;;;;;;;;;;;;;;;;2;2;37;1;66;14;1976;;1976;Alors que vous étiez en train de rouler, un piéton a traversé devant vous.;2;;;;;;;un enfant traverssait une route quand au plein millieu il décide de faire demi tour , je n ais pas plus l éviter;la surprise;NRP;1;0;;;surpris;3;0;;;;;;2;6;;;;;;;1;;;;2;;je ne peu l expliquer;2;3;;;1;1;3;3;NSP;1;1;1;5;5;5;5;5;5;;;;;;;;;2;;;;;;;;;2;2;;2;1;1;1;100;0;0;0;0;2;;;;;;1;1;;;;2;0;;;;;;;;;;1;1;3;;0;30;1;10;2;5;;;;;;;4;4;4;4;4;4;HONDA;125;SL;TRAIL / SUPERMOTARD;2;1;1;1;1;1;1;1;1;1;1;NSP;12;2;1;MOTOBECANE;50;AV88 (BLEUE);ROADSTER;2;3;4;12MAY1960;1;2;3;2;4;4;2;NRP;;;;2;1;0;2;0;2;HARLEY-DAVIDSON;1450;SOFTAIL FAT BOY;CUSTOM;2;2001;38;2;1;20000;7;DUCATI;350;350 MARK3 D;ROADSTER;2;1971;38;4;1;500;7;;;;;;;;;;;;;;;;;;;;;;;;;;;;;;;;;;20500;2;4;8;9;;;;;;NRP;NRP;NRP;1977;NRP;1978;1978;1982;NRP
1409;7388;;0;;;;;;;;;;;;;;;;;;;;;;;;;;;;;;;;;;;;;;;;;;;;;;;;;;;;;;;;;;;;;;;;;;;;;;;;;;;;;;;;;;;;;;;;;;;;;;;;;;;;;;;;;;;;;;;;;;;;;;;;;;;;;;;;;;;;;;;;;;;;;;;;;;;;;;;;;;;;;;;;;;;;;;;;;;;;;;;;;;;;;;;;;;;;;;;;;;;;;;;;;;;;;;;;;;;;;;;;;;;;;;;;;;;;;;;;;;;;;;;;;;;;;;;;;;;;;;;;;;;;;;;;;;;;;;;;;;;;;;;;;;31MAY1967;5;2;3;2;3;4;1;NRP;;;;2;0;0;1;0;1;YAMAHA;1200;XTZ SUPER TENERE;TRAIL / SUPERMOTARD;2;2010;40;2;1;7000;7;;;;;;;;;;;;;;;;;;;;;;;;;;;;;;;;;;;;;;;;;;;;;7000;3;4;;;;;;;;NRP;NRP;NRP;NRP;1992;NRP;NRP;1985;NRP
1635;7392;;0;;;;;;;;;;;;;;;;;;;;;;;;;;;;;;;;;;;;;;;;;;;;;;;;;;;;;;;;;;;;;;;;;;;;;;;;;;;;;;;;;;;;;;;;;;;;;;;;;;;;;;;;;;;;;;;;;;;;;;;;;;;;;;;;;;;;;;;;;;;;;;;;;;;;;;;;;;;;;;;;;;;;;;;;;;;;;;;;;;;;;;;;;;;;;;;;;;;;;;;;;;;;;;;;;;;;;;;;;;;;;;;;;;;;;;;;;;;;;;;;;;;;;;;;;;;;;;;;;;;;;;;;;;;;;;;;;;;;;;;;;;11JAN1959;7;2;3;2;4;4;2;NRP;;;;1;0;0;2;0;1;HONDA;600;TRANSALP +35KW;TRAIL / SUPERMOTARD;2;1998;40;2;1;6000;7;;;;;;;;;;;;;;;;;;;;;;;;;;;;;;;;;;;;;;;;;;;;;6000;3;4;;;;;;;;NRP;NRP;NRP;NRP;1980;NRP;NRP;1982;NRP
820;7397;83;1;0;3;;;;;;0;4;;;;;;0;6;;;;;;0;6;;;;;;0;3;;;;;;0;3;;;;;;0;1;;;;;;1;5;2009;;;;;0;2;;;;;;0;3;;;;;;0;5;;;;;;0;2;;;;;;0;3;;;;;;0;2;;;;;;0;;;;;;;;;;;;;;;;;;;39;0;39;1;36;8;2009;;2009;Vous avez fait une sortie de route, une perte de contrôle ou une glissade puis avez percuté un obstacle fixe (panneau, arbre poteau …).;3;;;;;;;Un animal est sorti d'un buisson. Par reflex, j'ai voulu l'éviter et suis sorti de la route;manque de concentration et donc effet de surprise;Freinage d'urgence non controlé sur revetement instable;3;1;Concentration sur la route et la conduite;tete en l'air;;2;0;;;;;;6;;;;;;;;;;;;1;;perte de controle total;4;1;2;;1;4;3;2;3;1;2;3;4;4;4;1;4;1;4;;;;;;;;1;3;5;;;;;;;2;2;;2;2;1;1;70;0;30;0;0;2;;;;;;1;1;7;;;2;1;2;3;;;;;;1;0;3;2;3;;0;100;1;2;3;4;7;9;;;;;4;4;4;4;3;4;BMW;1200;R1200GS ADVENTURE ABS PACK;TRAIL / SUPERMOTARD;2;0;2;2;1;1;1;1;1;1;1;30000;12;3;1;YAMAHA;1300;FJR;Routière / GT;2;4;3;13NOV1957;3;2;3;2;3;4;1;NRP;;;;1;0;0;1;0;1;BMW;1200;R1200GS ADVENTURE  PACK;TRAIL / SUPERMOTARD;2;2010;22;1;1;10000;7;;;;;;;;;;;;;;;;;;;;;;;;;;;;;;;;;;;;;;;;;;;;;10000;3;4;;;;;;;;NRP;NRP;NRP;NRP;1977;NRP;NRP;1976;NRP
1822;7401;;1;0;6;;;;;;0;5;;;;;;0;6;;;;;;0;5;;;;;;1;6;1990;;;;;0;5;;;;;;0;5;;;;;;0;6;;;;;;3;4;NSP;NSP;NSP;;;0;5;;;;;;0;6;;;;;;0;2;;;;;;0;4;;;;;;2;5;1982;2000;;;;1;2;NSP;NSP;;;;Cavalaire;Toulon;;;;La camionnette que je depassai à fait un écart pour doubler à son tour en même temps et m'a percuté.;A un rond point un 2 roues circulant à ma droite a Continuer à tourner à gauche alors que moi j'allais à droite.;;;;0;3;2;0;32;1;67;14;2000;;;;;;;;;;;;;;;;;;;;;;;;;;;;;;;;;;;;;;;;;;;;;;;;;;;;;;;;;;;;;;;;;;;;;;;;;;;;;;;;;;;;;;;;;;;;;;;;;;;;;;;;;;;;;;;;;;;;;;;;;;;;;;;;;;;;;;;;;;;;;;;;;;;;;;;;;;;;;;01NOV1964;7;1;3;2;3;4;1;NRP;;;;2;0;0;1;0;1;KTM;990;ADVENTURE S;TRAIL / SUPERMOTARD;2;2007;37;1;2;5000;6;;;;;;;;;;;;;;;;;;;;;;;;;;;;;;;;;;;;;;;;;;;;;5000;2;4;9;;;;;;;NRP;NRP;NRP;1980;NRP;NRP;1983;1982;NRP
199;7405;;0;;;;;;;;;;;;;;;;;;;;;;;;;;;;;;;;;;;;;;;;;;;;;;;;;;;;;;;;;;;;;;;;;;;;;;;;;;;;;;;;;;;;;;;;;;;;;;;;;;;;;;;;;;;;;;;;;;;;;;;;;;;;;;;;;;;;;;;;;;;;;;;;;;;;;;;;;;;;;;;;;;;;;;;;;;;;;;;;;;;;;;;;;;;;;;;;;;;;;;;;;;;;;;;;;;;;;;;;;;;;;;;;;;;;;;;;;;;;;;;;;;;;;;;;;;;;;;;;;;;;;;;;;;;;;;;;;;;;;;;;;;29OCT1963;5;2;3;2;3;4;1;NRP;;;;2;0;0;2;0;2;BMW;1200;R1200GS;TRAIL / SUPERMOTARD;2;2004;31;2;3;8000;7;HONDA;125;CBR;Routière / GT;2;2007;31;1;2;6000;7;;;;;;;;;;;;;;;;;;;;;;;;;;;;;;;;;;14000;2;3;7;;;;;;;NRP;NRP;1981;1979;1995;NRP;NRP;NRP;NRP
1637;7408;;0;;;;;;;;;;;;;;;;;;;;;;;;;;;;;;;;;;;;;;;;;;;;;;;;;;;;;;;;;;;;;;;;;;;;;;;;;;;;;;;;;;;;;;;;;;;;;;;;;;;;;;;;;;;;;;;;;;;;;;;;;;;;;;;;;;;;;;;;;;;;;;;;;;;;;;;;;;;;;;;;;;;;;;;;;;;;;;;;;;;;;;;;;;;;;;;;;;;;;;;;;;;;;;;;;;;;;;;;;;;;;;;;;;;;;;;;;;;;;;;;;;;;;;;;;;;;;;;;;;;;;;;;;;;;;;;;;;;;;;;;;;10DEC1962;6;2;3;2;3;4;1;NRP;;;;3;0;0;1;0;1;YAMAHA;900;TDM ABS;ROADSTER;2;2011;29;1;2;7800;7;;;;;;;;;;;;;;;;;;;;;;;;;;;;;;;;;;;;;;;;;;;;;7800;3;4;;;;;;;;NRP;NRP;NRP;NRP;1986;NRP;NRP;1985;NRP
437;7409;275;1;0;3;;;;;;0;5;;;;;;0;3;;;;;;0;1;;;;;;0;5;;;;;;0;2;;;;;;0;3;;;;;;0;3;;;;;;0;2;;;;;;0;1;;;;;;0;3;;;;;;0;4;;;;;;0;3;;;;;;0;5;;;;;;1;1;1976;;;;;Vannes;;;;;"Le conducteur d'un ""coupé"" (porte longue) garé a ouvert sa porte juste quand je passais à sa hauteur, et le coin inférieur de la porte a découpé ma botte droite ; je suis ensuite tombé à faible vitesse.";;;;;0;0;0;2;50;1;71;15;1976;Vannes;1976;Autre(s) type(s) d'accident(s).;1;;;;;;;J'ai eu le pied droit gravement blessé par le coin inférieur de la portière brusquement ouverte d'une voiture garée, alors que j'allais moi même garer ma moto quelques mètres plus loin. Le conducteur de la voiture a ouvert sa portière sans regarder dans son rétroviseur extérieur. Il s'agissait d'un coupé 2 portes, donc celles ci particulièrement longues. Il faisait très froid, et j'avais délaissé mes bottes de vrai cuir pour des simili, mais fourrées. La botte droite a été cécoupée comme avec un rasoir, et mon pied aussi.;La distance entre les véhicules garés et ma moto était trop faible puisqu'elle ne tenait pas compte des tailles exceptionnelles de portières.;J'ai réussi d'éviter la chute immédiate, j'ai garé ma moto, et quand j'en suis descendu je me suis écroulé à côté. Le conducteur de la voiture en cause s'est immédiatement porté à mon secours, et c'est lui qui m'a emmené à l'hopital.;2;0;;;Il était trop tard pour faire une manoeuvre d'évitement de la portière;2;1;2;;Peut-être rétroviseur extérieur mal réglé, buée due au froid ?;2;Il s'agit d'erreur cumulées de part et d'autre : défaut de contrôle avant d'ouvrir la portière pour le conducteur, distance trop faible avec les véhicules garés pour ma part;1;2;6;;;;;3;1;;;;2;;Je cherchais une place pour garer ma moto, l'ouverture brusque d'une portière m'a totalement surpris, alors que j'aurai du l'envisager (ce que je fais maintenant toujours...);4;3;;;1;3;3;3;1;1;1;1;1;4;4;4;4;4;;;;;;;;;2;;;;;;;;;2;2;;2;1;1;1;50;50;0;0;0;2;;;;;;2;1;;;;2;1;7;;;;;;;1;0;2;1;3;;0;20;1;10;2;5;;;;;;;4;4;4;4;4;4;HONDA;700;DEAUVILLE C-ABS;Routière / GT;2;1;1;1;1;1;1;1;1;1;1;8000;12;4;1;HONDA;500;CB;ROADSTER;2;4;4;21APR1947;9;2;3;2;2;3;;NRP;;;;1;0;0;1;0;1;HONDA;700;DEAUVILLE C-ABS;Routière / GT;2;2011;28;1;1;6000;7;;;;;;;;;;;;;;;;;;;;;;;;;;;;;;;;;;;;;;;;;;;;;6000;3;4;;;;;;;;NRP;NRP;NRP;NRP;1970;NRP;NRP;1968;NRP
1761;7412;;1;0;4;;;;;;0;5;;;;;;0;6;;;;;;0;2;;;;;;1;5;1983;;;;;0;3;;;;;;0;2;;;;;;0;3;;;;;;0;2;;;;;;0;5;;;;;;0;5;;;;;;0;2;;;;;;0;2;;;;;;0;6;;;;;;0;;;;;;;;;;;;;;;;;;;2;2;36;1;21;5;1983;;;;;;;;;;;;;;;;;;;;;;;;;;;;;;;;;;;;;;;;;;;;;;;;;;;;;;;;;;;;;;;;;;;;;;;;;;;;;;;;;;;;;;;;;;;;;;;;;;;;;;;;;;;;;;;;;;;;;;;;;;;;;;;;;;;;;;;;;;;;;;;;;;;;;;;;;;;;;;24SEP1961;7;2;3;2;3;4;1;NRP;;;;2;3;1;3;0;3;HONDA;700;NC700XA (38KW);ROADSTER;2;2012;29;1;2;10000;7;TERROT;350;TYPE H;ROADSTER;2;1951;41;3;1;2000;7;HONDA;125;SH-I TOP BOX;SCOOTER;2;2008;29;1;2;5000;7;;;;;;;;;;;;;;;;;;;;;;;17000;2;3;4;;;;;;;NRP;NRP;NRP;1978;1980;NRP;NRP;1982;NRP
225;7420;;0;;;;;;;;;;;;;;;;;;;;;;;;;;;;;;;;;;;;;;;;;;;;;;;;;;;;;;;;;;;;;;;;;;;;;;;;;;;;;;;;;;;;;;;;;;;;;;;;;;;;;;;;;;;;;;;;;;;;;;;;;;;;;;;;;;;;;;;;;;;;;;;;;;;;;;;;;;;;;;;;;;;;;;;;;;;;;;;;;;;;;;;;;;;;;;;;;;;;;;;;;;;;;;;;;;;;;;;;;;;;;;;;;;;;;;;;;;;;;;;;;;;;;;;;;;;;;;;;;;;;;;;;;;;;;;;;;;;;;;;;;;04MAR1955;4;1;2;2;2;3;;NRP;;;;3;0;0;1;0;1;HONDA;1100;PAN EUROPEAN;Routière / GT;2;1999;37;2;1;15000;5;;;;;;;;;;;;;;;;;;;;;;;;;;;;;;;;;;;;;;;;;;;;;15000;3;4;;;;;;;;NRP;NRP;NRP;NRP;1981;NRP;NRP;1973;NRP
1459;7424;;1;1;6;2001;;;;;0;5;;;;;;0;6;;;;;;0;2;;;;;;0;6;;;;;;0;3;;;;;;0;3;;;;;;1;4;2002;;;;;0;3;;;;;;0;2;;;;;;0;4;;;;;;0;2;;;;;;0;3;;;;;;0;5;;;;;;1;1;2000;;;;;Abancourt 80;;;;;j' étais en ligne droite,un véhicule a coupé la ligne continue pour se garer a gauche de mon sens de circulation(il venait face a moi), j' ai du monter le trottoir a ma droite pour éviter l' accident et suis tombé(glissade)pour éviter un poteau électrique qui était sur ce trottoir(clavicule, plaie ouverte a la jambe, etc...);;;;;0;0;3;1;16;1;71;15;2000;Abancourt 80;;;;;;;;;;;;;;;;;;;;;;;;;;;;;;;;;;;;;;;;;;;;;;;;;;;;;;;;;;;;;;;;;;;;;;;;;;;;;;;;;;;;;;;;;;;;;;;;;;;;;;;;;;;;;;;;;;;;;;;;;;;;;;;;;;;;;;;;;;;;;;;;;;;;;;;;;;;;;07MAY1954;11;2;3;2;2;3;;NRP;;;;1;0;0;1;0;1;HONDA;800;VFR-F;Routière / GT;2;1998;28;3;1;4000;7;;;;;;;;;;;;;;;;;;;;;;;;;;;;;;;;;;;;;;;;;;;;;4000;3;4;;;;;;;;NRP;NRP;NRP;NRP;1973;NRP;NRP;1999;NRP
1519;7425;;1;0;4;;;;;;0;4;;;;;;0;4;;;;;;0;3;;;;;;0;5;;;;;;0;5;;;;;;0;3;;;;;;1;4;2013;;;;;0;5;;;;;;0;2;;;;;;0;4;;;;;;0;1;;;;;;0;4;;;;;;0;6;;;;;;0;;;;;;;;;;;;;;;;;;;0;2;3;1;36;8;2013;;;;;;;;;;;;;;;;;;;;;;;;;;;;;;;;;;;;;;;;;;;;;;;;;;;;;;;;;;;;;;;;;;;;;;;;;;;;;;;;;;;;;;;;;;;;;;;;;;;;;;;;;;;;;;;;;;;;;;;;;;;;;;;;;;;;;;;;;;;;;;;;;;;;;;;;;;;;;;16AUG1982;5;2;3;2;2;3;;NRP;;;;1;0;0;1;0;1;HONDA;600;HORNET;ROADSTER;2;2011;10;1;2;4000;7;;;;;;;;;;;;;;;;;;;;;;;;;;;;;;;;;;;;;;;;;;;;;4000;3;4;;;;;;;;NRP;NRP;NRP;NRP;2012;NRP;NRP;2000;NRP
363;7429;;0;;;;;;;;;;;;;;;;;;;;;;;;;;;;;;;;;;;;;;;;;;;;;;;;;;;;;;;;;;;;;;;;;;;;;;;;;;;;;;;;;;;;;;;;;;;;;;;;;;;;;;;;;;;;;;;;;;;;;;;;;;;;;;;;;;;;;;;;;;;;;;;;;;;;;;;;;;;;;;;;;;;;;;;;;;;;;;;;;;;;;;;;;;;;;;;;;;;;;;;;;;;;;;;;;;;;;;;;;;;;;;;;;;;;;;;;;;;;;;;;;;;;;;;;;;;;;;;;;;;;;;;;;;;;;;;;;;;;;;;;;;23MAR1965;5;1;3;2;4;4;2;NRP;;;;3;0;0;2;0;2;HARLEY-DAVIDSON;1800;ULTRA CLAS' ELEC'GLIDE ABS CVO;Routière / GT;2;2008;37;3;1;8000;7;TRIUMPH;900;AMERICA  34CV;CUSTOM;2;2002;37;2;2;6000;7;;;;;;;;;;;;;;;;;;;;;;;;;;;;;;;;;;14000;2;4;8;9;;;;;;NRP;NRP;NRP;1983;NRP;2009;2009;1983;NRP
414;7430;;0;;;;;;;;;;;;;;;;;;;;;;;;;;;;;;;;;;;;;;;;;;;;;;;;;;;;;;;;;;;;;;;;;;;;;;;;;;;;;;;;;;;;;;;;;;;;;;;;;;;;;;;;;;;;;;;;;;;;;;;;;;;;;;;;;;;;;;;;;;;;;;;;;;;;;;;;;;;;;;;;;;;;;;;;;;;;;;;;;;;;;;;;;;;;;;;;;;;;;;;;;;;;;;;;;;;;;;;;;;;;;;;;;;;;;;;;;;;;;;;;;;;;;;;;;;;;;;;;;;;;;;;;;;;;;;;;;;;;;;;;;;10MAY1947;5;2;3;2;2;3;;NRP;;;;4;1;0;1;0;1;YAMAHA;900;XJS DIVERSION;Routière / GT;2;2001;16;2;1;6000;4;;;;;;;;;;;;;;;;;;;;;;;;;;;;;;;;;;;;;;;;;;;;;6000;2;3;;;;;;;;NRP;NRP;NRP;1965;1998;NRP;NRP;NRP;NRP
1201;7431;;1;0;3;;;;;;1;4;1974;;;;;1;5;1974;;;;;0;2;;;;;;0;5;;;;;;0;2;;;;;;0;2;;;;;;1;3;1994;;;;;1;5;1994;;;;;0;2;;;;;;0;3;;;;;;0;1;;;;;;1;4;1974;;;;;0;5;;;;;;1;1;1986;;;;;Velaux;;;;;j'ai heurte un chien qui traversait une route de campagne;;;;;0;0;2;2;40;1;36;8;1994;;;;;;;;;;;;;;;;;;;;;;;;;;;;;;;;;;;;;;;;;;;;;;;;;;;;;;;;;;;;;;;;;;;;;;;;;;;;;;;;;;;;;;;;;;;;;;;;;;;;;;;;;;;;;;;;;;;;;;;;;;;;;;;;;;;;;;;;;;;;;;;;;;;;;;;;;;;;;;30MAR1957;5;1;3;2;4;4;2;NRP;;;;3;0;0;3;1;4;HONDA;650;DOMINATOR;TRAIL / SUPERMOTARD;2;1991;37;1;2;15000;7;KAWASAKI;500;KLE;TRAIL / SUPERMOTARD;2;1996;37;1;2;10000;7;KAWASAKI;750;ZR-7;ROADSTER;2;1999;37;1;2;5000;7;ADLY;300;QUAD 300S;QUAD;2;2010;37;4;1;1000;7;;;;;;;;;;;;31000;2;3;4;;;;;;;NRP;NRP;NRP;1973;1975;NRP;NRP;1975;NRP