Ligne;Ligne Q qualif;Ligne approfondissement Accident;ACCIDENT;NBACC1;ACCFREQUENCE1;ANNEEACC1_1;ANNEEACC1_2;ANNEEACC1_3;ANNEEACC1_4;ANNEEACC1_5;NBACC2;ACCFREQUENCE2;ANNEEACC2_1;ANNEEACC2_2;ANNEEACC2_3;ANNEEACC2_4;ANNEEACC2_5;NBACC3;ACCFREQUENCE3;ANNEEACC3_1;ANNEEACC3_2;ANNEEACC3_3;ANNEEACC3_4;ANNEEACC3_5;NBACC4;ACCFREQUENCE4;ANNEEACC4_1;ANNEEACC4_2;ANNEEACC4_3;ANNEEACC4_4;ANNEEACC4_5;NBACC5;ACCFREQUENCE5;ANNEEACC5_1;ANNEEACC5_2;ANNEEACC5_3;ANNEEACC5_4;ANNEEACC5_5;NBACC6;ACCFREQUENCE6;ANNEEACC6_1;ANNEEACC6_2;ANNEEACC6_3;ANNEEACC6_4;ANNEEACC6_5;NBACC7;ACCFREQUENCE7;ANNEEACC7_1;ANNEEACC7_2;ANNEEACC7_3;ANNEEACC7_4;ANNEEACC7_5;NBACC8;ACCFREQUENCE8;ANNEEACC8_1;ANNEEACC8_2;ANNEEACC8_3;ANNEEACC8_4;ANNEEACC8_5;NBACC9;ACCFREQUENCE9;ANNEEACC9_1;ANNEEACC9_2;ANNEEACC9_3;ANNEEACC9_4;ANNEEACC9_5;NBACC10;ACCFREQUENCE10;ANNEEACC10_1;ANNEEACC10_2;ANNEEACC10_3;ANNEEACC10_4;ANNEEACC10_5;NBACC11;ACCFREQUENCE11;ANNEEACC11_1;ANNEEACC11_2;ANNEEACC11_3;ANNEEACC11_4;ANNEEACC11_5;NBACC12;ACCFREQUENCE12;ANNEEACC12_1;ANNEEACC12_2;ANNEEACC12_3;ANNEEACC12_4;ANNEEACC12_5;NBACC13;ACCFREQUENCE13;ANNEEACC13_1;ANNEEACC13_2;ANNEEACC13_3;ANNEEACC13_4;ANNEEACC13_5;NBACC14;ACCFREQUENCE14;ANNEEACC14_1;ANNEEACC14_2;ANNEEACC14_3;ANNEEACC14_4;ANNEEACC14_5;AUTRESACC;NBAUTRESACC;ANNEEAUTREACC1;ANNEEAUTREACC2;ANNEEAUTREACC3;ANNEEAUTREACC4;ANNEEAUTREACC5;LIEUAUTREACC1;LIEUAUTREACC2;LIEUAUTREACC3;LIEUAUTREACC4;LIEUAUTREACC5;DESCRIPTIONAUTRESACC1;DESCRIPTIONAUTRESACC2;DESCRIPTIONAUTRESACC3;DESCRIPTIONAUTRESACC4;DESCRIPTIONAUTRESACC5;NBAUTRESACCCIRCUIT;NBAUTRESTOUTTERRAIN;EXPCYCLO;EXP125;EXPSUP125;ACCORDNEXTQ;CHOIXACC;RGPMTACC;RECUPANNEE;RECUPLIEU;RECUPANNE;RGPMTAC;CHOIX1;CHOIX2;CHOIX3;CHOIX4;CHOIX5;CHOIX6;CHOIX7;DESCRIPTION;RUPTURE;FAITS;ABS_REACTION;AUTRE_REACTION;PRECISIONREACTIONOUI;RECUL;PRECISIONREACTIONNON;IMPACTCOMPORTEMENT;AUTREUSAGER;REACTIONAUTREUSAGER;CONNAISSANCEREACTIONUSAGER;DIFFICULTES;AGGRAVATION;DIFFICULTES2;EMOTIONS1;EMOTIONS2;EMOTIONS3;EMOTIONS4;EMOTIONS5;EMOTIONS6;AUTRESENTIMENT;CLASSEMENTEMOTIONS1;CLASSEMENTEMOTIONS;CLASSEMENTEMOTIONS5;CLASSEMENTEMOTIONS6;CLASSEMENTEMOTIONS7;CLASSEMENTEMOTIONS8;CLASSEMENTEMOTIONS9;EXPLICATIONRESSENTI;BIENEQUIPE;ALLURE;ALLUREVITEDETAIL;ALLURELENTEDETAIL;SITUATIONPRESSE;SITUATIONDISTRAIT;SITUATIONCONFIANT;SITUATIONCONTROLE;SITUATIONLUDIQUE;SITUATIONPERF;SITUATIONSTRESS;SITUATIONFATIGUE;HUMEURNEUTRE;HUMEURGAI;HUMEURMECONTENT;HUMEURTRISTE;HUMEURCOLERE;CONTRIBUTION1;CONTRIBUTION2;CONTRIBUTION3;CONTRIBUTION4;CONTRIBUTION5;CONTRIBUTION6;CONTRIBUTION7;CONTRIBUTION8;CONTRIBUTION9;ROLEINFRA;ELEMENTINFRA1;ELEMENTINFRA2;ELEMENTINFRA3;ELEMENTINFRA4;ELEMENTINFRA5;ELEMENTINFRA6;ELEMENTINFRA7;ELEMENTINFRA8;ELEMENTINFRA9;ALCOOL;TXALCOOL;STUP;SEMAINE;MOMENTJOURNEE;TEMPS;CAUSEACC1;CAUSEACC2;CAUSEACC3;CAUSEACC4;CAUSEACC5;FORMATIONCAUSE;FORMATION1;FORMATION2;FORMATION3;FORMATION4;FORMATION5;TRAFIC;CHAUSSEE1;CHAUSSEE2;CHAUSSEE3;CHAUSSEE4;TYPEACC;BLESSURE;TETE;COU;THORAX;MEMBRESSUP;COLONNE;BASSIN;MEMBRESINF;HOPITAL;PLUS24H;TRAJET;TYPEROUTE;MOTIF;SENSTRAJET;PASSAGER;VITESSE;DESCEQ1;DESCEQ2;DESCEQ3;DESCEQ4;DESCEQ5;DESCEQ6;DESCEQ7;DESCEQ8;DESCEQ9;DESCEQ10;VEHICULEETE;VEHICULEAUTOMNE;VEHICULEPRINTEMPS;VEHICULEHIVER;VEHICULESEMAINE;VEHICULEWE;VEHMARQUE;VEHCYLINDREE;VEHMODELE;VEHSEGMENT;VEHSIDE;EQ2RMABS;EQ2RMCBS;EQ2RMABSCBS;EQ2RMREGULATEUR;EQ2RMLIMITEUR;EQ2RMPHARESDIRECT;EQ2RMCOUPURE;EQ2RMANTIPATINAGE;EQ2RMANTIXHEELING;EQ2RMSTABILILTE;VEHKM;POINTS;DUREE;AUTRE2RM;VEHPRECMARQUE;VEHPRECCYLINDREE;VEHPRECMODELE;VEHPRECSEGMENT;VEHPRECSIDE;TEMPS2RMPREC;FREQVEHPREC;DATE_NAISS;CSP;SOCIETAIRE;SALARIE;SECTEUR2RM;NBPERSFOYER;SITFAM;NBENF;TRNBENF1;TRNBENF2;TRNBENF3;TRNBENF4;NBAUTOFOYER;NBCYCLOFOYER;NBSCOOTFOYER;NBMOTOFOYER;NBTRIKEFOYER;NB2RMCONDUIT;MARQUE1;CYLINDREE1;MODELE1;SEGMENT1;SIDE1;ANMISECIRCU1;ASS1;FREQ1;USAGE1;NBKM1;GARAGE1;MARQUE2;CYLINDREE2;MODELE2;SEGMENT2;SIDE2;ANMISECIRCU2;ASS2;FREQ2;USAGE2;NBKM2;GARAGE2;MARQUE3;CYLINDREE3;MODELE3;SEGMENT3;SIDE3;ANMISECIRCU3;ASS3;FREQ3;USAGE3;NBKM3;GARAGE3;MARQUE4;CYLINDREE4;MODELE4;SEGMENT4;SIDE4;ANMISECIRCU4;ASS4;FREQ4;USAGE4;NBKM4;GARAGE4;MARQUE5;CYLINDREE5;MODELE5;SEGMENT5;SIDE5;ANMISECIRCU5;ASS5;FREQ5;USAGE5;NBKM5;GARAGE5;NBKMTOT;PERMIS1;PERMIS2;PERMIS3;PERMIS4;PERMIS5;PERMIS6;PERMIS7;PERMIS8;PERMIS9;ANPERMIS1;ANPERMIS6;ANPERMIS7;ANPERMIS2;ANPERMIS3;ANPERMIS8;ANPERMIS9;ANPERMIS4;ANPERMIS5
1111;7437;;1;0;6;;;;;;0;5;;;;;;0;5;;;;;;0;4;;;;;;0;5;;;;;;0;5;;;;;;0;4;;;;;;0;3;;;;;;1;5;2009;;;;;0;5;;;;;;2;4;2011;NSP;;;;0;5;;;;;;0;5;;;;;;0;4;;;;;;0;;;;;;;;;;;;;;;;;;;5;8;0;1;52;11;0;;;;;;;;;;;;;;;;;;;;;;;;;;;;;;;;;;;;;;;;;;;;;;;;;;;;;;;;;;;;;;;;;;;;;;;;;;;;;;;;;;;;;;;;;;;;;;;;;;;;;;;;;;;;;;;;;;;;;;;;;;;;;;;;;;;;;;;;;;;;;;;;;;;;;;;;;;;;;;07OCT1970;5;1;1;1;4;4;2;NRP;;;;2;0;1;0;0;1;YAMAHA;125;X-CITY PACK;SCOOTER;2;2009;37;1;2;2500;4;;;;;;;;;;;;;;;;;;;;;;;;;;;;;;;;;;;;;;;;;;;;;2500;3;4;;;;;;;;NRP;NRP;NRP;NRP;1993;NRP;NRP;1988;NRP
559;7442;;0;;;;;;;;;;;;;;;;;;;;;;;;;;;;;;;;;;;;;;;;;;;;;;;;;;;;;;;;;;;;;;;;;;;;;;;;;;;;;;;;;;;;;;;;;;;;;;;;;;;;;;;;;;;;;;;;;;;;;;;;;;;;;;;;;;;;;;;;;;;;;;;;;;;;;;;;;;;;;;;;;;;;;;;;;;;;;;;;;;;;;;;;;;;;;;;;;;;;;;;;;;;;;;;;;;;;;;;;;;;;;;;;;;;;;;;;;;;;;;;;;;;;;;;;;;;;;;;;;;;;;;;;;;;;;;;;;;;;;;;;;;08APR1963;8;1;3;2;1;1;;NRP;;;;1;0;0;2;0;1;TRIUMPH;955;SPRINT RS;Routière / GT;2;2005;37;3;1;6000;7;;;;;;;;;;;;;;;;;;;;;;;;;;;;;;;;;;;;;;;;;;;;;6000;3;4;;;;;;;;NRP;NRP;NRP;NRP;1999;NRP;NRP;1981;NRP
1336;7446;;1;0;2;;;;;;1;5;1998;;;;;0;5;;;;;;0;2;;;;;;0;5;;;;;;0;5;;;;;;0;3;;;;;;0;4;;;;;;0;4;;;;;;0;5;;;;;;0;5;;;;;;0;2;;;;;;0;2;;;;;;0;5;;;;;;0;;;;;;;;;;;;;;;;;;;4;0;18;1;6;2;1998;;;;;;;;;;;;;;;;;;;;;;;;;;;;;;;;;;;;;;;;;;;;;;;;;;;;;;;;;;;;;;;;;;;;;;;;;;;;;;;;;;;;;;;;;;;;;;;;;;;;;;;;;;;;;;;;;;;;;;;;;;;;;;;;;;;;;;;;;;;;;;;;;;;;;;;;;;;;;;09JAN1971;5;1;2;2;5;4;3;NRP;;;;2;0;0;2;0;2;BMW;1100;R1100S;Routière / GT;2;2005;37;3;1;3000;7;YAMAHA;600;FZ6-S FAZER;ROADSTER;2;1999;29;3;1;2000;7;;;;;;;;;;;;;;;;;;;;;;;;;;;;;;;;;;5000;3;4;;;;;;;;NRP;NRP;NRP;NRP;1996;NRP;NRP;1989;NRP
1577;7447;;1;0;5;;;;;;0;5;;;;;;0;5;;;;;;0;4;;;;;;0;5;;;;;;0;5;;;;;;0;5;;;;;;0;6;;;;;;1;6;1979;;;;;0;5;;;;;;0;6;;;;;;0;3;;;;;;0;5;;;;;;0;4;;;;;;0;;;;;;;;;;;;;;;;;;;2;2;4;1;41;9;1979;;;;;;;;;;;;;;;;;;;;;;;;;;;;;;;;;;;;;;;;;;;;;;;;;;;;;;;;;;;;;;;;;;;;;;;;;;;;;;;;;;;;;;;;;;;;;;;;;;;;;;;;;;;;;;;;;;;;;;;;;;;;;;;;;;;;;;;;;;;;;;;;;;;;;;;;;;;;;;12DEC1961;4;2;3;2;1;1;;NRP;;;;1;0;0;1;0;1;BMW;650;F650GS ABS;TRAIL / SUPERMOTARD;2;2007;29;1;2;12000;7;;;;;;;;;;;;;;;;;;;;;;;;;;;;;;;;;;;;;;;;;;;;;12000;3;;;;;;;;;NRP;NRP;NRP;NRP;1980;NRP;NRP;NRP;NRP
1236;7451;;1;0;5;;;;;;0;3;;;;;;0;6;;;;;;0;2;;;;;;0;5;;;;;;0;5;;;;;;0;2;;;;;;0;6;;;;;;1;4;2014;;;;;0;3;;;;;;0;3;;;;;;0;5;;;;;;0;2;;;;;;0;6;;;;;;0;;;;;;;;;;;;;;;;;;;4;2;14;0;;NRP;;;;;;;;;;;;;;;;;;;;;;;;;;;;;;;;;;;;;;;;;;;;;;;;;;;;;;;;;;;;;;;;;;;;;;;;;;;;;;;;;;;;;;;;;;;;;;;;;;;;;;;;;;;;;;;;;;;;;;;;;;;;;;;;;;;;;;;;;;;;;;;;;;;;;;;;;;;;;;;12APR1963;5;1;3;2;3;4;1;NRP;;;;3;0;0;3;0;3;DUCATI;999;999 SUPERBIKE BIPOSTO;SPORTIVE;2;2003;37;3;1;8000;7;TRIUMPH;1050;SPEED TRIPLE;ROADSTER;2;2003;16;3;1;2000;7;BUELL;1000;XB9-R FIREBOLT;SPORTIVE;2;2005;37;3;1;1000;7;;;;;;;;;;;;;;;;;;;;;;;11000;2;3;4;;;;;;;NRP;NRP;NRP;1988;2001;NRP;NRP;1981;NRP
633;7453;;1;0;4;;;;;;0;5;;;;;;0;5;;;;;;0;4;;;;;;1;5;2005;;;;;0;5;;;;;;0;2;;;;;;0;5;;;;;;2;6;2000;2006;;;;0;4;;;;;;1;6;2002;;;;;0;1;;;;;;0;2;;;;;;1;3;2010;;;;;1;2;2004;2007;;;;champigny/marne;paris;;;;Percuté par l'arrière alors que j'étais arrêté pour laisser traverser un piéton sur un passage protégé après un rond-point.;Percuté par l'arrière alors que j'étais arrêté au feu rouge.;;;;1;0;0;0;14;1;42;9;2006;;;;;;;;;;;;;;;;;;;;;;;;;;;;;;;;;;;;;;;;;;;;;;;;;;;;;;;;;;;;;;;;;;;;;;;;;;;;;;;;;;;;;;;;;;;;;;;;;;;;;;;;;;;;;;;;;;;;;;;;;;;;;;;;;;;;;;;;;;;;;;;;;;;;;;;;;;;;;;09SEP1981;5;1;3;2;2;5;0;NRP;;;;1;0;0;2;0;1;SUZUKI;1000;SV-S;SPORTIVE;2;2006;37;1;1;12000;7;;;;;;;;;;;;;;;;;;;;;;;;;;;;;;;;;;;;;;;;;;;;;12000;3;4;;;;;;;;NRP;NRP;NRP;NRP;2000;NRP;NRP;2001;NRP
1839;7454;;0;;;;;;;;;;;;;;;;;;;;;;;;;;;;;;;;;;;;;;;;;;;;;;;;;;;;;;;;;;;;;;;;;;;;;;;;;;;;;;;;;;;;;;;;;;;;;;;;;;;;;;;;;;;;;;;;;;;;;;;;;;;;;;;;;;;;;;;;;;;;;;;;;;;;;;;;;;;;;;;;;;;;;;;;;;;;;;;;;;;;;;;;;;;;;;;;;;;;;;;;;;;;;;;;;;;;;;;;;;;;;;;;;;;;;;;;;;;;;;;;;;;;;;;;;;;;;;;;;;;;;;;;;;;;;;;;;;;;;;;;;;24SEP1952;5;2;3;2;1;1;;NRP;;;;1;0;0;1;0;1;SUZUKI;125;DR-SM;TRAIL / SUPERMOTARD;2;2009;30;2;1;10000;4;;;;;;;;;;;;;;;;;;;;;;;;;;;;;;;;;;;;;;;;;;;;;10000;4;;;;;;;;;NRP;NRP;NRP;NRP;NRP;NRP;NRP;1973;NRP
1777;7456;;1;0;4;;;;;;0;4;;;;;;0;4;;;;;;0;3;;;;;;1;5;1987;;;;;0;2;;;;;;0;4;;;;;;0;3;;;;;;0;4;;;;;;0;4;;;;;;0;4;;;;;;0;3;;;;;;0;5;;;;;;0;4;;;;;;0;;;;;;;;;;;;;;;;;;;3;2;43;1;21;5;1987;;;;;;;;;;;;;;;;;;;;;;;;;;;;;;;;;;;;;;;;;;;;;;;;;;;;;;;;;;;;;;;;;;;;;;;;;;;;;;;;;;;;;;;;;;;;;;;;;;;;;;;;;;;;;;;;;;;;;;;;;;;;;;;;;;;;;;;;;;;;;;;;;;;;;;;;;;;;;;04MAR1953;8;2;3;2;1;1;;NRP;;;;1;0;0;1;0;1;BMW;1200;K1200LT FL;Routière / GT;2;2004;29;3;1;5000;7;;;;;;;;;;;;;;;;;;;;;;;;;;;;;;;;;;;;;;;;;;;;;5000;3;4;;;;;;;;NRP;NRP;NRP;NRP;1974;NRP;NRP;1972;NRP
1207;7457;;0;;;;;;;;;;;;;;;;;;;;;;;;;;;;;;;;;;;;;;;;;;;;;;;;;;;;;;;;;;;;;;;;;;;;;;;;;;;;;;;;;;;;;;;;;;;;;;;;;;;;;;;;;;;;;;;;;;;;;;;;;;;;;;;;;;;;;;;;;;;;;;;;;;;;;;;;;;;;;;;;;;;;;;;;;;;;;;;;;;;;;;;;;;;;;;;;;;;;;;;;;;;;;;;;;;;;;;;;;;;;;;;;;;;;;;;;;;;;;;;;;;;;;;;;;;;;;;;;;;;;;;;;;;;;;;;;;;;;;;;;;;24JAN1957;9;2;3;2;2;3;;NRP;;;;2;0;1;1;0;2;WANGYE;125;SCOOTER;SCOOTER;2;2011;37;3;1;1000;7;BMW;1300;K1300R;ROADSTER;2;2012;10;1;1;11000;7;;;;;;;;;;;;;;;;;;;;;;;;;;;;;;;;;;12000;3;4;;;;;;;;NRP;NRP;NRP;NRP;1979;NRP;NRP;1976;NRP
619;7460;;0;;;;;;;;;;;;;;;;;;;;;;;;;;;;;;;;;;;;;;;;;;;;;;;;;;;;;;;;;;;;;;;;;;;;;;;;;;;;;;;;;;;;;;;;;;;;;;;;;;;;;;;;;;;;;;;;;;;;;;;;;;;;;;;;;;;;;;;;;;;;;;;;;;;;;;;;;;;;;;;;;;;;;;;;;;;;;;;;;;;;;;;;;;;;;;;;;;;;;;;;;;;;;;;;;;;;;;;;;;;;;;;;;;;;;;;;;;;;;;;;;;;;;;;;;;;;;;;;;;;;;;;;;;;;;;;;;;;;;;;;;;22OCT1947;9;2;3;2;2;3;;NRP;;;;2;0;0;1;0;1;BMW;1200;R1200R ABS ASC +PACK;ROADSTER;2;2009;28;2;1;4000;7;;;;;;;;;;;;;;;;;;;;;;;;;;;;;;;;;;;;;;;;;;;;;4000;2;3;4;;;;;;;NRP;NRP;NRP;1963;2006;NRP;NRP;1965;NRP
1542;7463;;1;0;6;;;;;;0;5;;;;;;0;6;;;;;;0;4;;;;;;1;6;1982;;;;;0;5;;;;;;0;3;;;;;;0;3;;;;;;2;5;1977;1979;;;;0;4;;;;;;0;5;;;;;;0;4;;;;;;0;3;;;;;;0;5;;;;;;0;;;;;;;;;;;;;;;;;;;2;3;36;1;21;5;1982;;;;;;;;;;;;;;;;;;;;;;;;;;;;;;;;;;;;;;;;;;;;;;;;;;;;;;;;;;;;;;;;;;;;;;;;;;;;;;;;;;;;;;;;;;;;;;;;;;;;;;;;;;;;;;;;;;;;;;;;;;;;;;;;;;;;;;;;;;;;;;;;;;;;;;;;;;;;;;14APR1960;2;1;2;2;3;4;1;NRP;;;;1;0;0;3;0;3;HONDA;1100;CBR-XX IE SUPER BLACKBIRD;Routière / GT;2;1999;37;1;1;12000;7;HONDA;125;CBR;Routière / GT;2;2005;37;2;1;3000;7;YAMAHA;600;FZ6-S FAZER;ROADSTER;2;1999;37;3;1;5000;7;;;;;;;;;;;;;;;;;;;;;;;20000;2;3;4;;;;;;;NRP;NRP;NRP;1977;1978;NRP;NRP;1978;NRP
68;7468;310;1;0;4;;;;;;0;4;;;;;;0;4;;;;;;0;4;;;;;;0;6;;;;;;0;5;;;;;;0;3;;;;;;0;5;;;;;;2;5;2001;2013;;;;0;2;;;;;;0;5;;;;;;0;4;;;;;;0;4;;;;;;0;3;;;;;;0;;;;;;;;;;;;;;;;;;;4;2;2;1;41;9;2001;;2001;Vous avez fait une sortie de route, une perte de contrôle ou une glissade sans rien percuter.;4;;;;;;;"De ma faute, j'enregistrais une video de ""stunt"" qui a mal tournée.";"Envie de ""s'amuser""";Légère perte de contrôle puis panique irationnelle qui m'a fait perdre mes moyens. J'aurais dû garder mon calme et reprendre le contrôle.;NRP;1;Garder mon calme;Pas assez d'expérience;;2;0;;;;;;1;5;;;;;;1;;;;2;;;Manque d'expérience.;3;2;;1;1;4;3;2;3;1;2;1;1;1;4;4;4;7;8;;;;;;;;1;3;;;;;;;;2;2;;2;2;1;1;75;0;0;25;0;2;;;;;;4;1;7;;;2;1;4;;;;;;;1;0;1;2;3;;0;35;1;2;4;7;;;;;;;4;4;4;4;4;4;YAMAHA;125;TDR;TRAIL / SUPERMOTARD;2;1;1;1;1;1;1;1;1;1;1;NSP;12;3;1;PEUGEOT;50;ZENITH;SCOOTER;2;3;3;05JAN1983;7;2;3;2;3;4;1;NRP;;;;2;0;0;1;0;1;DUCATI;821;HYPERMOTARD;TRAIL / SUPERMOTARD;2;2013;10;2;1;15000;7;;;;;;;;;;;;;;;;;;;;;;;;;;;;;;;;;;;;;;;;;;;;;15000;2;3;4;;;;;;;NRP;NRP;NRP;1999;2001;NRP;NRP;2001;NRP
109;7475;226;1;0;5;;;;;;0;6;;;;;;0;6;;;;;;0;6;;;;;;0;5;;;;;;0;6;;;;;;0;3;;;;;;0;4;;;;;;1;4;2001;;;;;0;5;;;;;;0;5;;;;;;0;5;;;;;;0;3;;;;;;1;4;2000;;;;;0;;;;;;;;;;;;;;;;;;;3;5;20;1;41;9;2001;;2001;Vous avez fait une sortie de route, une perte de contrôle ou une glissade sans rien percuter.;1;;;;;;;Evolution lente, virage serré, gravier au sol, la roue avant s'est dérobé. Chute à basse vitesse.;le gravier au sol et la perte d'adhérence;Aucune autre personne impliquée. Aucune action de ma part. effet de surprise immédiat;2;1;porter d'avantage attention à la chaussée, ce qui m'aurait permis d'éviter de chuter;Moment d'inattention.;;2;0;;;;;;6;;;;;;;;;;;;1;;La roue s'était déjà dérobée, plus rien ne pouvait etre entrepris;4;3;;;2;3;3;2;2;1;1;2;3;4;4;4;4;4;;;;;;;;;1;3;;;;;;;;2;2;;2;2;1;1;30;0;0;70;0;2;;;;;;1;1;;;;2;1;7;;;;;;;0;;2;1;3;;0;30;1;2;3;4;;;;;;;4;4;4;4;4;4;SUZUKI;50;AP50F;SCOOTER;2;1;1;1;1;1;1;1;1;1;1;5000;12;3;0;;;;;;;;24JUL1965;6;1;3;2;3;4;1;NRP;;;;2;1;1;0;0;2;KYMCO;400;X-CITING;SCOOTER;2;2013;37;1;2;10000;7;KYMCO;50;LIKE 4T;SCOOTER;2;2013;37;3;1;1000;7;;;;;;;;;;;;;;;;;;;;;;;;;;;;;;;;;;11000;3;;;;;;;;;NRP;NRP;NRP;NRP;1994;NRP;NRP;NRP;NRP
162;7482;;0;;;;;;;;;;;;;;;;;;;;;;;;;;;;;;;;;;;;;;;;;;;;;;;;;;;;;;;;;;;;;;;;;;;;;;;;;;;;;;;;;;;;;;;;;;;;;;;;;;;;;;;;;;;;;;;;;;;;;;;;;;;;;;;;;;;;;;;;;;;;;;;;;;;;;;;;;;;;;;;;;;;;;;;;;;;;;;;;;;;;;;;;;;;;;;;;;;;;;;;;;;;;;;;;;;;;;;;;;;;;;;;;;;;;;;;;;;;;;;;;;;;;;;;;;;;;;;;;;;;;;;;;;;;;;;;;;;;;;;;;;;08OCT1994;10;1;3;2;1;1;;NRP;;;;1;0;0;1;0;1;HONDA;125;NSR;SPORTIVE;2;1992;37;2;1;2000;4;;;;;;;;;;;;;;;;;;;;;;;;;;;;;;;;;;;;;;;;;;;;;2000;4;8;;;;;;;;NRP;NRP;NRP;NRP;NRP;2013;NRP;2012;NRP
341;7486;;0;;;;;;;;;;;;;;;;;;;;;;;;;;;;;;;;;;;;;;;;;;;;;;;;;;;;;;;;;;;;;;;;;;;;;;;;;;;;;;;;;;;;;;;;;;;;;;;;;;;;;;;;;;;;;;;;;;;;;;;;;;;;;;;;;;;;;;;;;;;;;;;;;;;;;;;;;;;;;;;;;;;;;;;;;;;;;;;;;;;;;;;;;;;;;;;;;;;;;;;;;;;;;;;;;;;;;;;;;;;;;;;;;;;;;;;;;;;;;;;;;;;;;;;;;;;;;;;;;;;;;;;;;;;;;;;;;;;;;;;;;;13MAY1968;5;1;3;2;1;1;;NRP;;;;0;0;0;1;0;1;KAWASAKI;1400;GTR;Routière / GT;2;2008;37;2;1;8000;7;;;;;;;;;;;;;;;;;;;;;;;;;;;;;;;;;;;;;;;;;;;;;8000;3;4;;;;;;;;NRP;NRP;NRP;NRP;1995;NRP;NRP;1986;NRP
1486;7487;;0;;;;;;;;;;;;;;;;;;;;;;;;;;;;;;;;;;;;;;;;;;;;;;;;;;;;;;;;;;;;;;;;;;;;;;;;;;;;;;;;;;;;;;;;;;;;;;;;;;;;;;;;;;;;;;;;;;;;;;;;;;;;;;;;;;;;;;;;;;;;;;;;;;;;;;;;;;;;;;;;;;;;;;;;;;;;;;;;;;;;;;;;;;;;;;;;;;;;;;;;;;;;;;;;;;;;;;;;;;;;;;;;;;;;;;;;;;;;;;;;;;;;;;;;;;;;;;;;;;;;;;;;;;;;;;;;;;;;;;;;;;28OCT1979;5;1;3;2;2;3;;NRP;;;;2;0;0;1;0;1;KAWASAKI;650;"ER-6 ""N"" ABS";ROADSTER;2;2009;37;2;2;8000;7;;;;;;;;;;;;;;;;;;;;;;;;;;;;;;;;;;;;;;;;;;;;;8000;3;4;;;;;;;;NRP;NRP;NRP;NRP;2013;NRP;NRP;1998;NRP
1167;7489;;0;;;;;;;;;;;;;;;;;;;;;;;;;;;;;;;;;;;;;;;;;;;;;;;;;;;;;;;;;;;;;;;;;;;;;;;;;;;;;;;;;;;;;;;;;;;;;;;;;;;;;;;;;;;;;;;;;;;;;;;;;;;;;;;;;;;;;;;;;;;;;;;;;;;;;;;;;;;;;;;;;;;;;;;;;;;;;;;;;;;;;;;;;;;;;;;;;;;;;;;;;;;;;;;;;;;;;;;;;;;;;;;;;;;;;;;;;;;;;;;;;;;;;;;;;;;;;;;;;;;;;;;;;;;;;;;;;;;;;;;;;;15JUL1966;7;1;3;2;3;4;1;NRP;;;;2;0;0;1;0;1;SUZUKI;1250;GSX-F TRAVEL EDITION;Routière / GT;2;2010;37;1;2;9000;7;;;;;;;;;;;;;;;;;;;;;;;;;;;;;;;;;;;;;;;;;;;;;9000;3;4;;;;;;;;NRP;NRP;NRP;NRP;2010;NRP;NRP;1984;NRP
135;7491;88;1;0;3;;;;;;0;1;;;;;;0;5;;;;;;0;2;;;;;;0;4;;;;;;0;3;;;;;;0;4;;;;;;0;3;;;;;;0;4;;;;;;0;3;;;;;;0;4;;;;;;0;1;;;;;;0;2;;;;;;0;4;;;;;;1;1;2010;;;;;Guipavas;;;;;sur voie express, panne de la moto, tentative d'arrêt sur bande d'arrêt d'urgence qui en fait était un bas côté non propre : gravillons et gadoue. la moto s'est couchée tout de suite, heureusement la voiture derrière a évité ma tête qui avait atterri sur la VE...1h à attendre que qq'un s'arrête....bref, peut-être une erreur de débutant ou d'inexpérience mais j'aurais pensé qu'un bas côté était dégagé pour s'arrêter en sécurité quel que soit le type de véhicule.;;;;;0;0;0;1;2;1;71;15;2010;Guipavas;2010;Autre(s) type(s) d'accident(s).;1;2;3;4;6;;;"en pleine descente sur la voie express, la moto commence à ralentir je décide de m'arrêter sur la bande d'arrêt d'urgence sauf que  je me rends compte en m'y engageant que ce n'était pas une BAU....mais juste un bas côté > gadoue et gravillons au rdv, pas le temps de dire ""ouf"" que, ayant freiné, me voilà par terre j'ai été bien sonnée (commotion cérébrale, traumatisme à l'épaule (bras en écharpe 3 semaines)...) mais surtout j'ai eu bcp de chance qu'aucune voiture n'était juste derrière moi, vu que ma tête et une partie de la moto sont tombées sur la voie de circulation ce qui m'a choquée outre l'accident c'est qu'en une heure, personne ne s'est arrêté pour m'aider malgré mon gilet jaune sur le dos!";gravilons + gadoue non signalés;"je me sens ralentir sur la voie de circulation et me vois vérifier mon compte tours....et constater qu'effectivement la moto ralentit! je me vois me diriger vers ce que je croyais être une BAU et je commence à freiner pour m'arrêter en douceur sauf que la BAU n'était pas une BAU mais un simple bas côté plein de gravillons et de boue à peine le temps de dire ""et m...e"" que j'ai senti le guidon tourner d'un coup sec et m'entrainer avec lui et la moto";AUT|manque de temps/ danger vu trop tard, sur l'instant;1;j'aurais pu ne pas freiner si j'avais vu plus tôt les gravillons et la boue j'aurais pu finir de décélérer sur la voie de circulation (mais s'arrêter sur une voie à 110 ce n'est jamais rassurant malgré les warnings allumés);j'ai vu les éléments (gravillons et boue) trop tard et n'avais pas la formation suffisante à l'époque (formation de 5h pour la 125) pour savoir à 100% que gadoue+ gravillons égalent danger et j'étais aussi en situation de stress en me sentant ralentir en pleine voie de circulation à 110 et même si j'ai essayé de rester calme, finalement la décision que j'ai prise (freiner) n'a pas été la bonne je roulais non accompagnée;;2;0;;;;;;1;2;6;8;;;;3;1;;;;2;;j'ai vu le danger trop tard, j'ai donc été surprise et n'ai pas pu réagir à temps;3;3;;;1;1;2;3;1;2;1;2;3;3;4;4;4;6;7;;;;;;;;1;5;;;;;;;;2;2;;2;2;1;1;15;0;0;85;0;1;1;AUT|j'ai dû insister pour avoir 2h supp. lors de la formation 125 car le moniteur estimait que la conduite sur plateau était suffisante pour conduire une 125 (j'ai changé de moto école pour le gros cubes et là formation excellente));;;;1;1;;;;2;1;1;4;7;;;;;1;0;2;AUT|sur voie express;3;;0;30;1;10;2;3;4;7;;;;;2;3;3;3;2;3;YAMAHA;125;TW;TRAIL / SUPERMOTARD;2;1;1;1;1;1;1;1;1;1;1;NSP;12;1;0;;;;;;;;06JUN1989;6;1;3;2;2;3;;NRP;;;;1;0;0;2;0;1;YAMAHA;600;XJ6;ROADSTER;2;2009;37;2;2;4600;7;;;;;;;;;;;;;;;;;;;;;;;;;;;;;;;;;;;;;;;;;;;;;4600;3;4;5;;;;;;;NRP;NRP;NRP;NRP;2011;NRP;NRP;2007;2009
1897;7492;;1;0;1;;;;;;1;4;2005;;;;;0;4;;;;;;0;2;;;;;;0;4;;;;;;0;4;;;;;;0;3;;;;;;0;4;;;;;;0;4;;;;;;0;3;;;;;;0;5;;;;;;0;2;;;;;;0;4;;;;;;0;4;;;;;;1;1;2010;;;;;94310;;;;;Je remonter en interfil. Circulation automobile saturée. et une voiture est passé de la voie de droite à la voie de gauche. Changement de direction brutale de la part de l'automobile. Pas de degats corporel ni mecanique.;;;;;0;0;6;3;3;1;71;15;2010;94310;;;;;;;;;;;;;;;;;;;;;;;;;;;;;;;;;;;;;;;;;;;;;;;;;;;;;;;;;;;;;;;;;;;;;;;;;;;;;;;;;;;;;;;;;;;;;;;;;;;;;;;;;;;;;;;;;;;;;;;;;;;;;;;;;;;;;;;;;;;;;;;;;;;;;;;;;;;;;18MAR1983;8;1;3;2;2;3;;NRP;;;;1;0;0;1;0;1;TRIUMPH;800;TIGER ABS;ROADSTER;2;2012;37;1;2;15000;7;;;;;;;;;;;;;;;;;;;;;;;;;;;;;;;;;;;;;;;;;;;;;15000;2;3;4;;;;;;;NRP;NRP;NRP;2012;2012;NRP;NRP;2001;NRP