Ligne;Ligne Q qualif;Ligne approfondissement Accident;ACCIDENT;NBACC1;ACCFREQUENCE1;ANNEEACC1_1;ANNEEACC1_2;ANNEEACC1_3;ANNEEACC1_4;ANNEEACC1_5;NBACC2;ACCFREQUENCE2;ANNEEACC2_1;ANNEEACC2_2;ANNEEACC2_3;ANNEEACC2_4;ANNEEACC2_5;NBACC3;ACCFREQUENCE3;ANNEEACC3_1;ANNEEACC3_2;ANNEEACC3_3;ANNEEACC3_4;ANNEEACC3_5;NBACC4;ACCFREQUENCE4;ANNEEACC4_1;ANNEEACC4_2;ANNEEACC4_3;ANNEEACC4_4;ANNEEACC4_5;NBACC5;ACCFREQUENCE5;ANNEEACC5_1;ANNEEACC5_2;ANNEEACC5_3;ANNEEACC5_4;ANNEEACC5_5;NBACC6;ACCFREQUENCE6;ANNEEACC6_1;ANNEEACC6_2;ANNEEACC6_3;ANNEEACC6_4;ANNEEACC6_5;NBACC7;ACCFREQUENCE7;ANNEEACC7_1;ANNEEACC7_2;ANNEEACC7_3;ANNEEACC7_4;ANNEEACC7_5;NBACC8;ACCFREQUENCE8;ANNEEACC8_1;ANNEEACC8_2;ANNEEACC8_3;ANNEEACC8_4;ANNEEACC8_5;NBACC9;ACCFREQUENCE9;ANNEEACC9_1;ANNEEACC9_2;ANNEEACC9_3;ANNEEACC9_4;ANNEEACC9_5;NBACC10;ACCFREQUENCE10;ANNEEACC10_1;ANNEEACC10_2;ANNEEACC10_3;ANNEEACC10_4;ANNEEACC10_5;NBACC11;ACCFREQUENCE11;ANNEEACC11_1;ANNEEACC11_2;ANNEEACC11_3;ANNEEACC11_4;ANNEEACC11_5;NBACC12;ACCFREQUENCE12;ANNEEACC12_1;ANNEEACC12_2;ANNEEACC12_3;ANNEEACC12_4;ANNEEACC12_5;NBACC13;ACCFREQUENCE13;ANNEEACC13_1;ANNEEACC13_2;ANNEEACC13_3;ANNEEACC13_4;ANNEEACC13_5;NBACC14;ACCFREQUENCE14;ANNEEACC14_1;ANNEEACC14_2;ANNEEACC14_3;ANNEEACC14_4;ANNEEACC14_5;AUTRESACC;NBAUTRESACC;ANNEEAUTREACC1;ANNEEAUTREACC2;ANNEEAUTREACC3;ANNEEAUTREACC4;ANNEEAUTREACC5;LIEUAUTREACC1;LIEUAUTREACC2;LIEUAUTREACC3;LIEUAUTREACC4;LIEUAUTREACC5;DESCRIPTIONAUTRESACC1;DESCRIPTIONAUTRESACC2;DESCRIPTIONAUTRESACC3;DESCRIPTIONAUTRESACC4;DESCRIPTIONAUTRESACC5;NBAUTRESACCCIRCUIT;NBAUTRESTOUTTERRAIN;EXPCYCLO;EXP125;EXPSUP125;ACCORDNEXTQ;CHOIXACC;RGPMTACC;RECUPANNEE;RECUPLIEU;RECUPANNE;RGPMTAC;CHOIX1;CHOIX2;CHOIX3;CHOIX4;CHOIX5;CHOIX6;CHOIX7;DESCRIPTION;RUPTURE;FAITS;ABS_REACTION;AUTRE_REACTION;PRECISIONREACTIONOUI;RECUL;PRECISIONREACTIONNON;IMPACTCOMPORTEMENT;AUTREUSAGER;REACTIONAUTREUSAGER;CONNAISSANCEREACTIONUSAGER;DIFFICULTES;AGGRAVATION;DIFFICULTES2;EMOTIONS1;EMOTIONS2;EMOTIONS3;EMOTIONS4;EMOTIONS5;EMOTIONS6;AUTRESENTIMENT;CLASSEMENTEMOTIONS1;CLASSEMENTEMOTIONS;CLASSEMENTEMOTIONS5;CLASSEMENTEMOTIONS6;CLASSEMENTEMOTIONS7;CLASSEMENTEMOTIONS8;CLASSEMENTEMOTIONS9;EXPLICATIONRESSENTI;BIENEQUIPE;ALLURE;ALLUREVITEDETAIL;ALLURELENTEDETAIL;SITUATIONPRESSE;SITUATIONDISTRAIT;SITUATIONCONFIANT;SITUATIONCONTROLE;SITUATIONLUDIQUE;SITUATIONPERF;SITUATIONSTRESS;SITUATIONFATIGUE;HUMEURNEUTRE;HUMEURGAI;HUMEURMECONTENT;HUMEURTRISTE;HUMEURCOLERE;CONTRIBUTION1;CONTRIBUTION2;CONTRIBUTION3;CONTRIBUTION4;CONTRIBUTION5;CONTRIBUTION6;CONTRIBUTION7;CONTRIBUTION8;CONTRIBUTION9;ROLEINFRA;ELEMENTINFRA1;ELEMENTINFRA2;ELEMENTINFRA3;ELEMENTINFRA4;ELEMENTINFRA5;ELEMENTINFRA6;ELEMENTINFRA7;ELEMENTINFRA8;ELEMENTINFRA9;ALCOOL;TXALCOOL;STUP;SEMAINE;MOMENTJOURNEE;TEMPS;CAUSEACC1;CAUSEACC2;CAUSEACC3;CAUSEACC4;CAUSEACC5;FORMATIONCAUSE;FORMATION1;FORMATION2;FORMATION3;FORMATION4;FORMATION5;TRAFIC;CHAUSSEE1;CHAUSSEE2;CHAUSSEE3;CHAUSSEE4;TYPEACC;BLESSURE;TETE;COU;THORAX;MEMBRESSUP;COLONNE;BASSIN;MEMBRESINF;HOPITAL;PLUS24H;TRAJET;TYPEROUTE;MOTIF;SENSTRAJET;PASSAGER;VITESSE;DESCEQ1;DESCEQ2;DESCEQ3;DESCEQ4;DESCEQ5;DESCEQ6;DESCEQ7;DESCEQ8;DESCEQ9;DESCEQ10;VEHICULEETE;VEHICULEAUTOMNE;VEHICULEPRINTEMPS;VEHICULEHIVER;VEHICULESEMAINE;VEHICULEWE;VEHMARQUE;VEHCYLINDREE;VEHMODELE;VEHSEGMENT;VEHSIDE;EQ2RMABS;EQ2RMCBS;EQ2RMABSCBS;EQ2RMREGULATEUR;EQ2RMLIMITEUR;EQ2RMPHARESDIRECT;EQ2RMCOUPURE;EQ2RMANTIPATINAGE;EQ2RMANTIXHEELING;EQ2RMSTABILILTE;VEHKM;POINTS;DUREE;AUTRE2RM;VEHPRECMARQUE;VEHPRECCYLINDREE;VEHPRECMODELE;VEHPRECSEGMENT;VEHPRECSIDE;TEMPS2RMPREC;FREQVEHPREC;DATE_NAISS;CSP;SOCIETAIRE;SALARIE;SECTEUR2RM;NBPERSFOYER;SITFAM;NBENF;TRNBENF1;TRNBENF2;TRNBENF3;TRNBENF4;NBAUTOFOYER;NBCYCLOFOYER;NBSCOOTFOYER;NBMOTOFOYER;NBTRIKEFOYER;NB2RMCONDUIT;MARQUE1;CYLINDREE1;MODELE1;SEGMENT1;SIDE1;ANMISECIRCU1;ASS1;FREQ1;USAGE1;NBKM1;GARAGE1;MARQUE2;CYLINDREE2;MODELE2;SEGMENT2;SIDE2;ANMISECIRCU2;ASS2;FREQ2;USAGE2;NBKM2;GARAGE2;MARQUE3;CYLINDREE3;MODELE3;SEGMENT3;SIDE3;ANMISECIRCU3;ASS3;FREQ3;USAGE3;NBKM3;GARAGE3;MARQUE4;CYLINDREE4;MODELE4;SEGMENT4;SIDE4;ANMISECIRCU4;ASS4;FREQ4;USAGE4;NBKM4;GARAGE4;MARQUE5;CYLINDREE5;MODELE5;SEGMENT5;SIDE5;ANMISECIRCU5;ASS5;FREQ5;USAGE5;NBKM5;GARAGE5;NBKMTOT;PERMIS1;PERMIS2;PERMIS3;PERMIS4;PERMIS5;PERMIS6;PERMIS7;PERMIS8;PERMIS9;ANPERMIS1;ANPERMIS6;ANPERMIS7;ANPERMIS2;ANPERMIS3;ANPERMIS8;ANPERMIS9;ANPERMIS4;ANPERMIS5
1083;7494;91;1;0;5;;;;;;0;5;;;;;;0;4;;;;;;0;3;;;;;;0;6;;;;;;0;3;;;;;;0;5;;;;;;0;4;;;;;;2;5;2001;2003;;;;0;2;;;;;;0;5;;;;;;0;2;;;;;;0;4;;;;;;0;1;;;;;;1;1;2004;;;;;campagne;;;;;choc avec sanglier;;;;;0;0;0;0;24;1;42;9;2003;;2003;Vous avez fait une sortie de route, une perte de contrôle ou une glissade sans rien percuter.;4;;;;;;;choc contre un sanglier sur une petite route de sologne à 23h, seul et pas d'éclairage.;fatigue (5h de route), pressé d'arriver, visière mouchettée;temps de réaction très court,décalage de la trajectoire sur la gauche (sangliers sur bas côté droit), choc, pas eu le temps de freiner;NRP;1;faire des pauses, réduire sa vitesse;j'étais attendu, trop pressé;;2;0;;;;;;7;;;;;;;;;;;;;;;4;1;3;;4;2;3;3;1;1;2;4;4;4;1;4;4;1;3;;;;;;;;2;;;;;;;;;2;2;;2;1;2;1;100;0;0;0;0;2;;;;;;1;1;;;;2;1;4;7;;;;;;1;0;3;2;3;;0;120;1;2;3;4;9;;;;;;4;4;4;4;4;4;YAMAHA;1000;FZ1 FAZER;ROADSTER;null;1;1;1;1;1;1;1;1;1;1;15000;12;4;1;TRIUMPH;900;TIGER;TRAIL / SUPERMOTARD;null;4;4;21DEC1971;7;1;3;2;5;4;3;NRP;;;;1;0;0;2;0;2;DUCATI;998;998 SUPERBIKE BIPOSTO;SPORTIVE;2;2002;37;3;1;1000;7;DUCATI;695;MONSTER;ROADSTER;2;2007;28;3;1;1000;7;;;;;;;;;;;;;;;;;;;;;;;;;;;;;;;;;;2000;3;4;;;;;;;;NRP;NRP;NRP;NRP;1994;NRP;NRP;1990;NRP
383;7497;;0;;;;;;;;;;;;;;;;;;;;;;;;;;;;;;;;;;;;;;;;;;;;;;;;;;;;;;;;;;;;;;;;;;;;;;;;;;;;;;;;;;;;;;;;;;;;;;;;;;;;;;;;;;;;;;;;;;;;;;;;;;;;;;;;;;;;;;;;;;;;;;;;;;;;;;;;;;;;;;;;;;;;;;;;;;;;;;;;;;;;;;;;;;;;;;;;;;;;;;;;;;;;;;;;;;;;;;;;;;;;;;;;;;;;;;;;;;;;;;;;;;;;;;;;;;;;;;;;;;;;;;;;;;;;;;;;;;;;;;;;;;27MAY1964;7;1;3;2;2;3;;NRP;;;;1;0;0;2;0;1;DUCATI;800;MONSTER S2R DARK;ROADSTER;2;2006;37;2;1;15;7;;;;;;;;;;;;;;;;;;;;;;;;;;;;;;;;;;;;;;;;;;;;;15;2;3;4;;;;;;;NRP;NRP;NRP;1982;2010;NRP;NRP;1982;NRP
930;7499;;0;;;;;;;;;;;;;;;;;;;;;;;;;;;;;;;;;;;;;;;;;;;;;;;;;;;;;;;;;;;;;;;;;;;;;;;;;;;;;;;;;;;;;;;;;;;;;;;;;;;;;;;;;;;;;;;;;;;;;;;;;;;;;;;;;;;;;;;;;;;;;;;;;;;;;;;;;;;;;;;;;;;;;;;;;;;;;;;;;;;;;;;;;;;;;;;;;;;;;;;;;;;;;;;;;;;;;;;;;;;;;;;;;;;;;;;;;;;;;;;;;;;;;;;;;;;;;;;;;;;;;;;;;;;;;;;;;;;;;;;;;;21JUL1969;11;1;3;2;4;4;2;NRP;;;;2;0;0;1;0;1;BMW;1000;K100RT;Routière / GT;2;1987;37;1;1;8000;7;;;;;;;;;;;;;;;;;;;;;;;;;;;;;;;;;;;;;;;;;;;;;8000;1;2;3;4;7;8;;;;2013;NRP;1988;1988;2013;2013;NRP;1988;NRP
672;7500;;1;0;2;;;;;;0;2;;;;;;1;4;NSP;;;;;0;1;;;;;;0;2;;;;;;0;2;;;;;;0;2;;;;;;0;4;;;;;;1;5;1993;;;;;0;4;;;;;;0;5;;;;;;0;2;;;;;;1;2;1993;;;;;1;2;2000;;;;;1;1;2014;;;;;Paris;;;;;Voiture qui me suivait qui m'a percuté par l'arrière, suite à un freinage à un carrefour;;;;;0;0;0;0;22;1;71;15;2014;Paris;;;;;;;;;;;;;;;;;;;;;;;;;;;;;;;;;;;;;;;;;;;;;;;;;;;;;;;;;;;;;;;;;;;;;;;;;;;;;;;;;;;;;;;;;;;;;;;;;;;;;;;;;;;;;;;;;;;;;;;;;;;;;;;;;;;;;;;;;;;;;;;;;;;;;;;;;;;;;19JUL1968;5;1;3;2;4;4;2;NRP;;;;2;0;0;1;0;1;HONDA;800;VFR-F V-TEC ABS;Routière / GT;2;2006;37;1;2;7000;7;;;;;;;;;;;;;;;;;;;;;;;;;;;;;;;;;;;;;;;;;;;;;7000;3;4;;;;;;;;NRP;NRP;NRP;NRP;1991;NRP;NRP;1987;NRP
1601;7501;;0;;;;;;;;;;;;;;;;;;;;;;;;;;;;;;;;;;;;;;;;;;;;;;;;;;;;;;;;;;;;;;;;;;;;;;;;;;;;;;;;;;;;;;;;;;;;;;;;;;;;;;;;;;;;;;;;;;;;;;;;;;;;;;;;;;;;;;;;;;;;;;;;;;;;;;;;;;;;;;;;;;;;;;;;;;;;;;;;;;;;;;;;;;;;;;;;;;;;;;;;;;;;;;;;;;;;;;;;;;;;;;;;;;;;;;;;;;;;;;;;;;;;;;;;;;;;;;;;;;;;;;;;;;;;;;;;;;;;;;;;;;21DEC1973;7;1;3;2;4;4;2;NRP;;;;1;0;0;1;0;1;HYOSUNG;125;GT-R;SPORTIVE;2;2007;37;1;2;4000;7;;;;;;;;;;;;;;;;;;;;;;;;;;;;;;;;;;;;;;;;;;;;;4000;4;5;;;;;;;;NRP;NRP;NRP;NRP;NRP;NRP;NRP;1997;2011
127;7502;;0;;;;;;;;;;;;;;;;;;;;;;;;;;;;;;;;;;;;;;;;;;;;;;;;;;;;;;;;;;;;;;;;;;;;;;;;;;;;;;;;;;;;;;;;;;;;;;;;;;;;;;;;;;;;;;;;;;;;;;;;;;;;;;;;;;;;;;;;;;;;;;;;;;;;;;;;;;;;;;;;;;;;;;;;;;;;;;;;;;;;;;;;;;;;;;;;;;;;;;;;;;;;;;;;;;;;;;;;;;;;;;;;;;;;;;;;;;;;;;;;;;;;;;;;;;;;;;;;;;;;;;;;;;;;;;;;;;;;;;;;;;13JAN1982;7;1;3;2;3;4;1;NRP;;;;2;4;0;4;0;3;KTM;990;SUPERDUKE R (BI PLACE);ROADSTER;2;2007;39;1;2;20000;7;YAMAHA;600;XTE;TRAIL / SUPERMOTARD;2;1997;29;3;1;10000;7;GAS GAS;250;EC ENDUCROSS;TOUT TERRAIN (TRIAL / ENDURO / CROSS);2;2008;37;3;1;5000;7;;;;;;;;;;;;;;;;;;;;;;;35000;3;;;;;;;;;NRP;NRP;NRP;NRP;2002;NRP;NRP;NRP;NRP
849;7504;424;1;0;4;;;;;;0;3;;;;;;0;3;;;;;;0;2;;;;;;1;4;1991;;;;;0;3;;;;;;0;4;;;;;;0;6;;;;;;1;5;1989;;;;;0;4;;;;;;0;4;;;;;;0;3;;;;;;0;3;;;;;;0;3;;;;;;0;;;;;;;;;;;;;;;;;;;4;3;17;1;21;5;1991;;1991;Vous circuliez sur un axe prioritaire. Un véhicule venant d’un axe non prioritaire vous a coupé la route.;2;4;5;;;;;En ville je pars en tête au feu vert, 100m plus loin une autre intersection non contrôlé par des feux, aucune route à ma droite mais une voie sur ma gauche.  Un véhicule arrivant de ma gauche(non prioritaire) et voulant prendre la même voie que moi en maitrisant difficilement son véhicule ma serré sur les véhicules en stationnement autorisé à ma droite face à ce carrefour.  Bilan fourche bloqué entre les deux voitures j'ai eu la chance d'être éjecter de la moto (je suis poids plume) sinon mes jambes auraient été écrasées des deux cotés.;Impossible pour moi d'anticiper les réactions du tiers. Le boulevard était très large il avait la place de me laissé passé a côté. Je pense que vu sa trajectoire il aurait de toutes façon emboutit les voitures en stationnement.;J'ai freiné fortement mais il arrivait trop vite et sans avoir fait la moindre attention a sa traversé de carrefour. Le véhicule qui me suivait a eu du mal à s'arrêter aussi.;NRP;0;;;cela c'est passé trop vite.;2;1;2;;il ne m'a pas vue ou n'a pas regarder.;NSP;NRP;3;6;;;;;;;;1;;;2;;La trajectoire du tiers était incompréhensible sur ce genre de carrefour.;4;3;;;2;2;2;4;3;1;1;1;2;4;4;4;4;5;;;;;;;;;2;;;;;;;;;2;2;;2;1;1;1;20;80;0;0;0;NSP;;;;;;2;1;;;;2;1;1;7;;;;;;1;0;1;1;1;2;0;50;1;10;2;3;5;;;;;;4;4;4;4;4;4;SUZUKI;125;RG GAMMA;SPORTIVE;2;1;1;1;1;1;1;1;1;1;1;NSP;12;3;1;PEUGEOT;50;102;ROADSTER;2;4;4;25MAR1972;7;1;3;2;4;4;2;NRP;;;;2;0;0;1;0;1;YAMAHA;600;FZ6-S FAZER;ROADSTER;2;1999;37;3;2;6000;7;;;;;;;;;;;;;;;;;;;;;;;;;;;;;;;;;;;;;;;;;;;;;6000;3;4;;;;;;;;NRP;NRP;NRP;NRP;1991;NRP;NRP;1991;NRP
43;7505;;0;;;;;;;;;;;;;;;;;;;;;;;;;;;;;;;;;;;;;;;;;;;;;;;;;;;;;;;;;;;;;;;;;;;;;;;;;;;;;;;;;;;;;;;;;;;;;;;;;;;;;;;;;;;;;;;;;;;;;;;;;;;;;;;;;;;;;;;;;;;;;;;;;;;;;;;;;;;;;;;;;;;;;;;;;;;;;;;;;;;;;;;;;;;;;;;;;;;;;;;;;;;;;;;;;;;;;;;;;;;;;;;;;;;;;;;;;;;;;;;;;;;;;;;;;;;;;;;;;;;;;;;;;;;;;;;;;;;;;;;;;;14AUG1955;7;1;3;2;2;3;;NRP;;;;1;0;0;1;0;1;HONDA;1800;GOLD WING 30TH;Routière / GT;2;2005;37;2;1;10000;4;;;;;;;;;;;;;;;;;;;;;;;;;;;;;;;;;;;;;;;;;;;;;10000;3;4;;;;;;;;NRP;NRP;NRP;NRP;1974;NRP;NRP;1974;NRP
1599;7507;;0;;;;;;;;;;;;;;;;;;;;;;;;;;;;;;;;;;;;;;;;;;;;;;;;;;;;;;;;;;;;;;;;;;;;;;;;;;;;;;;;;;;;;;;;;;;;;;;;;;;;;;;;;;;;;;;;;;;;;;;;;;;;;;;;;;;;;;;;;;;;;;;;;;;;;;;;;;;;;;;;;;;;;;;;;;;;;;;;;;;;;;;;;;;;;;;;;;;;;;;;;;;;;;;;;;;;;;;;;;;;;;;;;;;;;;;;;;;;;;;;;;;;;;;;;;;;;;;;;;;;;;;;;;;;;;;;;;;;;;;;;;04APR1981;7;1;3;2;1;1;;NRP;;;;2;0;0;3;0;3;YAMAHA;800;FAZER8 SP-R;ROADSTER;2;2011;29;3;1;1500;7;SUZUKI;450;RMX-Z IE;TOUT TERRAIN (TRIAL / ENDURO / CROSS);2;2013;37;3;1;1000;7;KTM;625;LC4 SUPERMOTO SC;TRAIL / SUPERMOTARD;2;1998;29;3;1;800;7;;;;;;;;;;;;;;;;;;;;;;;3300;2;4;;;;;;;;NRP;NRP;NRP;2002;NRP;NRP;NRP;1999;NRP
267;7508;;1;0;2;;;;;;0;4;;;;;;0;4;;;;;;0;4;;;;;;0;5;;;;;;0;3;;;;;;0;4;;;;;;1;4;2005;;;;;0;4;;;;;;0;4;;;;;;0;4;;;;;;0;3;;;;;;0;4;;;;;;0;4;;;;;;1;1;2011;;;;;aibes;;;;;au moment où je passais, un camion faisait demi tour dans un chemin agricole et s'est trouvé en travers des 2 voies de la route sur laquelle je circulais, a la sortie d'un virage en S. J'ai dû passer dans l'herbe pour le contourner et je suis tombé dans un fossé.;;;;;0;0;3;0;15;1;71;15;2011;aibes;;;;;;;;;;;;;;;;;;;;;;;;;;;;;;;;;;;;;;;;;;;;;;;;;;;;;;;;;;;;;;;;;;;;;;;;;;;;;;;;;;;;;;;;;;;;;;;;;;;;;;;;;;;;;;;;;;;;;;;;;;;;;;;;;;;;;;;;;;;;;;;;;;;;;;;;;;;;;03SEP1980;5;1;3;2;4;4;2;NRP;;;;2;0;0;3;0;3;SUZUKI;650;SV-N;ROADSTER;2;2004;29;2;2;4000;7;KAWASAKI;750;ZXR;SPORTIVE;2;1991;16;2;2;2000;7;HONDA;1000;VTR SP1;SPORTIVE;2;2000;37;2;2;2000;7;;;;;;;;;;;;;;;;;;;;;;;8000;3;4;;;;;;;;NRP;NRP;NRP;NRP;1999;NRP;NRP;1999;NRP
1749;7516;;0;;;;;;;;;;;;;;;;;;;;;;;;;;;;;;;;;;;;;;;;;;;;;;;;;;;;;;;;;;;;;;;;;;;;;;;;;;;;;;;;;;;;;;;;;;;;;;;;;;;;;;;;;;;;;;;;;;;;;;;;;;;;;;;;;;;;;;;;;;;;;;;;;;;;;;;;;;;;;;;;;;;;;;;;;;;;;;;;;;;;;;;;;;;;;;;;;;;;;;;;;;;;;;;;;;;;;;;;;;;;;;;;;;;;;;;;;;;;;;;;;;;;;;;;;;;;;;;;;;;;;;;;;;;;;;;;;;;;;;;;;;01JUL1956;9;1;3;2;2;3;;NRP;;;;2;0;0;6;0;6;HONDA;1300;PAN EUROPEAN C-ABS;Routière / GT;2;2007;37;3;1;6000;7;BMW;1000;"R100R ""CLASSIC""";ROADSTER;2;1993;16;1;1;4000;7;BULTACO;350;SHERPA;TOUT TERRAIN (TRIAL / ENDURO / CROSS);2;1980;16;3;1;500;7;BETAMOTOR;250;REV3;TOUT TERRAIN (TRIAL / ENDURO / CROSS);2;2000;16;4;1;200;7;YAMAHA;500;XS;ROADSTER;2;1976;16;3;1;500;7;11200;3;;;;;;;;;NRP;NRP;NRP;NRP;1977;NRP;NRP;NRP;NRP
524;7517;;1;0;5;;;;;;0;5;;;;;;0;6;;;;;;0;5;;;;;;0;3;;;;;;0;3;;;;;;0;5;;;;;;0;5;;;;;;0;5;;;;;;0;6;;;;;;0;6;;;;;;1;4;2014;;;;;0;3;;;;;;0;3;;;;;;1;1;2014;;;;;malzeville;;;;;Feu passant au vert, j'ai anticipé le démarrage du véhicule devant moi. Choc ultra minime mais la conductrice a insisté pour faire un constat, l'assureur me blâme de la responsabilité, normal. Résultat : aucun dégât sur sa voiture ou ma moto mais..la rédaction de ce constat m'a rendu coupable de la responsabilité d'un accident et a augmenté les statistiques.;;;;;0;0;10;0;17;0;;NRP;;;;;;;;;;;;;;;;;;;;;;;;;;;;;;;;;;;;;;;;;;;;;;;;;;;;;;;;;;;;;;;;;;;;;;;;;;;;;;;;;;;;;;;;;;;;;;;;;;;;;;;;;;;;;;;;;;;;;;;;;;;;;;;;;;;;;;;;;;;;;;;;;;;;;;;;;;;;;;;07AUG1973;2;1;3;2;4;4;2;NRP;;;;1;0;0;2;0;2;YAMAHA;900;XJS DIVERSION;Routière / GT;2;1996;37;1;2;3000;4;HONDA;70;DAX;ROADSTER;2;1988;37;3;1;1000;4;;;;;;;;;;;;;;;;;;;;;;;;;;;;;;;;;;4000;3;4;;;;;;;;NRP;NRP;NRP;NRP;1998;NRP;NRP;1991;NRP
1551;7519;;1;0;3;;;;;;0;5;;;;;;0;4;;;;;;0;1;;;;;;0;2;;;;;;0;1;;;;;;0;2;;;;;;0;3;;;;;;5;6;2010;2011;2013;2014;2014;0;2;;;;;;0;3;;;;;;0;2;;;;;;0;2;;;;;;0;2;;;;;;0;;;;;;;;;;;;;;;;;;;14;4;10;1;44;9;2014;;;;;;;;;;;;;;;;;;;;;;;;;;;;;;;;;;;;;;;;;;;;;;;;;;;;;;;;;;;;;;;;;;;;;;;;;;;;;;;;;;;;;;;;;;;;;;;;;;;;;;;;;;;;;;;;;;;;;;;;;;;;;;;;;;;;;;;;;;;;;;;;;;;;;;;;;;;;;;29JAN1987;11;1;3;2;2;5;0;NRP;;;;1;0;0;2;0;2;KTM;690;SMC;TRAIL / SUPERMOTARD;2;2008;37;1;2;25000;7;YAMAHA;250;YZ HOMOLOGUEE;TOUT TERRAIN (TRIAL / ENDURO / CROSS);2;1992;37;2;1;3000;7;;;;;;;;;;;;;;;;;;;;;;;;;;;;;;;;;;28000;2;3;4;7;;;;;;NRP;NRP;2003;2003;2005;NRP;NRP;2007;NRP
211;7521;147;1;0;6;;;;;;0;4;;;;;;0;5;;;;;;0;5;;;;;;0;6;;;;;;0;6;;;;;;0;4;;;;;;0;3;;;;;;0;3;;;;;;0;6;;;;;;0;6;;;;;;0;5;;;;;;0;2;;;;;;0;5;;;;;;1;1;2012;;;;;armentières;;;;;Je redémarrais après un ralentissement de la circulation,une voiture m'a percutée par l'arrière;;;;;0;0;2;0;7;1;71;15;2012;armentières;2012;Autre(s) type(s) d'accident(s).;1;;;;;;;A l'arrêt derrière une voiture ,elle-même attendant que le bus devant elle tourne à gauche.Lors du redémarrage,une voiture m'a percutée à l'arrière.Comme elle venait d'une rue perpendiculaire avec en plus un cédez le passage,je pense que la conductrice surveillait si un véhicule arrivait,et du coup n'a pas regardé DEVANT elle...en plus elle m'a accusée de rouler trop vite,alors qu'elle m'a heurtée à l'arrière!!!;rien vu venir,puisque percutée par l'arrière;NRP;AUT|heurtée par l'arrière;0;;;cf circonstances de l'accident!;2;1;2;;Elle n'a pas vu le ralentissement..;1;NRP;7;;;;;;;;;;;;;;;4;4;;;1;1;4;4;1;1;1;1;1;3;4;4;4;10;;;;;;;;;2;;;;;;;;;2;2;;2;1;1;1;0;100;0;0;0;2;;;;;;4;1;;;;2;1;4;7;;;;;;1;0;1;1;1;1;0;5;1;2;3;4;9;;;;;;4;4;4;4;4;3;YAMAHA;1000;FZS FAZER;ROADSTER;2;1;1;1;1;1;1;1;1;1;1;40000;12;4;1;KAWASAKI;650;ER-6F;SPORTIVE;2;4;4;17JAN1958;4;1;3;2;2;3;;NRP;;;;2;0;0;1;0;1;KAWASAKI;1000;Z 1000 IE SX;Routière / GT;2;2013;37;1;2;13000;5;;;;;;;;;;;;;;;;;;;;;;;;;;;;;;;;;;;;;;;;;;;;;13000;2;3;4;7;;;;;;NRP;NRP;1977;1977;2007;NRP;NRP;1977;NRP
487;7522;305;1;0;6;;;;;;0;4;;;;;;0;6;;;;;;0;4;;;;;;0;5;;;;;;0;4;;;;;;0;4;;;;;;0;6;;;;;;2;5;2012;2014;;;;1;4;2013;;;;;0;5;;;;;;0;2;;;;;;1;5;2011;;;;;0;2;;;;;;1;1;2011;;;;;Gensac;;;;;Chute suite freinage appuyé car entré dans une rue étroite sur ma droite et me suis retrouvé nez à nez avec un bus scolaire occupant toute la largeur de la voie;;;;;0;0;4;5;5;1;46;10;2013;;2013;"Vous circuliez sur un axe constitué d’au moins "" 2 X 2 voies "" (en urbain, périphérique, autoroute, RN …). Un véhicule vous a coupé la route en changeant de voie pour se placer sur celle de droite.";4;;;;;;;"Rocade de Bordeaux un jeudi soir vers 18 h 00, premier jour de beau temps de l'année 2013. Circulation très dense. Nous sommes presqu'à l'arrêt. Je suis positionné à hauteur de la cabine d'un semi-remorque en interfile. La circulation accélère subitement, je me repositionne devant le camion sur la voie de droite. Je prends de la vitesse ( environ 60/70 km/h ), lorsque la voiture roulant légèrement devant moi sur la voie de gauche, mais qui avance à une vitesse inférieure à celle de droite, se rabat brutalement ( coup de volant ) sur celle-ci sans avertir ( clignotant ) ni contrôle de l'angle mort. Mon seul réflexe pour éviter l'accrochage a été de tirer sur la poignée de frein avant en amorçant une tentative d'évitement par la droite.Résultat, blocage de la roue avant et éjection de la moto. Chute sur le macadam avec mauvaise réception sur la jambe gauche ( fracture de la malléole externe ). Un motard qui me suivait ainsi qu'une ambulancière m'ont porté assistance et appelé les secours. La conductrice ""fautive"" s'est arrêtée et voyant que l'on s'occupait de moi à repris sa route sans que personne ne pense à relever son n° d'immatriculation. La CRS autoroutière n'a enregistré aucune déposition des témoins prétextant que je m'étais vautré tout seul comme un grand et que j'étais le seul responsable. Que faire quand on est immobilisé au sol ? Bilan : peu de dégâts sur la moto réparée par mes soins, 45 jours d'immobilisation de la cheville, 30 séances de kiné, 4 mois et demi d'arrêt de travail, 100 jours sans moto, équipement dégradé remboursé par l'assurance ( Mutuelle des Motards ), plainte contre X pour mis e en péril de la vie d'autrui classée sans suite ( tiers non identifié ), aucune séquelle physique.";Aucune indication de changement de voie de l'automobiliste et le coup de volant brutal lorsque l'arrière de son véhicule était à la hauteur de ma roue avant.;J'ai tiré très fortement sur la poignée de frein avant en tentant un évitement par la droite. L'automobiliste responsable de la manoeuvre dangereuse ne s'est rendue compte de rien elle a donc poursuivi son changement de voie.;NRP;0;;;C'était trop soudain, trop proche physiquement.;2;0;;;;;;7;;;;;;;;;;;;;;;3;3;;;1;1;2;4;1;1;1;1;4;3;4;4;4;10;;;;;;;;;2;;;;;;;;;2;2;;2;1;1;1;0;100;0;0;0;2;;;;;;3;1;;;;2;1;7;;;;;;;1;1;2;4;3;;0;75;1;10;2;3;4;7;;;;;4;4;4;4;4;2;HONDA;650;"FX ""VIGOR""";ROADSTER;2;1;1;1;1;1;1;0;1;1;1;24000;12;3;1;MOTO GUZZI;1200;STELVIO 4V;TRAIL / SUPERMOTARD;2;3;3;13AUG1961;5;1;3;2;2;3;;NRP;;;;2;1;0;3;0;4;MOTO GUZZI;1200;SPORT 4V;ROADSTER;2;2007;37;3;1;21000;7;HONDA;650;"FX ""VIGOR""";ROADSTER;2;1999;37;2;2;5000;7;VELOSOLEX;50;5000;ROADSTER;2;1972;37;4;1;100;7;DUCATI;696;MONSTER;ROADSTER;2;2011;31;2;1;23000;7;;;;;;;;;;;;49100;2;3;4;;;;;;;NRP;NRP;NRP;1979;2009;NRP;NRP;1979;NRP