Ligne;Ligne Q qualif;Ligne approfondissement Accident;ACCIDENT;NBACC1;ACCFREQUENCE1;ANNEEACC1_1;ANNEEACC1_2;ANNEEACC1_3;ANNEEACC1_4;ANNEEACC1_5;NBACC2;ACCFREQUENCE2;ANNEEACC2_1;ANNEEACC2_2;ANNEEACC2_3;ANNEEACC2_4;ANNEEACC2_5;NBACC3;ACCFREQUENCE3;ANNEEACC3_1;ANNEEACC3_2;ANNEEACC3_3;ANNEEACC3_4;ANNEEACC3_5;NBACC4;ACCFREQUENCE4;ANNEEACC4_1;ANNEEACC4_2;ANNEEACC4_3;ANNEEACC4_4;ANNEEACC4_5;NBACC5;ACCFREQUENCE5;ANNEEACC5_1;ANNEEACC5_2;ANNEEACC5_3;ANNEEACC5_4;ANNEEACC5_5;NBACC6;ACCFREQUENCE6;ANNEEACC6_1;ANNEEACC6_2;ANNEEACC6_3;ANNEEACC6_4;ANNEEACC6_5;NBACC7;ACCFREQUENCE7;ANNEEACC7_1;ANNEEACC7_2;ANNEEACC7_3;ANNEEACC7_4;ANNEEACC7_5;NBACC8;ACCFREQUENCE8;ANNEEACC8_1;ANNEEACC8_2;ANNEEACC8_3;ANNEEACC8_4;ANNEEACC8_5;NBACC9;ACCFREQUENCE9;ANNEEACC9_1;ANNEEACC9_2;ANNEEACC9_3;ANNEEACC9_4;ANNEEACC9_5;NBACC10;ACCFREQUENCE10;ANNEEACC10_1;ANNEEACC10_2;ANNEEACC10_3;ANNEEACC10_4;ANNEEACC10_5;NBACC11;ACCFREQUENCE11;ANNEEACC11_1;ANNEEACC11_2;ANNEEACC11_3;ANNEEACC11_4;ANNEEACC11_5;NBACC12;ACCFREQUENCE12;ANNEEACC12_1;ANNEEACC12_2;ANNEEACC12_3;ANNEEACC12_4;ANNEEACC12_5;NBACC13;ACCFREQUENCE13;ANNEEACC13_1;ANNEEACC13_2;ANNEEACC13_3;ANNEEACC13_4;ANNEEACC13_5;NBACC14;ACCFREQUENCE14;ANNEEACC14_1;ANNEEACC14_2;ANNEEACC14_3;ANNEEACC14_4;ANNEEACC14_5;AUTRESACC;NBAUTRESACC;ANNEEAUTREACC1;ANNEEAUTREACC2;ANNEEAUTREACC3;ANNEEAUTREACC4;ANNEEAUTREACC5;LIEUAUTREACC1;LIEUAUTREACC2;LIEUAUTREACC3;LIEUAUTREACC4;LIEUAUTREACC5;DESCRIPTIONAUTRESACC1;DESCRIPTIONAUTRESACC2;DESCRIPTIONAUTRESACC3;DESCRIPTIONAUTRESACC4;DESCRIPTIONAUTRESACC5;NBAUTRESACCCIRCUIT;NBAUTRESTOUTTERRAIN;EXPCYCLO;EXP125;EXPSUP125;ACCORDNEXTQ;CHOIXACC;RGPMTACC;RECUPANNEE;RECUPLIEU;RECUPANNE;RGPMTAC;CHOIX1;CHOIX2;CHOIX3;CHOIX4;CHOIX5;CHOIX6;CHOIX7;DESCRIPTION;RUPTURE;FAITS;ABS_REACTION;AUTRE_REACTION;PRECISIONREACTIONOUI;RECUL;PRECISIONREACTIONNON;IMPACTCOMPORTEMENT;AUTREUSAGER;REACTIONAUTREUSAGER;CONNAISSANCEREACTIONUSAGER;DIFFICULTES;AGGRAVATION;DIFFICULTES2;EMOTIONS1;EMOTIONS2;EMOTIONS3;EMOTIONS4;EMOTIONS5;EMOTIONS6;AUTRESENTIMENT;CLASSEMENTEMOTIONS1;CLASSEMENTEMOTIONS;CLASSEMENTEMOTIONS5;CLASSEMENTEMOTIONS6;CLASSEMENTEMOTIONS7;CLASSEMENTEMOTIONS8;CLASSEMENTEMOTIONS9;EXPLICATIONRESSENTI;BIENEQUIPE;ALLURE;ALLUREVITEDETAIL;ALLURELENTEDETAIL;SITUATIONPRESSE;SITUATIONDISTRAIT;SITUATIONCONFIANT;SITUATIONCONTROLE;SITUATIONLUDIQUE;SITUATIONPERF;SITUATIONSTRESS;SITUATIONFATIGUE;HUMEURNEUTRE;HUMEURGAI;HUMEURMECONTENT;HUMEURTRISTE;HUMEURCOLERE;CONTRIBUTION1;CONTRIBUTION2;CONTRIBUTION3;CONTRIBUTION4;CONTRIBUTION5;CONTRIBUTION6;CONTRIBUTION7;CONTRIBUTION8;CONTRIBUTION9;ROLEINFRA;ELEMENTINFRA1;ELEMENTINFRA2;ELEMENTINFRA3;ELEMENTINFRA4;ELEMENTINFRA5;ELEMENTINFRA6;ELEMENTINFRA7;ELEMENTINFRA8;ELEMENTINFRA9;ALCOOL;TXALCOOL;STUP;SEMAINE;MOMENTJOURNEE;TEMPS;CAUSEACC1;CAUSEACC2;CAUSEACC3;CAUSEACC4;CAUSEACC5;FORMATIONCAUSE;FORMATION1;FORMATION2;FORMATION3;FORMATION4;FORMATION5;TRAFIC;CHAUSSEE1;CHAUSSEE2;CHAUSSEE3;CHAUSSEE4;TYPEACC;BLESSURE;TETE;COU;THORAX;MEMBRESSUP;COLONNE;BASSIN;MEMBRESINF;HOPITAL;PLUS24H;TRAJET;TYPEROUTE;MOTIF;SENSTRAJET;PASSAGER;VITESSE;DESCEQ1;DESCEQ2;DESCEQ3;DESCEQ4;DESCEQ5;DESCEQ6;DESCEQ7;DESCEQ8;DESCEQ9;DESCEQ10;VEHICULEETE;VEHICULEAUTOMNE;VEHICULEPRINTEMPS;VEHICULEHIVER;VEHICULESEMAINE;VEHICULEWE;VEHMARQUE;VEHCYLINDREE;VEHMODELE;VEHSEGMENT;VEHSIDE;EQ2RMABS;EQ2RMCBS;EQ2RMABSCBS;EQ2RMREGULATEUR;EQ2RMLIMITEUR;EQ2RMPHARESDIRECT;EQ2RMCOUPURE;EQ2RMANTIPATINAGE;EQ2RMANTIXHEELING;EQ2RMSTABILILTE;VEHKM;POINTS;DUREE;AUTRE2RM;VEHPRECMARQUE;VEHPRECCYLINDREE;VEHPRECMODELE;VEHPRECSEGMENT;VEHPRECSIDE;TEMPS2RMPREC;FREQVEHPREC;DATE_NAISS;CSP;SOCIETAIRE;SALARIE;SECTEUR2RM;NBPERSFOYER;SITFAM;NBENF;TRNBENF1;TRNBENF2;TRNBENF3;TRNBENF4;NBAUTOFOYER;NBCYCLOFOYER;NBSCOOTFOYER;NBMOTOFOYER;NBTRIKEFOYER;NB2RMCONDUIT;MARQUE1;CYLINDREE1;MODELE1;SEGMENT1;SIDE1;ANMISECIRCU1;ASS1;FREQ1;USAGE1;NBKM1;GARAGE1;MARQUE2;CYLINDREE2;MODELE2;SEGMENT2;SIDE2;ANMISECIRCU2;ASS2;FREQ2;USAGE2;NBKM2;GARAGE2;MARQUE3;CYLINDREE3;MODELE3;SEGMENT3;SIDE3;ANMISECIRCU3;ASS3;FREQ3;USAGE3;NBKM3;GARAGE3;MARQUE4;CYLINDREE4;MODELE4;SEGMENT4;SIDE4;ANMISECIRCU4;ASS4;FREQ4;USAGE4;NBKM4;GARAGE4;MARQUE5;CYLINDREE5;MODELE5;SEGMENT5;SIDE5;ANMISECIRCU5;ASS5;FREQ5;USAGE5;NBKM5;GARAGE5;NBKMTOT;PERMIS1;PERMIS2;PERMIS3;PERMIS4;PERMIS5;PERMIS6;PERMIS7;PERMIS8;PERMIS9;ANPERMIS1;ANPERMIS6;ANPERMIS7;ANPERMIS2;ANPERMIS3;ANPERMIS8;ANPERMIS9;ANPERMIS4;ANPERMIS5
374;7611;151;1;0;3;;;;;;1;4;1985;;;;;0;2;;;;;;0;1;;;;;;1;5;1991;;;;;0;2;;;;;;1;3;1970;;;;;0;5;;;;;;1;5;2008;;;;;0;3;;;;;;0;2;;;;;;0;1;;;;;;0;4;;;;;;1;2;1971;;;;;1;1;1978;;;;;niort;;;;;je rentrais chez moi en cyclomoteur apres le travail. Un automobiliste ivre arrivant en face s'est déporté à gauche et m'est rentré dedans après avoir heurté une voiture stationnée;;;;;0;5;4;5;37;1;41;9;2008;;2008;Vous avez fait une sortie de route, une perte de contrôle ou une glissade sans rien percuter.;3;"AUT|""accident"" le plus incroyable";;;;;;sur l'autoroute A 10 entre Niort et Poitiers, un matin vers 8h30. Petite pluie, température d'environ 10 ou 12 degrés. Sur la voie de gauche, doublant un poids lourd roulant à moins de 90 km/h, moi-même roulant à environ 100/105 km/h, peu après avoir dépassé la cabine du camion, en ligne droite, sans freiner ni accélérer, sans changer de direction, j'ai subitement perdu l'adhérence de la roue avant, comme sur une plaque de verglas (je connais ça m'est déjà arrivé) perte d'adhérence dont j'estime la durée entre une demie seconde et une seconde. Lors de la reprise d'adhérence, la moto à guidonnée violement et la chute a été immédiate, suivie d'une longue glissade. La moto couchée sur le coté droit est restée au milieu de la file de gauche, et moi j'ai fini ma glissade entre les rails du milieu de l'autoroute. Bilan: une cheville douloureuse suite a un choc en passant sous le rail de sécurité mais sans blessure, ma vitesse de glissade étant faible à ce moment là. Pour la moto, abrasion de beaucoup de parties ayant frottées sur le bitume (par exemple 3 bons centimétres en moins à l'extrémité droite du guidon) et le top case éclaté. Heureusement ma moto était équipé de proteges carters en tubes métalliques qui ont été rapés mais ont protégé le moteur. Plus bien sur le casque et les vêtements de protection qui m'ont protégé mais qui étaient bon pour la poubelle. Après l'accident j'ai pu rejoindre Poitiers pour mon travail, puis rentre chez moi le soir.;"l'élément déclencheur, le seul, c'est le manque d'adhérence de la chaussée mouillée comparable à cet endroit à du verglas. Je pense que c'est à cet endroit qu'avait eu lieu quelques années avant un carambolage ayant fait plusieurs morts (dont un cadre de l'éducation nationale). Cet accident avait été attribué au brouillard et à de la fumée. Il est seulement étonnant qu'il n'y ait pas plus d'accident à cet endroit hyper dangereux quand la chaussée est mouillée. Et ce que je trouve le plus révoltant, c'est que l'enlévement de ce bitume pourri et son remplacement ne couterait sans doute que quelques journées de péage, mais que rien n'est fait au nom du dieu PROFIT des sociétés d'autoroute et de leur actionnaires. Ils devraient tous être jugés et condamnés pour ce crime contre l'humanité à des amendes non pas de quelques dizaines d'euros, mais de quelques centaines de milliards d'euros puisque c'est dans ces nombres que l'on mesure les profit des autoroutes depuis leur privatisation. Mais bien sur ils n'ont rien à craindre dans notre beau pays ""démocratique"" ou les lois ne s'appliquent pas aux riches.";"comme décrit dans le déroulement des faits, je n'ai RIEN fait: ni freinage ni accélération ni changement de direction. Le chauffeur routier s'est arrété à mis les warning et a appelé les secours. Les patrouilleurs sont arrivés très vite, ont relevé la moto mise sur la bande d'arrèt d'urgence, puis les gendarmes sont arrivés, à qui j'ai raconté la survenue de l""accident, confirmée par le chauffeur routier qui à vu la moto guidonner et tomber";1;0;;;Comment aurais-je pu changer le revétement pourri où j'ai du poser les roues de ma moto ?;2;1;2;;"ce bitume pourri est forcément beaucoup plus dangereux pour les conducteurs de deux roues que pour les 4 roues (ou plus), mais les morts et les autres victimes du carambolage ont bien rencontrés les mêmes ""difficultés"". Et malgré l'omerta des patrouilleurs et des gendarmes j'ai été surpris qu'ils trouvent ""normal"" cette perte d'adhérence";2;aucun usager, surtout pas moi, n'est responsable. Seule la société d'autoroute est 100% responsable;2;3;6;;;;;;1;3;;;2;;quand il fait une température d'environ 10 degré au-dessus de zéro, on ne s'attend pas du tout à rouler sur une plaque de verglas;4;3;;;2;1;4;4;1;1;1;1;2;4;4;4;4;10;;;;;;;;;1;3;;;;;;;;2;2;;2;1;1;2;0;0;0;100;0;2;;;;;;1;2;;;;2;1;7;;;;;;;0;;2;3;2;;0;100;1;2;3;4;9;;;;;;4;4;4;4;4;4;SUZUKI;650;V-STROM;TRAIL / SUPERMOTARD;2;1;1;1;1;1;1;1;1;1;1;70000;12;4;1;YAMAHA;600;XTE;TRAIL / SUPERMOTARD;2;4;4;10JAN1955;9;2;3;2;1;1;;NRP;;;;1;0;0;3;0;3;SUZUKI;650;V-STROM;TRAIL / SUPERMOTARD;2;2004;25;2;1;10000;5;SCORPA;175;TY-SF;TOUT TERRAIN (TRIAL / ENDURO / CROSS);2;2005;25;4;1;100;7;SUZUKI;200;"TSR ""MODIFIEE TT""";TOUT TERRAIN (TRIAL / ENDURO / CROSS);2;1991;25;4;1;100;7;;;;;;;;;;;;;;;;;;;;;;;10200;3;4;;;;;;;;NRP;NRP;NRP;NRP;1971;NRP;NRP;1995;NRP
706;7613;239;1;1;4;2014;;;;;0;2;;;;;;0;5;;;;;;0;4;;;;;;0;5;;;;;;0;5;;;;;;0;2;;;;;;0;2;;;;;;1;3;2004;;;;;2;6;NSP;2014;;;;0;5;;;;;;0;4;;;;;;0;4;;;;;;4;5;2004;NSP;2014;2014;;0;;;;;;;;;;;;;;;;;;;3;0;31;1;41;9;2004;;2004;Vous avez fait une sortie de route, une perte de contrôle ou une glissade sans rien percuter.;4;;;;;;;C'était une remonté de file en ville, le temps était pluvieux. Un car tourne dans une rue a droite et son porte-a-faux bloque ma remonté de file. Je touche les frein sur un passage pieton et je perd l'avant. Résultat 5 fracture au poignet;la pluie et un passage pieton;NRP;3;1;Faire plus attention au passage pietons,cela m'aurait evite la chute.;c'est une route que je prend tous les jours et on fait moins attention avec l'habitude;;2;0;;;;;;3;6;;;;;;;;1;;;2;;sur le moment je n'ai pas compris pourquoi je perdais l'avant;3;3;;;2;3;4;3;2;1;1;1;3;1;4;4;4;4;5;;;;;;;;1;1;;;;;;;;2;2;;2;1;1;2;40;0;0;40;20;2;;;;;;4;2;;;;2;1;4;;;;;;;1;1;1;1;1;1;0;35;1;10;2;3;4;7;;;;;4;4;4;4;4;2;HONDA;750;CB-SEVEN FIFTY;ROADSTER;2;1;1;1;1;1;1;1;1;1;1;95000;12;3;1;YAMAHA;600;XT;TRAIL / SUPERMOTARD;null;4;3;17JUN1966;8;1;3;2;4;4;2;NRP;;;;1;0;0;1;0;1;YAMAHA;600;R6 (YZF-R6);SPORTIVE;2;2005;37;1;2;17000;7;;;;;;;;;;;;;;;;;;;;;;;;;;;;;;;;;;;;;;;;;;;;;17000;9;;;;;;;;;NRP;NRP;NRP;NRP;NRP;NRP;1993;NRP;NRP
1500;7614;;0;;;;;;;;;;;;;;;;;;;;;;;;;;;;;;;;;;;;;;;;;;;;;;;;;;;;;;;;;;;;;;;;;;;;;;;;;;;;;;;;;;;;;;;;;;;;;;;;;;;;;;;;;;;;;;;;;;;;;;;;;;;;;;;;;;;;;;;;;;;;;;;;;;;;;;;;;;;;;;;;;;;;;;;;;;;;;;;;;;;;;;;;;;;;;;;;;;;;;;;;;;;;;;;;;;;;;;;;;;;;;;;;;;;;;;;;;;;;;;;;;;;;;;;;;;;;;;;;;;;;;;;;;;;;;;;;;;;;;;;;;;03DEC1977;5;2;3;2;4;4;2;NRP;;;;2;1;0;1;0;1;DUCATI;848;STREETFIGHTER;ROADSTER;2;2012;28;2;2;4000;7;;;;;;;;;;;;;;;;;;;;;;;;;;;;;;;;;;;;;;;;;;;;;4000;3;;;;;;;;;NRP;NRP;NRP;NRP;2008;NRP;NRP;NRP;NRP
101;7615;434;1;0;4;;;;;;1;6;2005;;;;;0;5;;;;;;0;3;;;;;;0;6;;;;;;0;6;;;;;;0;1;;;;;;0;1;;;;;;0;1;;;;;;0;6;;;;;;0;6;;;;;;0;2;;;;;;0;3;;;;;;1;6;2005;;;;;0;;;;;;;;;;;;;;;;;;;33;1;32;1;6;2;2005;;2005;Vous circuliez derrière un véhicule. Ce véhicule a ralenti. Vous avez entrepris de dépasser ce véhicule par la gauche et celui-ci vous a coupé la route en tournant à gauche (ou en effectuant un ½ tour;1;4;;;;;;- arrivée sur un rond point dans Montpellier au retour d'un salon immobilier donc moins concentré sur la route. Je m'engage sur le rond-point à environ 35/40km/h le rapport de police l'a prouvé. Une automobile sur l'extrême droite circule à faible allure,;"1/ Le non signalement par le clignotant de l'automobiliste, il faut toujours deviner où ils vont ces connards ! 2/ Mon manque d'attention durant cette manoeuvre, là le connard; c'est moi  :(";Action de l'automobiliste : néant Mon action : néant puisque je souffrais d'un explosement du molet et d'une cassure du pied, mon épouse à appelé les secours.;AUT|mauvaise anticipation de ma part;1;Si mon attention avait comme d'habitude j'aurais anticipé ce changement de direction non signalé de l'automobiliste.;Trop concentré sur autre chose que mon déplacement !;;3;0;;;;;;6;;;;;;;;;;;;1;;J'étais bloqué d'une part par la voiture sur ma droite dont le conducteur n'a eu aucun réflexe et sur ma gauche par ces putains de bordures énormes du rond-point. Si le rond-point avait été lisse, comme c'est parfois le cas j'aurais pu réagir différemment et me rabattre sur la gauche.;3;3;;;1;4;3;3;1;1;1;1;3;4;4;4;4;4;;;;;;;;;1;AUT|Bordure de rond-point ENOOOOOORME !;;;;;;;;2;2;;2;1;1;1;10;90;0;0;0;2;;;;;;1;1;;;;2;1;7;;;;;;;1;0;2;1;3;;1;35;1;10;2;4;7;;;;;;4;4;4;4;4;4;BMW;650;F650GS;TRAIL / SUPERMOTARD;2;1;1;1;1;1;1;0;1;1;1;NSP;12;4;0;;;;;;;;03JUN1964;9;1;3;2;3;4;1;NRP;;;;2;0;0;2;0;2;OURAL - URAL;750;"ALLEZ A ""URAL"" OU ""IRBIT MOTO";SIDE-CAR / TRIKE;2;2004;37;2;2;8000;7;KAWASAKI;400;Z400F;ROADSTER;2;1983;41;4;1;0;7;;;;;;;;;;;;;;;;;;;;;;;;;;;;;;;;;;8000;4;9;;;;;;;;NRP;NRP;NRP;NRP;NRP;NRP;1982;1982;NRP
282;7617;;1;0;4;;;;;;0;5;;;;;;0;6;;;;;;0;3;;;;;;0;3;;;;;;0;4;;;;;;0;4;;;;;;0;6;;;;;;1;4;2013;;;;;0;6;;;;;;0;4;;;;;;0;3;;;;;;0;4;;;;;;0;3;;;;;;0;;;;;;;;;;;;;;;;;;;10;7;3;1;41;9;2013;;;;;;;;;;;;;;;;;;;;;;;;;;;;;;;;;;;;;;;;;;;;;;;;;;;;;;;;;;;;;;;;;;;;;;;;;;;;;;;;;;;;;;;;;;;;;;;;;;;;;;;;;;;;;;;;;;;;;;;;;;;;;;;;;;;;;;;;;;;;;;;;;;;;;;;;;;;;;;20FEB1978;7;2;3;2;3;4;1;NRP;;;;2;0;0;1;0;1;KAWASAKI;650;"ER-6 ""N""";ROADSTER;2;2009;10;1;2;3000;7;;;;;;;;;;;;;;;;;;;;;;;;;;;;;;;;;;;;;;;;;;;;;3000;3;4;;;;;;;;NRP;NRP;NRP;NRP;2013;NRP;NRP;1996;NRP
69;7618;;1;0;6;;;;;;2;5;2011;2014;;;;0;5;;;;;;0;4;;;;;;0;6;;;;;;0;4;;;;;;0;1;;;;;;0;4;;;;;;1;4;2010;;;;;0;2;;;;;;1;4;2011;;;;;0;1;;;;;;0;3;;;;;;0;3;;;;;;1;1;NSP;;;;;autoroute.franc;;;;;Sur voies rapide un ralentissement au loin . Prise de frein ....légère et glissade directement;;;;;0;0;0;0;7;1;7;2;2014;;;;;;;;;;;;;;;;;;;;;;;;;;;;;;;;;;;;;;;;;;;;;;;;;;;;;;;;;;;;;;;;;;;;;;;;;;;;;;;;;;;;;;;;;;;;;;;;;;;;;;;;;;;;;;;;;;;;;;;;;;;;;;;;;;;;;;;;;;;;;;;;;;;;;;;;;;;;;;23JUN1976;7;1;3;2;3;4;1;NRP;;;;1;0;0;1;0;1;YAMAHA;600;FZS FAZER;ROADSTER;2;2003;37;1;2;15000;4;;;;;;;;;;;;;;;;;;;;;;;;;;;;;;;;;;;;;;;;;;;;;15000;2;3;4;;;;;;;NRP;NRP;NRP;1996;2007;NRP;NRP;1996;NRP
1053;7619;;1;0;3;;;;;;0;3;;;;;;0;5;;;;;;0;3;;;;;;0;4;;;;;;0;2;;;;;;0;2;;;;;;0;4;;;;;;1;4;2012;;;;;0;4;;;;;;0;3;;;;;;0;4;;;;;;1;4;2003;;;;;0;3;;;;;;0;;;;;;;;;;;;;;;;;;;3;7;1;1;61;13;2003;;;;;;;;;;;;;;;;;;;;;;;;;;;;;;;;;;;;;;;;;;;;;;;;;;;;;;;;;;;;;;;;;;;;;;;;;;;;;;;;;;;;;;;;;;;;;;;;;;;;;;;;;;;;;;;;;;;;;;;;;;;;;;;;;;;;;;;;;;;;;;;;;;;;;;;;;;;;;;12MAY1982;8;2;3;2;5;4;3;NRP;;;;3;0;0;1;0;1;YAMAHA;125;YZF-R;Routière / GT;2;2008;10;1;2;9000;4;;;;;;;;;;;;;;;;;;;;;;;;;;;;;;;;;;;;;;;;;;;;;9000;3;4;;;;;;;;NRP;NRP;NRP;NRP;2013;NRP;NRP;2000;NRP
368;7621;;1;0;3;;;;;;0;4;;;;;;1;5;NSP;;;;;0;3;;;;;;0;4;;;;;;0;4;;;;;;0;4;;;;;;0;5;;;;;;2;5;NSP;2005;;;;0;4;;;;;;3;5;2000;2004;NSP;;;0;4;;;;;;1;3;NSP;;;;;0;2;;;;;;0;;;;;;;;;;;;;;;;;;;5;3;14;0;;NRP;;;;;;;;;;;;;;;;;;;;;;;;;;;;;;;;;;;;;;;;;;;;;;;;;;;;;;;;;;;;;;;;;;;;;;;;;;;;;;;;;;;;;;;;;;;;;;;;;;;;;;;;;;;;;;;;;;;;;;;;;;;;;;;;;;;;;;;;;;;;;;;;;;;;;;;;;;;;;;;10JUN1977;5;1;3;2;2;3;;NRP;;;;1;0;1;2;0;3;HONDA;800;VFR-F V-TEC ABS;Routière / GT;2;2007;29;3;1;7000;7;HONDA;600;CBR-RR IE;SPORTIVE;2;2008;29;4;1;2000;7;YAMAHA;250;X-MAX ABS;SCOOTER;2;2011;37;1;2;5000;7;;;;;;;;;;;;;;;;;;;;;;;14000;3;4;;;;;;;;NRP;NRP;NRP;NRP;1996;NRP;NRP;1999;NRP
1719;7622;;0;;;;;;;;;;;;;;;;;;;;;;;;;;;;;;;;;;;;;;;;;;;;;;;;;;;;;;;;;;;;;;;;;;;;;;;;;;;;;;;;;;;;;;;;;;;;;;;;;;;;;;;;;;;;;;;;;;;;;;;;;;;;;;;;;;;;;;;;;;;;;;;;;;;;;;;;;;;;;;;;;;;;;;;;;;;;;;;;;;;;;;;;;;;;;;;;;;;;;;;;;;;;;;;;;;;;;;;;;;;;;;;;;;;;;;;;;;;;;;;;;;;;;;;;;;;;;;;;;;;;;;;;;;;;;;;;;;;;;;;;;;21JAN1987;7;2;3;2;2;3;;NRP;;;;2;0;0;1;0;1;KAWASAKI;650;"ER-6 ""N""";ROADSTER;2;2013;10;3;1;5000;4;;;;;;;;;;;;;;;;;;;;;;;;;;;;;;;;;;;;;;;;;;;;;5000;2;3;4;7;;;;;;NRP;NRP;2005;2005;2012;NRP;NRP;2005;NRP
671;7626;;1;0;4;;;;;;0;4;;;;;;0;3;;;;;;0;2;;;;;;0;4;;;;;;0;3;;;;;;0;2;;;;;;0;2;;;;;;1;5;1999;;;;;0;3;;;;;;0;3;;;;;;0;3;;;;;;0;4;;;;;;0;4;;;;;;1;1;1999;;;;;Guyancourt;;;;;A l'arrêt à un sens giratoire pour laisser passer les véhicules engagés, une voiture m'a percuté à l'arrière;;;;;0;0;4;40;0;1;71;15;1999;Guyancourt;;;;;;;;;;;;;;;;;;;;;;;;;;;;;;;;;;;;;;;;;;;;;;;;;;;;;;;;;;;;;;;;;;;;;;;;;;;;;;;;;;;;;;;;;;;;;;;;;;;;;;;;;;;;;;;;;;;;;;;;;;;;;;;;;;;;;;;;;;;;;;;;;;;;;;;;;;;;;13MAR1955;5;1;3;2;2;3;;NRP;;;;1;0;0;1;0;1;HONDA;125;VARADERO IE DELUXE;TRAIL / SUPERMOTARD;2;2007;37;1;2;15000;4;;;;;;;;;;;;;;;;;;;;;;;;;;;;;;;;;;;;;;;;;;;;;15000;2;4;;;;;;;;NRP;NRP;NRP;1974;NRP;NRP;NRP;1976;NRP
1347;7632;;1;0;3;;;;;;0;3;;;;;;0;4;;;;;;0;3;;;;;;0;3;;;;;;0;5;;;;;;0;4;;;;;;0;4;;;;;;1;6;2012;;;;;0;4;;;;;;0;3;;;;;;0;2;;;;;;0;5;;;;;;0;5;;;;;;0;;;;;;;;;;;;;;;;;;;4;0;5;1;41;9;2012;;;;;;;;;;;;;;;;;;;;;;;;;;;;;;;;;;;;;;;;;;;;;;;;;;;;;;;;;;;;;;;;;;;;;;;;;;;;;;;;;;;;;;;;;;;;;;;;;;;;;;;;;;;;;;;;;;;;;;;;;;;;;;;;;;;;;;;;;;;;;;;;;;;;;;;;;;;;;;01DEC1986;7;2;3;2;2;3;;NRP;;;;1;0;0;1;0;1;HONDA;1300;CB-S C-ABS;ROADSTER;2;2013;8;1;2;12000;6;;;;;;;;;;;;;;;;;;;;;;;;;;;;;;;;;;;;;;;;;;;;;12000;3;4;;;;;;;;NRP;NRP;NRP;NRP;2010;NRP;NRP;2005;NRP
93;7639;;0;;;;;;;;;;;;;;;;;;;;;;;;;;;;;;;;;;;;;;;;;;;;;;;;;;;;;;;;;;;;;;;;;;;;;;;;;;;;;;;;;;;;;;;;;;;;;;;;;;;;;;;;;;;;;;;;;;;;;;;;;;;;;;;;;;;;;;;;;;;;;;;;;;;;;;;;;;;;;;;;;;;;;;;;;;;;;;;;;;;;;;;;;;;;;;;;;;;;;;;;;;;;;;;;;;;;;;;;;;;;;;;;;;;;;;;;;;;;;;;;;;;;;;;;;;;;;;;;;;;;;;;;;;;;;;;;;;;;;;;;;;15JUL1981;5;2;3;2;2;3;;NRP;;;;1;0;0;1;0;1;YAMAHA;600;XJ6;ROADSTER;2;2009;31;1;2;5000;4;;;;;;;;;;;;;;;;;;;;;;;;;;;;;;;;;;;;;;;;;;;;;5000;2;3;4;;;;;;;NRP;NRP;NRP;2000;2003;NRP;NRP;1999;NRP
1796;7647;;1;0;6;;;;;;0;3;;;;;;0;4;;;;;;0;4;;;;;;0;5;;;;;;0;4;;;;;;0;5;;;;;;0;4;;;;;;0;5;;;;;;0;4;;;;;;0;5;;;;;;0;2;;;;;;0;5;;;;;;0;5;;;;;;1;1;2014;;;;;Aurillac;;;;;j'étais a l'arrêt derrière une voiture, arrêté à un feu. La voiture a fait une marche arrière en me percutant.;;;;;1;0;1;0;5;1;71;15;2014;Aurillac;;;;;;;;;;;;;;;;;;;;;;;;;;;;;;;;;;;;;;;;;;;;;;;;;;;;;;;;;;;;;;;;;;;;;;;;;;;;;;;;;;;;;;;;;;;;;;;;;;;;;;;;;;;;;;;;;;;;;;;;;;;;;;;;;;;;;;;;;;;;;;;;;;;;;;;;;;;;;27SEP1989;7;1;3;2;1;1;;NRP;;;;0;0;0;1;0;1;SUZUKI;600;BANDIT-N;ROADSTER;2;1998;37;1;2;15000;6;;;;;;;;;;;;;;;;;;;;;;;;;;;;;;;;;;;;;;;;;;;;;15000;3;4;;;;;;;;NRP;NRP;NRP;NRP;2010;NRP;NRP;2009;NRP
1632;7648;;1;0;4;;;;;;1;4;2003;;;;;0;5;;;;;;1;5;2005;;;;;0;4;;;;;;0;5;;;;;;1;5;2005;;;;;0;5;;;;;;0;4;;;;;;0;4;;;;;;0;5;;;;;;0;2;;;;;;0;2;;;;;;0;3;;;;;;0;;;;;;;;;;;;;;;;;;;14;0;5;1;31;7;2005;;;;;;;;;;;;;;;;;;;;;;;;;;;;;;;;;;;;;;;;;;;;;;;;;;;;;;;;;;;;;;;;;;;;;;;;;;;;;;;;;;;;;;;;;;;;;;;;;;;;;;;;;;;;;;;;;;;;;;;;;;;;;;;;;;;;;;;;;;;;;;;;;;;;;;;;;;;;;;14JUL1987;6;1;3;2;2;3;;NRP;;;;1;15;0;4;0;3;PEUGEOT;125;TRIPORTEUR SERIE 55;SIDE-CAR / TRIKE;2;1951;41;4;1;50;7;HONDA;125;CB-TWIN;ROADSTER;2;1970;41;4;1;20;7;HONDA;600;"CB-F ""S"" ABS";ROADSTER;2;2004;37;2;1;20000;7;;;;;;;;;;;;;;;;;;;;;;;20070;1;3;4;;;;;;;2001;NRP;NRP;NRP;2010;NRP;NRP;2005;NRP