Ligne;Ligne Q qualif;Ligne approfondissement Accident;ACCIDENT;NBACC1;ACCFREQUENCE1;ANNEEACC1_1;ANNEEACC1_2;ANNEEACC1_3;ANNEEACC1_4;ANNEEACC1_5;NBACC2;ACCFREQUENCE2;ANNEEACC2_1;ANNEEACC2_2;ANNEEACC2_3;ANNEEACC2_4;ANNEEACC2_5;NBACC3;ACCFREQUENCE3;ANNEEACC3_1;ANNEEACC3_2;ANNEEACC3_3;ANNEEACC3_4;ANNEEACC3_5;NBACC4;ACCFREQUENCE4;ANNEEACC4_1;ANNEEACC4_2;ANNEEACC4_3;ANNEEACC4_4;ANNEEACC4_5;NBACC5;ACCFREQUENCE5;ANNEEACC5_1;ANNEEACC5_2;ANNEEACC5_3;ANNEEACC5_4;ANNEEACC5_5;NBACC6;ACCFREQUENCE6;ANNEEACC6_1;ANNEEACC6_2;ANNEEACC6_3;ANNEEACC6_4;ANNEEACC6_5;NBACC7;ACCFREQUENCE7;ANNEEACC7_1;ANNEEACC7_2;ANNEEACC7_3;ANNEEACC7_4;ANNEEACC7_5;NBACC8;ACCFREQUENCE8;ANNEEACC8_1;ANNEEACC8_2;ANNEEACC8_3;ANNEEACC8_4;ANNEEACC8_5;NBACC9;ACCFREQUENCE9;ANNEEACC9_1;ANNEEACC9_2;ANNEEACC9_3;ANNEEACC9_4;ANNEEACC9_5;NBACC10;ACCFREQUENCE10;ANNEEACC10_1;ANNEEACC10_2;ANNEEACC10_3;ANNEEACC10_4;ANNEEACC10_5;NBACC11;ACCFREQUENCE11;ANNEEACC11_1;ANNEEACC11_2;ANNEEACC11_3;ANNEEACC11_4;ANNEEACC11_5;NBACC12;ACCFREQUENCE12;ANNEEACC12_1;ANNEEACC12_2;ANNEEACC12_3;ANNEEACC12_4;ANNEEACC12_5;NBACC13;ACCFREQUENCE13;ANNEEACC13_1;ANNEEACC13_2;ANNEEACC13_3;ANNEEACC13_4;ANNEEACC13_5;NBACC14;ACCFREQUENCE14;ANNEEACC14_1;ANNEEACC14_2;ANNEEACC14_3;ANNEEACC14_4;ANNEEACC14_5;AUTRESACC;NBAUTRESACC;ANNEEAUTREACC1;ANNEEAUTREACC2;ANNEEAUTREACC3;ANNEEAUTREACC4;ANNEEAUTREACC5;LIEUAUTREACC1;LIEUAUTREACC2;LIEUAUTREACC3;LIEUAUTREACC4;LIEUAUTREACC5;DESCRIPTIONAUTRESACC1;DESCRIPTIONAUTRESACC2;DESCRIPTIONAUTRESACC3;DESCRIPTIONAUTRESACC4;DESCRIPTIONAUTRESACC5;NBAUTRESACCCIRCUIT;NBAUTRESTOUTTERRAIN;EXPCYCLO;EXP125;EXPSUP125;ACCORDNEXTQ;CHOIXACC;RGPMTACC;RECUPANNEE;RECUPLIEU;RECUPANNE;RGPMTAC;CHOIX1;CHOIX2;CHOIX3;CHOIX4;CHOIX5;CHOIX6;CHOIX7;DESCRIPTION;RUPTURE;FAITS;ABS_REACTION;AUTRE_REACTION;PRECISIONREACTIONOUI;RECUL;PRECISIONREACTIONNON;IMPACTCOMPORTEMENT;AUTREUSAGER;REACTIONAUTREUSAGER;CONNAISSANCEREACTIONUSAGER;DIFFICULTES;AGGRAVATION;DIFFICULTES2;EMOTIONS1;EMOTIONS2;EMOTIONS3;EMOTIONS4;EMOTIONS5;EMOTIONS6;AUTRESENTIMENT;CLASSEMENTEMOTIONS1;CLASSEMENTEMOTIONS;CLASSEMENTEMOTIONS5;CLASSEMENTEMOTIONS6;CLASSEMENTEMOTIONS7;CLASSEMENTEMOTIONS8;CLASSEMENTEMOTIONS9;EXPLICATIONRESSENTI;BIENEQUIPE;ALLURE;ALLUREVITEDETAIL;ALLURELENTEDETAIL;SITUATIONPRESSE;SITUATIONDISTRAIT;SITUATIONCONFIANT;SITUATIONCONTROLE;SITUATIONLUDIQUE;SITUATIONPERF;SITUATIONSTRESS;SITUATIONFATIGUE;HUMEURNEUTRE;HUMEURGAI;HUMEURMECONTENT;HUMEURTRISTE;HUMEURCOLERE;CONTRIBUTION1;CONTRIBUTION2;CONTRIBUTION3;CONTRIBUTION4;CONTRIBUTION5;CONTRIBUTION6;CONTRIBUTION7;CONTRIBUTION8;CONTRIBUTION9;ROLEINFRA;ELEMENTINFRA1;ELEMENTINFRA2;ELEMENTINFRA3;ELEMENTINFRA4;ELEMENTINFRA5;ELEMENTINFRA6;ELEMENTINFRA7;ELEMENTINFRA8;ELEMENTINFRA9;ALCOOL;TXALCOOL;STUP;SEMAINE;MOMENTJOURNEE;TEMPS;CAUSEACC1;CAUSEACC2;CAUSEACC3;CAUSEACC4;CAUSEACC5;FORMATIONCAUSE;FORMATION1;FORMATION2;FORMATION3;FORMATION4;FORMATION5;TRAFIC;CHAUSSEE1;CHAUSSEE2;CHAUSSEE3;CHAUSSEE4;TYPEACC;BLESSURE;TETE;COU;THORAX;MEMBRESSUP;COLONNE;BASSIN;MEMBRESINF;HOPITAL;PLUS24H;TRAJET;TYPEROUTE;MOTIF;SENSTRAJET;PASSAGER;VITESSE;DESCEQ1;DESCEQ2;DESCEQ3;DESCEQ4;DESCEQ5;DESCEQ6;DESCEQ7;DESCEQ8;DESCEQ9;DESCEQ10;VEHICULEETE;VEHICULEAUTOMNE;VEHICULEPRINTEMPS;VEHICULEHIVER;VEHICULESEMAINE;VEHICULEWE;VEHMARQUE;VEHCYLINDREE;VEHMODELE;VEHSEGMENT;VEHSIDE;EQ2RMABS;EQ2RMCBS;EQ2RMABSCBS;EQ2RMREGULATEUR;EQ2RMLIMITEUR;EQ2RMPHARESDIRECT;EQ2RMCOUPURE;EQ2RMANTIPATINAGE;EQ2RMANTIXHEELING;EQ2RMSTABILILTE;VEHKM;POINTS;DUREE;AUTRE2RM;VEHPRECMARQUE;VEHPRECCYLINDREE;VEHPRECMODELE;VEHPRECSEGMENT;VEHPRECSIDE;TEMPS2RMPREC;FREQVEHPREC;DATE_NAISS;CSP;SOCIETAIRE;SALARIE;SECTEUR2RM;NBPERSFOYER;SITFAM;NBENF;TRNBENF1;TRNBENF2;TRNBENF3;TRNBENF4;NBAUTOFOYER;NBCYCLOFOYER;NBSCOOTFOYER;NBMOTOFOYER;NBTRIKEFOYER;NB2RMCONDUIT;MARQUE1;CYLINDREE1;MODELE1;SEGMENT1;SIDE1;ANMISECIRCU1;ASS1;FREQ1;USAGE1;NBKM1;GARAGE1;MARQUE2;CYLINDREE2;MODELE2;SEGMENT2;SIDE2;ANMISECIRCU2;ASS2;FREQ2;USAGE2;NBKM2;GARAGE2;MARQUE3;CYLINDREE3;MODELE3;SEGMENT3;SIDE3;ANMISECIRCU3;ASS3;FREQ3;USAGE3;NBKM3;GARAGE3;MARQUE4;CYLINDREE4;MODELE4;SEGMENT4;SIDE4;ANMISECIRCU4;ASS4;FREQ4;USAGE4;NBKM4;GARAGE4;MARQUE5;CYLINDREE5;MODELE5;SEGMENT5;SIDE5;ANMISECIRCU5;ASS5;FREQ5;USAGE5;NBKM5;GARAGE5;NBKMTOT;PERMIS1;PERMIS2;PERMIS3;PERMIS4;PERMIS5;PERMIS6;PERMIS7;PERMIS8;PERMIS9;ANPERMIS1;ANPERMIS6;ANPERMIS7;ANPERMIS2;ANPERMIS3;ANPERMIS8;ANPERMIS9;ANPERMIS4;ANPERMIS5
1122;7652;86;1;0;4;;;;;;0;4;;;;;;0;3;;;;;;1;6;1990;;;;;0;3;;;;;;0;3;;;;;;0;2;;;;;;0;1;;;;;;0;2;;;;;;0;4;;;;;;0;4;;;;;;0;2;;;;;;1;4;2008;;;;;0;2;;;;;;0;;;;;;;;;;;;;;;;;;;2;2;25;1;61;13;2008;;2008;Vous circuliez derrière un véhicule. Ce véhicule a freiné ou a ralenti et vous l’avez percuté par l’arrière.;4;5;;;;;;Accident sur l'autoroute  A15 par temps de pluie très fort ralentissement subit je n'ai pas pu eviter le véhicule devant moi et ai chuté à environ 100 KM/H heureusement dans la glissage les voitures derrières ont pu s'arreter j'ai été blessé sur la cuisse droite par frottement car mon pontalon était un simple velour pour le reste du corps pas de blessure car veste et gants avec toutes les protections;temps de pluie , chaussée glissante, manque d'attention car fin de journée fatiguante et freinage violent comme cela arrive sur autoroute avec circulation en accordéon;j'ai freiné mais je pense pas assez fort alors que ma moto possède l ABS j'ai fais un évitement qui n'a pas été suffisant et ai heurté le véhicule devant avec un faible dommage pour lui seulement le feu arrière droit et clignotant  Ce vehicule s'est arête et m'a aide à reprendre mes esprits et relever la moto qui a pu repartir car elle possede des arceaux de protection (GOLDWING);NRP;1;plus d'expérience sur les freinages violents  je pense qu'une formation pour apprendre à freiner très fort en situations difficiles serait à creuser !;je n'ai pas eu d'accident depuis de nombreuses années et ai du perdre un peu mon attention sur les risques;;2;1;NSP;;NSP;2;NRP;1;6;;;;;;1;;;;;2;;peur de me faire mal et d'être écrasé par une voiture;3;3;;;1;4;3;3;NSP;1;1;4;1;4;4;4;4;4;;;;;;;;;2;;;;;;;;;2;2;;2;1;1;2;70;0;0;0;30;1;1;;;;;3;2;;;;2;1;7;;;;;;;0;;1;3;1;2;0;100;1;10;2;4;7;;;;;;4;4;4;4;4;4;HONDA;1800;GOLD WING AIRBAG;Routière / GT;2;0;1;2;0;1;1;2;2;2;2;20000;12;4;1;BMW;1200;R1200RT PACK;Routière / GT;null;4;4;26DEC1956;5;1;3;2;4;4;2;NRP;;;;3;0;1;3;0;4;HARLEY-DAVIDSON;1690;ROAD KING CLASSIC;Routière / GT;2;2011;33;3;1;9000;7;HONDA;600;SILVER WING ABS;SCOOTER;2;2010;37;2;2;10000;7;HONDA;700;TRANSALP C-ABS;TRAIL / SUPERMOTARD;2;2011;33;4;1;3000;7;HONDA;125;VT SHADOW;CUSTOM;2;2001;37;4;1;3000;7;;;;;;;;;;;;25000;3;4;;;;;;;;NRP;NRP;NRP;NRP;1975;NRP;NRP;1975;NRP
1793;7653;;1;0;6;;;;;;0;6;;;;;;0;4;;;;;;0;3;;;;;;0;6;;;;;;0;4;;;;;;0;2;;;;;;0;2;;;;;;0;2;;;;;;0;3;;;;;;0;3;;;;;;0;2;;;;;;0;2;;;;;;0;6;;;;;;1;1;2012;;;;;lyon;;;;;chute lors de la prise d'un virage qui été glissant;;;;;0;0;0;4;1;1;71;15;2012;lyon;;;;;;;;;;;;;;;;;;;;;;;;;;;;;;;;;;;;;;;;;;;;;;;;;;;;;;;;;;;;;;;;;;;;;;;;;;;;;;;;;;;;;;;;;;;;;;;;;;;;;;;;;;;;;;;;;;;;;;;;;;;;;;;;;;;;;;;;;;;;;;;;;;;;;;;;;;;;;14OCT1986;6;1;3;2;2;3;;NRP;;;;1;2;0;2;0;2;YAMAHA;600;FZS FAZER;ROADSTER;2;2002;37;2;1;5000;7;HONDA;125;CBR;Routière / GT;2;2005;37;2;2;3500;7;;;;;;;;;;;;;;;;;;;;;;;;;;;;;;;;;;8500;3;4;5;;;;;;;NRP;NRP;NRP;NRP;2013;NRP;NRP;2008;2011
1218;7654;;1;0;3;;;;;;0;3;;;;;;0;2;;;;;;0;4;;;;;;1;4;1979;;;;;0;3;;;;;;0;2;;;;;;1;3;1990;;;;;0;2;;;;;;0;3;;;;;;0;3;;;;;;0;2;;;;;;0;2;;;;;;0;4;;;;;;0;;;;;;;;;;;;;;;;;;;2;3;15;1;21;5;1979;;;;;;;;;;;;;;;;;;;;;;;;;;;;;;;;;;;;;;;;;;;;;;;;;;;;;;;;;;;;;;;;;;;;;;;;;;;;;;;;;;;;;;;;;;;;;;;;;;;;;;;;;;;;;;;;;;;;;;;;;;;;;;;;;;;;;;;;;;;;;;;;;;;;;;;;;;;;;;09OCT1959;6;1;3;2;2;3;;NRP;;;;1;0;1;0;0;1;PIAGGIO;250;X8;SCOOTER;2;2006;37;1;2;10000;7;;;;;;;;;;;;;;;;;;;;;;;;;;;;;;;;;;;;;;;;;;;;;10000;3;4;;;;;;;;NRP;NRP;NRP;NRP;1980;NRP;NRP;1978;NRP
1776;7656;;0;;;;;;;;;;;;;;;;;;;;;;;;;;;;;;;;;;;;;;;;;;;;;;;;;;;;;;;;;;;;;;;;;;;;;;;;;;;;;;;;;;;;;;;;;;;;;;;;;;;;;;;;;;;;;;;;;;;;;;;;;;;;;;;;;;;;;;;;;;;;;;;;;;;;;;;;;;;;;;;;;;;;;;;;;;;;;;;;;;;;;;;;;;;;;;;;;;;;;;;;;;;;;;;;;;;;;;;;;;;;;;;;;;;;;;;;;;;;;;;;;;;;;;;;;;;;;;;;;;;;;;;;;;;;;;;;;;;;;;;;;;05OCT1987;5;1;3;2;2;3;;NRP;;;;0;1;0;1;0;1;KAWASAKI;650;"ER-6 ""F"" ABS";Routière / GT;2;2014;37;2;2;0;1;;;;;;;;;;;;;;;;;;;;;;;;;;;;;;;;;;;;;;;;;;;;;0;3;4;7;;;;;;;NRP;NRP;2006;NRP;2013;NRP;NRP;2006;NRP
1623;7659;;1;0;4;;;;;;1;4;2009;;;;;0;3;;;;;;0;3;;;;;;0;4;;;;;;0;4;;;;;;0;2;;;;;;0;4;;;;;;1;4;2003;;;;;0;2;;;;;;0;4;;;;;;0;3;;;;;;0;2;;;;;;0;3;;;;;;0;;;;;;;;;;;;;;;;;;;0;0;15;0;;NRP;;;;;;;;;;;;;;;;;;;;;;;;;;;;;;;;;;;;;;;;;;;;;;;;;;;;;;;;;;;;;;;;;;;;;;;;;;;;;;;;;;;;;;;;;;;;;;;;;;;;;;;;;;;;;;;;;;;;;;;;;;;;;;;;;;;;;;;;;;;;;;;;;;;;;;;;;;;;;;;04JAN1971;5;2;3;1;1;1;;NRP;;;;1;0;0;3;0;3;SUZUKI;650;SV-N;ROADSTER;2;2002;29;4;1;5000;4;BMW;650;F650GS;TRAIL / SUPERMOTARD;2;2002;29;2;1;20000;4;APRILIA;650;PEGASO;TRAIL / SUPERMOTARD;2;1997;29;4;1;1500;4;;;;;;;;;;;;;;;;;;;;;;;26500;3;4;;;;;;;;NRP;NRP;NRP;NRP;1990;NRP;NRP;2000;NRP
1373;7662;;0;;;;;;;;;;;;;;;;;;;;;;;;;;;;;;;;;;;;;;;;;;;;;;;;;;;;;;;;;;;;;;;;;;;;;;;;;;;;;;;;;;;;;;;;;;;;;;;;;;;;;;;;;;;;;;;;;;;;;;;;;;;;;;;;;;;;;;;;;;;;;;;;;;;;;;;;;;;;;;;;;;;;;;;;;;;;;;;;;;;;;;;;;;;;;;;;;;;;;;;;;;;;;;;;;;;;;;;;;;;;;;;;;;;;;;;;;;;;;;;;;;;;;;;;;;;;;;;;;;;;;;;;;;;;;;;;;;;;;;;;;;17NOV1981;7;2;3;2;2;3;;NRP;;;;1;0;0;1;0;1;HONDA;600;"CB-F ""S"" ABS";ROADSTER;2;2004;10;1;2;12000;6;;;;;;;;;;;;;;;;;;;;;;;;;;;;;;;;;;;;;;;;;;;;;12000;3;4;;;;;;;;NRP;NRP;NRP;NRP;2013;NRP;NRP;2012;NRP
1452;7665;;0;;;;;;;;;;;;;;;;;;;;;;;;;;;;;;;;;;;;;;;;;;;;;;;;;;;;;;;;;;;;;;;;;;;;;;;;;;;;;;;;;;;;;;;;;;;;;;;;;;;;;;;;;;;;;;;;;;;;;;;;;;;;;;;;;;;;;;;;;;;;;;;;;;;;;;;;;;;;;;;;;;;;;;;;;;;;;;;;;;;;;;;;;;;;;;;;;;;;;;;;;;;;;;;;;;;;;;;;;;;;;;;;;;;;;;;;;;;;;;;;;;;;;;;;;;;;;;;;;;;;;;;;;;;;;;;;;;;;;;;;;;08FEB1984;7;1;3;2;2;3;;NRP;;;;1;0;0;1;0;1;SUZUKI;650;GLADIUS;ROADSTER;2;2012;37;3;1;2000;7;;;;;;;;;;;;;;;;;;;;;;;;;;;;;;;;;;;;;;;;;;;;;2000;1;3;4;;;;;;;1999;NRP;NRP;NRP;2012;NRP;NRP;2002;NRP
330;7672;323;1;0;5;;;;;;0;6;;;;;;0;5;;;;;;0;4;;;;;;0;5;;;;;;0;5;;;;;;0;4;;;;;;0;5;;;;;;1;5;2001;;;;;0;4;;;;;;0;5;;;;;;0;4;;;;;;0;4;;;;;;0;5;;;;;;0;;;;;;;;;;;;;;;;;;;0;0;12;1;41;9;2001;;2001;Vous avez fait une sortie de route, une perte de contrôle ou une glissade sans rien percuter.;2;;;;;;;c'etait un matin d'automne, la chaussée était humide et il y avait quelques feuilles mortes sur la route. Au milieu d'un virage les pneus se sont dérobés, et me voila parterre....;mon inexpérience, ma mauvaise analyse du grip;quand j'ai senti partir la moto, j'ai tout lacher et je sais pas comment je me suis retrouver sur le dos à glisser. Mon casque n'a pas touché le sol, il était intacte.;2;1;avec l'expérience, j'aurais mieux analysé l'adhérence, la vitesse , l'entrée en courbe....;jeune et insouscient;;2;0;;;;;;1;2;3;6;;;;;3;1;;;2;;comment ca arrive....;4;1;1;;2;1;2;2;3;1;1;2;3;1;4;4;4;1;4;5;7;;;;;;1;3;5;;;;;;;2;2;;2;2;3;2;50;0;0;25;25;NSP;;;;;;1;2;6;7;;1;;;;;;;;;;;2;2;3;;0;80;1;2;3;4;9;;;;;;3;2;2;1;1;4;SUZUKI;650;SV-S;SPORTIVE;2;1;1;1;1;1;1;1;1;1;1;20000;12;2;0;;;;;;;;10MAR1979;8;1;3;2;3;4;1;NRP;;;;2;1;0;1;0;1;TRIUMPH;800;TIGER;ROADSTER;2;2012;37;3;1;5000;7;;;;;;;;;;;;;;;;;;;;;;;;;;;;;;;;;;;;;;;;;;;;;5000;2;3;4;7;;;;;;NRP;NRP;1997;1997;2002;NRP;NRP;1997;NRP
306;7677;;1;1;5;2007;;;;;0;5;;;;;;0;5;;;;;;0;1;;;;;;0;5;;;;;;0;1;;;;;;0;4;;;;;;2;6;2006;2008;;;;0;5;;;;;;0;6;;;;;;0;4;;;;;;0;1;;;;;;0;2;;;;;;0;2;;;;;;1;1;NSP;;;;;chateauroux;;;;;A l'approche d'un feu au rouge un vehicule est juste venu me percuter par l'arrière en fin de freinage.;;;;;0;0;2;3;10;0;;NRP;;;;;;;;;;;;;;;;;;;;;;;;;;;;;;;;;;;;;;;;;;;;;;;;;;;;;;;;;;;;;;;;;;;;;;;;;;;;;;;;;;;;;;;;;;;;;;;;;;;;;;;;;;;;;;;;;;;;;;;;;;;;;;;;;;;;;;;;;;;;;;;;;;;;;;;;;;;;;;;23OCT1984;7;1;3;2;3;5;0;NRP;;;;3;0;0;2;0;2;SUZUKI;1300;"GSX-R ""HAYABUSA""";Routière / GT;2;2009;37;3;1;4000;7;SUZUKI;1000;V-STROM;TRAIL / SUPERMOTARD;2;2007;28;4;1;300;7;;;;;;;;;;;;;;;;;;;;;;;;;;;;;;;;;;4300;2;3;4;7;;;;;;NRP;NRP;2001;2001;2004;NRP;NRP;2002;NRP
1077;7685;;0;;;;;;;;;;;;;;;;;;;;;;;;;;;;;;;;;;;;;;;;;;;;;;;;;;;;;;;;;;;;;;;;;;;;;;;;;;;;;;;;;;;;;;;;;;;;;;;;;;;;;;;;;;;;;;;;;;;;;;;;;;;;;;;;;;;;;;;;;;;;;;;;;;;;;;;;;;;;;;;;;;;;;;;;;;;;;;;;;;;;;;;;;;;;;;;;;;;;;;;;;;;;;;;;;;;;;;;;;;;;;;;;;;;;;;;;;;;;;;;;;;;;;;;;;;;;;;;;;;;;;;;;;;;;;;;;;;;;;;;;;;31JAN1959;9;1;3;2;2;3;;NRP;;;;1;0;0;1;0;1;SUZUKI;1250;BANDIT-S;ROADSTER;2;2007;37;2;1;15000;7;;;;;;;;;;;;;;;;;;;;;;;;;;;;;;;;;;;;;;;;;;;;;15000;3;4;;;;;;;;NRP;NRP;NRP;NRP;1982;NRP;NRP;1977;NRP
461;7691;;1;1;4;1995;;;;;0;6;;;;;;1;5;2005;;;;;0;3;;;;;;0;4;;;;;;0;4;;;;;;0;3;;;;;;0;4;;;;;;0;2;;;;;;0;3;;;;;;0;4;;;;;;0;2;;;;;;0;6;;;;;;0;2;;;;;;1;1;2012;;;;;Bordeaux;;;;;Temps pluvieux, sur pavés, la nuit. Je tourne la tête pour vérifier qu'aucun véhicule n'arrive de la rue sur ma droite, et quand mon regard revient devant moi une borne rétractable sortait de la route trop près pour que je puisse l'éviter. Elle était baissée suite au passage d'un véhicule avant moi, c'est pourquoi avec les reflets des lumières de la ville et des phares dans les pavés mouillés je ne l'avais pas détectée en arrivant.;;;;;0;0;4;7;11;1;11;3;2005;;;;;;;;;;;;;;;;;;;;;;;;;;;;;;;;;;;;;;;;;;;;;;;;;;;;;;;;;;;;;;;;;;;;;;;;;;;;;;;;;;;;;;;;;;;;;;;;;;;;;;;;;;;;;;;;;;;;;;;;;;;;;;;;;;;;;;;;;;;;;;;;;;;;;;;;;;;;;;08MAR1968;4;1;3;2;3;4;1;NRP;;;;1;0;0;2;0;1;BMW;1300;K1300GT;Routière / GT;2;2009;37;1;3;45;7;;;;;;;;;;;;;;;;;;;;;;;;;;;;;;;;;;;;;;;;;;;;;45;3;4;;;;;;;;NRP;NRP;NRP;NRP;2003;NRP;NRP;1986;NRP
1103;7692;200;1;0;5;;;;;;0;5;;;;;;0;3;;;;;;0;4;;;;;;0;4;;;;;;1;6;2002;;;;;1;3;1985;;;;;0;3;;;;;;0;3;;;;;;0;4;;;;;;0;2;;;;;;0;2;;;;;;0;2;;;;;;0;4;;;;;;1;1;1980;;;;;decines (69);;;;;voiture m'a percuté face à face;;;;;0;0;1;2;34;1;31;7;1985;;1985;Vous avez fait une sortie de route, une perte de contrôle ou une glissade puis avez percuté un véhicule arrivant en sens inverse.;4;6;;;;;;Les circonstances de cet accident sont:  le 31/07/1980 aux alentours de 22h30 je circulais sur ma 125 Honda sur une ligne droite,avec mon feu allumé,et une voiture est arrivé en face de moi et a foncé sur moi déliberement,j'ai reussi à l'eviter partiellement et j'ai percuté son aile gauche. Cela m'a désequilibré et ma moto c'est couché et a glissé sur plus de 25 metres. J'ai su plus tard que la voiture avait été volé,et on a jamais retrouvé le ou les responsables  Mon pieds (ma jambe est resté coincé sous la moto pendant la glissade)a été arraché (coupé en 2) par le selecteur (je n'avais pas de bottes malheureusement) et j'ai eu une double fracture ouverte tibia peroné.  Je suis resté 5 mois à l'hopital,j'ai été operé 8 fois,je n'ai pas été amputé (une chance et un chirurgien extraordinaire) J'ai des sequelles très importante,mais je fais toujours de la moto et il y a plus malheureux que moi.  La moralité de cet accident,et que hormis les faits,si j'avais été mieux équipé,je pense que j'aurais eu moins de problemes physiques. Dorenavant,meme quand je vais chercher le pain en Moto je m'equipe de la tete aux pieds car on ne sais jamais;c'est l'element de surprise qui a fait que l'accident été inevitable,car j'ai considéré cet accident comme une agression,et je n'y étais pas préparé;comme c'etait un quartier pas très frequentable,la 1ere voiture qui est passé à coté de moi,a regardé et ensuite est parti(courage fuyons) Après c'est une dame qui habitait à proxilité qui est venu me secourir et a appelé les pompiers et la gendarmerie;NRP;0;;;on est pas preparé à une agression;2;1;2;;NSP;1;NRP;2;3;6;;;;;;1;2;;;3;;j'ai été surpris que l'autre vehicule soit sur la meme voie que moi;1;3;;;1;1;4;4;1;1;1;1;3;4;4;4;4;10;;;;;;;;;2;;;;;;;;;2;2;;2;1;2;1;0;100;0;0;0;2;;;;;;1;1;;;;2;1;7;;;;;;;1;1;2;2;3;;0;60;1;2;5;;;;;;;;4;4;4;4;NRP;NRP;HONDA;125;XL-S;TRAIL / SUPERMOTARD;2;1;1;1;1;1;1;1;1;1;1;15000;12;3;1;PEUGEOT;50;SX5 TRAIL;TRAIL / SUPERMOTARD;2;4;4;01MAY1962;2;2;3;2;2;3;;NRP;;;;1;0;0;4;0;4;BMW;800;F800S;Routière / GT;2;2006;24;3;1;5000;7;DUCATI;900;MONSTER;ROADSTER;2;1999;24;3;1;3500;7;BMW;600;R60;ROADSTER;2;1970;41;4;1;1000;7;YAMAHA;1200;FJ;Routière / GT;1;1986;24;3;1;5000;7;;;;;;;;;;;;14500;2;4;9;;;;;;;NRP;NRP;NRP;1979;NRP;NRP;1981;1981;NRP
798;7693;;0;;;;;;;;;;;;;;;;;;;;;;;;;;;;;;;;;;;;;;;;;;;;;;;;;;;;;;;;;;;;;;;;;;;;;;;;;;;;;;;;;;;;;;;;;;;;;;;;;;;;;;;;;;;;;;;;;;;;;;;;;;;;;;;;;;;;;;;;;;;;;;;;;;;;;;;;;;;;;;;;;;;;;;;;;;;;;;;;;;;;;;;;;;;;;;;;;;;;;;;;;;;;;;;;;;;;;;;;;;;;;;;;;;;;;;;;;;;;;;;;;;;;;;;;;;;;;;;;;;;;;;;;;;;;;;;;;;;;;;;;;;13JUN1955;9;2;3;2;2;3;;NRP;;;;2;0;0;1;0;1;TRIUMPH;800;TIGER XC ABS;TRAIL / SUPERMOTARD;2;2011;31;2;1;10000;4;;;;;;;;;;;;;;;;;;;;;;;;;;;;;;;;;;;;;;;;;;;;;10000;3;;;;;;;;;NRP;NRP;NRP;NRP;1972;NRP;NRP;NRP;NRP
555;7694;;1;0;2;;;;;;0;2;;;;;;0;3;;;;;;0;3;;;;;;0;4;;;;;;0;3;;;;;;0;3;;;;;;0;4;;;;;;0;3;;;;;;0;3;;;;;;0;3;;;;;;0;2;;;;;;0;3;;;;;;0;2;;;;;;1;1;2012;;;;;Saint André de;;;;;Personne qui m'a pas arrêter au stop et m'a percuté par l'arrière et traîne sur 3 mètres.;;;;;0;0;20;10;0;1;71;15;2012;Saint André de;;;;;;;;;;;;;;;;;;;;;;;;;;;;;;;;;;;;;;;;;;;;;;;;;;;;;;;;;;;;;;;;;;;;;;;;;;;;;;;;;;;;;;;;;;;;;;;;;;;;;;;;;;;;;;;;;;;;;;;;;;;;;;;;;;;;;;;;;;;;;;;;;;;;;;;;;;;;;27NOV1976;7;1;3;2;3;4;1;NRP;;;;1;0;0;1;0;1;HYOSUNG;125;AQUILA;CUSTOM;2;2000;37;1;2;15000;7;;;;;;;;;;;;;;;;;;;;;;;;;;;;;;;;;;;;;;;;;;;;;15000;2;4;;;;;;;;NRP;NRP;NRP;1995;NRP;NRP;NRP;1995;NRP
695;7695;209;1;0;3;;;;;;0;3;;;;;;0;3;;;;;;0;4;;;;;;1;3;1970;;;;;0;3;;;;;;0;3;;;;;;0;3;;;;;;0;3;;;;;;0;3;;;;;;0;4;;;;;;0;3;;;;;;0;3;;;;;;0;3;;;;;;1;1;2011;;;;;Marmande;;;;;Sur un rond-point Circulation au pas. Freinage d'urgence de toute la file. Le vehicule qui me suit heurte tres legerement mon vehicule ce qui me desequilibre, la moto se couche cote gauche. je ne peux pas la retenir. Carenage légerement endomagé. Aducteurs gauche douloureux. Pas de constat. Arrangement amiable a la demande du conducteur adverse.;;;;;0;0;2;9;34;1;21;5;1970;;1970;Vous circuliez sur un axe prioritaire. Un véhicule venant d’un axe non prioritaire vous a coupé la route.;1;2;;;;;;circulant sur un Lambretta 125, agé de 17 ans, un véhicule n'a pas respecté le stop et m'a coupé la route sur ma droite.  J'ai percuté l'avant gauche de la voiture. L'accident a eu lieu en pleine ville sur un carrefour assez spacieux. Il n'y avait aucune trace de freinage de ma part. Je roulais entre 60 et 70 km/h. Vitesse limitée à 60 à l'époque.;Je vois la voiture arretée au stop. Je ne ralentis pas.  La voiture démarre à 10 metres devant moi.;Il me semble.. Tentative de freinage. Déjà dans l'aile gauche du véhicule adverse. Choc violent.La voiture s'immobilise en même que je la percute. Pour moi vol plané par dessus la voiture.;2;0;;;Trop près du stop au moment de la faute de l'automobiliste.;3;1;2;;ne m'a pas vu arriver.;2;une fois l'accident arrivé, aucune action n'a aggravé la situation.;2;6;;;;;;;1;;;;2;;Sensation extrèmement rapide. Certains que l'automobiliste m'avait vu arrivé.;3;1;3;;1;1;3;3;2;1;1;1;1;4;4;4;4;1;5;;;;;;;;2;;;;;;;;;2;2;;2;1;1;1;30;70;0;0;0;2;;;;;;1;1;;;;2;1;4;;;;;;;0;;2;1;3;;0;65;1;2;;;;;;;;;4;4;4;4;4;4;LAMBRETTA;125;LAMB;SCOOTER;2;1;1;1;1;1;1;1;1;1;1;5000;12;2;1;MOTOBECANE;50;40NT;ROADSTER;2;3;4;18NOV1953;9;1;3;2;2;3;;NRP;;;;3;0;0;1;0;1;YAMAHA;900;XJS DIVERSION GT;Routière / GT;2;2001;37;1;1;16000;6;;;;;;;;;;;;;;;;;;;;;;;;;;;;;;;;;;;;;;;;;;;;;16000;3;4;;;;;;;;NRP;NRP;NRP;NRP;1980;NRP;NRP;1972;NRP