Ligne;Ligne Q qualif;Ligne approfondissement Accident;ACCIDENT;NBACC1;ACCFREQUENCE1;ANNEEACC1_1;ANNEEACC1_2;ANNEEACC1_3;ANNEEACC1_4;ANNEEACC1_5;NBACC2;ACCFREQUENCE2;ANNEEACC2_1;ANNEEACC2_2;ANNEEACC2_3;ANNEEACC2_4;ANNEEACC2_5;NBACC3;ACCFREQUENCE3;ANNEEACC3_1;ANNEEACC3_2;ANNEEACC3_3;ANNEEACC3_4;ANNEEACC3_5;NBACC4;ACCFREQUENCE4;ANNEEACC4_1;ANNEEACC4_2;ANNEEACC4_3;ANNEEACC4_4;ANNEEACC4_5;NBACC5;ACCFREQUENCE5;ANNEEACC5_1;ANNEEACC5_2;ANNEEACC5_3;ANNEEACC5_4;ANNEEACC5_5;NBACC6;ACCFREQUENCE6;ANNEEACC6_1;ANNEEACC6_2;ANNEEACC6_3;ANNEEACC6_4;ANNEEACC6_5;NBACC7;ACCFREQUENCE7;ANNEEACC7_1;ANNEEACC7_2;ANNEEACC7_3;ANNEEACC7_4;ANNEEACC7_5;NBACC8;ACCFREQUENCE8;ANNEEACC8_1;ANNEEACC8_2;ANNEEACC8_3;ANNEEACC8_4;ANNEEACC8_5;NBACC9;ACCFREQUENCE9;ANNEEACC9_1;ANNEEACC9_2;ANNEEACC9_3;ANNEEACC9_4;ANNEEACC9_5;NBACC10;ACCFREQUENCE10;ANNEEACC10_1;ANNEEACC10_2;ANNEEACC10_3;ANNEEACC10_4;ANNEEACC10_5;NBACC11;ACCFREQUENCE11;ANNEEACC11_1;ANNEEACC11_2;ANNEEACC11_3;ANNEEACC11_4;ANNEEACC11_5;NBACC12;ACCFREQUENCE12;ANNEEACC12_1;ANNEEACC12_2;ANNEEACC12_3;ANNEEACC12_4;ANNEEACC12_5;NBACC13;ACCFREQUENCE13;ANNEEACC13_1;ANNEEACC13_2;ANNEEACC13_3;ANNEEACC13_4;ANNEEACC13_5;NBACC14;ACCFREQUENCE14;ANNEEACC14_1;ANNEEACC14_2;ANNEEACC14_3;ANNEEACC14_4;ANNEEACC14_5;AUTRESACC;NBAUTRESACC;ANNEEAUTREACC1;ANNEEAUTREACC2;ANNEEAUTREACC3;ANNEEAUTREACC4;ANNEEAUTREACC5;LIEUAUTREACC1;LIEUAUTREACC2;LIEUAUTREACC3;LIEUAUTREACC4;LIEUAUTREACC5;DESCRIPTIONAUTRESACC1;DESCRIPTIONAUTRESACC2;DESCRIPTIONAUTRESACC3;DESCRIPTIONAUTRESACC4;DESCRIPTIONAUTRESACC5;NBAUTRESACCCIRCUIT;NBAUTRESTOUTTERRAIN;EXPCYCLO;EXP125;EXPSUP125;ACCORDNEXTQ;CHOIXACC;RGPMTACC;RECUPANNEE;RECUPLIEU;RECUPANNE;RGPMTAC;CHOIX1;CHOIX2;CHOIX3;CHOIX4;CHOIX5;CHOIX6;CHOIX7;DESCRIPTION;RUPTURE;FAITS;ABS_REACTION;AUTRE_REACTION;PRECISIONREACTIONOUI;RECUL;PRECISIONREACTIONNON;IMPACTCOMPORTEMENT;AUTREUSAGER;REACTIONAUTREUSAGER;CONNAISSANCEREACTIONUSAGER;DIFFICULTES;AGGRAVATION;DIFFICULTES2;EMOTIONS1;EMOTIONS2;EMOTIONS3;EMOTIONS4;EMOTIONS5;EMOTIONS6;AUTRESENTIMENT;CLASSEMENTEMOTIONS1;CLASSEMENTEMOTIONS;CLASSEMENTEMOTIONS5;CLASSEMENTEMOTIONS6;CLASSEMENTEMOTIONS7;CLASSEMENTEMOTIONS8;CLASSEMENTEMOTIONS9;EXPLICATIONRESSENTI;BIENEQUIPE;ALLURE;ALLUREVITEDETAIL;ALLURELENTEDETAIL;SITUATIONPRESSE;SITUATIONDISTRAIT;SITUATIONCONFIANT;SITUATIONCONTROLE;SITUATIONLUDIQUE;SITUATIONPERF;SITUATIONSTRESS;SITUATIONFATIGUE;HUMEURNEUTRE;HUMEURGAI;HUMEURMECONTENT;HUMEURTRISTE;HUMEURCOLERE;CONTRIBUTION1;CONTRIBUTION2;CONTRIBUTION3;CONTRIBUTION4;CONTRIBUTION5;CONTRIBUTION6;CONTRIBUTION7;CONTRIBUTION8;CONTRIBUTION9;ROLEINFRA;ELEMENTINFRA1;ELEMENTINFRA2;ELEMENTINFRA3;ELEMENTINFRA4;ELEMENTINFRA5;ELEMENTINFRA6;ELEMENTINFRA7;ELEMENTINFRA8;ELEMENTINFRA9;ALCOOL;TXALCOOL;STUP;SEMAINE;MOMENTJOURNEE;TEMPS;CAUSEACC1;CAUSEACC2;CAUSEACC3;CAUSEACC4;CAUSEACC5;FORMATIONCAUSE;FORMATION1;FORMATION2;FORMATION3;FORMATION4;FORMATION5;TRAFIC;CHAUSSEE1;CHAUSSEE2;CHAUSSEE3;CHAUSSEE4;TYPEACC;BLESSURE;TETE;COU;THORAX;MEMBRESSUP;COLONNE;BASSIN;MEMBRESINF;HOPITAL;PLUS24H;TRAJET;TYPEROUTE;MOTIF;SENSTRAJET;PASSAGER;VITESSE;DESCEQ1;DESCEQ2;DESCEQ3;DESCEQ4;DESCEQ5;DESCEQ6;DESCEQ7;DESCEQ8;DESCEQ9;DESCEQ10;VEHICULEETE;VEHICULEAUTOMNE;VEHICULEPRINTEMPS;VEHICULEHIVER;VEHICULESEMAINE;VEHICULEWE;VEHMARQUE;VEHCYLINDREE;VEHMODELE;VEHSEGMENT;VEHSIDE;EQ2RMABS;EQ2RMCBS;EQ2RMABSCBS;EQ2RMREGULATEUR;EQ2RMLIMITEUR;EQ2RMPHARESDIRECT;EQ2RMCOUPURE;EQ2RMANTIPATINAGE;EQ2RMANTIXHEELING;EQ2RMSTABILILTE;VEHKM;POINTS;DUREE;AUTRE2RM;VEHPRECMARQUE;VEHPRECCYLINDREE;VEHPRECMODELE;VEHPRECSEGMENT;VEHPRECSIDE;TEMPS2RMPREC;FREQVEHPREC;DATE_NAISS;CSP;SOCIETAIRE;SALARIE;SECTEUR2RM;NBPERSFOYER;SITFAM;NBENF;TRNBENF1;TRNBENF2;TRNBENF3;TRNBENF4;NBAUTOFOYER;NBCYCLOFOYER;NBSCOOTFOYER;NBMOTOFOYER;NBTRIKEFOYER;NB2RMCONDUIT;MARQUE1;CYLINDREE1;MODELE1;SEGMENT1;SIDE1;ANMISECIRCU1;ASS1;FREQ1;USAGE1;NBKM1;GARAGE1;MARQUE2;CYLINDREE2;MODELE2;SEGMENT2;SIDE2;ANMISECIRCU2;ASS2;FREQ2;USAGE2;NBKM2;GARAGE2;MARQUE3;CYLINDREE3;MODELE3;SEGMENT3;SIDE3;ANMISECIRCU3;ASS3;FREQ3;USAGE3;NBKM3;GARAGE3;MARQUE4;CYLINDREE4;MODELE4;SEGMENT4;SIDE4;ANMISECIRCU4;ASS4;FREQ4;USAGE4;NBKM4;GARAGE4;MARQUE5;CYLINDREE5;MODELE5;SEGMENT5;SIDE5;ANMISECIRCU5;ASS5;FREQ5;USAGE5;NBKM5;GARAGE5;NBKMTOT;PERMIS1;PERMIS2;PERMIS3;PERMIS4;PERMIS5;PERMIS6;PERMIS7;PERMIS8;PERMIS9;ANPERMIS1;ANPERMIS6;ANPERMIS7;ANPERMIS2;ANPERMIS3;ANPERMIS8;ANPERMIS9;ANPERMIS4;ANPERMIS5
1790;7699;;1;1;5;1980;;;;;0;5;;;;;;0;5;;;;;;0;3;;;;;;0;4;;;;;;0;5;;;;;;0;3;;;;;;0;4;;;;;;1;5;1978;;;;;0;5;;;;;;0;5;;;;;;0;3;;;;;;0;3;;;;;;0;3;;;;;;0;;;;;;;;;;;;;;;;;;;4;5;15;1;1;1;1980;;;;;;;;;;;;;;;;;;;;;;;;;;;;;;;;;;;;;;;;;;;;;;;;;;;;;;;;;;;;;;;;;;;;;;;;;;;;;;;;;;;;;;;;;;;;;;;;;;;;;;;;;;;;;;;;;;;;;;;;;;;;;;;;;;;;;;;;;;;;;;;;;;;;;;;;;;;;;;11JUN1952;9;2;3;2;1;1;;NRP;;;;1;0;0;1;0;1;YAMAHA;600;FZ6-S FAZER;ROADSTER;2;2002;8;2;1;4000;7;;;;;;;;;;;;;;;;;;;;;;;;;;;;;;;;;;;;;;;;;;;;;4000;2;3;4;;;;;;;NRP;NRP;NRP;1969;1971;NRP;NRP;1971;NRP
1893;7700;;0;;;;;;;;;;;;;;;;;;;;;;;;;;;;;;;;;;;;;;;;;;;;;;;;;;;;;;;;;;;;;;;;;;;;;;;;;;;;;;;;;;;;;;;;;;;;;;;;;;;;;;;;;;;;;;;;;;;;;;;;;;;;;;;;;;;;;;;;;;;;;;;;;;;;;;;;;;;;;;;;;;;;;;;;;;;;;;;;;;;;;;;;;;;;;;;;;;;;;;;;;;;;;;;;;;;;;;;;;;;;;;;;;;;;;;;;;;;;;;;;;;;;;;;;;;;;;;;;;;;;;;;;;;;;;;;;;;;;;;;;;;20FEB1995;10;1;3;2;6;5;0;NRP;;;;2;1;0;2;0;2;CPI;50;ARAGON GP;SCOOTER;2;2008;38;1;2;2500;7;SUZUKI;500;GS-E 34CV;ROADSTER;2;1989;37;1;2;3000;7;;;;;;;;;;;;;;;;;;;;;;;;;;;;;;;;;;5500;1;4;8;;;;;;;2010;NRP;NRP;NRP;NRP;2014;NRP;2014;NRP
424;7701;168;1;0;4;;;;;;0;2;;;;;;1;5;2012;;;;;0;2;;;;;;0;4;;;;;;0;3;;;;;;0;3;;;;;;0;4;;;;;;3;5;2005;2008;2011;;;0;3;;;;;;0;2;;;;;;0;2;;;;;;0;2;;;;;;1;4;2009;;;;;1;1;2006;;;;;sceaux;;;;;Separation de chaussee surelevee ayant entraine un desequilibre;;;;;0;0;0;18;0;1;71;15;2006;sceaux;2006;Autre(s) type(s) d'accident(s).;AUT|démonstratif du manque de prise en compte des 2 roues;;;;;;;description: rue de fontenay à sceaux. rue à double sens.  8h30 du matin en semaine arrivée sur un croisement : bouchon dû à un camion bloqué à une entrée de rue et empiétant sur le carrfour nécessité de sortir de sa voie pour pouvoir circuler.  à cette rue, la ville de sceaux a installée une séparation des 2 voies sous forme de pavé.  Cette séparation est certes esthétique, mais n'étant pas plane, elle présente une bosse qui entraîne une perte d'équilibre.  pas de souci pour les voitures, bus et camion,  mais en 2 roues ce danger est réel et signe d'une non prise en compte du 2 roues en ville.  En suivant les voitures, pas vraiment vu la hauteur de la bosse, et une fois arrivée sur perte d'équilibre et chute.  Heureusement, cela s'est passé faible allure et les véhicules suivants ont largement eu le temps de s'arrêter.  côté moto : guidon tordu, poignée cassé, clignotant à changer, et pantalon de moto HS.;suivi de la circulation en ville,  non visibilité du danger qui a fait basculer la moto.;après la chute, immédiatement regardé pour dégager au cas ou un véhicule arrive puis soulevé la moto pour la mettre en dehors de la rue.  personne ne s'est arrêté.  quelques klaxons pour mécontentement du retard provoqué....;NRP;0;;;c'est le point qui me gêne : je ne vois pas ce que j'aurais pu faire de plus... ne pas suivre les véhicules de devant et attendre le dégagement du camion ? : quasi impossible sans se faire insulter prendre du recul par rapport au véhicule de devant ? : on était à 10-20km/h et large en terme de distance de sécurité pur pour un freinage prendre la bosse à 90° ? : impossible car véhicule arrivait d'en face avoir une meilleure maitrise de la moto ? : c'est déjà une 125 taille basse avec mes pieds qui touchent par terre.;3;0;;;;;;2;6;9;;;;énervement lorsque j'ai senti que la moto basculait à gauche alors que je voulais aller à droite....;;3;;;;2;1;n'allant pas vite, j'ai tout de suite compris que la situation n'était pas récupérable sans chute.  énervement car après j'ai réalisé que cette arrangement de voirie (bosse de pavé entre les 2 voies de circulation) était surtout d'ordre esthétique là où des pavés posé à plat ferait largement l'affaire.  sentiment fort que les personnes qui ont prévu ces pavés n'ont pas de près ou de loin des contact avec les 2 roues.  Ausi, cela m'est arrivé en moto, mais en vélo le résultat aurait été identique.;3;3;;;1;2;4;4;1;1;1;1;1;4;4;4;4;10;;;;;;;;;1;3;;;;;;;;2;2;;2;1;1;1;10;0;0;90;0;2;;;;;;3;1;AUT|mal conçu;;;1;;;;;;;;;;;2;1;1;1;0;15;1;10;2;4;7;;;;;;4;4;4;4;4;4;YAMAHA;125;SR;CUSTOM;2;1;1;1;1;1;1;1;1;1;1;80000;12;4;0;;;;;;;;29NOV1970;5;1;3;2;5;4;3;NRP;;;;2;0;0;1;0;1;YAMAHA;125;SR;CUSTOM;2;1998;37;1;2;15000;7;;;;;;;;;;;;;;;;;;;;;;;;;;;;;;;;;;;;;;;;;;;;;15000;4;;;;;;;;;NRP;NRP;NRP;NRP;NRP;NRP;NRP;1988;NRP
229;7702;143;1;0;5;;;;;;0;6;;;;;;0;4;;;;;;0;4;;;;;;1;6;1996;;;;;0;6;;;;;;0;4;;;;;;0;6;;;;;;0;5;;;;;;0;2;;;;;;0;5;;;;;;0;1;;;;;;0;3;;;;;;0;2;;;;;;0;;;;;;;;;;;;;;;;;;;32;2;30;1;21;5;1996;;1996;Vous circuliez sur un axe prioritaire. Un véhicule venant d’un axe non prioritaire vous a coupé la route.;1;;;;;;;NRP;la debilite d'un chaufar;pour moi de meliberet de la moto pour lui il ne mavais pas vu;1;0;;;aucun chance et pas le temps deviter;2;1;2;;NSP;1;il na pas regarder de mon cote;3;6;;;;;;;;2;;;1;;?;4;3;;;2;1;4;4;3;1;1;1;1;3;4;4;4;10;;;;;;;;;2;;;;;;;;;2;2;;2;1;1;1;0;100;0;0;0;2;;;;;;1;1;;;;1;;;;;;;;;;;1;2;3;;0;100;1;2;3;4;7;9;;;;;4;3;3;2;4;4;SUZUKI;1100;GS1100G;ROADSTER;2;1;1;1;1;1;1;1;1;1;0;35000;12;4;1;KAWASAKI;900;GPZ-R NINJA;Routière / GT;2;4;4;01APR1966;7;2;3;2;2;3;;NRP;;;;2;0;0;2;0;2;SUZUKI;1300;"GSX-R ""HAYABUSA""";Routière / GT;2;2001;37;3;1;10000;7;HONDA;1000;VARADERO IE ABS;TRAIL / SUPERMOTARD;2;2003;37;2;2;20000;7;;;;;;;;;;;;;;;;;;;;;;;;;;;;;;;;;;30000;3;4;8;9;;;;;;NRP;NRP;NRP;NRP;1984;1984;1984;1984;NRP
1792;7704;;1;0;3;;;;;;0;3;;;;;;0;5;;;;;;0;4;;;;;;0;4;;;;;;0;2;;;;;;0;4;;;;;;0;2;;;;;;0;5;;;;;;0;3;;;;;;0;2;;;;;;0;2;;;;;;0;5;;;;;;0;3;;;;;;1;1;1983;;;;;Tarnos;;;;;croisement de route, j'ai tourné à gauche sans evaluer la vitesse du vehicule arrivant en face.;;;;;0;0;4;33;15;1;71;15;1983;Tarnos;;;;;;;;;;;;;;;;;;;;;;;;;;;;;;;;;;;;;;;;;;;;;;;;;;;;;;;;;;;;;;;;;;;;;;;;;;;;;;;;;;;;;;;;;;;;;;;;;;;;;;;;;;;;;;;;;;;;;;;;;;;;;;;;;;;;;;;;;;;;;;;;;;;;;;;;;;;;;12APR1960;5;1;3;2;4;4;2;NRP;;;;4;2;0;2;0;2;YAMAHA;125;SR;CUSTOM;2;1994;37;3;2;1500;4;DUCATI;1000;ST3;Routière / GT;2;2008;37;3;1;8000;4;;;;;;;;;;;;;;;;;;;;;;;;;;;;;;;;;;9500;4;8;;;;;;;;NRP;NRP;NRP;NRP;NRP;2004;NRP;1982;NRP
1645;7706;;1;0;5;;;;;;0;5;;;;;;0;4;;;;;;0;2;;;;;;0;5;;;;;;0;6;;;;;;0;3;;;;;;0;4;;;;;;1;6;2014;;;;;0;4;;;;;;0;5;;;;;;0;3;;;;;;0;3;;;;;;0;6;;;;;;0;;;;;;;;;;;;;;;;;;;0;0;2;1;41;9;2014;;;;;;;;;;;;;;;;;;;;;;;;;;;;;;;;;;;;;;;;;;;;;;;;;;;;;;;;;;;;;;;;;;;;;;;;;;;;;;;;;;;;;;;;;;;;;;;;;;;;;;;;;;;;;;;;;;;;;;;;;;;;;;;;;;;;;;;;;;;;;;;;;;;;;;;;;;;;;;02JUN1994;10;1;3;2;4;5;0;NRP;;;;3;0;0;1;0;1;SUZUKI;500;GS +35KW;ROADSTER;2;1994;37;1;1;15000;7;;;;;;;;;;;;;;;;;;;;;;;;;;;;;;;;;;;;;;;;;;;;;15000;4;8;;;;;;;;NRP;NRP;NRP;NRP;NRP;2013;NRP;2012;NRP
1898;7708;;0;;;;;;;;;;;;;;;;;;;;;;;;;;;;;;;;;;;;;;;;;;;;;;;;;;;;;;;;;;;;;;;;;;;;;;;;;;;;;;;;;;;;;;;;;;;;;;;;;;;;;;;;;;;;;;;;;;;;;;;;;;;;;;;;;;;;;;;;;;;;;;;;;;;;;;;;;;;;;;;;;;;;;;;;;;;;;;;;;;;;;;;;;;;;;;;;;;;;;;;;;;;;;;;;;;;;;;;;;;;;;;;;;;;;;;;;;;;;;;;;;;;;;;;;;;;;;;;;;;;;;;;;;;;;;;;;;;;;;;;;;;17JAN1970;6;2;3;2;2;3;;NRP;;;;1;0;0;2;0;1;HONDA;600;"CB-F ""S"" ABS";ROADSTER;2;2009;10;1;3;9000;4;;;;;;;;;;;;;;;;;;;;;;;;;;;;;;;;;;;;;;;;;;;;;9000;3;4;;;;;;;;NRP;NRP;NRP;NRP;1994;NRP;NRP;1989;NRP
1210;7709;;1;1;4;1978;;;;;0;3;;;;;;0;4;;;;;;0;3;;;;;;1;6;1978;;;;;0;3;;;;;;0;5;;;;;;0;3;;;;;;0;4;;;;;;0;6;;;;;;0;5;;;;;;0;2;;;;;;1;4;1980;;;;;0;5;;;;;;0;;;;;;;;;;;;;;;;;;;3;6;5;1;21;5;1978;;;;;;;;;;;;;;;;;;;;;;;;;;;;;;;;;;;;;;;;;;;;;;;;;;;;;;;;;;;;;;;;;;;;;;;;;;;;;;;;;;;;;;;;;;;;;;;;;;;;;;;;;;;;;;;;;;;;;;;;;;;;;;;;;;;;;;;;;;;;;;;;;;;;;;;;;;;;;;07SEP1958;5;1;3;2;2;3;;NRP;;;;2;0;0;1;0;1;BMW;800;F800R ABS;ROADSTER;2;2011;37;3;1;4000;7;;;;;;;;;;;;;;;;;;;;;;;;;;;;;;;;;;;;;;;;;;;;;4000;3;4;5;;;;;;;NRP;NRP;NRP;NRP;2010;NRP;NRP;1978;1978
1587;7711;;1;0;5;;;;;;0;6;;;;;;0;5;;;;;;0;5;;;;;;0;5;;;;;;0;4;;;;;;0;6;;;;;;0;6;;;;;;0;6;;;;;;0;5;;;;;;1;6;2014;;;;;0;5;;;;;;0;6;;;;;;0;4;;;;;;0;;;;;;;;;;;;;;;;;;;2;0;2;1;51;11;2014;;;;;;;;;;;;;;;;;;;;;;;;;;;;;;;;;;;;;;;;;;;;;;;;;;;;;;;;;;;;;;;;;;;;;;;;;;;;;;;;;;;;;;;;;;;;;;;;;;;;;;;;;;;;;;;;;;;;;;;;;;;;;;;;;;;;;;;;;;;;;;;;;;;;;;;;;;;;;;04DEC1987;7;2;3;2;1;1;;NRP;;;;1;0;0;1;0;1;HONDA;600;HORNET 34CV;ROADSTER;2;2003;20;1;2;10000;6;;;;;;;;;;;;;;;;;;;;;;;;;;;;;;;;;;;;;;;;;;;;;10000;3;4;;;;;;;;NRP;NRP;NRP;NRP;2013;NRP;NRP;2008;NRP
203;7713;;0;;;;;;;;;;;;;;;;;;;;;;;;;;;;;;;;;;;;;;;;;;;;;;;;;;;;;;;;;;;;;;;;;;;;;;;;;;;;;;;;;;;;;;;;;;;;;;;;;;;;;;;;;;;;;;;;;;;;;;;;;;;;;;;;;;;;;;;;;;;;;;;;;;;;;;;;;;;;;;;;;;;;;;;;;;;;;;;;;;;;;;;;;;;;;;;;;;;;;;;;;;;;;;;;;;;;;;;;;;;;;;;;;;;;;;;;;;;;;;;;;;;;;;;;;;;;;;;;;;;;;;;;;;;;;;;;;;;;;;;;;;26MAY1990;7;1;3;2;2;3;;NRP;;;;2;0;0;2;0;1;YAMAHA;600;THUNDER CAT (YZF-R);Routière / GT;2;1998;37;2;1;10;7;;;;;;;;;;;;;;;;;;;;;;;;;;;;;;;;;;;;;;;;;;;;;10;3;4;;;;;;;;NRP;NRP;NRP;NRP;2012;NRP;NRP;2008;NRP
149;7722;113;1;0;3;;;;;;0;4;;;;;;0;5;;;;;;0;2;;;;;;0;2;;;;;;0;3;;;;;;0;2;;;;;;0;4;;;;;;1;5;2014;;;;;0;4;;;;;;0;5;;;;;;0;1;;;;;;0;4;;;;;;0;2;;;;;;0;;;;;;;;;;;;;;;;;;;0;0;2;1;41;9;2014;;2014;Vous avez fait une sortie de route, une perte de contrôle ou une glissade sans rien percuter.;1;;;;;;;Fin d'après-midi, premières gouttes de pluie qui tombent. En sortant d'un rond point, passage sur une partie de la route très lisse (sans gravier, juste du bitume), accélération trop tôt sur l'angle et perte de l'arrière.;La pluie sur route grasse;Arrêt d'accélération dès que je ressent que je perd l'arrière, glissade en équerre gauche puis droite puis par terre. Aucun choc avec quelqu'un d'autre malgrés la forte affluence en fin d'après midi;NRP;1;Sous une pluie avec route grasse, je mets beaucoup moins de gaz et prend peu d'angle pour éviter que cela ne se reproduise;3 mois de permis......;;2;0;;;;;;3;6;;;;;;;;1;;;2;;Ne pas savoir pourquoi j'ai décroché l'arrière alors que je passais tous les jours par cette route et ça ne mettait jamais arrivé;4;1;2;;1;1;3;3;3;2;1;1;1;4;4;4;4;1;5;;;;;;;;1;3;5;;;;;;;2;2;;2;1;1;2;33;0;0;33;34;NSP;;;;;;3;2;6;;;1;;;;;;;;;;;1;2;1;2;0;30;1;2;3;4;7;9;;;;;3;3;3;3;3;3;YAMAHA;600;XJ6;ROADSTER;2;0;1;1;1;1;1;2;1;1;1;4000;12;1;0;;;;;;;;06FEB1988;7;2;3;2;2;3;;NRP;;;;1;0;0;1;0;1;YAMAHA;600;XJ6;ROADSTER;2;2012;27;2;2;10000;5;;;;;;;;;;;;;;;;;;;;;;;;;;;;;;;;;;;;;;;;;;;;;10000;3;4;;;;;;;;NRP;NRP;NRP;NRP;2012;NRP;NRP;2006;NRP
1350;7732;;0;;;;;;;;;;;;;;;;;;;;;;;;;;;;;;;;;;;;;;;;;;;;;;;;;;;;;;;;;;;;;;;;;;;;;;;;;;;;;;;;;;;;;;;;;;;;;;;;;;;;;;;;;;;;;;;;;;;;;;;;;;;;;;;;;;;;;;;;;;;;;;;;;;;;;;;;;;;;;;;;;;;;;;;;;;;;;;;;;;;;;;;;;;;;;;;;;;;;;;;;;;;;;;;;;;;;;;;;;;;;;;;;;;;;;;;;;;;;;;;;;;;;;;;;;;;;;;;;;;;;;;;;;;;;;;;;;;;;;;;;;;03APR1993;10;2;3;2;4;5;0;NRP;;;;3;0;0;1;0;1;SUZUKI;600;BANDIT-Z 34CV;ROADSTER;2;2001;25;2;1;3000;7;;;;;;;;;;;;;;;;;;;;;;;;;;;;;;;;;;;;;;;;;;;;;3000;1;4;8;;;;;;;2013;NRP;NRP;NRP;NRP;2013;NRP;2011;NRP
1523;7734;;0;;;;;;;;;;;;;;;;;;;;;;;;;;;;;;;;;;;;;;;;;;;;;;;;;;;;;;;;;;;;;;;;;;;;;;;;;;;;;;;;;;;;;;;;;;;;;;;;;;;;;;;;;;;;;;;;;;;;;;;;;;;;;;;;;;;;;;;;;;;;;;;;;;;;;;;;;;;;;;;;;;;;;;;;;;;;;;;;;;;;;;;;;;;;;;;;;;;;;;;;;;;;;;;;;;;;;;;;;;;;;;;;;;;;;;;;;;;;;;;;;;;;;;;;;;;;;;;;;;;;;;;;;;;;;;;;;;;;;;;;;;21JUL1989;7;1;3;2;2;3;;NRP;;;;2;0;0;3;1;4;YAMAHA;1200;XTZ SUPER TENERE FIRST EDITION;TRAIL / SUPERMOTARD;2;2010;37;2;2;25000;7;YAMAHA;250;WR;TOUT TERRAIN (TRIAL / ENDURO / CROSS);2;1998;37;2;1;1500;7;YAMAHA;125;YB-R;ROADSTER;2;2011;37;2;1;2000;6;YAMAHA;450;QUAD YF-M KODIAK HOMOLOGUE;QUAD;2;2005;37;2;1;2000;6;;;;;;;;;;;;30500;3;;;;;;;;;NRP;NRP;NRP;NRP;2009;NRP;NRP;NRP;NRP
1245;7735;;0;;;;;;;;;;;;;;;;;;;;;;;;;;;;;;;;;;;;;;;;;;;;;;;;;;;;;;;;;;;;;;;;;;;;;;;;;;;;;;;;;;;;;;;;;;;;;;;;;;;;;;;;;;;;;;;;;;;;;;;;;;;;;;;;;;;;;;;;;;;;;;;;;;;;;;;;;;;;;;;;;;;;;;;;;;;;;;;;;;;;;;;;;;;;;;;;;;;;;;;;;;;;;;;;;;;;;;;;;;;;;;;;;;;;;;;;;;;;;;;;;;;;;;;;;;;;;;;;;;;;;;;;;;;;;;;;;;;;;;;;;;21JUN1973;6;1;3;2;2;3;;NRP;;;;1;0;1;0;0;1;YAMAHA;125;MAJESTY (YP);SCOOTER;2;2006;37;1;2;1200;7;;;;;;;;;;;;;;;;;;;;;;;;;;;;;;;;;;;;;;;;;;;;;1200;3;4;;;;;;;;NRP;NRP;NRP;NRP;1995;NRP;NRP;1991;NRP
313;7736;;1;2;6;2000;2005;;;;0;3;;;;;;0;6;;;;;;0;4;;;;;;1;6;1995;;;;;0;3;;;;;;0;4;;;;;;0;3;;;;;;0;5;;;;;;0;2;;;;;;0;2;;;;;;0;4;;;;;;1;5;1993;;;;;0;5;;;;;;0;;;;;;;;;;;;;;;;;;;5;0;21;1;2;1;2005;;;;;;;;;;;;;;;;;;;;;;;;;;;;;;;;;;;;;;;;;;;;;;;;;;;;;;;;;;;;;;;;;;;;;;;;;;;;;;;;;;;;;;;;;;;;;;;;;;;;;;;;;;;;;;;;;;;;;;;;;;;;;;;;;;;;;;;;;;;;;;;;;;;;;;;;;;;;;;13NOV1972;7;1;3;2;1;1;;NRP;;;;1;0;0;3;0;3;KAWASAKI;1400;GTR;Routière / GT;2;2010;37;1;2;10000;7;YAMAHA;600;XTE;TRAIL / SUPERMOTARD;2;1989;37;1;2;5000;7;YAMAHA;125;RDX (+ 15CV);ROADSTER;2;1978;37;3;1;2000;7;;;;;;;;;;;;;;;;;;;;;;;17000;3;4;;;;;;;;NRP;NRP;NRP;NRP;1993;NRP;NRP;1991;NRP
1106;7737;386;1;1;4;2004;;;;;0;5;;;;;;0;4;;;;;;1;3;2004;;;;;0;5;;;;;;0;2;;;;;;0;5;;;;;;1;4;1990;;;;;5;5;1970;1990;2007;2010;2014;0;4;;;;;;0;3;;;;;;1;2;1969;;;;;0;2;;;;;;0;4;;;;;;1;1;2003;;;;;en campagne;;;;;Un faisan est venu percuté mon casque sur ma gauche dans une courbe me faisant perdre le controle de mon véhicule;;;;;0;5;6;46;0;1;71;15;2003;en campagne;2003;Autre(s) type(s) d'accident(s).;4;5;6;;;;;"Je roulais ,vers 9h, un matin d'hiver, à environ 90 km/h sur  un custom :125 virago .Dans une courbe j'ai très brièvement aperçu une masse sombre dans mon champ de vision ,puis mon casque a heurté cette obstacle .J'ai eu l'impression d'avoir reçu un ""crochet""du champion des poids lourds: feux d'artifice dans ma tete suivi d'un trou noir et d'une perte de connaissance .Je venais de percuter un faisan de 2,3 kg;heureusement que c'était l'hiver car à cette époque :1 intégral pour cette saison et 1 jet pour l'été .Depuis c'est un modulable toute l'année !";La présence d'un faisan prenant son envol et traversant la route à hauteur de mon casque .       La luminosité faible à cette heure en cette saison  La courbe qui faisait que je portait mon regard vers l'intérieur et la fin de celle -çi,plutot que vers l'extérieur .;"Brève vision d'une masse noire, choc,trou noir dans ma vision ,pensée instantanée que ma bécane n'était pas finie de payer et qu'il ne fallait surtout pas qu'elle s'abime ,rétrogradage de toute mes vitesses totalement à l'aveugle,mise sur la béquille latérale ,à présent seulement je ""m'autorisais"" à perdre connaissance .";NRP;0;;;"Le hasard existe ;on ne envisager des situations extraordinaires";2;0;;;;;;2;3;4;9;;;Je m'autorisait à perdre connaissance une fois ma bécane sécurisée;;;3;1;;;2;Totalement aveuglé ,j'ai rentré tous mes rapports et j'ai mis ma béquille latérale avant de tomber au sol;4;3;;;2;1;3;4;1;1;1;1;1;4;4;4;4;1;;;;;;;;;2;;;;;;;;;2;2;;2;1;3;1;0;0;100;0;0;2;;;;;;1;1;;;;2;1;1;2;;;;;;1;0;1;2;1;1;0;90;1;2;3;4;7;9;;;;;4;4;4;4;4;4;YAMAHA;125;XV VIRAGO;CUSTOM;2;1;1;1;1;1;1;1;1;1;1;10000;12;2;1;MZ;125;125 ETS;ROADSTER;2;3;4;30JUL1949;9;1;3;2;3;4;1;NRP;;;;5;0;0;3;0;3;HONDA;125;VARADERO LIMITED EDITION;TRAIL / SUPERMOTARD;2;2007;37;1;1;18000;7;HONDA;125;VT SHADOW;CUSTOM;2;1999;37;3;1;3000;7;BETAMOTOR;125;REV 3;TOUT TERRAIN (TRIAL / ENDURO / CROSS);2;2007;37;4;1;100;7;;;;;;;;;;;;;;;;;;;;;;;21100;2;4;7;;;;;;;NRP;NRP;1975;1975;NRP;NRP;NRP;1975;NRP