Ligne;Ligne Q qualif;Ligne approfondissement Accident;ACCIDENT;NBACC1;ACCFREQUENCE1;ANNEEACC1_1;ANNEEACC1_2;ANNEEACC1_3;ANNEEACC1_4;ANNEEACC1_5;NBACC2;ACCFREQUENCE2;ANNEEACC2_1;ANNEEACC2_2;ANNEEACC2_3;ANNEEACC2_4;ANNEEACC2_5;NBACC3;ACCFREQUENCE3;ANNEEACC3_1;ANNEEACC3_2;ANNEEACC3_3;ANNEEACC3_4;ANNEEACC3_5;NBACC4;ACCFREQUENCE4;ANNEEACC4_1;ANNEEACC4_2;ANNEEACC4_3;ANNEEACC4_4;ANNEEACC4_5;NBACC5;ACCFREQUENCE5;ANNEEACC5_1;ANNEEACC5_2;ANNEEACC5_3;ANNEEACC5_4;ANNEEACC5_5;NBACC6;ACCFREQUENCE6;ANNEEACC6_1;ANNEEACC6_2;ANNEEACC6_3;ANNEEACC6_4;ANNEEACC6_5;NBACC7;ACCFREQUENCE7;ANNEEACC7_1;ANNEEACC7_2;ANNEEACC7_3;ANNEEACC7_4;ANNEEACC7_5;NBACC8;ACCFREQUENCE8;ANNEEACC8_1;ANNEEACC8_2;ANNEEACC8_3;ANNEEACC8_4;ANNEEACC8_5;NBACC9;ACCFREQUENCE9;ANNEEACC9_1;ANNEEACC9_2;ANNEEACC9_3;ANNEEACC9_4;ANNEEACC9_5;NBACC10;ACCFREQUENCE10;ANNEEACC10_1;ANNEEACC10_2;ANNEEACC10_3;ANNEEACC10_4;ANNEEACC10_5;NBACC11;ACCFREQUENCE11;ANNEEACC11_1;ANNEEACC11_2;ANNEEACC11_3;ANNEEACC11_4;ANNEEACC11_5;NBACC12;ACCFREQUENCE12;ANNEEACC12_1;ANNEEACC12_2;ANNEEACC12_3;ANNEEACC12_4;ANNEEACC12_5;NBACC13;ACCFREQUENCE13;ANNEEACC13_1;ANNEEACC13_2;ANNEEACC13_3;ANNEEACC13_4;ANNEEACC13_5;NBACC14;ACCFREQUENCE14;ANNEEACC14_1;ANNEEACC14_2;ANNEEACC14_3;ANNEEACC14_4;ANNEEACC14_5;AUTRESACC;NBAUTRESACC;ANNEEAUTREACC1;ANNEEAUTREACC2;ANNEEAUTREACC3;ANNEEAUTREACC4;ANNEEAUTREACC5;LIEUAUTREACC1;LIEUAUTREACC2;LIEUAUTREACC3;LIEUAUTREACC4;LIEUAUTREACC5;DESCRIPTIONAUTRESACC1;DESCRIPTIONAUTRESACC2;DESCRIPTIONAUTRESACC3;DESCRIPTIONAUTRESACC4;DESCRIPTIONAUTRESACC5;NBAUTRESACCCIRCUIT;NBAUTRESTOUTTERRAIN;EXPCYCLO;EXP125;EXPSUP125;ACCORDNEXTQ;CHOIXACC;RGPMTACC;RECUPANNEE;RECUPLIEU;RECUPANNE;RGPMTAC;CHOIX1;CHOIX2;CHOIX3;CHOIX4;CHOIX5;CHOIX6;CHOIX7;DESCRIPTION;RUPTURE;FAITS;ABS_REACTION;AUTRE_REACTION;PRECISIONREACTIONOUI;RECUL;PRECISIONREACTIONNON;IMPACTCOMPORTEMENT;AUTREUSAGER;REACTIONAUTREUSAGER;CONNAISSANCEREACTIONUSAGER;DIFFICULTES;AGGRAVATION;DIFFICULTES2;EMOTIONS1;EMOTIONS2;EMOTIONS3;EMOTIONS4;EMOTIONS5;EMOTIONS6;AUTRESENTIMENT;CLASSEMENTEMOTIONS1;CLASSEMENTEMOTIONS;CLASSEMENTEMOTIONS5;CLASSEMENTEMOTIONS6;CLASSEMENTEMOTIONS7;CLASSEMENTEMOTIONS8;CLASSEMENTEMOTIONS9;EXPLICATIONRESSENTI;BIENEQUIPE;ALLURE;ALLUREVITEDETAIL;ALLURELENTEDETAIL;SITUATIONPRESSE;SITUATIONDISTRAIT;SITUATIONCONFIANT;SITUATIONCONTROLE;SITUATIONLUDIQUE;SITUATIONPERF;SITUATIONSTRESS;SITUATIONFATIGUE;HUMEURNEUTRE;HUMEURGAI;HUMEURMECONTENT;HUMEURTRISTE;HUMEURCOLERE;CONTRIBUTION1;CONTRIBUTION2;CONTRIBUTION3;CONTRIBUTION4;CONTRIBUTION5;CONTRIBUTION6;CONTRIBUTION7;CONTRIBUTION8;CONTRIBUTION9;ROLEINFRA;ELEMENTINFRA1;ELEMENTINFRA2;ELEMENTINFRA3;ELEMENTINFRA4;ELEMENTINFRA5;ELEMENTINFRA6;ELEMENTINFRA7;ELEMENTINFRA8;ELEMENTINFRA9;ALCOOL;TXALCOOL;STUP;SEMAINE;MOMENTJOURNEE;TEMPS;CAUSEACC1;CAUSEACC2;CAUSEACC3;CAUSEACC4;CAUSEACC5;FORMATIONCAUSE;FORMATION1;FORMATION2;FORMATION3;FORMATION4;FORMATION5;TRAFIC;CHAUSSEE1;CHAUSSEE2;CHAUSSEE3;CHAUSSEE4;TYPEACC;BLESSURE;TETE;COU;THORAX;MEMBRESSUP;COLONNE;BASSIN;MEMBRESINF;HOPITAL;PLUS24H;TRAJET;TYPEROUTE;MOTIF;SENSTRAJET;PASSAGER;VITESSE;DESCEQ1;DESCEQ2;DESCEQ3;DESCEQ4;DESCEQ5;DESCEQ6;DESCEQ7;DESCEQ8;DESCEQ9;DESCEQ10;VEHICULEETE;VEHICULEAUTOMNE;VEHICULEPRINTEMPS;VEHICULEHIVER;VEHICULESEMAINE;VEHICULEWE;VEHMARQUE;VEHCYLINDREE;VEHMODELE;VEHSEGMENT;VEHSIDE;EQ2RMABS;EQ2RMCBS;EQ2RMABSCBS;EQ2RMREGULATEUR;EQ2RMLIMITEUR;EQ2RMPHARESDIRECT;EQ2RMCOUPURE;EQ2RMANTIPATINAGE;EQ2RMANTIXHEELING;EQ2RMSTABILILTE;VEHKM;POINTS;DUREE;AUTRE2RM;VEHPRECMARQUE;VEHPRECCYLINDREE;VEHPRECMODELE;VEHPRECSEGMENT;VEHPRECSIDE;TEMPS2RMPREC;FREQVEHPREC;DATE_NAISS;CSP;SOCIETAIRE;SALARIE;SECTEUR2RM;NBPERSFOYER;SITFAM;NBENF;TRNBENF1;TRNBENF2;TRNBENF3;TRNBENF4;NBAUTOFOYER;NBCYCLOFOYER;NBSCOOTFOYER;NBMOTOFOYER;NBTRIKEFOYER;NB2RMCONDUIT;MARQUE1;CYLINDREE1;MODELE1;SEGMENT1;SIDE1;ANMISECIRCU1;ASS1;FREQ1;USAGE1;NBKM1;GARAGE1;MARQUE2;CYLINDREE2;MODELE2;SEGMENT2;SIDE2;ANMISECIRCU2;ASS2;FREQ2;USAGE2;NBKM2;GARAGE2;MARQUE3;CYLINDREE3;MODELE3;SEGMENT3;SIDE3;ANMISECIRCU3;ASS3;FREQ3;USAGE3;NBKM3;GARAGE3;MARQUE4;CYLINDREE4;MODELE4;SEGMENT4;SIDE4;ANMISECIRCU4;ASS4;FREQ4;USAGE4;NBKM4;GARAGE4;MARQUE5;CYLINDREE5;MODELE5;SEGMENT5;SIDE5;ANMISECIRCU5;ASS5;FREQ5;USAGE5;NBKM5;GARAGE5;NBKMTOT;PERMIS1;PERMIS2;PERMIS3;PERMIS4;PERMIS5;PERMIS6;PERMIS7;PERMIS8;PERMIS9;ANPERMIS1;ANPERMIS6;ANPERMIS7;ANPERMIS2;ANPERMIS3;ANPERMIS8;ANPERMIS9;ANPERMIS4;ANPERMIS5
1861;7738;;1;0;4;;;;;;1;4;1981;;;;;0;4;;;;;;0;3;;;;;;0;5;;;;;;0;2;;;;;;0;4;;;;;;0;4;;;;;;1;4;1981;;;;;0;3;;;;;;0;3;;;;;;0;4;;;;;;1;4;1995;;;;;0;4;;;;;;0;;;;;;;;;;;;;;;;;;;4;0;35;1;6;2;1981;;;;;;;;;;;;;;;;;;;;;;;;;;;;;;;;;;;;;;;;;;;;;;;;;;;;;;;;;;;;;;;;;;;;;;;;;;;;;;;;;;;;;;;;;;;;;;;;;;;;;;;;;;;;;;;;;;;;;;;;;;;;;;;;;;;;;;;;;;;;;;;;;;;;;;;;;;;;;;22MAR1961;7;2;3;2;4;4;2;NRP;;;;1;0;0;5;0;2;YAMAHA;1300;XJR IE;ROADSTER;2;2004;29;2;1;5000;7;YAMAHA;600;XTZ TENERE;TRAIL / SUPERMOTARD;2;1986;29;1;2;3000;7;;;;;;;;;;;;;;;;;;;;;;;;;;;;;;;;;;8000;3;4;;;;;;;;NRP;NRP;NRP;NRP;1979;NRP;NRP;1984;NRP
205;7744;;1;0;5;;;;;;0;6;;;;;;0;6;;;;;;0;5;;;;;;0;6;;;;;;0;4;;;;;;0;4;;;;;;0;5;;;;;;2;6;2013;2014;;;;0;6;;;;;;0;5;;;;;;0;3;;;;;;0;4;;;;;;0;4;;;;;;1;1;2014;;;;;Tours;;;;;"Sur 2x2 limitée a 50km/h, le feu passe a l'orange. Je suis placé voie de gauche, je freine fermement apres avoir vérifié (angles morts et rétros) que la voiture me suivant se trouve assez loin. Apres environ une seconde d'attente au feu, elle me percute, l'envoyant a terre avec la moto. Première phrase de la part de l'automobiliste: ""Désolé, vu que vous êtes motard je pensais que vous passeriez a l'orange!""";;;;;0;0;4;3;1;1;42;9;2014;;;;;;;;;;;;;;;;;;;;;;;;;;;;;;;;;;;;;;;;;;;;;;;;;;;;;;;;;;;;;;;;;;;;;;;;;;;;;;;;;;;;;;;;;;;;;;;;;;;;;;;;;;;;;;;;;;;;;;;;;;;;;;;;;;;;;;;;;;;;;;;;;;;;;;;;;;;;;;06MAY1993;7;1;3;2;3;5;0;NRP;;;;5;0;0;1;0;1;SUZUKI;650;GLADIUS  35KW;ROADSTER;2;2013;37;1;1;12000;4;;;;;;;;;;;;;;;;;;;;;;;;;;;;;;;;;;;;;;;;;;;;;12000;1;2;4;7;8;;;;;2008;NRP;2010;2010;NRP;2013;NRP;2011;NRP
1184;7745;Pré test 10;1;0;4;;;;;;0;5;;;;;;1;4;2007;;;;;0;2;;;;;;0;4;;;;;;0;4;;;;;;0;3;;;;;;0;3;;;;;;1;4;2010;;;;;0;3;;;;;;0;6;;;;;;0;3;;;;;;0;3;;;;;;0;3;;;;;;0;;;;;;;;;;;;;;;;;;;0;2;9;1;41;9;2010;;2010;Vous avez fait une sortie de route, une perte de contrôle ou une glissade sans rien percuter.;3;4;5;6;;;;Début du mois de février vers 9h du matin, départ pour le travail, trajet Paris 13/ versailles. Au départ de Paris temps sec et froid, pas de risque de neige. Arrivé sur A86 juste après vélizy Villacoublay, pluie verglassante, franchissement d'une zone d'accident à 30km/h (déjà deux motos à terre), légère remise de gaz qui entraine un guidonnage, amplification du mouvement, perte d'adhérence de la roue ar, et boom! Glissade sur le dos (la moto devant) sur une dixaine de metres.  Pour la petite histoire, juste après moi, quatrième deux roue à terre!  Le dépanneur ce jour là m'a dis que depuis le matin il en était à 9 deux roue ramassés...;Présence non visible, non signalée et non prévue d'une fine pellicule de glace sur la route, suite au passage d'une pluie verglassante.;Lorsque la moto a commencé à guidonner (première fois pour moi, honnêtement je n'ai pas sue quoi faire... et je pense que je n'ai rien fait mise à part m'accrocher au guidon (ce qui n'était pas la chose à faire d'ailleurs...);1;1;"Peut-être qu'en ""laissant faire"" le guidon, le mouvement ne ce serai pas emplifié et la moto ce serait stabilisée toute seule.";Méconnaissance du phénomène de guidonnage, première expérience vécue de ce dit phémomène, et méconnaissance de l'attitude et des réflexes apropriés dans ce cas de figure.;;0;;;;;;1;2;3;8;;;de l'impuissance;3;1;2;;;;sensation jamais ressentie auparavant.;4;3;;;2;1;3;4;3;1;2;1;1;4;4;4;4;6;;;;;;;;;2;2;;2;1;1;2;;;;;;;;;1;1;2;15;5;0;0;80;;3;3;;;;1;;;;;;;;;;;1;4;1;1;0;60;1;2;3;4;9;;;;;;4;4;4;4;4;4;KAWASAKI;750;Z 750-N IE;6125;ROADSTER;KAWASAKI, 750 Z 750-N IE;1;2;1;1;1;1;1;1;1;40000;12;4;1;KAWASAKI;650;ER-6N;8068;ROADSTER;KAWASAKI, 650 ER-6N;1;2;4;;;;12OCT1980;7;2;3;2;2;3;;NRP;;;;1;0;0;3;0;3;KAWASAKI;1000;Z 1000 IE ABS;ROADSTER;2;2014;39;1;2;10000;7;KAWASAKI;600;ZX-6R NINJA;SPORTIVE;2;2000;4;3;1;1500;7;SUZUKI;650;GLADIUS;ROADSTER;2;2013;16;3;1;3000;7;;;;;;;;;;;;;;;;;;;;;;;14500;3;4;;;;;;;;NRP;NRP;NRP;NRP;2006;NRP;NRP;1998;NRP
2114;7746;;1;0;3;;;;;;1;3;1986;;;;;1;4;2011;;;;;0;2;;;;;;0;4;;;;;;0;1;;;;;;0;3;;;;;;0;4;;;;;;2;3;1995;2010;;;;0;2;;;;;;0;2;;;;;;0;2;;;;;;0;3;;;;;;0;4;;;;;;0;;;;;;;;;;;;;;;;;;;0;0;18;1;11;3;2011;;;;;;;;;;;;;;;;;;;;;;;;;;;;;;;;;;;;;;;;;;;;;;;;;;;;;;;;;;;;;;;;;;;;;;;;;;;;;;;;;;;;;;;;;;;;;;;;;;;;;;;;;;;;;;;;;;;;;;;;;;;;;;;;;;;;;;;;;;;;;;;;;;;;;;;;;;;;;;18SEP1958;7;1;3;2;2;3;;NRP;;;;1;0;1;1;0;2;BMW;650;F650GS;TRAIL / SUPERMOTARD;2;2000;37;3;1;2000;7;PEUGEOT;125;ELYSEO;SCOOTER;2;2008;37;1;1;1500;7;;;;;;;;;;;;;;;;;;;;;;;;;;;;;;;;;;3500;3;4;;;;;;;;NRP;NRP;NRP;NRP;1986;NRP;NRP;1978;NRP
1142;7753;;0;;;;;;;;;;;;;;;;;;;;;;;;;;;;;;;;;;;;;;;;;;;;;;;;;;;;;;;;;;;;;;;;;;;;;;;;;;;;;;;;;;;;;;;;;;;;;;;;;;;;;;;;;;;;;;;;;;;;;;;;;;;;;;;;;;;;;;;;;;;;;;;;;;;;;;;;;;;;;;;;;;;;;;;;;;;;;;;;;;;;;;;;;;;;;;;;;;;;;;;;;;;;;;;;;;;;;;;;;;;;;;;;;;;;;;;;;;;;;;;;;;;;;;;;;;;;;;;;;;;;;;;;;;;;;;;;;;;;;;;;;;15JUN1957;5;1;3;2;1;1;;NRP;;;;1;0;0;1;0;1;SUZUKI;650;BANDIT-S;ROADSTER;2;2008;37;1;2;10000;7;;;;;;;;;;;;;;;;;;;;;;;;;;;;;;;;;;;;;;;;;;;;;10000;3;4;;;;;;;;NRP;NRP;NRP;NRP;2007;NRP;NRP;1975;NRP
606;7754;;1;0;1;;;;;;0;5;;;;;;1;4;2003;;;;;0;5;;;;;;0;3;;;;;;1;3;2005;;;;;0;1;;;;;;0;2;;;;;;0;1;;;;;;0;5;;;;;;0;4;;;;;;0;1;;;;;;0;2;;;;;;0;1;;;;;;0;;;;;;;;;;;;;;;;;;;5;20;3;1;11;3;2003;;;;;;;;;;;;;;;;;;;;;;;;;;;;;;;;;;;;;;;;;;;;;;;;;;;;;;;;;;;;;;;;;;;;;;;;;;;;;;;;;;;;;;;;;;;;;;;;;;;;;;;;;;;;;;;;;;;;;;;;;;;;;;;;;;;;;;;;;;;;;;;;;;;;;;;;;;;;;;01MAY1965;5;2;3;2;2;3;;NRP;;;;2;0;0;1;0;1;BMW;1200;R1200RT PACK;Routière / GT;2;2009;4;1;2;6000;6;;;;;;;;;;;;;;;;;;;;;;;;;;;;;;;;;;;;;;;;;;;;;6000;2;3;4;;;;;;;NRP;NRP;NRP;1983;2012;NRP;NRP;1983;NRP
1901;7755;;0;;;;;;;;;;;;;;;;;;;;;;;;;;;;;;;;;;;;;;;;;;;;;;;;;;;;;;;;;;;;;;;;;;;;;;;;;;;;;;;;;;;;;;;;;;;;;;;;;;;;;;;;;;;;;;;;;;;;;;;;;;;;;;;;;;;;;;;;;;;;;;;;;;;;;;;;;;;;;;;;;;;;;;;;;;;;;;;;;;;;;;;;;;;;;;;;;;;;;;;;;;;;;;;;;;;;;;;;;;;;;;;;;;;;;;;;;;;;;;;;;;;;;;;;;;;;;;;;;;;;;;;;;;;;;;;;;;;;;;;;;;30JUN1986;7;1;3;2;2;3;;NRP;;;;1;0;0;2;0;2;YAMAHA;600;XTE;TRAIL / SUPERMOTARD;2;1997;37;1;2;6000;6;YAMAHA;125;DTMX;TRAIL / SUPERMOTARD;2;1981;37;3;1;1000;6;;;;;;;;;;;;;;;;;;;;;;;;;;;;;;;;;;7000;NSP;;;;;;;;;NRP;NRP;NRP;NRP;NRP;NRP;NRP;NRP;NRP
842;7759;365;1;0;5;;;;;;0;4;;;;;;0;5;;;;;;0;3;;;;;;0;5;;;;;;0;3;;;;;;0;4;;;;;;0;4;;;;;;0;4;;;;;;0;5;;;;;;0;4;;;;;;0;3;;;;;;0;5;;;;;;0;4;;;;;;1;1;2013;;;;;cely en bière;;;;;Je circulais derrière une voiture utilitaire. celle ci s'est arrêtée devant moi et a reculé sans pouvoir me voir (pas de vitres arrière). Pas de blessures pour moi, garde boue avant cassé car il s'est arrêté à temps.;;;;;0;0;2;0;3;1;71;15;2013;cely en bière;2013;Autre(s) type(s) d'accident(s).;1;2;;;;;;Une voiture type utilitaire me précédait. Le conducteur a voulu tourner à gauche, mais a dépassé la route concernée. Il s'est arrêté en freinant assez fort puis a voulu faire marche arrière. Je me suis arrêté derrière lui mais n'ayant aucune visibilité arrière du fait de portes pleines en tôle, il ne m'a pas vu. Le coup de klaxon n'ayant pas eu d'effet non plus, j'ai cogné dans la porte arrière du véhicule alors que celui ci m'avait déjà percuté et cassé le garde boue avant. Le conducteur s'est arrêté à temps quand il a entendu cogné à la porte arrière, et les dégâts se sont arrêtés là. De mémoire, le clignotant arrière droit de l'utilitaire était cassé et scotché, je ne pouvais pas voir si son clignotant était bien allumé. Une dame qui a tout vu sur le moment était prête à témoigner si besoin, et m'avait laissé ses coordonnées.;L'absence de visibilité arrière du véhicule utilitaire devant moi, accentuée par le faible gabarit du 2RM.;- freinage du véhicule devant moi - ralentissement puis freinage et arrêt de la moto - recul de la voiture et la compréhension qu'elle va me percuter - coup de klaxon et reculer  la moto avec les pieds (moi toujours sur la moto) - la voiture tape la moto,;NRP;1;peut être s'arrêter un peu plus loin de la voiture, mais avec son feu arrière gauche cassé et scotché, impossible de voir son clignotant et son feu de recul;pas de signalement de ses intentions de reculer pour reprendre sa direction.;;2;1;NSP;;aucune visibilité arrière du fait des portes pleines à l'arrière;NSP;il ne m'a pas vu derrière lui, mais si ses feux avaient été en bon état, j'aurais peut être eu la réaction de freiner plus fort pour m'arrêter plus loin de lui. je ne suis pas sûr de pouvoir attribuer cela à son attitude;1;6;;;;;;2;;;;;1;;il ne me voyait pas, donc tous gestes étaient inutiles, il ne m'entendait pas (appel et klaxon), et voir la voiture qui recule sur soi sans pouvoir faire quelquechose;3;5;;;1;2;3;3;1;1;1;NSP;3;5;4;4;4;1;4;;;;;;;;2;;;;;;;;;2;2;;2;1;1;1;10;90;0;0;0;2;;;;;;1;1;;;;1;;;;;;;;;;;1;1;1;1;0;0;1;10;2;3;4;7;;;;;4;3;3;2;4;4;DUCATI;696;MONSTER;ROADSTER;2;1;1;1;1;1;1;1;1;1;1;NSP;12;3;0;;;;;;;;12DEC1981;7;2;3;2;3;4;1;NRP;;;;2;0;0;1;0;1;TRIUMPH;675;STREET TRIPLE R  ABS;ROADSTER;2;2014;10;2;2;8000;7;;;;;;;;;;;;;;;;;;;;;;;;;;;;;;;;;;;;;;;;;;;;;8000;3;4;;;;;;;;NRP;NRP;NRP;NRP;2012;NRP;NRP;1999;NRP
133;7763;;0;;;;;;;;;;;;;;;;;;;;;;;;;;;;;;;;;;;;;;;;;;;;;;;;;;;;;;;;;;;;;;;;;;;;;;;;;;;;;;;;;;;;;;;;;;;;;;;;;;;;;;;;;;;;;;;;;;;;;;;;;;;;;;;;;;;;;;;;;;;;;;;;;;;;;;;;;;;;;;;;;;;;;;;;;;;;;;;;;;;;;;;;;;;;;;;;;;;;;;;;;;;;;;;;;;;;;;;;;;;;;;;;;;;;;;;;;;;;;;;;;;;;;;;;;;;;;;;;;;;;;;;;;;;;;;;;;;;;;;;;;;05JUL1991;11;1;3;2;4;5;0;NRP;;;;3;0;0;1;0;1;HONDA;500;CB 500F;ROADSTER;2;2013;37;2;1;6000;7;;;;;;;;;;;;;;;;;;;;;;;;;;;;;;;;;;;;;;;;;;;;;6000;4;8;;;;;;;;NRP;NRP;NRP;NRP;NRP;2013;NRP;2009;NRP
523;7764;66;1;0;5;;;;;;0;3;;;;;;0;5;;;;;;0;3;;;;;;0;5;;;;;;0;3;;;;;;0;3;;;;;;0;3;;;;;;0;3;;;;;;0;6;;;;;;1;6;2014;;;;;0;3;;;;;;0;2;;;;;;0;2;;;;;;0;;;;;;;;;;;;;;;;;;;7;3;4;1;51;11;2014;;2014;"Vous circuliez sur un axe constitué d’au moins "" 2 X 2 voies "" (en urbain, périph, autoroute, RN …). Un véhicule vous a coupé la route en changeant de voie pour se placer sur celle de gauche.";1;2;;;;;;"Circulation en ""accordéon"" 3 files sur autoroutes avec des vitesses différentes sur les files , et variations.L'automobiliste surpris par un brusque ralentissement sur sa voie (milieu) , décide brusquement de changer de voie car celle sur sa gauche est libre alors qu'il est surpris par la puissance du freinage sur sa voie et n'est pas sur d'avoir la distance d'arrêt.Malgré ma méfiance a propos des ""trous"" dans les files de véhicules  la manœuvre a été trop rapide pour être  évitée(baïonnette) malgré un freinage suivi d'un contrebraquage d'évitement.";J'ai tenté un début d'évitement a gauche limité par le rail central en béton.;Freinage et évitement simultané , pas de perte de contrôle et déclenchement de l'ABS.Aucune réaction de l'autre usager avant l'impact.;NRP;1;Circuler en plein phare ou appels de phares , avec klaxon répétitifs. J’aurais peu être été plus visible ou plus audible.;Ce genre de conduite est agressive et gène les autres usagers.;;2;0;;;;;;6;9;;;;;De la colère.;;;;;;2;1;Manœuvre insensée de l'autre usager effectuée sans contrôle visuel.;4;3;;;2;1;2;4;1;1;4;3;4;4;1;4;4;10;;;;;;;;;2;;;;;;;;;2;2;;2;1;1;1;10;90;0;0;0;2;;;;;;3;1;;;;2;1;4;6;;;;;;1;0;1;3;1;2;0;70;1;2;3;4;6;7;9;;;;4;4;4;4;4;4;BMW;650;C600 SPORT;SCOOTER;2;0;1;1;1;1;1;0;0;1;1;12000;9;3;1;KYMCO;300;DINK STREET;SCOOTER;2;4;4;30SEP1964;5;2;3;2;5;4;3;NRP;;;;2;0;1;0;0;1;KYMCO;300;DINK STREET;SCOOTER;2;2012;10;1;2;18000;7;;;;;;;;;;;;;;;;;;;;;;;;;;;;;;;;;;;;;;;;;;;;;18000;2;4;;;;;;;;NRP;NRP;NRP;2011;NRP;NRP;NRP;1985;NRP
1451;7768;;0;;;;;;;;;;;;;;;;;;;;;;;;;;;;;;;;;;;;;;;;;;;;;;;;;;;;;;;;;;;;;;;;;;;;;;;;;;;;;;;;;;;;;;;;;;;;;;;;;;;;;;;;;;;;;;;;;;;;;;;;;;;;;;;;;;;;;;;;;;;;;;;;;;;;;;;;;;;;;;;;;;;;;;;;;;;;;;;;;;;;;;;;;;;;;;;;;;;;;;;;;;;;;;;;;;;;;;;;;;;;;;;;;;;;;;;;;;;;;;;;;;;;;;;;;;;;;;;;;;;;;;;;;;;;;;;;;;;;;;;;;;17JAN1983;5;1;3;2;2;3;;NRP;;;;0;0;0;1;0;1;DUCATI;900;MONSTER;ROADSTER;2;1999;37;3;1;6000;5;;;;;;;;;;;;;;;;;;;;;;;;;;;;;;;;;;;;;;;;;;;;;6000;3;4;;;;;;;;NRP;NRP;NRP;NRP;2012;NRP;NRP;2001;NRP
1583;7769;;0;;;;;;;;;;;;;;;;;;;;;;;;;;;;;;;;;;;;;;;;;;;;;;;;;;;;;;;;;;;;;;;;;;;;;;;;;;;;;;;;;;;;;;;;;;;;;;;;;;;;;;;;;;;;;;;;;;;;;;;;;;;;;;;;;;;;;;;;;;;;;;;;;;;;;;;;;;;;;;;;;;;;;;;;;;;;;;;;;;;;;;;;;;;;;;;;;;;;;;;;;;;;;;;;;;;;;;;;;;;;;;;;;;;;;;;;;;;;;;;;;;;;;;;;;;;;;;;;;;;;;;;;;;;;;;;;;;;;;;;;;;05NOV1963;11;1;3;2;4;4;2;NRP;;;;2;0;0;2;0;2;YAMAHA;900;TDM;ROADSTER;2;2003;37;2;1;15000;4;YAMAHA;850;TRX;Routière / GT;2;1997;16;4;1;4000;4;;;;;;;;;;;;;;;;;;;;;;;;;;;;;;;;;;19000;2;3;4;;;;;;;NRP;NRP;NRP;1980;1995;NRP;NRP;1984;NRP
128;7772;;1;0;4;;;;;;0;3;;;;;;0;5;;;;;;0;3;;;;;;0;4;;;;;;1;5;1998;;;;;0;4;;;;;;0;4;;;;;;1;4;1999;;;;;1;3;2006;;;;;0;3;;;;;;0;3;;;;;;0;3;;;;;;0;4;;;;;;0;;;;;;;;;;;;;;;;;;;0;0;18;1;26;6;1998;;;;;;;;;;;;;;;;;;;;;;;;;;;;;;;;;;;;;;;;;;;;;;;;;;;;;;;;;;;;;;;;;;;;;;;;;;;;;;;;;;;;;;;;;;;;;;;;;;;;;;;;;;;;;;;;;;;;;;;;;;;;;;;;;;;;;;;;;;;;;;;;;;;;;;;;;;;;;;22MAR1974;5;1;3;2;1;1;;NRP;;;;1;0;0;1;0;1;TRIUMPH;675;DAYTONA;SPORTIVE;2;2013;16;1;2;6500;4;;;;;;;;;;;;;;;;;;;;;;;;;;;;;;;;;;;;;;;;;;;;;6500;3;4;;;;;;;;NRP;NRP;NRP;NRP;1996;NRP;NRP;1992;NRP
7;7775;;0;;;;;;;;;;;;;;;;;;;;;;;;;;;;;;;;;;;;;;;;;;;;;;;;;;;;;;;;;;;;;;;;;;;;;;;;;;;;;;;;;;;;;;;;;;;;;;;;;;;;;;;;;;;;;;;;;;;;;;;;;;;;;;;;;;;;;;;;;;;;;;;;;;;;;;;;;;;;;;;;;;;;;;;;;;;;;;;;;;;;;;;;;;;;;;;;;;;;;;;;;;;;;;;;;;;;;;;;;;;;;;;;;;;;;;;;;;;;;;;;;;;;;;;;;;;;;;;;;;;;;;;;;;;;;;;;;;;;;;;;;;23JAN1959;6;1;3;2;1;1;;NRP;;;;1;0;0;1;0;1;BMW;800;F800GT 35KW PACK + SECURITE;Routière / GT;2;2013;37;2;1;3000;6;;;;;;;;;;;;;;;;;;;;;;;;;;;;;;;;;;;;;;;;;;;;;3000;3;4;;;;;;;;NRP;NRP;NRP;NRP;2000;NRP;NRP;1978;NRP