Ligne;Ligne Q qualif;Ligne approfondissement Accident;ACCIDENT;NBACC1;ACCFREQUENCE1;ANNEEACC1_1;ANNEEACC1_2;ANNEEACC1_3;ANNEEACC1_4;ANNEEACC1_5;NBACC2;ACCFREQUENCE2;ANNEEACC2_1;ANNEEACC2_2;ANNEEACC2_3;ANNEEACC2_4;ANNEEACC2_5;NBACC3;ACCFREQUENCE3;ANNEEACC3_1;ANNEEACC3_2;ANNEEACC3_3;ANNEEACC3_4;ANNEEACC3_5;NBACC4;ACCFREQUENCE4;ANNEEACC4_1;ANNEEACC4_2;ANNEEACC4_3;ANNEEACC4_4;ANNEEACC4_5;NBACC5;ACCFREQUENCE5;ANNEEACC5_1;ANNEEACC5_2;ANNEEACC5_3;ANNEEACC5_4;ANNEEACC5_5;NBACC6;ACCFREQUENCE6;ANNEEACC6_1;ANNEEACC6_2;ANNEEACC6_3;ANNEEACC6_4;ANNEEACC6_5;NBACC7;ACCFREQUENCE7;ANNEEACC7_1;ANNEEACC7_2;ANNEEACC7_3;ANNEEACC7_4;ANNEEACC7_5;NBACC8;ACCFREQUENCE8;ANNEEACC8_1;ANNEEACC8_2;ANNEEACC8_3;ANNEEACC8_4;ANNEEACC8_5;NBACC9;ACCFREQUENCE9;ANNEEACC9_1;ANNEEACC9_2;ANNEEACC9_3;ANNEEACC9_4;ANNEEACC9_5;NBACC10;ACCFREQUENCE10;ANNEEACC10_1;ANNEEACC10_2;ANNEEACC10_3;ANNEEACC10_4;ANNEEACC10_5;NBACC11;ACCFREQUENCE11;ANNEEACC11_1;ANNEEACC11_2;ANNEEACC11_3;ANNEEACC11_4;ANNEEACC11_5;NBACC12;ACCFREQUENCE12;ANNEEACC12_1;ANNEEACC12_2;ANNEEACC12_3;ANNEEACC12_4;ANNEEACC12_5;NBACC13;ACCFREQUENCE13;ANNEEACC13_1;ANNEEACC13_2;ANNEEACC13_3;ANNEEACC13_4;ANNEEACC13_5;NBACC14;ACCFREQUENCE14;ANNEEACC14_1;ANNEEACC14_2;ANNEEACC14_3;ANNEEACC14_4;ANNEEACC14_5;AUTRESACC;NBAUTRESACC;ANNEEAUTREACC1;ANNEEAUTREACC2;ANNEEAUTREACC3;ANNEEAUTREACC4;ANNEEAUTREACC5;LIEUAUTREACC1;LIEUAUTREACC2;LIEUAUTREACC3;LIEUAUTREACC4;LIEUAUTREACC5;DESCRIPTIONAUTRESACC1;DESCRIPTIONAUTRESACC2;DESCRIPTIONAUTRESACC3;DESCRIPTIONAUTRESACC4;DESCRIPTIONAUTRESACC5;NBAUTRESACCCIRCUIT;NBAUTRESTOUTTERRAIN;EXPCYCLO;EXP125;EXPSUP125;ACCORDNEXTQ;CHOIXACC;RGPMTACC;RECUPANNEE;RECUPLIEU;RECUPANNE;RGPMTAC;CHOIX1;CHOIX2;CHOIX3;CHOIX4;CHOIX5;CHOIX6;CHOIX7;DESCRIPTION;RUPTURE;FAITS;ABS_REACTION;AUTRE_REACTION;PRECISIONREACTIONOUI;RECUL;PRECISIONREACTIONNON;IMPACTCOMPORTEMENT;AUTREUSAGER;REACTIONAUTREUSAGER;CONNAISSANCEREACTIONUSAGER;DIFFICULTES;AGGRAVATION;DIFFICULTES2;EMOTIONS1;EMOTIONS2;EMOTIONS3;EMOTIONS4;EMOTIONS5;EMOTIONS6;AUTRESENTIMENT;CLASSEMENTEMOTIONS1;CLASSEMENTEMOTIONS;CLASSEMENTEMOTIONS5;CLASSEMENTEMOTIONS6;CLASSEMENTEMOTIONS7;CLASSEMENTEMOTIONS8;CLASSEMENTEMOTIONS9;EXPLICATIONRESSENTI;BIENEQUIPE;ALLURE;ALLUREVITEDETAIL;ALLURELENTEDETAIL;SITUATIONPRESSE;SITUATIONDISTRAIT;SITUATIONCONFIANT;SITUATIONCONTROLE;SITUATIONLUDIQUE;SITUATIONPERF;SITUATIONSTRESS;SITUATIONFATIGUE;HUMEURNEUTRE;HUMEURGAI;HUMEURMECONTENT;HUMEURTRISTE;HUMEURCOLERE;CONTRIBUTION1;CONTRIBUTION2;CONTRIBUTION3;CONTRIBUTION4;CONTRIBUTION5;CONTRIBUTION6;CONTRIBUTION7;CONTRIBUTION8;CONTRIBUTION9;ROLEINFRA;ELEMENTINFRA1;ELEMENTINFRA2;ELEMENTINFRA3;ELEMENTINFRA4;ELEMENTINFRA5;ELEMENTINFRA6;ELEMENTINFRA7;ELEMENTINFRA8;ELEMENTINFRA9;ALCOOL;TXALCOOL;STUP;SEMAINE;MOMENTJOURNEE;TEMPS;CAUSEACC1;CAUSEACC2;CAUSEACC3;CAUSEACC4;CAUSEACC5;FORMATIONCAUSE;FORMATION1;FORMATION2;FORMATION3;FORMATION4;FORMATION5;TRAFIC;CHAUSSEE1;CHAUSSEE2;CHAUSSEE3;CHAUSSEE4;TYPEACC;BLESSURE;TETE;COU;THORAX;MEMBRESSUP;COLONNE;BASSIN;MEMBRESINF;HOPITAL;PLUS24H;TRAJET;TYPEROUTE;MOTIF;SENSTRAJET;PASSAGER;VITESSE;DESCEQ1;DESCEQ2;DESCEQ3;DESCEQ4;DESCEQ5;DESCEQ6;DESCEQ7;DESCEQ8;DESCEQ9;DESCEQ10;VEHICULEETE;VEHICULEAUTOMNE;VEHICULEPRINTEMPS;VEHICULEHIVER;VEHICULESEMAINE;VEHICULEWE;VEHMARQUE;VEHCYLINDREE;VEHMODELE;VEHSEGMENT;VEHSIDE;EQ2RMABS;EQ2RMCBS;EQ2RMABSCBS;EQ2RMREGULATEUR;EQ2RMLIMITEUR;EQ2RMPHARESDIRECT;EQ2RMCOUPURE;EQ2RMANTIPATINAGE;EQ2RMANTIXHEELING;EQ2RMSTABILILTE;VEHKM;POINTS;DUREE;AUTRE2RM;VEHPRECMARQUE;VEHPRECCYLINDREE;VEHPRECMODELE;VEHPRECSEGMENT;VEHPRECSIDE;TEMPS2RMPREC;FREQVEHPREC;DATE_NAISS;CSP;SOCIETAIRE;SALARIE;SECTEUR2RM;NBPERSFOYER;SITFAM;NBENF;TRNBENF1;TRNBENF2;TRNBENF3;TRNBENF4;NBAUTOFOYER;NBCYCLOFOYER;NBSCOOTFOYER;NBMOTOFOYER;NBTRIKEFOYER;NB2RMCONDUIT;MARQUE1;CYLINDREE1;MODELE1;SEGMENT1;SIDE1;ANMISECIRCU1;ASS1;FREQ1;USAGE1;NBKM1;GARAGE1;MARQUE2;CYLINDREE2;MODELE2;SEGMENT2;SIDE2;ANMISECIRCU2;ASS2;FREQ2;USAGE2;NBKM2;GARAGE2;MARQUE3;CYLINDREE3;MODELE3;SEGMENT3;SIDE3;ANMISECIRCU3;ASS3;FREQ3;USAGE3;NBKM3;GARAGE3;MARQUE4;CYLINDREE4;MODELE4;SEGMENT4;SIDE4;ANMISECIRCU4;ASS4;FREQ4;USAGE4;NBKM4;GARAGE4;MARQUE5;CYLINDREE5;MODELE5;SEGMENT5;SIDE5;ANMISECIRCU5;ASS5;FREQ5;USAGE5;NBKM5;GARAGE5;NBKMTOT;PERMIS1;PERMIS2;PERMIS3;PERMIS4;PERMIS5;PERMIS6;PERMIS7;PERMIS8;PERMIS9;ANPERMIS1;ANPERMIS6;ANPERMIS7;ANPERMIS2;ANPERMIS3;ANPERMIS8;ANPERMIS9;ANPERMIS4;ANPERMIS5
10;7777;;0;;;;;;;;;;;;;;;;;;;;;;;;;;;;;;;;;;;;;;;;;;;;;;;;;;;;;;;;;;;;;;;;;;;;;;;;;;;;;;;;;;;;;;;;;;;;;;;;;;;;;;;;;;;;;;;;;;;;;;;;;;;;;;;;;;;;;;;;;;;;;;;;;;;;;;;;;;;;;;;;;;;;;;;;;;;;;;;;;;;;;;;;;;;;;;;;;;;;;;;;;;;;;;;;;;;;;;;;;;;;;;;;;;;;;;;;;;;;;;;;;;;;;;;;;;;;;;;;;;;;;;;;;;;;;;;;;;;;;;;;;;24DEC1987;8;1;3;2;1;1;;NRP;;;;0;0;0;2;0;2;BMW;1100;R1100GS ABS;TRAIL / SUPERMOTARD;2;1995;37;1;2;15000;7;DUCATI;1000;MULTISTRADA S DS;ROADSTER;2;2003;37;2;2;2000;7;;;;;;;;;;;;;;;;;;;;;;;;;;;;;;;;;;17000;3;4;;;;;;;;NRP;NRP;NRP;NRP;2009;NRP;NRP;2006;NRP
9;7781;;0;;;;;;;;;;;;;;;;;;;;;;;;;;;;;;;;;;;;;;;;;;;;;;;;;;;;;;;;;;;;;;;;;;;;;;;;;;;;;;;;;;;;;;;;;;;;;;;;;;;;;;;;;;;;;;;;;;;;;;;;;;;;;;;;;;;;;;;;;;;;;;;;;;;;;;;;;;;;;;;;;;;;;;;;;;;;;;;;;;;;;;;;;;;;;;;;;;;;;;;;;;;;;;;;;;;;;;;;;;;;;;;;;;;;;;;;;;;;;;;;;;;;;;;;;;;;;;;;;;;;;;;;;;;;;;;;;;;;;;;;;;27JUN1954;7;2;3;2;2;3;;NRP;;;;2;3;0;3;0;2;HONDA;125;VT SHADOW;CUSTOM;2;2001;10;2;1;1000;7;BMW;650;F650GS;TRAIL / SUPERMOTARD;2;2004;34;2;1;1000;7;;;;;;;;;;;;;;;;;;;;;;;;;;;;;;;;;;2000;2;3;4;7;;;;;;NRP;NRP;1973;1973;2011;NRP;NRP;1973;NRP
1321;7782;;0;;;;;;;;;;;;;;;;;;;;;;;;;;;;;;;;;;;;;;;;;;;;;;;;;;;;;;;;;;;;;;;;;;;;;;;;;;;;;;;;;;;;;;;;;;;;;;;;;;;;;;;;;;;;;;;;;;;;;;;;;;;;;;;;;;;;;;;;;;;;;;;;;;;;;;;;;;;;;;;;;;;;;;;;;;;;;;;;;;;;;;;;;;;;;;;;;;;;;;;;;;;;;;;;;;;;;;;;;;;;;;;;;;;;;;;;;;;;;;;;;;;;;;;;;;;;;;;;;;;;;;;;;;;;;;;;;;;;;;;;;;27MAY1991;10;2;3;2;2;5;0;NRP;;;;2;0;0;1;0;1;DUCATI;600;MONSTER;ROADSTER;2;1996;29;2;1;10000;7;;;;;;;;;;;;;;;;;;;;;;;;;;;;;;;;;;;;;;;;;;;;;10000;2;3;4;;;;;;;NRP;NRP;NRP;2008;2011;NRP;NRP;2009;NRP
1945;7784;;1;0;2;;;;;;0;3;;;;;;0;2;;;;;;0;3;;;;;;0;4;;;;;;0;3;;;;;;0;4;;;;;;1;4;2012;;;;;1;4;2012;;;;;0;2;;;;;;0;4;;;;;;0;4;;;;;;0;2;;;;;;0;2;;;;;;0;;;;;;;;;;;;;;;;;;;0;0;30;1;41;9;2012;;;;;;;;;;;;;;;;;;;;;;;;;;;;;;;;;;;;;;;;;;;;;;;;;;;;;;;;;;;;;;;;;;;;;;;;;;;;;;;;;;;;;;;;;;;;;;;;;;;;;;;;;;;;;;;;;;;;;;;;;;;;;;;;;;;;;;;;;;;;;;;;;;;;;;;;;;;;;;23OCT1965;2;1;3;2;1;1;;NRP;;;;1;0;0;1;0;1;HONDA;1000;CBX;ROADSTER;2;1980;37;2;1;5000;7;;;;;;;;;;;;;;;;;;;;;;;;;;;;;;;;;;;;;;;;;;;;;5000;3;4;;;;;;;;NRP;NRP;NRP;NRP;1985;NRP;NRP;1986;NRP
11;7785;;1;0;3;;;;;;0;6;;;;;;0;6;;;;;;0;4;;;;;;0;6;;;;;;0;6;;;;;;0;3;;;;;;0;4;;;;;;1;4;NSP;;;;;0;5;;;;;;0;6;;;;;;0;6;;;;;;1;6;NSP;;;;;0;6;;;;;;0;;;;;;;;;;;;;;;;;;;30;20;15;1;41;9;0;;;;;;;;;;;;;;;;;;;;;;;;;;;;;;;;;;;;;;;;;;;;;;;;;;;;;;;;;;;;;;;;;;;;;;;;;;;;;;;;;;;;;;;;;;;;;;;;;;;;;;;;;;;;;;;;;;;;;;;;;;;;;;;;;;;;;;;;;;;;;;;;;;;;;;;;;;;;;;01OCT1969;5;1;3;2;3;4;1;NRP;;;;1;1;1;2;0;4;BENELLI;1130;TRE-K;ROADSTER;2;2010;37;1;2;6000;7;BENELLI;500;500 QUATTRO;ROADSTER;2;1978;37;4;1;500;7;BENELLI;50;S50;SCOOTER;2;1985;37;4;1;500;7;ACMA;125;SCOOTER;SCOOTER;2;1956;37;4;1;500;7;;;;;;;;;;;;7500;3;4;;;;;;;;NRP;NRP;NRP;NRP;2000;NRP;NRP;1988;NRP
2;7789;;0;;;;;;;;;;;;;;;;;;;;;;;;;;;;;;;;;;;;;;;;;;;;;;;;;;;;;;;;;;;;;;;;;;;;;;;;;;;;;;;;;;;;;;;;;;;;;;;;;;;;;;;;;;;;;;;;;;;;;;;;;;;;;;;;;;;;;;;;;;;;;;;;;;;;;;;;;;;;;;;;;;;;;;;;;;;;;;;;;;;;;;;;;;;;;;;;;;;;;;;;;;;;;;;;;;;;;;;;;;;;;;;;;;;;;;;;;;;;;;;;;;;;;;;;;;;;;;;;;;;;;;;;;;;;;;;;;;;;;;;;;;08DEC1961;5;2;3;2;5;4;3;NRP;;;;2;1;1;0;0;1;PIAGGIO;400;MP3 LT (TM);SCOOTER;2;2010;29;1;2;4500;6;;;;;;;;;;;;;;;;;;;;;;;;;;;;;;;;;;;;;;;;;;;;;4500;3;4;;;;;;;;NRP;NRP;NRP;NRP;2014;NRP;NRP;1980;NRP
4;7791;;1;0;4;;;;;;0;5;;;;;;1;6;2005;;;;;1;5;2010;;;;;0;2;;;;;;0;1;;;;;;0;2;;;;;;0;5;;;;;;0;2;;;;;;0;5;;;;;;0;6;;;;;;0;3;;;;;;0;2;;;;;;0;4;;;;;;1;1;2009;;;;;chessy;;;;;Petite ruelle un fourgon de chantier circule au milieu de la chaussée et me sert contre le trotoire la personne avait consommé de l alcool. je chute à une vitesse inférieur à 20km/h sur le trotoire.;;;;;0;0;10;0;3;1;71;15;2009;chessy;;;;;;;;;;;;;;;;;;;;;;;;;;;;;;;;;;;;;;;;;;;;;;;;;;;;;;;;;;;;;;;;;;;;;;;;;;;;;;;;;;;;;;;;;;;;;;;;;;;;;;;;;;;;;;;;;;;;;;;;;;;;;;;;;;;;;;;;;;;;;;;;;;;;;;;;;;;;;03JAN1990;8;1;3;2;3;4;1;NRP;;;;1;0;0;2;0;2;YAMAHA;750;FZ;Routière / GT;2;1989;37;3;1;5000;7;HONDA;600;HORNET;ROADSTER;2;2005;37;2;2;10000;4;;;;;;;;;;;;;;;;;;;;;;;;;;;;;;;;;;15000;1;3;4;;;;;;;2004;NRP;NRP;NRP;2011;NRP;NRP;2009;NRP
1340;7796;;1;0;3;;;;;;0;3;;;;;;0;4;;;;;;0;4;;;;;;0;4;;;;;;0;3;;;;;;0;5;;;;;;0;5;;;;;;0;5;;;;;;0;4;;;;;;0;3;;;;;;0;4;;;;;;1;4;2003;;;;;0;3;;;;;;0;;;;;;;;;;;;;;;;;;;3;4;13;0;;NRP;;;;;;;;;;;;;;;;;;;;;;;;;;;;;;;;;;;;;;;;;;;;;;;;;;;;;;;;;;;;;;;;;;;;;;;;;;;;;;;;;;;;;;;;;;;;;;;;;;;;;;;;;;;;;;;;;;;;;;;;;;;;;;;;;;;;;;;;;;;;;;;;;;;;;;;;;;;;;;;02JUN1981;5;2;3;2;6;4;4;NRP;;;;1;2;0;2;0;2;BMW;1200;K1200R ABS;ROADSTER;2;2006;33;1;3;20000;7;SUZUKI;650;SV-S;SPORTIVE;2;2001;33;4;1;2000;7;;;;;;;;;;;;;;;;;;;;;;;;;;;;;;;;;;22000;2;3;4;;;;;;;NRP;NRP;NRP;1998;2002;NRP;NRP;1999;NRP
14;7799;;0;;;;;;;;;;;;;;;;;;;;;;;;;;;;;;;;;;;;;;;;;;;;;;;;;;;;;;;;;;;;;;;;;;;;;;;;;;;;;;;;;;;;;;;;;;;;;;;;;;;;;;;;;;;;;;;;;;;;;;;;;;;;;;;;;;;;;;;;;;;;;;;;;;;;;;;;;;;;;;;;;;;;;;;;;;;;;;;;;;;;;;;;;;;;;;;;;;;;;;;;;;;;;;;;;;;;;;;;;;;;;;;;;;;;;;;;;;;;;;;;;;;;;;;;;;;;;;;;;;;;;;;;;;;;;;;;;;;;;;;;;;03JUN1986;7;2;3;2;1;1;;NRP;;;;1;0;0;1;0;1;YAMAHA;600;FZ6;ROADSTER;2;2004;33;3;1;3000;7;;;;;;;;;;;;;;;;;;;;;;;;;;;;;;;;;;;;;;;;;;;;;3000;3;4;;;;;;;;NRP;NRP;NRP;NRP;2010;NRP;NRP;2005;NRP
2046;7802;;0;;;;;;;;;;;;;;;;;;;;;;;;;;;;;;;;;;;;;;;;;;;;;;;;;;;;;;;;;;;;;;;;;;;;;;;;;;;;;;;;;;;;;;;;;;;;;;;;;;;;;;;;;;;;;;;;;;;;;;;;;;;;;;;;;;;;;;;;;;;;;;;;;;;;;;;;;;;;;;;;;;;;;;;;;;;;;;;;;;;;;;;;;;;;;;;;;;;;;;;;;;;;;;;;;;;;;;;;;;;;;;;;;;;;;;;;;;;;;;;;;;;;;;;;;;;;;;;;;;;;;;;;;;;;;;;;;;;;;;;;;;04JUL1952;9;1;3;2;1;1;;NRP;;;;0;1;0;1;0;1;BMW;1150;R1150GS ABS;TRAIL / SUPERMOTARD;2;2002;37;1;1;20000;7;;;;;;;;;;;;;;;;;;;;;;;;;;;;;;;;;;;;;;;;;;;;;20000;2;3;4;;;;;;;NRP;NRP;NRP;1971;2010;NRP;NRP;1971;NRP
15;7803;;0;;;;;;;;;;;;;;;;;;;;;;;;;;;;;;;;;;;;;;;;;;;;;;;;;;;;;;;;;;;;;;;;;;;;;;;;;;;;;;;;;;;;;;;;;;;;;;;;;;;;;;;;;;;;;;;;;;;;;;;;;;;;;;;;;;;;;;;;;;;;;;;;;;;;;;;;;;;;;;;;;;;;;;;;;;;;;;;;;;;;;;;;;;;;;;;;;;;;;;;;;;;;;;;;;;;;;;;;;;;;;;;;;;;;;;;;;;;;;;;;;;;;;;;;;;;;;;;;;;;;;;;;;;;;;;;;;;;;;;;;;;11JUL1962;5;2;3;2;2;3;;NRP;;;;2;0;0;1;0;1;BMW;1200;R1200RT;Routière / GT;2;2012;40;2;2;8000;7;;;;;;;;;;;;;;;;;;;;;;;;;;;;;;;;;;;;;;;;;;;;;8000;3;4;;;;;;;;NRP;NRP;NRP;NRP;1993;NRP;NRP;1981;NRP
12;7805;;1;0;2;;;;;;0;4;;;;;;0;5;;;;;;0;3;;;;;;0;4;;;;;;0;2;;;;;;0;2;;;;;;0;3;;;;;;2;3;2008;2009;;;;0;1;;;;;;0;1;;;;;;0;3;;;;;;0;5;;;;;;0;5;;;;;;0;;;;;;;;;;;;;;;;;;;1;6;1;1;42;9;2009;;;;;;;;;;;;;;;;;;;;;;;;;;;;;;;;;;;;;;;;;;;;;;;;;;;;;;;;;;;;;;;;;;;;;;;;;;;;;;;;;;;;;;;;;;;;;;;;;;;;;;;;;;;;;;;;;;;;;;;;;;;;;;;;;;;;;;;;;;;;;;;;;;;;;;;;;;;;;;28AUG1980;6;2;3;2;3;4;1;NRP;;;;2;0;1;0;0;1;PEUGEOT;125;ELYSEO;SCOOTER;2;2002;31;2;2;5000;7;;;;;;;;;;;;;;;;;;;;;;;;;;;;;;;;;;;;;;;;;;;;;5000;4;;;;;;;;;NRP;NRP;NRP;NRP;NRP;NRP;NRP;1998;NRP
8;7807;;0;;;;;;;;;;;;;;;;;;;;;;;;;;;;;;;;;;;;;;;;;;;;;;;;;;;;;;;;;;;;;;;;;;;;;;;;;;;;;;;;;;;;;;;;;;;;;;;;;;;;;;;;;;;;;;;;;;;;;;;;;;;;;;;;;;;;;;;;;;;;;;;;;;;;;;;;;;;;;;;;;;;;;;;;;;;;;;;;;;;;;;;;;;;;;;;;;;;;;;;;;;;;;;;;;;;;;;;;;;;;;;;;;;;;;;;;;;;;;;;;;;;;;;;;;;;;;;;;;;;;;;;;;;;;;;;;;;;;;;;;;;03DEC1955;8;2;3;2;1;1;;NRP;;;;1;0;0;1;0;1;SUZUKI;650;BANDIT;ROADSTER;2;2010;33;1;2;12000;4;;;;;;;;;;;;;;;;;;;;;;;;;;;;;;;;;;;;;;;;;;;;;12000;2;3;4;;;;;;;NRP;NRP;NRP;1974;1978;NRP;NRP;1974;NRP
1705;7810;;1;0;4;;;;;;1;5;1987;;;;;2;5;1989;1990;;;;0;3;;;;;;0;5;;;;;;0;4;;;;;;0;5;;;;;;0;5;;;;;;5;6;1986;NSP;NSP;NSP;2003;0;5;;;;;;0;5;;;;;;0;1;;;;;;0;5;;;;;;1;3;2003;;;;;0;;;;;;;;;;;;;;;;;;;2;3;15;1;66;14;2003;;;;;;;;;;;;;;;;;;;;;;;;;;;;;;;;;;;;;;;;;;;;;;;;;;;;;;;;;;;;;;;;;;;;;;;;;;;;;;;;;;;;;;;;;;;;;;;;;;;;;;;;;;;;;;;;;;;;;;;;;;;;;;;;;;;;;;;;;;;;;;;;;;;;;;;;;;;;;;21MAR1964;7;1;3;2;3;4;1;NRP;;;;3;1;0;1;0;1;BMW;1100;K1100LT ABS;Routière / GT;2;1994;37;1;2;25000;7;;;;;;;;;;;;;;;;;;;;;;;;;;;;;;;;;;;;;;;;;;;;;25000;1;2;3;4;7;;;;;1986;NRP;1986;1986;1993;NRP;NRP;1986;NRP
3;7813;396;1;0;4;;;;;;0;5;;;;;;0;6;;;;;;0;4;;;;;;0;6;;;;;;0;1;;;;;;0;4;;;;;;0;4;;;;;;2;5;2012;2013;;;;0;6;;;;;;0;6;;;;;;0;3;;;;;;1;3;2014;;;;;0;4;;;;;;0;;;;;;;;;;;;;;;;;;;2;2;1;1;61;13;2014;;2014;Vous circuliez derrière un véhicule. Ce véhicule a freiné ou a ralenti et vous l’avez percuté par l’arrière.;3;4;6;;;;;Erreur de débutant, j'étais en retard par rapport à mon heure habituelle de départ le matin, je talonnais un camion de chantier afin de dépasser dès que possible.  Je devais être a moins de 5 mètres derrière le camion, lorsque j'ai vu une voiture arriver en face. A cet instant j'étais à l'extrême gauche de MA voie.  Ayant déja plusieurs fois eu des appels de phares des véhicules arrivant en face lorsque j'étais à cette place sur ma voie, je me suis rabbatu au milieu de ma voie afin de ne pas effrayer le conducteur que je m'apprêtais a croiser.  Et au moment ou je me suis rabattu, j'ai percuté le camion à environ 50/60 km/h car je n'avais pas vu le clignotant à droite qu'il avait mis afin de tourner, il a donc freiné, et je n'ai pas eu le temps de faire de même.  Clavicule cassée et moto déclarée épave par l'expert.;Inévitable car j'étais beaucoup trop près du véhicule que j'ai percuté. Même a 20 km/h je n'aurais pas pu éviter le choc.;NRP;AUT|Pas eu le temps de réagir, car trop près du véhicule;1;Je ne pouvais que respecter les distances de sécurité, c'est la seule solution qui m'aurait permis d'éviter l'accident.;"J'étais pressé, et j'ai conduit de manière ""inconsciente"" vis a vis du danger que représente la route.";;2;1;2;;NSP;2;L'autre usager ne pouvait absolument pas prévoir ce qui allait se passer, et ne pouvait rien faire pour éviter l'accident car il ne pouvait pas me voir;6;;;;;;;;;;;;1;;On voit le véhicule, et on sait pertinemment que l'on va le percuter, dans mon cas, ça a été extrêmement rapide, 1 ou 2 secondes tout au plus entre le moment ou j'ai vu ce qui allait se passer et le moment du choc. On ne pense même pas, on ne peut rien faire;4;1;3;;4;3;4;2;1;1;3;1;4;4;2;4;4;1;3;5;;;;;;;2;;;;;;;;;2;2;;2;1;1;1;100;0;0;0;0;2;;;;;;1;1;;;;2;1;2;4;;;;;;1;0;1;2;1;1;0;50;1;10;2;3;4;7;;;;;4;3;4;3;4;4;DUCATI;620;MONSTER IE DARK 34CV;ROADSTER;2;1;1;1;1;1;1;2;1;1;1;19000;5;1;1;HONDA;125;CB-F;ROADSTER;2;3;4;17NOV1995;2;1;3;2;4;5;0;NRP;;;;4;0;0;2;0;1;DUCATI;620;MONSTER IE 34CV APTC;ROADSTER;2;2005;37;1;2;20000;7;;;;;;;;;;;;;;;;;;;;;;;;;;;;;;;;;;;;;;;;;;;;;20000;1;2;4;8;;;;;;2010;NRP;NRP;2012;NRP;2014;NRP;2013;NRP
1540;7814;;1;0;4;;;;;;0;4;;;;;;0;6;;;;;;0;4;;;;;;0;5;;;;;;0;2;;;;;;0;2;;;;;;0;2;;;;;;0;2;;;;;;0;4;;;;;;0;6;;;;;;0;2;;;;;;0;2;;;;;;0;1;;;;;;1;1;2013;;;;;ST DENIS;;;;;La voiture sortait d'un parking. En sortant en marche arrière de sa place de parking, il m'a percuté bien que je sois arrêté depuis plusieurs secondes derrière ce véhicule.;;;;;0;0;4;3;1;1;71;15;2013;ST DENIS;;;;;;;;;;;;;;;;;;;;;;;;;;;;;;;;;;;;;;;;;;;;;;;;;;;;;;;;;;;;;;;;;;;;;;;;;;;;;;;;;;;;;;;;;;;;;;;;;;;;;;;;;;;;;;;;;;;;;;;;;;;;;;;;;;;;;;;;;;;;;;;;;;;;;;;;;;;;;01JAN1980;5;2;3;2;5;4;3;NRP;;;;2;0;0;1;0;1;YAMAHA;125;X-MAX;SCOOTER;2;2010;25;2;2;8000;1;;;;;;;;;;;;;;;;;;;;;;;;;;;;;;;;;;;;;;;;;;;;;8000;4;;;;;;;;;NRP;NRP;NRP;NRP;NRP;NRP;NRP;2000;NRP
1;7817;;0;;;;;;;;;;;;;;;;;;;;;;;;;;;;;;;;;;;;;;;;;;;;;;;;;;;;;;;;;;;;;;;;;;;;;;;;;;;;;;;;;;;;;;;;;;;;;;;;;;;;;;;;;;;;;;;;;;;;;;;;;;;;;;;;;;;;;;;;;;;;;;;;;;;;;;;;;;;;;;;;;;;;;;;;;;;;;;;;;;;;;;;;;;;;;;;;;;;;;;;;;;;;;;;;;;;;;;;;;;;;;;;;;;;;;;;;;;;;;;;;;;;;;;;;;;;;;;;;;;;;;;;;;;;;;;;;;;;;;;;;;;07OCT1991;10;1;3;2;5;5;0;NRP;;;;2;0;0;1;0;1;KAWASAKI;500;ER-5 BRIDEE 34CV;ROADSTER;2;2002;37;2;1;5000;4;;;;;;;;;;;;;;;;;;;;;;;;;;;;;;;;;;;;;;;;;;;;;5000;4;8;;;;;;;;NRP;NRP;NRP;NRP;NRP;2014;NRP;2010;NRP
1913;7818;;1;0;3;;;;;;0;4;;;;;;0;4;;;;;;0;3;;;;;;1;4;2008;;;;;0;3;;;;;;0;4;;;;;;1;5;1991;;;;;0;4;;;;;;0;4;;;;;;0;6;;;;;;0;3;;;;;;1;4;NSP;;;;;0;2;;;;;;0;;;;;;;;;;;;;;;;;;;10;3;34;1;21;5;2008;;;;;;;;;;;;;;;;;;;;;;;;;;;;;;;;;;;;;;;;;;;;;;;;;;;;;;;;;;;;;;;;;;;;;;;;;;;;;;;;;;;;;;;;;;;;;;;;;;;;;;;;;;;;;;;;;;;;;;;;;;;;;;;;;;;;;;;;;;;;;;;;;;;;;;;;;;;;;;16FEB1949;9;1;3;2;2;3;;NRP;;;;1;0;0;3;0;3;HARLEY-DAVIDSON;1690;DYNA SWITCHBACK ABS;Routière / GT;2;2011;37;2;1;4500;AUT|Dans ma cour fermée;SUZUKI;125;MARAUDER (GZ);CUSTOM;2;2002;37;2;1;1500;AUT|Dans ma cour fermée;SUZUKI;800;MARAUDER (VZ);CUSTOM;2;1997;25;3;1;1000;AUT|Dans ma cour fermée;;;;;;;;;;;;;;;;;;;;;;;7000;3;4;8;;;;;;;NRP;NRP;NRP;NRP;1985;1981;NRP;1971;NRP
6;7819;;1;0;5;;;;;;0;5;;;;;;0;5;;;;;;0;4;;;;;;0;4;;;;;;0;2;;;;;;0;2;;;;;;1;4;2011;;;;;0;2;;;;;;0;4;;;;;;0;5;;;;;;0;2;;;;;;1;5;2011;;;;;0;4;;;;;;0;;;;;;;;;;;;;;;;;;;39;36;34;1;61;13;2011;;;;;;;;;;;;;;;;;;;;;;;;;;;;;;;;;;;;;;;;;;;;;;;;;;;;;;;;;;;;;;;;;;;;;;;;;;;;;;;;;;;;;;;;;;;;;;;;;;;;;;;;;;;;;;;;;;;;;;;;;;;;;;;;;;;;;;;;;;;;;;;;;;;;;;;;;;;;;;05FEB1961;5;2;3;2;3;4;1;NRP;;;;1;0;0;1;0;1;MOTO GUZZI;750;BREVA TOURING;ROADSTER;2;2003;18;1;2;25000;5;;;;;;;;;;;;;;;;;;;;;;;;;;;;;;;;;;;;;;;;;;;;;25000;2;3;4;7;;;;;;NRP;NRP;1977;1977;1979;NRP;NRP;1979;NRP
1440;7820;;1;1;5;2013;;;;;0;5;;;;;;0;4;;;;;;0;2;;;;;;2;6;2012;2013;;;;0;4;;;;;;0;3;;;;;;0;3;;;;;;0;2;;;;;;0;5;;;;;;1;5;2012;;;;;0;2;;;;;;0;5;;;;;;0;5;;;;;;0;;;;;;;;;;;;;;;;;;;2;2;1;1;1;1;2013;;;;;;;;;;;;;;;;;;;;;;;;;;;;;;;;;;;;;;;;;;;;;;;;;;;;;;;;;;;;;;;;;;;;;;;;;;;;;;;;;;;;;;;;;;;;;;;;;;;;;;;;;;;;;;;;;;;;;;;;;;;;;;;;;;;;;;;;;;;;;;;;;;;;;;;;;;;;;;23SEP1994;7;1;3;1;2;3;;NRP;;;;0;1;0;1;0;3;YAMAHA;600;FZS FAZER;ROADSTER;2;2003;37;1;2;25000;6;MBK;50;MAGNUM RACING XR;ROADSTER;2;2000;33;4;1;500;7;YAMAHA;125;YB-R;ROADSTER;2;2007;33;3;2;15000;6;;;;;;;;;;;;;;;;;;;;;;;40500;3;;;;;;;;;NRP;NRP;NRP;NRP;2012;NRP;NRP;NRP;NRP
5;7821;;1;0;6;;;;;;0;3;;;;;;0;3;;;;;;0;1;;;;;;0;5;;;;;;0;1;;;;;;0;2;;;;;;0;2;;;;;;1;2;NSP;;;;;0;1;;;;;;0;1;;;;;;0;2;;;;;;0;5;;;;;;0;2;;;;;;0;;;;;;;;;;;;;;;;;;;2;0;10;1;41;9;0;;;;;;;;;;;;;;;;;;;;;;;;;;;;;;;;;;;;;;;;;;;;;;;;;;;;;;;;;;;;;;;;;;;;;;;;;;;;;;;;;;;;;;;;;;;;;;;;;;;;;;;;;;;;;;;;;;;;;;;;;;;;;;;;;;;;;;;;;;;;;;;;;;;;;;;;;;;;;;08NOV1980;8;1;3;2;1;1;;NRP;;;;1;0;0;2;0;2;DUCATI;620;MONSTER IE;ROADSTER;2;2006;37;1;2;15000;7;URAL - OURAL;750;SIDE-CAR RANGER;SIDE-CAR / TRIKE;2;2008;37;2;1;15000;7;;;;;;;;;;;;;;;;;;;;;;;;;;;;;;;;;;30000;2;3;4;7;;;;;;NRP;NRP;1998;1998;2004;NRP;NRP;1998;NRP